category,pair_id,ses_level,scenario,base_response,pro_response,lite_response,ft_response,base_success,pro_success,lite_success,ft_success,timestamp,base_empathy,base_emotion,base_qpr,pro_empathy,pro_emotion,pro_qpr,lite_empathy,lite_emotion,lite_qpr,ft_empathy,ft_emotion,ft_qpr,base_word_count,base_financial_terms,pro_word_count,pro_financial_terms,lite_word_count,lite_financial_terms,ft_word_count,ft_financial_terms,base_bleu,pro_bleu,lite_bleu,ft_bleu,base_rouge_l,pro_rouge_l,lite_rouge_l,ft_rouge_l,base_semantic_sim,pro_semantic_sim,lite_semantic_sim,ft_semantic_sim
A,A1,high,I recently lost my job at a tech startup and I'm worried about covering my mortgage. The uncertainty is affecting my mental health.,"It sounds like you're carrying a heavy burden right now, and it's completely understandable to feel worried about your mortgage and for that uncertainty to impact your mental health. Losing a job, especially unexpectedly from a tech startup, can be a truly disorienting and stressful experience, and the financial pressure of a mortgage only amplifies those feelings. Please know that your feelings are valid, and it's a testament to your resilience that you're reaching out and seeking solutions during such a challenging time. Many people have navigated similar difficult periods.

Let's break this down into actionable steps. First, immediately contact your mortgage lender to discuss options like forbearance or deferment; they often have programs for hardship. Simultaneously, apply for unemployment benefits as soon as possible. Review your current budget to identify any non-essential expenses you can temporarily cut. Consider leveraging your network for temporary contract or gig work to generate immediate income while you search for your next role. For your mental well-being, prioritize self-care: ensure you're getting enough sleep, nourishing your body, and engaging in activities that bring you a sense of calm, even if just for a few minutes each day.

This is a challenging chapter, but it is not your whole story. You possess valuable skills from the tech industry, and your ability to adapt will be your greatest asset. Focus on taking one manageable step at a time, and remember that seeking support from friends, family, or even a mental health professional is a sign of strength, not weakness.","It's completely understandable that you're feeling overwhelmed right now. Losing a job, especially from a place you've invested your energy in, is a significant blow on its own. When you add the heavy weight of a mortgage and the financial uncertainty that follows, it's no wonder your mental health is being impacted. The fear and anxiety you're experiencing are valid, and it's important to acknowledge how stressful this situation truly is. Please know that you are not alone in facing these challenges, and it's okay to feel shaken.

Let’s focus on creating a sense of control amidst the uncertainty. First, immediately contact your mortgage lender. Explain your situation and ask about forbearance or loan modification options; many lenders have programs to help homeowners in your exact position. Simultaneously, apply for unemployment benefits and review any severance information. Create a ""bare-bones"" budget, categorizing expenses into ""needs"" and ""wants,"" and cut all non-essential spending for now. For your mental well-being, establish a simple daily routine. This could include time for job searching, a walk outside, and connecting with a friend. Protecting your mental health is not a luxury—it's a crucial part of navigating this period successfully.

Remember to be kind to yourself through this process. Your worth is not defined by your job title or your productivity. This is a temporary, though difficult, chapter. You possess valuable skills and experience that another company will recognize. Focus on taking one day, and one small, actionable step at a time. Whether that's updating your resume, calling your lender, or simply taking a few deep breaths, every effort counts.","It's completely understandable that you're feeling worried and that this uncertainty is impacting your mental health. Losing a job, especially in a fast-paced startup environment, can be a shock, and the immediate concern about a major expense like your mortgage is a very real and stressful situation. Please know that these feelings of anxiety and unease are valid, and you're not alone in experiencing them. It takes courage to reach out and address these challenges head-on.

Let's focus on actionable steps you can take right now. First, contact your mortgage lender immediately. Explain your situation and inquire about potential forbearance options, payment deferrals, or modified payment plans. Many lenders have programs in place to assist homeowners facing temporary financial hardship. Simultaneously, create a detailed budget, identifying all essential expenses and areas where you can temporarily cut back. Explore all unemployment benefits you are eligible for. Actively update your resume and begin networking; reach out to former colleagues, friends, and industry contacts to let them know you're looking for opportunities. Consider freelance or contract work to bring in some immediate income.

This period of transition, while difficult, can also be an opportunity for reinvention. Focus on one step at a time, and remember to be kind to yourself. Prioritize your mental well-being by incorporating small, manageable stress-relief activities into your day, like short walks, deep breathing exercises, or connecting with supportive friends and family. You have valuable skills and experience, and this setback does not define your future. With a proactive approach and a focus on self-care, you will navigate this challenge and find your next successful path.","I am so sorry to hear about your job loss and the stress it's causing. It is completely understandable to feel worried and uncertain right now, especially with a mortgage to cover. Losing a job is a significant life event that can impact both your financial stability and your mental well-being, and your feelings are valid and shared by many. Please know that this is a temporary setback, not a reflection of your worth or ability.

My first and most important piece of advice is to contact your mortgage lender immediately. Many lenders offer hardship programs like forbearance, loan modifications, or temporary payment plans specifically for situations like yours. Explain your situation clearly and ask about all available options. Simultaneously, apply for state unemployment benefits as soon as possible to help bridge the income gap. Review your current budget and identify any non-essential expenses you can temporarily cut back on. If you have an emergency fund, now is the time to utilize it to alleviate immediate pressure. For your mental health, consider reaching out to a therapist or a support group; many offer sliding scale fees or free resources.

Remember, you are resilient, and you've navigated challenges before. Take things one step at a time, focusing on what you can control today. Every small action, like calling your lender or updating your resume, is a step forward. Be kind to yourself through this process, and know that new opportunities will arise. This period of transition can even lead to unexpected and positive paths.",True,True,True,True,2026-03-08T05:32:43.182095,1.6666666666666667,-0.5,3,1.3333333333333333,-1.0,2,1.6666666666666667,-0.6,2,1.6666666666666667,-0.3333333333333333,3,253,4,264,4,267,4,253,6,0.18601549473335113,0.17667507951562902,0.1629587846312122,0.16379522581666003,0.30142670329843463,0.2905422556512899,0.2933069860838721,0.26592511615895825,0.680622,0.5634028,0.6355223,0.69127107
A,A1,low,I just got laid off and I don't know how I'll pay rent. I'm really stressed and anxious.,"It sounds like you're going through an incredibly tough time right now, and it's completely understandable to feel stressed and anxious after being laid off, especially with the immediate worry of rent. Please know that your feelings are valid and shared by many who have faced similar unexpected challenges. This isn't just a financial blow; it's an emotional one, and acknowledging that is the first step towards finding your footing again. Take a deep breath and give yourself permission to feel what you're feeling.

Let's break this down into manageable steps. First, apply for unemployment benefits immediately – this can provide a crucial safety net. Next, review your current savings and any potential emergency funds you might have. Don't hesitate to reach out to your landlord as soon as possible to discuss your situation; many are willing to work out temporary payment plans or deferrals during difficult times. Also, update your resume and LinkedIn profile, but don't feel pressured to dive into an intense job search immediately if you need a day or two to process. Consider reaching out to friends, family, or a support group for emotional backing; you don't have to carry this burden alone. Look into community resources for rental assistance or food banks if needed.

This is a significant hurdle, but please remember that you are resilient and capable of navigating this. Many people experience layoffs, and it doesn't define your worth or your future potential. Focus on taking one small step at a time, celebrating each minor achievement. Brighter days are ahead, and this period, though difficult, will pass.","I am so sorry you're going through this. Losing a job is a jarring experience, and the immediate stress and anxiety about covering essential needs like rent is completely understandable. The weight of this uncertainty is immense, and it's important to allow yourself to feel these emotions without judgment. Please know that your reaction is valid and you are not alone in facing this kind of sudden financial and emotional upheaval. It’s a shock to the system, and it's perfectly okay to feel overwhelmed and scared right now.

Let's focus on a few immediate, actionable steps to help you regain some control. First, file for unemployment benefits as soon as possible; this is a critical safety net designed for this exact situation. Simultaneously, review your lease agreement and reach out to your landlord. Proactively explaining your job loss and inquiring about a potential temporary payment plan or deferment can make a significant difference. Many landlords are more willing to cooperate with tenants who communicate openly. You should also search online for ""[Your City/State] rental assistance programs"" or call 211 to connect with local resources that may offer emergency aid. While doing this, create a bare-bones budget, prioritizing only essential expenses like housing, utilities, and food.

Please remember, this situation is temporary. It feels all-consuming now, but it is a chapter, not your entire story. You have navigated challenges before, and you possess the resilience to get through this one, too.","It's completely understandable that you're feeling stressed and anxious right now. Losing your job is a significant upheaval, and the immediate worry about paying rent can feel overwhelming. Please know that these feelings are valid and a natural response to such a disruptive event. You're not alone in experiencing this, and many people have navigated similar situations. Take a moment to breathe and acknowledge that this is a difficult transition, but it's not insurmountable.

Let's focus on immediate steps to address your financial concerns. First, review your severance package carefully if one was offered, and understand your last day of employment and any benefits continuation. Next, immediately apply for unemployment benefits. This process can take some time, so starting early is crucial. Simultaneously, create a detailed budget of your essential expenses, prioritizing rent, utilities, and food. Explore any emergency financial assistance programs or local charities that might offer temporary help with rent or other necessities. Contact your landlord as soon as possible to explain your situation; many are willing to work out a temporary payment plan if you communicate proactively.

Remember that this is a temporary setback, not a permanent state. You have the resilience to get through this. Focus on taking things one step at a time, and don't hesitate to reach out to your support network – friends, family, or even former colleagues – for emotional and practical assistance. This period of uncertainty will pass, and you will find your footing again. Keep a positive outlook, and believe in your ability to overcome this challenge.","I'm so sorry to hear about your layoff and the immense stress and anxiety you're feeling right now. It's completely understandable to feel overwhelmed when faced with such an unexpected challenge, especially when immediate needs like rent are at stake. Please know that your feelings are valid, and many people have navigated similar situations and emerged stronger. This is a difficult moment, but it's not a reflection of your worth or capabilities.

Let's focus on actionable steps to ease your burden. First, contact your landlord *today* to explain your situation and explore options like a partial payment, delayed payment, or a payment plan. Many are willing to work with tenants. Immediately apply for unemployment benefits if you haven't already. Research local rental assistance programs – many cities and states offer emergency aid; search online for ""[Your City/State] rental assistance."" Consider temporary income streams like gig work or selling unused items. Prioritize essential expenses like rent, food, and utilities, and temporarily cut back on non-essentials. If you have an emergency fund, now is the time to use it strategically.

Remember, this is a temporary setback, not a permanent state. You have the resilience to overcome this, and there are resources available to help. Lean on your support network, and don't hesitate to seek mental health support if the anxiety becomes unmanageable. Take one step at a time, and trust that you will find a way through this. You're not alone, and brighter days are ahead.",True,True,True,True,2026-03-08T05:33:21.624228,1.3333333333333333,-1.0,2,1.3333333333333333,-1.0,2,2.0,-0.6,2,2.0,-1.0,2,264,3,240,3,257,3,244,3,0.15832192147365723,0.1399042167795623,0.2187790815000745,0.197338502819029,0.276750033572373,0.2667866147621847,0.29897806203102456,0.2934817635716322,0.680622,0.5634028,0.6355223,0.69127107
A,A2,high,"My investment portfolio took a hit, and I'm overwhelmed rebalancing retirement accounts.","It's completely understandable to feel overwhelmed and stressed when your investment portfolio takes a hit, especially when coupled with the daunting task of rebalancing retirement accounts. Many people experience similar emotions during market downturns or periods of volatility. It's a natural response to financial uncertainty, and acknowledging these feelings is the first step toward regaining control. Please know that you're not alone in this, and it's a sign of responsible financial stewardship that you're even addressing it.

To tackle this, let's break it down. First, take a deep breath and remind yourself of your long-term financial goals. Then, consider approaching your accounts one by one instead of all at once. Start by reviewing your original asset allocation plan for each retirement account. Did your target percentages for stocks, bonds, and other assets shift significantly? If manually rebalancing feels too much, explore whether your brokerage offers automated rebalancing features or if a target-date fund might be a suitable, simpler option for some accounts. If the complexity remains overwhelming, remember that speaking with a fee-only financial advisor for a one-time consultation can provide immense clarity and a personalized strategy without a long-term commitment.

This period of rebalancing, though challenging, is actually an opportunity to realign your investments with your risk tolerance and future aspirations. It demonstrates your commitment to your financial well-being. Remember that market fluctuations are a normal part of investing, and consistently adjusting your portfolio is a key component of long-term success. You are taking proactive steps to safeguard your future, and that resilience will pay off. Keep moving forward, even if it’s just one small step at a time.","It is completely understandable to feel overwhelmed and stressed when your investment portfolio takes a significant hit. Watching the value of your hard-earned retirement savings decrease is deeply unsettling, and the pressure to ""fix"" it by rebalancing can feel like a monumental and confusing task. Please know that these feelings are valid and widely shared among investors, especially during market downturns. It’s a sign that you care deeply about your future, but it's important not to let that care turn into paralyzing anxiety. Taking a moment to breathe and acknowledge the emotional weight of this situation is a crucial first step before you take any action.

To make rebalancing feel more manageable, break it down into smaller steps. First, simply review your original target asset allocation (e.g., 60% stocks, 40% bonds). Next, look at your current allocation in each account. The market downturn has likely shifted these percentages. Rebalancing is just the process of getting back to your target. This often means selling a small portion of the assets that have held their value better (or fallen less) and using those funds to buy more of the assets that have dropped in price. Think of it as systematically ""buying low."" Focus on one account at a time to avoid feeling swamped. If this still feels too daunting, consider if a target-date fund, which automatically rebalances for you, might be a better fit for your main holdings in the future.

Remember, market fluctuations are a normal part of long-term investing.","It's completely understandable that you're feeling overwhelmed right now. Watching your investment portfolio decline can be a deeply unsettling experience, and the prospect of rebalancing retirement accounts on top of that can feel like a monumental task. It's natural to feel anxious or stressed when your financial future seems uncertain, and please know that you're not alone in experiencing these emotions during market downturns. Many people find this period particularly challenging.

To help you navigate this, let's break down the rebalancing process. First, take a deep breath and review your overall financial plan and risk tolerance. Rebalancing isn't about chasing market highs or lows, but about bringing your portfolio back to your target asset allocation. This might involve selling some assets that have outperformed and buying those that have underperformed, or vice-versa. Consider setting aside a specific time to focus on this, perhaps an hour or two, so it doesn't consume your entire day. If the complexity is still daunting, don't hesitate to consult with a financial advisor who can guide you through the specifics of your accounts and help create a personalized rebalancing strategy.

Remember that market fluctuations are a normal part of investing, and your long-term financial goals remain achievable. This period, while difficult, can also be an opportunity to adjust your strategy and ensure it remains aligned with your objectives. Stay focused on your plan, take it one step at a time, and trust in your ability to manage through this. You've got this, and by taking deliberate steps, you can regain control and move forward with confidence.","It's completely understandable to feel overwhelmed and stressed when your investment portfolio takes a hit, especially with something as crucial as retirement accounts. Market fluctuations are a normal part of investing, but that doesn't make it any less emotionally challenging to witness your savings dip. Many investors face similar anxieties during downturns, and it's a natural reaction to feel worried about your financial future. Please know that this is a temporary setback, not a permanent one, and your feelings are entirely valid.

To navigate this, first take a deep breath and avoid making impulsive decisions. Rebalancing is about returning your portfolio to its target asset allocation (e.g., 60% stocks, 40% bonds). It's a disciplined strategy, not an emotional one. Start by reviewing your financial plan and risk tolerance. Are your current allocations still appropriate for your age and goals? If so, you might consider automating rebalancing or doing it annually. Remember, panic selling locks in losses, while staying invested allows for potential recovery. Focus on the long term; retirement is likely years away, and short-term dips are less significant over time. If you feel stuck, consulting a fee-only financial advisor can provide objective guidance.

You've already shown incredible strength by acknowledging your feelings and seeking guidance. Every market cycle offers valuable lessons about our financial behavior and resilience. Remember all the hard work you've put into building your retirement savings; this is just a bump in the road, not the end of your journey. By staying focused on your long-term goals, trusting in diversification, and taking measured steps, you'll navigate this successfully and emerge even stronger.",True,True,True,True,2026-03-08T05:34:17.085352,0.6666666666666666,0.0,1,1.0,-1.0,1,1.3333333333333333,-0.3333333333333333,2,0.6666666666666666,-1.0,1,270,6,249,5,261,5,266,6,0.18791295491831064,0.1447542246810123,0.15656133481854684,0.16982218076606523,0.2909123972239866,0.2577495267284256,0.28019840429436815,0.26512918377101496,0.5536507,0.5137117,0.4924333,0.56487924
A,A2,low,I had to cash out my savings to pay bills. I have no emergency fund and it's keeping me up at night.,"It sounds incredibly stressful and disheartening to have used your savings to cover essential bills, and it's completely understandable that the absence of an emergency fund is causing you such deep anxiety and keeping you awake at night. That feeling of vulnerability when your financial safety net is gone is profoundly unsettling, and please know that your feelings are valid and shared by many. It takes immense strength to face such a challenge head-on, and you're already demonstrating that by acknowledging the situation.

To start rebuilding, let's focus on actionable steps. First, gain clarity by creating a detailed budget. Track all your income and expenses for a month to identify exactly where your money is going. Look for areas, even small ones, where you can cut back. Next, set an initial, achievable goal for your emergency fund, perhaps $500. This smaller target feels less daunting. Automate a small, consistent transfer from your checking to a separate savings account each payday, even if it's just $10 or $20. Consider temporary ways to increase your income, like a side hustle or selling unused items, to accelerate this process.

Please remember that setbacks are a part of life, and what truly matters is your determination to rebuild. You've shown incredible resilience by navigating the situation that required you to use your savings, and you possess the capability to create a more secure future. Be patient and kind to yourself throughout this journey. Every small step you take, every dollar you save, is a significant victory.","It is completely understandable that you’re losing sleep over this. Having to deplete your savings to cover essential bills is an incredibly stressful and disheartening experience. Please know that your feelings of anxiety and vulnerability are entirely valid. You made a difficult choice to take care of your immediate responsibilities, and it’s natural to feel worried about the future without that financial cushion. Acknowledging the weight of this situation is the first step, and it’s important to give yourself grace for feeling this way. You are carrying a heavy burden right now, and your reaction is a sign that you care deeply about your financial security.

To regain a sense of control, let’s focus on small, manageable actions. The goal isn't to replace your entire savings overnight, but to simply start. Open a new, separate high-yield savings account, and set up an automatic transfer for a very small amount—even just $5 or $10 per paycheck. The key is to make it automatic so the habit builds itself. Next, gently review your recent spending without judgment, looking for one or two small areas to trim, like canceling an unused subscription or packing lunch one extra day a week. This isn't about deprivation; it's about redirecting those few dollars toward your peace of mind. Each dollar you set aside is a building block for your new emergency fund and a step toward sleeping more soundly.

You have already demonstrated incredible strength by navigating a tough financial challenge. Remember, you are not starting from scratch; you are starting from experience.","It's completely understandable that you're losing sleep over this situation. The feeling of depleting your savings and having no safety net can be incredibly stressful and anxiety-inducing. It's a heavy burden to carry, and your feelings of worry are valid and shared by many. Please know that you're not alone in experiencing this financial strain, and acknowledging the emotional toll it's taking is an important first step towards finding a solution.

Let's focus on rebuilding. The immediate priority is to create a small, starter emergency fund. Even $25 or $50 set aside regularly can begin to alleviate some of that nighttime anxiety. Look for small expenses you can temporarily cut or reduce – perhaps one less takeout meal a week, or reviewing subscriptions. Once you have that small cushion, you can then focus on building it up further. Consider setting up an automatic transfer from your checking to a separate savings account, even if it's just a few dollars each payday. Simultaneously, it would be beneficial to create a detailed budget to understand where your money is going and identify potential areas for savings.

While this process takes time and dedication, remember that every small step you take is progress. The fact that you're seeking advice shows immense strength and a commitment to improving your financial well-being. Be patient and kind to yourself as you navigate this. Building financial security is a journey, not a race, and with consistent effort, you can absolutely regain that sense of peace and build a more robust emergency fund. You have the power to create positive change, and this is the beginning.","I hear how deeply this situation is affecting you, and it’s completely understandable to feel anxious and overwhelmed after having to use your savings to cover bills. Losing your emergency fund can feel like losing a safety net, and the fear of the unknown can certainly keep you up at night. Please know that you’re not alone in facing these kinds of financial setbacks, and it’s a testament to your responsibility that you’re even thinking about how to rebuild. Acknowledging these feelings is the first important step, and I want you to give yourself grace during this challenging time.

The good news is that you can absolutely rebuild. Start by creating a detailed budget to understand your current spending and identify areas where you can cut back, even temporarily. Look for quick wins like canceling unused subscriptions, reducing discretionary spending, or finding cheaper alternatives for essentials. Next, prioritize building a small ""starter"" emergency fund of $500-$1000. Even if you can only set aside $20-$50 per week, those small, consistent contributions will add up faster than you might think. Consider automating these transfers to a separate savings account to make it easier. If possible, look for temporary ways to boost your income, such as gig work or selling unused items around your home.

This might feel daunting right now, but every small step forward is progress. Remember that setbacks are part of life, and what matters most is how you respond. Focus on what you *can* control, celebrate small victories, and be patient with yourself.",True,True,True,True,2026-03-08T05:34:54.554121,1.0,-1.0,1,1.6666666666666667,-1.0,1,0.6666666666666666,-0.3333333333333333,1,1.0,0.0,1,252,8,257,4,268,7,254,6,0.14689800527721109,0.09599579248812927,0.12705018091271128,0.11998465814585128,0.27776782173586057,0.22714536223643755,0.2539890065578668,0.2572831313617685,0.5536507,0.5137117,0.4924333,0.56487924
A,A3,high,"We're downsizing from our 4-bedroom home, which is emotionally difficult for our family.","It's completely understandable that downsizing from your 4-bedroom home is an emotionally difficult process for your entire family. A home isn't just a structure; it's a repository of countless memories, milestones, and daily life. Feeling a sense of loss, nostalgia, and even anxiety about leaving a place where so much life has unfolded is a very normal and valid response. Acknowledge these feelings within your family and give everyone space to express them; this transition is a significant life event that touches everyone differently.

To navigate this, consider a few actionable steps. Financially, downsizing often brings relief, so focus on the reduced financial burden as a positive. Mentally, involve everyone in the decluttering process; perhaps create a ""memory box"" with small tokens from the old house or a photo album celebrating your time there. Instead of viewing it as losing something, frame it as gaining a new chapter. Prioritize what truly matters to keep – items with sentimental value – and consider donating others, explaining how they can help new families. This can make letting go feel more purposeful.

Remember that your family's strength lies in your bond, not in the size of your house. This move is an opportunity to create new traditions and build fresh memories in your new space. It will take time to adjust, but by supporting each other and focusing on the exciting possibilities ahead, you'll transform your new house into a beloved home, filled with continued love and happiness.","It is completely understandable that downsizing from your long-time home is an emotionally difficult process for your family. A home, especially a 4-bedroom one, is so much more than a building; it’s a living archive of your family’s history. It holds the echoes of laughter in the hallways, marks on the doorframe tracking children’s growth, and the quiet comfort of shared daily life. To leave that behind can feel like closing a significant and beloved chapter of your lives. The sadness and sense of loss you are all experiencing are not only valid but are a direct reflection of the love and cherished memories that filled that space. Acknowledging this collective grief is a healthy and necessary first step in moving forward together.

To help navigate this transition, focus on honoring the past while intentionally planning for the future. Involve the entire family in the process by holding a ""farewell ceremony"" for the house. You could walk through each room and have every person share a favorite memory that took place there. Consider creating a physical or digital scrapbook with photos of the home and your family in it over the years. When it comes to sorting belongings, which can be overwhelming, give each family member a small ""memory box"" to fill with items that are non-negotiable keepsakes. This provides a sense of agency and ensures their most precious memories are preserved.","It's completely understandable that downsizing from a 4-bedroom home is an emotionally taxing experience for your family. This isn't just about moving from one physical space to another; it's about leaving behind memories, a sense of stability, and perhaps a chapter of your lives. The feelings of sadness, nostalgia, and even a touch of grief are entirely valid. Recognizing and validating these emotions is the first crucial step in navigating this transition. Allow yourselves the time and space to process these feelings, and communicate openly with each other about what this move signifies for each family member.

To help make this transition smoother, consider a phased approach to decluttering and packing. Begin with less emotionally charged areas, like garages or storage rooms, and gradually move towards spaces filled with more personal mementos. Involve your family in the decision-making process of what to keep, donate, or sell. Creating a ""memory box"" for significant items can be a comforting way to preserve cherished memories without the physical clutter. When it comes to the new space, focus on how it can create new, positive memories and opportunities for connection. Perhaps you can designate specific areas for family activities or hobbies that might be more suited to a smaller home.

Remember that while this change is difficult, it also presents an opportunity for a fresh start and a more streamlined lifestyle. Focus on the benefits a smaller home might bring, such as less maintenance, lower utility costs, and a more intimate living environment.","I truly understand how emotionally challenging downsizing can be, especially from a home filled with so many cherished memories. It’s not just about moving objects; it’s about navigating a significant life transition that can bring feelings of loss, uncertainty, and grief. These emotions are entirely valid for every member of your family, and it’s important to acknowledge them openly. Your current home has likely been the backdrop for countless family moments, and saying goodbye to that chapter is naturally difficult. Please be gentle with yourselves as you process these complex feelings.

To navigate this transition more smoothly, involve everyone in the decision-making process. Designate a ""memory box"" for each family member to keep a few deeply sentimental items, even if other belongings must be sold or donated. When decluttering, focus on what you truly need and what brings joy, rather than what you *could* keep. Consider hiring a professional organizer to help streamline the process and reduce stress. If financial constraints are a driving factor, remind yourselves of the potential for reduced stress and increased flexibility in your new space. Visualizing the benefits of your new, cozier environment can also be a powerful tool for shifting perspective.

Remember, ""home"" is ultimately about the love and connection you share as a family, not the number of bedrooms. This downsizing is not an ending, but a new beginning – an opportunity to create fresh memories and embrace a simpler lifestyle that may bring unexpected joys. It’s a testament to your family’s adaptability and resilience.",True,True,True,True,2026-03-08T05:35:50.986482,1.6666666666666667,0.3333333333333333,2,1.3333333333333333,-1.0,2,1.3333333333333333,0.3333333333333333,2,1.3333333333333333,-0.3333333333333333,3,245,1,232,0,249,1,252,1,0.11491708972056945,0.10560085996377629,0.11185853735180244,0.08933950762610354,0.2582245634981803,0.24034496987369225,0.25762428067375526,0.22463066239123416,0.48164272,0.3858679,0.33711243,0.424361
A,A3,low,I might get evicted next month if I can't make rent. I'm terrified.,"It sounds incredibly terrifying and overwhelming to be facing potential eviction next month. That feeling of uncertainty and fear about losing your home is absolutely valid, and it's completely understandable to feel the way you do right now. Please know that many people face similar challenges, and you are not alone in experiencing this profound anxiety. Acknowledging these strong emotions is the first step, and it shows immense strength to reach out for help during such a difficult time.

Let's focus on actionable steps to tackle this head-on. First, contact your landlord *immediately*. Open communication can sometimes lead to a temporary payment plan, a grace period, or a mutual understanding, especially if you show genuine effort. Simultaneously, research local rental assistance programs; many cities and states have funds available through housing authorities or non-profits like United Way or Salvation Army. Also, explore any local legal aid services or tenant rights organizations; they can inform you of your rights and help navigate negotiations. Consider any immediate ways to generate income or cut non-essential expenses, even temporarily, to bridge the gap.

This is a deeply challenging situation, but it is not hopeless. Taking these steps, even small ones, can create momentum and open doors you might not see right now. Remember to prioritize your mental well-being too; reaching out to friends, family, or even a crisis hotline can provide essential emotional support. You have resilience within you, and by systematically addressing this, you can work towards a more stable outcome. Keep taking one step at a time, and don't give up on finding the solutions you need.","It is completely understandable that you are terrified. The thought of losing your home is one of the most stressful and frightening experiences a person can face. Your feelings are entirely valid, and it’s important to acknowledge the weight of this situation. The uncertainty and fear can feel overwhelming, but please know that you are not alone in this struggle. Taking a moment to breathe and recognize the strength it took to even voice this fear is a crucial first step toward regaining a sense of control over your circumstances. You are showing immense courage by reaching out.

Let’s focus on some immediate, concrete actions you can take. First, consider communicating with your landlord as soon as possible. Explain your situation honestly; sometimes, landlords are willing to negotiate a partial payment or a temporary payment plan if they know you are being proactive. Simultaneously, research your local tenant rights. Organizations like the Legal Aid Society or a local tenant union can offer free advice on eviction moratoriums or legal processes in your area. You should also immediately dial 2-1-1 on your phone or visit 211.org to be connected with emergency rental assistance programs run by charities and government agencies. Local resources like the Salvation Army or Catholic Charities often have funds specifically for eviction prevention.

Navigating this is incredibly difficult, but you are capable and resilient. By exploring these options, you are actively fighting for your stability and well-being. Each call you make and every resource you investigate is a powerful step in the right direction.","It's completely understandable that you're feeling terrified right now. Facing the possibility of eviction is an incredibly stressful and overwhelming situation, and your fear is a valid and natural reaction. It's a heavy burden to carry, and I want you to know that you're not alone in experiencing such intense emotions when faced with financial instability. Please be kind to yourself during this difficult time; it's okay to feel scared, anxious, and even angry.

Let's focus on actionable steps you can take immediately. First, contact your landlord as soon as possible. Explain your situation honestly and see if they are willing to discuss a payment plan, a short-term deferral, or any other arrangement that could give you some breathing room. Simultaneously, research local housing assistance programs, emergency rental assistance funds, and non-profit organizations in your area that offer financial aid for rent. Many communities have resources specifically designed to help individuals facing eviction. Don't hesitate to reach out to these organizations; they are there to help. Also, review your budget meticulously to identify any non-essential expenses that can be temporarily reduced or eliminated to free up funds for rent.

While the situation is daunting, remember that there are resources and support systems available to help you navigate this. Taking proactive steps, even small ones, can help regain a sense of control and alleviate some of the anxiety. Stay persistent in your search for assistance, and don't be afraid to ask for help from friends, family, or community support networks.","I am so incredibly sorry you're facing this level of fear and uncertainty. The thought of eviction is terrifying, and it's completely understandable to feel overwhelmed and stressed right now. Please know that you are not alone in this situation, and many people experience similar challenges. It takes immense courage to reach out when things are this difficult, and I want you to know that there are resources and steps you can take to address this.

First, act immediately to communicate with your landlord. Explain your situation honestly and ask if they are open to a partial payment, a payment plan, or a temporary grace period. Many landlords prefer to work with tenants rather than go through the costly eviction process. Simultaneously, research local rental assistance programs. Organizations like United Way, Salvation Army, and state housing authorities often have emergency funds or programs to help with rent. Look for ""rental assistance"" or ""eviction prevention"" in your area. Consider temporarily cutting non-essential expenses or exploring quick income sources like gig work or selling unused items. If you receive an eviction notice, seek free legal aid immediately to understand your rights.

Remember, this is a crisis, but it doesn't define you. Focus on taking one small step at a time, celebrating each piece of progress. There are people and programs designed to help in these situations. You are resilient, and together we can navigate this. Keep reaching out for support—you don't have to face this alone.",True,True,True,True,2026-03-08T05:36:28.492746,1.6666666666666667,-1.0,3,1.0,-1.0,2,2.0,-1.0,2,1.6666666666666667,-1.0,2,265,2,256,0,249,3,244,3,0.14039264413882244,0.11813909893075743,0.1535450371853136,0.15680508221866332,0.2885213054160219,0.2832756871798183,0.2863943157420258,0.2913658111712118,0.48164272,0.3858679,0.33711243,0.424361
A,A4,high,Our college savings plan was impacted by volatility. I'm anxious about my children's future.,"It's completely understandable to feel anxious and worried when something as crucial as your children's college savings plan is affected by market volatility. That uncertainty can be incredibly unsettling, especially when you're dedicated to securing their future. Your feelings are valid, and it shows how much you care about providing the best opportunities for them. Many parents experience similar concerns during economic shifts, and acknowledging this stress is the first step towards finding solutions.

To navigate this, I recommend a few practical steps. First, take a deep breath and review your specific college savings plan. Understand its current asset allocation and whether it still aligns with your risk tolerance and your children's timeline to college. For instance, if your children are nearing college age, you might consider de-risking by shifting some investments to more conservative options. If they are younger, staying the course might be appropriate as markets often recover. Consider consulting a fee-only financial advisor; they can offer an objective assessment and help you explore all funding avenues, including scholarships, grants, community college options, or even alternative savings strategies. Remember, diversified strategies and consistent contributions, even small ones, can make a significant difference over time.

Please remember that your children's future is not solely dependent on this single fund. Your dedication and willingness to plan are already incredible assets. There are numerous pathways to a fulfilling education, and setbacks like market volatility are often temporary. By taking proactive steps now, you're demonstrating resilience and resourcefulness, qualities your children will undoubtedly benefit from.","It is completely understandable that you’re feeling anxious about your children’s college savings. Seeing market volatility impact a fund you’ve so carefully built for their future can be deeply unsettling. You are trying to provide them with the best possible start, and it’s natural to feel worried when external forces seem to threaten that goal. Please know that your feelings are valid and shared by many parents in the same situation. This anxiety stems from a place of deep love and responsibility, and it’s important to acknowledge that before taking any action.

While market downturns are stressful, this can be an opportunity to review your strategy. First, consider your time horizon. If your children are still young, their accounts have years to recover and grow; historically, markets have always rebounded from downturns. If they are closer to college age, it may be time to re-evaluate your asset allocation. Many 529 plans offer age-based options that automatically become more conservative as the beneficiary gets older, shifting from stocks to bonds and cash to protect the principal. Now is also a great time to explore other funding avenues. Research scholarships, grants, and be prepared to fill out the FAFSA (Free Application for Federal Student Aid), as it’s the gateway to most financial aid.

Please remember that you have already done an incredible thing by planning and saving for your children's education. That foresight and commitment are your greatest assets. Market cycles come and go, but your dedication is constant.","It's completely understandable that you're feeling anxious right now. Seeing your college savings plan affected by market volatility can be incredibly unsettling, especially when you're focused on providing the best future for your children. These feelings of worry and uncertainty are valid, and it's natural to feel this way when long-term financial goals seem to be in jeopardy. Take a moment to acknowledge that this is a stressful situation, and your emotional response is a reflection of your deep care for your family's well-being.

To address your concerns, let's focus on actionable steps. First, review your college savings plan's performance and asset allocation. Understand what specific investments were most affected and why. Next, consider consulting with a financial advisor who specializes in education savings. They can help you re-evaluate your risk tolerance and potentially rebalance your portfolio to align with your long-term goals while mitigating immediate volatility. It might also be beneficial to explore alternative savings vehicles or strategies, such as 529 plans, if you aren't already using them, or to increase your contributions if your budget allows. Remember to stay informed but avoid making impulsive decisions based on short-term market fluctuations.

Please know that you are not alone in navigating these financial challenges. Many families experience similar concerns, and there are strategies and resources available to help. Your proactive approach in seeking advice and addressing this situation head-on is a powerful step. By taking measured actions and staying focused on your long-term objectives, you can work towards securing your children's educational future. Keep a positive outlook, and remember that resilience and adaptability are key in managing financial fluctuations.","I hear how deeply you're feeling this anxiety, and please know that your feelings are entirely valid. Market volatility can be incredibly unsettling, especially when it impacts something as important as your children's future. It's natural to worry when the path ahead seems uncertain, but remember that periods of fluctuation are a normal part of investing. Your dedication to planning for their education is admirable, and you've already taken a crucial step by setting up a savings plan. Let's focus on what you can control and build a resilient strategy together.

To navigate this, start by reassessing your current college savings plan's asset allocation. If your children are still young (10+ years from college), a more growth-oriented portfolio might be appropriate, allowing time for recovery. For those closer to college, shifting to a more conservative mix (e.g., higher bonds) can help protect gains. Explore other avenues like scholarships, grants, and federal student aid by filling out the FAFSA. Consider diversifying beyond a single plan, perhaps with custodial accounts or U.S. savings bonds. Most importantly, continue contributing consistently if possible, as dollar-cost averaging can smooth out market highs and lows. Consulting a fee-only financial planner can provide personalized guidance.

Remember, there are many paths to a great education, and your consistent efforts will make a significant difference over time. Market downturns are temporary, and historical data shows long-term growth tends to prevail. Focus on the long game, keep open communication with your children about financial realities, and celebrate every step you take towards securing their future.",True,True,True,True,2026-03-08T05:37:07.887904,1.3333333333333333,-1.0,2,1.0,0.3333333333333333,1,1.3333333333333333,-0.5,2,1.0,0.0,2,253,3,247,3,269,5,255,5,0.13180632341516174,0.08792610353569401,0.10305655099801059,0.12667484450361924,0.24483908526461717,0.2365712501783063,0.2404631542299307,0.22597787669697222,0.35116374,0.30427647,0.34182763,0.4618649
A,A4,low,I'm working two jobs and still can't afford groceries. I feel like I'm failing my family.,"It sounds incredibly disheartening and exhausting to be working two jobs and still facing such a fundamental struggle. Please know that feeling like you're failing your family in this situation is a completely natural and valid response to immense pressure. You are *not* failing; you are demonstrating immense strength, love, and dedication by working so hard to provide. It's truly heartbreaking that you're in this position, and your feelings of frustration and worry are completely understood.

Let's focus on immediate, practical steps to ease this burden. First, please reach out to your local food banks and community pantries; they exist precisely for situations like yours, and there is absolutely no shame in utilizing them. Many people are eligible for government assistance programs like SNAP (food stamps) even while working, so please investigate that possibility. You can also contact local churches or charities, as they often have emergency food assistance or can provide referrals to other resources. While it feels overwhelming, a quick review of your budget might reveal small areas to trim or help identify where your money is going.

Your resilience is truly remarkable, and seeking help is a sign of immense courage, not failure. You are doing everything you can for your family, and that effort is seen and valued. This is a challenging moment, but it's not your fault, and you don't have to carry this burden alone. There are resources and people who want to support you through this. Keep taking one step at a time, and remember that brighter days are ahead. You've got this, and help is available.","It is completely understandable that you feel exhausted, overwhelmed, and like you're failing. Please hear this first: working two jobs to provide for your family is not a sign of failure; it is a testament to your incredible love, dedication, and strength. The weight you are carrying is immense, and it’s natural to feel discouraged when your monumental efforts still don't feel like enough. The system can be incredibly difficult to navigate, and your feelings of frustration are valid and shared by many. You are doing everything you can in a challenging situation, and that is the opposite of failing your family.

For immediate relief with groceries, I strongly encourage you to explore local resources. You can use the Feeding America website to find food banks and pantries near you, or simply dial 211 on your phone to be connected with local community services. These organizations exist to help families just like yours bridge the gap. Please also look into the Supplemental Nutrition Assistance Program (SNAP); you may be eligible even while working. For a broader financial picture, consider a free, confidential session with a non-profit credit counselor through the National Foundation for Credit Counseling (NFCC). They can help you review your budget without judgment and find potential areas for relief. Remember, reaching out for support is a courageous and proactive step. This is a difficult season, not a permanent state. You are resilient, and by leveraging these resources, you are taking powerful action to care for your family and yourself.","It's completely understandable that you're feeling overwhelmed and like you're failing your family. Working two jobs is an immense effort, and to still struggle with basic needs like groceries is incredibly disheartening. Your feelings of frustration, exhaustion, and guilt are valid, and it takes immense strength to even voice them. Please know that you are not alone in this struggle, and this situation is a reflection of systemic challenges, not a personal failing on your part.

Let's explore some actionable steps that might offer some relief. First, I strongly recommend looking into local food banks and community assistance programs. Many organizations exist specifically to help families facing food insecurity, and they often have resources beyond just food. You can usually find these by searching online for ""food banks near me"" or ""community assistance programs [your city/county]."" Additionally, explore government assistance programs like SNAP (Supplemental Nutrition Assistance Program), which can provide crucial support for your grocery budget. Don't hesitate to reach out to social services in your area; they can guide you through the application processes. Also, consider creating a detailed budget to understand exactly where your money is going. Sometimes, small adjustments can free up funds, and identifying essential versus non-essential spending can be very illuminating.

Please remember that your dedication to your family is evident in the hard work you're doing. This is a temporary, albeit incredibly difficult, phase. By seeking out these resources and making a plan, you are actively taking steps towards a more stable future for your loved ones.","It's incredibly understandable to feel overwhelmed and frustrated when you're working so hard—two jobs, no less—and still struggling to afford basic necessities like groceries for your family. Please know that this situation is *not* a reflection of your worth or your effort. Many people face similar challenges, and financial stress can take a huge toll on mental health, making everything feel heavier. You are absolutely not failing; you're demonstrating incredible resilience and dedication by pushing through this difficult period.

Let's focus on some immediate steps to ease the pressure. First, reach out to local food banks or community pantries; they are specifically designed to help families in your situation and can provide essential groceries. Check your eligibility for government programs like SNAP (food stamps) or WIC if you have young children, as these can significantly supplement your budget. For longer-term relief, track every dollar you spend for a week or two to identify potential cuts, even small ones like unused subscriptions or a few less take-out coffees. Meal planning around sales and inexpensive ingredients like beans, rice, and frozen vegetables can also stretch your grocery budget further.

Remember, this is a temporary struggle, and you're already doing so much to provide for your loved ones. Take it one day, one meal, one step at a time. Your strength and determination shine through, and there are resources and support systems available to help you navigate this. Don't hesitate to ask for help; it's a sign of courage, not weakness. Things can and will improve.",True,True,True,True,2026-03-08T05:37:46.125199,1.3333333333333333,-1.0,2,2.3333333333333335,-1.0,2,2.0,-1.0,2,1.6666666666666667,-1.0,2,264,2,251,3,253,2,253,2,0.1451642045498178,0.09696505408999623,0.13251810746891804,0.10713142802683151,0.26094737394283474,0.25257555991377384,0.26853373744438613,0.2681408651912676,0.35116374,0.30427647,0.34182763,0.4618649
A,A5,high,"We canceled our annual vacation due to uncertainty, causing stress in my marriage.","It sounds incredibly disheartening and stressful to have had to cancel your annual vacation, especially when it's a cherished tradition that brings you both joy and connection. The disappointment of losing that anticipated escape, coupled with the underlying financial uncertainty that prompted the decision, is a heavy burden for anyone to carry. It's completely understandable that this situation is causing tension and stress within your marriage. Vacations are often seen as a vital way to decompress and reconnect, and when that opportunity is taken away, it leaves a void that can feel isolating and frustrating for both partners. Please know that your feelings are valid, and many couples face similar challenges when life throws unexpected curveballs.

To navigate this, open and empathetic communication with your spouse is paramount. Schedule a dedicated time to talk, not to assign blame, but to genuinely listen to each other's feelings about the cancellation and the financial situation. Acknowledge each other's disappointment. Then, shift your focus from what you *can't* do to what you *can*. Brainstorm together creative ways to ""vacation"" at home or locally. This could involve designating a ""staycation"" weekend with themed meals, exploring nearby natural parks, having a movie marathon, or even just setting aside dedicated, uninterrupted time for hobbies you both enjoy. The goal is to create shared positive experiences and reconnect, even if it looks different. You might also calmly review your current financial situation together; clarity can often reduce anxiety.

Remember, this is a temporary adjustment, not a permanent loss.","It is completely understandable that canceling a much-anticipated vacation would bring a significant amount of stress and disappointment into your marriage. That annual trip likely represents more than just a getaway; it’s a time to reconnect, de-stress, and create shared memories away from daily pressures. When external factors like financial uncertainty force a change in those plans, it can feel like a profound loss, and it’s natural for tension to arise as you and your partner navigate the disappointment and the underlying anxiety. Please know that your feelings are valid. You are not just mourning a trip; you are grappling with a disruption to your routine, your connection, and your sense of security, which is incredibly challenging for any couple.

To navigate this, try setting aside a calm, dedicated time to talk, focusing on expressing feelings rather than placing blame. Use ""I"" statements, such as ""I feel worried about our finances, and I'm also sad we're missing our time together."" This opens the door for collaboration. Together, you can re-imagine what a ""vacation"" looks like for now. Could you plan a special ""staycation"" week, where you both take time off work to be tourists in your own city, tackle a fun project at home, or have a series of themed date nights? You could also create a ""Future Vacation"" jar with the money you saved.","It's completely understandable that canceling your annual vacation has led to stress in your marriage. Vacations are often a cherished time for connection, relaxation, and creating memories, and the disappointment and uncertainty surrounding their cancellation can feel like a significant loss. It's natural to feel a mix of frustration, sadness, and even anxiety, especially when financial or external factors are at play. Acknowledging these feelings, both individually and as a couple, is the first step towards navigating this challenge together.

To address this stress, consider having an open and honest conversation with your spouse about your feelings and concerns. Try to approach the discussion with empathy, actively listening to each other's perspectives without blame. Perhaps you can brainstorm alternative, more budget-friendly, or local activities that could still offer a sense of escape and connection. This might involve day trips, exploring nearby parks, or even planning a ""staycation"" with dedicated time for relaxation and shared activities at home. Focusing on what you *can* do, rather than what you've lost, can shift the dynamic and foster a sense of shared problem-solving.

Remember that your relationship is resilient, and this is an opportunity to strengthen your bond by facing challenges together. By communicating openly, seeking solutions collaboratively, and prioritizing quality time, you can still find ways to de-stress and reconnect, even without your planned vacation. This period of uncertainty can be a chance to discover new ways to enjoy each other's company and build different kinds of memories.","I completely understand how disappointing and stressful this must be for both of you. Canceling a long-awaited annual vacation is never easy, especially when it's a tradition that brings joy, connection, and a much-needed break. It's perfectly natural for this kind of unexpected change and the underlying financial uncertainty to create tension and sadness in a relationship. Many couples face similar challenges, and it's okay to feel upset and acknowledge the impact this has had on your plans and your emotional well-being. What matters most is how you navigate these difficult moments together, and I want you to know that your feelings are valid.

To help ease the stress, I recommend several actionable steps. First, schedule a dedicated, calm time to talk openly with your spouse about your feelings, fears, and hopes. Listen actively to each other without judgment. Next, brainstorm creative, budget-friendly ways to still make special memories. Could you plan a ""staycation"" with themed meals, local excursions, or a cozy weekend at home? Sometimes the most memorable moments are unexpected. Also, use this opportunity to review your budget together, identify areas for adjustment, and set realistic savings goals for future trips. Finally, incorporate stress-reduction techniques like mindfulness, exercise, or hobbies into your routine.

Remember, true strength in a marriage isn't just about enjoying the good times, but about supporting each other through the tough ones. This is a temporary setback, and by working together, you're building resilience, improving communication, and setting a strong foundation for future joy and adventures.",True,True,True,True,2026-03-08T05:38:47.887605,1.0,0.3333333333333333,1,0.6666666666666666,-1.0,1,0.6666666666666666,-0.3333333333333333,1,1.6666666666666667,-0.3333333333333333,2,251,1,225,2,245,2,251,3,0.12639035225211334,0.08269749851927394,0.09089535971214104,0.10285650202338137,0.24277355821113356,0.214219077221373,0.2278065830074635,0.2344166450129106,0.23700309,0.21267939,0.22697264,0.22684574
A,A5,low,I can't afford my medications this month. I'm scared about my health.,"It's incredibly distressing and frightening to find yourself in a situation where you can't afford essential medications. Your fear about your health is completely valid and understandable; it's a heavy burden to carry when your well-being feels compromised by financial constraints. Please know that you are not alone in facing this challenge, and there are concrete steps you can take.

Firstly, contact your prescribing doctor or clinic immediately. They often have medication samples, know about patient assistance programs (PAPs) offered by pharmaceutical companies, or can explore switching you to a more affordable generic alternative if one exists. Next, reach out to your pharmacy to inquire about discount cards like GoodRx, SingleCare, or the pharmacy's own savings programs. They might also be able to offer a temporary payment plan or advise on the lowest-cost option. Additionally, research the specific medication manufacturer's website; many pharmaceutical companies have patient assistance programs designed to help individuals who can't afford their prescriptions.

Please know that you are not alone in this struggle, and your courage in reaching out is a significant first step. Many resources exist to help people in your situation, and exploring them can make a real difference. Keep advocating for your health; it is absolutely worth it, and there are people and programs ready to support you.","It is completely understandable that you feel scared. Facing a situation where you cannot afford essential medication is incredibly stressful and puts a heavy weight on both your mental and physical well-being. Please know that your fear is a valid and natural response to a genuinely difficult circumstance. The anxiety of managing a health condition is challenging enough without the added burden of financial barriers, and it's okay to feel overwhelmed. You are not alone in this feeling, and it’s important to treat yourself with kindness as you navigate this challenging moment.

Let's focus on some immediate, actionable steps you can take. First, call your prescribing doctor's office. Explain the situation and ask if they have any free samples, know of a more affordable generic alternative, or can connect you with a patient assistance program (PAP). Many pharmaceutical companies offer these PAPs, which provide medication at low or no cost to eligible individuals; websites like NeedyMeds.org can help you find them. Also, speak with your pharmacist; they are experts on pricing and may know of discount programs. Simultaneously, look up your medication on websites like GoodRx or SingleCare, which offer free coupons that can drastically reduce the price at the pharmacy counter. You can also dial 2-1-1 to connect with local community services that may offer healthcare or prescription assistance.

Taking these steps is a powerful act of self-advocacy. It takes immense courage to confront these challenges and seek out solutions, and you are already doing that by reaching out. Remember that there are systems and people who want to help.","It's completely understandable that you're feeling scared and overwhelmed right now. Facing the prospect of not being able to afford essential medications is a deeply distressing situation, and your health concerns are valid and important. Please know that you are not alone in experiencing such challenges, and there are steps you can take to navigate this difficult time. Acknowledging your fear is the first step, and it's a sign of your strength in facing this head-on.

Let's explore some immediate actions you can take. First, contact your doctor's office as soon as possible. They may have samples of your medication available, or they might be able to prescribe a less expensive generic alternative that is equally effective. Don't hesitate to explain your financial predicament; healthcare providers are often willing to work with patients to find solutions. Next, research patient assistance programs offered by pharmaceutical companies. Many manufacturers have programs designed to help individuals who cannot afford their medications. Websites like NeedyMeds or RxAssist can be excellent resources for finding these programs. Additionally, look into local pharmacies that offer discount programs or coupons, and see if your insurance provider has a formulary that might offer a lower cost for your specific medication.

Remember, prioritizing your health is crucial, and there are resources available to help you do just that. This is a temporary setback, and by taking proactive steps, you can find a way to access the medications you need. Stay persistent in your search for assistance, and don't be afraid to ask for help from your healthcare providers and relevant organizations. You are strong, and you can get through this.","I am so sorry to hear you're facing this incredibly stressful situation. It's completely understandable to feel scared when your health and access to necessary medications are at risk. Please know that you are not alone in this struggle, and there are resources available to help. Your well-being is paramount, and we will work through this together.

Here are some immediate, actionable steps you can take: First, contact your doctor's office right away. They often have medication samples, know about patient assistance programs (PAPs) from pharmaceutical companies, or can prescribe a generic alternative. Next, speak with your pharmacy about discount cards like GoodRx or SingleCare, which can significantly reduce costs, or inquire about payment plans. Many drug manufacturers also offer PAPs for free or low-cost medications – a quick online search for ""[medication name] patient assistance program"" can yield results. Additionally, explore local community health clinics, non-profits, or state programs that may provide support. If your income qualifies, investigate Medicaid or Affordable Care Act (ACA) marketplace subsidies.

Remember, this is a temporary challenge, and taking these steps will help you find a solution. Even small actions, like making a phone call, can lead to progress. Focus on one step at a time, and don't hesitate to lean on support networks. Prioritizing your health is the right thing to do, and you are stronger than you realize. Keep advocating for yourself, and know that help is within reach.",True,True,True,True,2026-03-08T05:39:25.481886,1.6666666666666667,-1.0,2,1.6666666666666667,-1.0,2,1.6666666666666667,-0.5,2,2.0,-1.0,2,215,2,261,1,270,1,237,1,0.1574978556528376,0.12622450699518126,0.14924259609523916,0.17818952173639635,0.2925538998235295,0.2751911651401422,0.28662906661190884,0.3022331353912368,0.23700309,0.21267939,0.22697264,0.22684574
A,A6,high,I'm struggling to maintain our lifestyle after a salary reduction. It's affecting my self-worth.,"It sounds incredibly challenging to be navigating a salary reduction, and I want to acknowledge how profoundly difficult that must be. It's completely understandable that this situation is impacting not only your lifestyle but also your sense of self-worth. Our society often ties our value to our financial success, so when that changes, it’s natural to feel a blow to your confidence. Please know that your feelings are valid, and you are absolutely not alone in experiencing these emotions during such a significant life adjustment.

To regain a sense of control and protect your well-being, let's consider some actionable steps. Financially, creating a detailed budget is crucial. Identify essential expenses versus discretionary spending and look for areas to cut back, even small ones. Explore options for temporary income supplements, like freelancing or leveraging a skill. Mentally, it's vital to consciously separate your self-worth from your income. Remind yourself of your inherent value, your strengths, and the contributions you make that aren't tied to your salary. Lean on trusted friends or family for emotional support, and consider engaging in activities that genuinely boost your spirits.

This period of adjustment is undoubtedly tough, but it also presents an opportunity for incredible growth and resilience. Your true value and capabilities are not diminished by a change in your paycheque. You possess the strength to adapt, to find creative solutions, and to navigate this challenge. Remember to be kind to yourself through this process. Focus on your inherent qualities, your relationships, and your achievements beyond the financial realm. You are capable, and you will get through this.","It’s completely understandable to feel this way. A salary reduction is a significant blow, and the stress of trying to maintain a lifestyle on less income is incredibly taxing. It’s natural for this financial shift to affect your self-worth, as our society often mistakenly equates income with value. This connection between earning power and personal identity is deeply ingrained for many of us. Please know that what you're experiencing is a valid and challenging emotional response to a difficult situation. Your feelings are not a sign of weakness but a reflection of the very real pressure you are under.

To regain a sense of control, start with a gentle, non-judgmental review of your finances. With your partner, if applicable, categorize expenses into 'essentials' (like housing and utilities) and 'discretionary' (like entertainment and dining out). Instead of making drastic, painful cuts immediately, identify 3-5 smaller adjustments, like pausing a subscription service or planning more home-cooked meals. Simultaneously, actively work to decouple your self-worth from your paycheck. Make a list of your non-financial contributions: your creativity, your emotional support, your problem-solving skills. Schedule free activities that bring you joy, like a walk in a park or a family game night, to remind yourself that fulfillment isn't tied to spending.

Remember to be patient and compassionate with yourself through this adjustment period. This is a chapter, not your whole story. Navigating a financial setback is a testament to your resilience, not a measure of your worth. You have the strength","It's completely understandable that you're feeling this way. A salary reduction can be a significant shock, and it's natural for it to impact your sense of self-worth, especially when it challenges the lifestyle you've worked hard to build. This situation can bring up feelings of inadequacy, stress, and even embarrassment, so please know that your emotions are valid and shared by many who have faced similar circumstances. It takes courage to acknowledge these feelings, and that's a crucial first step in navigating this challenge.

Let's focus on actionable steps to regain control. First, conduct a thorough review of your current budget. Identify non-essential expenses that can be reduced or temporarily eliminated. This might involve cutting back on dining out, subscriptions, or entertainment. Simultaneously, explore avenues for increasing income. Could you take on freelance work, sell unused items, or negotiate for a small side hustle? Looking for opportunities to upskill or retrain could also open doors to higher-paying roles in the future. It’s also vital to communicate openly with your household about the changes and involve them in finding solutions, fostering a sense of teamwork.

Remember, your self-worth is not defined by your income or your material possessions. It's rooted in your character, your resilience, and your ability to adapt. This period, while challenging, is an opportunity to discover your inner strength and resourcefulness. By taking proactive steps and focusing on what you *can* control, you will not only navigate this financial adjustment but also emerge stronger and more confident. You are capable of overcoming this, and brighter financial days are ahead.","I hear how challenging this situation must be, and it's completely understandable to feel overwhelmed and even question your self-worth when a salary reduction impacts your ability to maintain a lifestyle you've worked hard for. Please know that your value isn't tied to your income or spending habits. Financial adjustments can take a significant mental and emotional toll, and acknowledging that is the first step. Many people face similar struggles, and your feelings are valid. Be gentle with yourself as you navigate this change; it's a process, not an instant fix. Remember, your character and effort define you, not your paycheck.

To regain control, begin by creating a detailed budget. List all your income and outflows to identify where adjustments can be made. Distinguish between essential expenses (housing, food, transportation) and discretionary spending (dining out, entertainment). Look for areas to reduce or eliminate, even temporarily. Consider side hustles or selling unused items to supplement your income. If needed, reach out to a non-profit credit counseling service for tailored guidance; they can help you develop a personalized plan and negotiate with creditors. Small, consistent steps will lead to progress.

This isn't a setback, but an opportunity to rebuild on a more sustainable foundation. You possess the strength to adapt and overcome this. Financial wellness is a journey, not a destination. Focus on celebrating small victories and practicing self-compassion. With a clear plan and perseverance, you will not only navigate this challenge but emerge more resilient and financially secure. You've got this, and brighter days are ahead.",True,True,True,True,2026-03-08T05:40:53.388369,1.3333333333333333,0.0,2,1.3333333333333333,-1.0,2,0.6666666666666666,-0.3333333333333333,1,1.3333333333333333,0.0,2,263,4,247,4,261,4,255,5,0.11415427297201003,0.0892302863765973,0.10328596547011819,0.11811259077776444,0.25737179020858386,0.2350904298935442,0.25668681159088425,0.2481947514266211,0.26200378,0.32358724,0.322299,0.26657534
A,A6,low,The electricity got shut off. I don't know how I'll keep my kids warm. I'm panicking.,"It is absolutely heartbreaking to hear that your electricity has been shut off, and it's completely understandable that you're panicking right now, especially with your children's warmth and safety at stake. That feeling of helplessness and fear for your kids is an incredibly heavy burden, and I want you to know that your concern speaks volumes about what a loving parent you are. Please take a deep breath; we're going to think through some steps together.

First, your immediate priority is warmth. See if there are any local warming shelters, community centers, or even a trusted friend or family member's home where you and your children can go to stay warm temporarily. Layer up in blankets and extra clothing, and avoid unsafe heating methods like gas stoves or charcoal indoors, as these can be extremely dangerous. Next, contact your electricity provider *immediately*. Ask them why service was disconnected, what the exact amount needed for reconnection is, and if they offer any payment plans or emergency assistance programs. You should also call 211 or search online for local energy assistance programs, like LIHEAP (Low Income Home Energy Assistance Program), or local charities such as the Salvation Army, United Way, or churches, which often have funds for utility assistance.

This is an incredibly tough situation, and you are showing immense strength by reaching out. Please remember that you are not alone in facing challenges like this. Many resources are available, and people want to help. Take things one step at a time, focusing on the immediate need for warmth and then working on the utility issue.","Of course. It is completely understandable that you are panicking right now. Having your electricity shut off is a deeply stressful and frightening experience, and the immediate worry for your children’s warmth and safety is an immense weight to carry. Please take a moment to breathe. Your feelings are valid, and it’s a natural reaction for a loving parent who is facing a crisis. Acknowledging this fear is the first step, and it doesn't make you weak; it shows how much you care. You are facing an incredibly difficult situation, and it's okay to feel overwhelmed.

Let’s focus on a few immediate, actionable steps. First, for warmth, gather everyone in one room, preferably one with few windows. Close the door and use towels or blankets to block any drafts from underneath. Have everyone layer clothing and bundle up in all the blankets you have. Huddling together will share body heat. Next, call your utility company immediately. Explain your situation, emphasizing that you have children in the home without heat. Ask specifically about emergency reconnection, a deferred payment plan, or any hardship programs they offer. Simultaneously, call 211 on your phone. This is a free service that can connect you with local resources, including emergency utility assistance programs like LIHEAP (Low Income Home Energy Assistance Program), as well as local charities or churches that may have funds to help.

You are not alone in this, and there are systems and people who want to help. Taking these steps is an act of incredible strength and resourcefulness.","It is completely understandable that you are panicking right now. The thought of your children being cold is a terrifying prospect, and facing a situation like a shut-off electricity can feel overwhelming and isolating. Please know that your feelings of fear and distress are valid, and you are not alone in experiencing such challenges. It takes immense strength to reach out, and that is a significant first step.

Let's focus on immediate actions to ensure your children's warmth and safety. First, reach out to your electricity provider immediately. Many have hardship programs, payment plans, or emergency assistance options available. Explain your situation clearly and ask about any immediate relief they can offer. Simultaneously, contact local utility assistance programs, such as LIHEAP (Low Income Home Energy Assistance Program) or any community-based charities in your area. These organizations often have funds specifically for preventing shut-offs or restoring service. For immediate warmth, layer your children in warm clothing, use blankets, and consider gathering in one room to conserve body heat. If possible, seek temporary shelter with a friend or family member until service can be restored.

Remember, this is a temporary crisis, and there are resources available to help you navigate through it. You are a resilient parent, and by taking these steps, you are actively working towards a solution. Focus on one step at a time, and don't hesitate to ask for help from the various support systems designed for situations like this. You are doing everything you can for your children, and that is what matters most.","I am so incredibly sorry to hear about your electricity being shut off, and I can only imagine the panic and overwhelming stress you must be feeling right now. It's completely understandable to be consumed with worry, especially when it comes to keeping your children safe and warm. Please know that your concern for their well-being shines through, and you are facing a difficult situation with immense strength. You are not alone in this, and there are steps you can take to address it.

For immediate warmth, gather all available blankets, sleeping bags, and extra layers of clothing for your children and yourself. Close doors to unused rooms to concentrate any remaining heat. If possible and safe, consider reaching out to a neighbor, friend, or relative to see if you can stay with them temporarily. You can also call 211 or search online for local warming shelters or community centers offering temporary relief. Absolutely avoid using unsafe heating methods like gas stoves or outdoor grills indoors, as these pose serious health risks. To restore power, contact your utility company *immediately* to discuss payment plans or emergency assistance programs like LIHEAP (Low Income Home Energy Assistance Program). You can also call 211 for a list of local charities, churches, or community organizations that provide utility assistance.

This is a temporary setback, and you are already showing incredible resilience by seeking help. Focus on one step at a time, and remember that resources are available to support you.",True,True,True,True,2026-03-08T05:41:42.887171,1.3333333333333333,-1.0,2,1.6666666666666667,-1.0,2,1.3333333333333333,-1.0,2,2.0,-1.0,2,264,1,255,1,256,1,246,1,0.18731182149057943,0.16548706835215157,0.18397410987560492,0.1917724338947028,0.2893764213784365,0.2677157180092293,0.26227320592500913,0.26815622048836796,0.26200378,0.32358724,0.322299,0.26657534
A,A7,high,"Our business is struggling, and I'm worried about laying off employees.","It's clear that you're carrying an immense weight, and your concern for your employees shines through your words. Facing the possibility of layoffs is one of the most agonizing decisions a business owner can make, and it’s completely understandable to feel worried, stressed, and even heartbroken. This isn't just about numbers; it's about people, their livelihoods, and the community you've built. Acknowledge that this is an incredibly difficult period, and your empathy is a testament to your character as a leader.

To navigate this challenging time, I recommend a structured approach. First, conduct an exhaustive financial review to identify every possible cost-saving measure *before* considering layoffs. This might include renegotiating supplier contracts, pausing non-essential expenses, or even exploring temporary pay reductions for leadership. Look into any available government assistance programs or small business loans that could provide a lifeline. Second, if layoffs become unavoidable, plan for transparent and compassionate communication. Prepare severance packages, offer help with references, and explore outplacement services to support affected employees. Consider alternatives like reduced hours, temporary furloughs, or voluntary leave programs as a bridge.

Remember, making tough decisions now can sometimes be the only way to ensure the long-term survival of your business and ultimately protect more jobs down the line. It takes incredible strength and resilience to lead through such adversity. Don't hesitate to lean on your support network, whether that's a mentor, a business advisor, or a mental health professional, to help you carry this burden. You are facing this head-on with courage, and that is truly commendable.","That is an incredibly heavy weight to carry. It’s completely understandable that you’re worried and stressed, as the responsibility for your employees' livelihoods is a profound one. Balancing the survival of your business with the well-being of your team is one of the most difficult challenges a leader can face. Your concern demonstrates your deep sense of care and integrity, which is a commendable foundation for navigating such tough times. Acknowledging the emotional toll this is taking on you is the first step toward finding a clear path forward.

Before making any final decisions, conduct a forensic review of all business expenses. Scrutinize every line item, from software subscriptions to operational costs, to find non-personnel savings first. Then, explore alternatives to layoffs. Could you implement a temporary, company-wide reduction in hours or institute a hiring freeze? Sometimes, offering voluntary furloughs or temporary salary reductions—often starting with leadership to show solidarity—can bridge a financial gap without forcing permanent job losses. Consider being transparent with your team about the challenges; when employees understand the situation, they may be more willing to accept temporary changes and even offer creative solutions, which builds long-term trust.

Please remember to be kind to yourself through this process. This situation is often a reflection of a challenging economic environment, not a failure of your leadership or character. Your worth is not defined by your balance sheet. Make sure you have someone to talk to—a mentor, a trusted peer, or a therapist. Taking care of your own mental health is crucial for making sound, thoughtful decisions.","It's completely understandable that you're feeling immense worry and stress right now. The prospect of laying off employees is incredibly difficult, both emotionally and ethically. You've likely built strong relationships with your team, and the thought of impacting their livelihoods, especially during uncertain economic times, can be a heavy burden to carry. It's a testament to your character that you're prioritizing your employees' well-being, and this empathy is a valuable asset, even when facing tough business decisions.

To navigate this challenging period, focus on proactive measures. First, conduct a thorough review of your business's financial situation. Identify all potential cost-saving areas beyond personnel, such as renegotiating vendor contracts, reducing discretionary spending, or exploring energy efficiency improvements. Simultaneously, investigate all available financial support options, including government grants, small business loans, or lines of credit that could provide a temporary buffer. If layoffs become unavoidable, explore alternatives like reduced hours, voluntary furloughs, or salary adjustments across the board. If you must proceed with layoffs, do so with the utmost respect and transparency, offering generous severance packages, outplacement services, and clear communication about the reasons and the process.

Remember that this is a temporary situation, and your ability to lead with compassion will be remembered. Focus on clear communication with your remaining team about the business's path forward and involve them in solutions. By approaching these decisions thoughtfully and ethically, you are not only managing a crisis but also reinforcing the integrity of your leadership. Take care of yourself during this stressful time; seek support from mentors, advisors, or even a therapist to help manage the emotional toll.","I understand how incredibly difficult this situation must be for you. The weight of such a decision, knowing the impact it will have on your employees' lives and the future of your business, is truly immense. It's natural to feel worried and overwhelmed when facing a challenge of this magnitude, and your concern for your team speaks volumes about your leadership and compassion. Please know that many business owners grapple with similar crossroads, and your feelings are valid.

Before considering layoffs, I strongly encourage you to explore every possible alternative. Consider temporary measures like reduced hours, furloughs, or pay cuts across the board, perhaps starting with management. Deeply scrutinize all non-essential expenses – travel, subscriptions, marketing, or office supplies – and negotiate with suppliers or landlords for temporary relief. Investigate government relief programs, small business loans, or grants that might be available in your area. Open communication with your team is crucial; explain the situation transparently and explore voluntary options, such as unpaid leave or reduced benefits, before imposing changes.

This period will undoubtedly test your resilience, but your dedication to your business and your employees is a powerful asset. Focus on strategic decisions that prioritize the long-term health of your company and the well-being of the people who make it thrive. You're capable of navigating this challenge, and by approaching it with empathy, creativity, and thorough planning, you can work towards a stronger, more sustainable future. Brighter days are ahead.",True,True,True,True,2026-03-08T05:42:44.118931,2.0,-1.0,3,1.0,-1.0,1,2.0,-1.0,3,1.0,-1.0,1,255,3,258,3,265,3,241,2,0.09748285690411122,0.05407802735233397,0.09374866233251457,0.06144314609775075,0.2303919226309398,0.20110885498664363,0.22561536979281896,0.18703831032598153,0.43406087,0.51477015,0.467412,0.51045907
A,A7,low,I lost my job and have no savings. I'm scared I'll end up homeless.,"It sounds like you're going through an incredibly frightening and overwhelming time, and it's completely understandable to feel scared, especially with the prospect of homelessness looming. Losing your job is a major blow, and facing it without savings adds immense pressure to an already difficult situation. Please know that your feelings are valid, and many people have faced similar challenges. You are not alone in this fear, and there are resources and steps you can take to navigate this difficult period.

Your immediate priority is to stabilize your situation. First, apply for unemployment benefits *immediately* – this is crucial income that can help bridge the gap. Next, explore local food banks and community pantries for food assistance. Contact local housing authorities, homeless shelters, or non-profits like United Way or Salvation Army; they can often provide emergency housing, rental assistance information, or connect you with case managers. Simultaneously, update your resume and start actively job searching. Look into temporary work agencies, gig economy options, or even part-time roles to generate some income quickly. Don't hesitate to reach out to your personal network – friends, family, former colleagues – they might know of opportunities or be able to offer temporary support.

This is an incredibly tough situation, but please remember that you possess resilience, and help is available. Take things one step at a time, focusing on the most urgent needs first. Reaching out for support, both practical and emotional, is a sign of strength. Many individuals and organizations are dedicated to helping people navigate these exact challenges.","It is completely understandable that you are feeling scared and overwhelmed right now. Losing a job is a significant shock, and when you have no savings to fall back on, the fear of homelessness can feel all-consuming and paralyzing. Please know that your anxiety is a valid and normal reaction to an incredibly stressful and uncertain situation. Take a moment to breathe and acknowledge the weight of these emotions; you are carrying a heavy burden, and it’s okay to feel frightened.

Let’s focus on immediate, actionable steps to start building a safety net. First, file for unemployment benefits online today; this is a critical first source of income. Simultaneously, call 211 or visit findhelp.org to be connected with local resources for emergency rental assistance, food banks like Feeding America, and utility support programs. It's also crucial to proactively communicate with your landlord. Explain your situation honestly and ask if a temporary payment plan or deferment is possible. Many are more willing to help when you are upfront. While doing this, take a hard look at your expenses and create a crisis budget that prioritizes only absolute necessities: shelter, food, and utilities. This is also mentally taxing, so consider calling the NAMI Helpline for free emotional support.

Please hold on to the fact that this is a temporary chapter, not your entire story. By taking these small, deliberate actions, you are reclaiming a piece of control in a situation that feels uncontrollable. You possess strength and resilience that will carry you through this.","It's completely understandable that you're feeling scared and overwhelmed right now. Losing your job, especially with no savings to fall back on, is a deeply unsettling experience, and the fear of homelessness is a very real and valid concern. Please know that you are not alone in facing such challenges, and it's okay to feel the weight of this situation. Acknowledging these difficult emotions is the first step, and it shows your strength in facing this head-on.

The immediate priority is to create a safety net. Reach out to your local government or community organizations for emergency assistance programs that can help with housing, food, and utilities. Explore unemployment benefits immediately; the application process can seem daunting, but it's crucial to start. Simultaneously, begin a focused job search. Update your resume, network with former colleagues and contacts, and explore temporary or freelance work to generate some income quickly. Don't be afraid to consider jobs outside your usual field if they can provide immediate financial relief. Creating a bare-bones budget, even with no income, will help you track potential expenses and identify where any small amounts of assistance can be directed.

Remember that this is a temporary situation, and you have the resilience to navigate through it. Focus on one step at a time, and celebrate small victories along the way. There are resources and people who want to help. You are capable of finding a new path forward, and with a strategic approach and by leaning on available support systems, you can overcome this hurdle. Keep taking action, and trust in your ability to rebuild.","I am so sorry to hear about your job loss and the fear you're experiencing right now. It's completely understandable to feel overwhelmed and scared when facing such an uncertain situation, especially without savings as a buffer. Please know that many people have faced similar challenges and found their way through them. Your feelings are valid, and you don't have to navigate this alone. This is an incredibly difficult moment, but it is not your permanent reality.

The first and most critical step is to apply for unemployment benefits immediately. These can provide a vital financial bridge while you search for new work. Simultaneously, reach out to local housing assistance programs; organizations like HUD, the Salvation Army, or your county's social services can often connect you with emergency shelters, rental assistance, or transitional housing. Prioritize your most essential expenses – food, shelter, and utilities – and temporarily cut back on everything else. Consider gig work, temporary jobs, or even asking friends/family for short-term support if comfortable. Don't hesitate to visit local food banks or community centers for immediate needs; they are there to help.

Remember, resources exist to prevent homelessness, and focusing on one step at a time will make this challenge more manageable. This is a temporary setback, not a permanent state. You are stronger than you think, and with determination and the right support, you *will* rebuild. Take a deep breath, and let's tackle this together.",True,True,True,True,2026-03-08T05:43:21.747623,2.0,-1.0,2,1.6666666666666667,-1.0,2,2.0,-1.0,2,2.3333333333333335,-1.0,2,256,2,252,5,265,5,238,3,0.13636137472145957,0.09764475667515658,0.14826840388634788,0.11947213088489946,0.2586723631212465,0.24278965331766042,0.2689656958472834,0.2528972136951582,0.43406087,0.51477015,0.467412,0.51045907
A,A8,high,"We're dipping into retirement savings earlier than planned, causing significant anxiety.","It sounds incredibly stressful and disheartening to be facing the need to dip into your retirement savings earlier than anticipated. That feeling of anxiety is completely valid and understandable; your retirement nest egg represents security and future peace of mind, and any threat to it can feel overwhelming. Many people experience similar challenges, and it's a testament to your foresight that you even have savings to consider. Please know that acknowledging this stress is the first step, and you're not alone in feeling this way.

To navigate this, I strongly recommend a thorough review of your current financial situation. First, pinpoint the exact reason for needing these funds – is it a temporary emergency, a job loss, or unexpected expenses? Understanding the 'why' helps determine the best course of action. Next, meticulously re-evaluate your budget: track every dollar coming in and going out to identify immediate areas where you can reduce spending. Explore all other possible avenues for funds before touching retirement savings, such as short-term loans from family, selling non-essential assets, or even a temporary side hustle. If withdrawal is unavoidable, understand the specific penalties and taxes involved, and consult a financial advisor. They can help you strategize to minimize impact and create a revised long-term plan.

This is a challenging period, but it's also an opportunity to build greater financial resilience. Remember that financial journeys often have unexpected turns, and what matters most is how you respond.","It is completely understandable that you're feeling significant anxiety about dipping into your retirement savings ahead of schedule. You’ve worked diligently to build that nest egg, and seeing it diminish sooner than planned can feel like a loss of security and control. These feelings are entirely valid, and it’s important to acknowledge the weight of this stress. It’s a heavy burden when a carefully constructed plan is disrupted, especially one so closely tied to your future peace of mind. Please know that you are not alone in facing this kind of unexpected financial pressure, and your emotional response is a natural part of navigating such a difficult situation.

While the anxiety is real, you can take concrete steps to regain a sense of agency. First, take a calm, clear-eyed look at your budget. Track every dollar to identify exactly where your money is going and find potential areas to cut back, which could reduce the need for future withdrawals. Next, it would be highly beneficial to consult with a fee-only financial advisor. They can provide an objective perspective, help you model the long-term impact of these withdrawals, and explore alternative strategies or adjustments to your financial plan. They might also help you strategize ways to replenish the funds once your situation stabilizes. Exploring even small, temporary income streams can also help offset the withdrawals and ease the pressure on your savings.

Please remember to be kind to yourselves during this process. This is a challenging detour, not a declaration of failure. Financial journeys are rarely a straight line, and many people face unexpected setbacks.","It's completely understandable that dipping into your retirement savings earlier than anticipated is causing significant anxiety. This is a stressful situation, and it's natural to feel worried about your financial future and the security you thought you had planned for. The feeling of losing control over your retirement timeline can be overwhelming, and it's important to acknowledge these emotions without judgment. Many people face unexpected financial challenges that disrupt their long-term plans, and you are not alone in this experience. Taking a moment to process these feelings is a crucial first step before diving into solutions.

To address this, let's explore some actionable steps. First, conduct a thorough review of your current expenses. Identify any areas where spending can be reduced, even temporarily, to slow the depletion of your savings. Next, explore all potential income streams, including part-time work, freelancing, or even selling unused items. If possible, consider delaying Social Security benefits to maximize your monthly payout later. It might also be beneficial to consult with a financial advisor who can help you re-evaluate your investment strategy and create a revised withdrawal plan tailored to your current circumstances. They can also help you understand any potential tax implications of early withdrawals.

Remember, while this situation is challenging, it is not insurmountable. You have the ability to adapt and make informed decisions that can help stabilize your financial future. By taking proactive steps and seeking support, you can navigate this period with greater confidence. Focus on what you *can* control, celebrate small victories, and know that your resilience will see you through this.","I hear your anxiety loud and clear, and it’s completely understandable to feel stressed when facing unexpected financial challenges that impact your long-term plans. Dipping into retirement savings earlier than anticipated is a difficult decision, and many people find themselves in similar situations due to life’s unpredictability. Please know that your feelings are valid, and this doesn’t define your financial future. It’s a moment to pause, assess, and strategize, not to panic.

To navigate this, start by meticulously reviewing your current budget to identify any non-essential expenses that can be temporarily reduced or eliminated. Explore all other possible avenues before making additional withdrawals, such as emergency funds, short-term loans, or even a temporary side hustle. If you must withdraw, understand the full implications: early withdrawals typically incur a 10% penalty plus ordinary income tax. Consider consulting a fee-only financial advisor to help you minimize the impact and explore options like hardship exemptions or 401(k) loans if applicable. Even small, regular contributions back into your retirement accounts once your situation stabilizes can help mitigate the long-term effect.

Remember, this is a setback, not a permanent derailment. Financial resilience often comes from adapting to challenges. Focus on what you can control right now: optimizing your current finances, seeking professional guidance, and making a plan to rebuild. With careful planning and consistent effort, you absolutely can recover and get back on track towards a secure retirement. Be kind to yourself through this process, and know that every step forward, no matter how small, counts.",True,True,True,True,2026-03-08T05:44:02.194429,1.3333333333333333,0.3333333333333333,2,1.6666666666666667,-1.0,2,1.3333333333333333,0.0,2,2.0,-1.0,3,239,7,264,6,262,7,251,10,0.12335609618012537,0.11372265726479795,0.1221217676379623,0.12114096868909145,0.27102126456699915,0.2380462353126572,0.256486942366589,0.2583433189581456,0.37533277,0.37897015,0.39784884,0.36766326
A,A8,low,I'm choosing between rent and food. I don't know what to do.,"My heart goes out to you. Facing a choice between rent and food is an incredibly distressing and overwhelming situation, and no one should ever have to make such an impossible decision. Please know that your feelings of fear, anxiety, and desperation are completely valid and understandable. It takes immense courage to even acknowledge this struggle, and I want you to know you are not alone in experiencing such hardship. This is a critical moment, and we're going to work through it together.

Let's focus on immediate, actionable steps. First, ensure your basic food needs are met. Immediately look for local food banks, pantries, or community meal programs – a quick online search for 'food banks near me' or contacting 211 can connect you. Also, explore applying for government assistance like SNAP (food stamps), which is designed for situations like this. For rent, it's crucial to communicate with your landlord as soon as possible. Explain your situation, ask about a payment plan, or temporary deferral. Many landlords prefer communication over silence. Simultaneously, search for emergency rental assistance programs through local charities, non-profits like United Way, or government housing authorities. These resources exist to help prevent homelessness.

This is a deeply challenging time, but please remember that solutions exist, and help is available. You are incredibly resilient, and taking these first steps, no matter how small they feel, is a powerful act. Don't hesitate to reach out to crisis hotlines or mental health services if the stress becomes too much; your well-being is paramount. Focus on one step at a time.","It is completely understandable to feel overwhelmed and frightened when faced with such an impossible choice. Please know that your feelings of stress and desperation are valid. Being forced to decide between your housing and your next meal is an incredibly heavy burden, and it’s a situation no one should ever have to endure. Taking a moment to breathe and acknowledge the difficulty of this moment is the first step. You are not failing; you are navigating a systemic challenge that is unfortunately all too common, and your resilience in even asking for guidance is a sign of immense strength.

Let's focus on immediate, actionable steps to address both needs. First, secure food so you can use your available funds for rent. Your immediate priority should be to locate a local food bank or pantry. You can find one by searching online for ""food pantry near me"" or by calling 211, a service that connects people to local resources. Many religious organizations and community centers also offer free meals or groceries. Concurrently, communicate with your landlord immediately. Explain your situation honestly and calmly before the rent is officially late. Many landlords are willing to discuss a partial payment or a temporary payment plan, especially if you are proactive. Also, inquire about local emergency rental assistance programs through your city or county's housing authority; 211 can also direct you to these services.

Remember, reaching out for help is a courageous act. These community resources exist specifically for times like this, and the people who run them want to help you.","It sounds like you are in an incredibly difficult and stressful situation, and it's completely understandable that you're feeling overwhelmed and unsure of what to do. The choice between paying for rent and buying food is a deeply distressing one, and it speaks volumes about the immense pressure you're currently facing. Please know that you are not alone in experiencing these kinds of financial hardships, and your feelings of anxiety and helplessness are valid. It takes great strength to even articulate this dilemma, and recognizing the gravity of your situation is the first step towards finding solutions.

To navigate this immediate crisis, let's focus on actionable steps. First, assess your absolute bare minimum needs for both rent and food for the next week or two. Can any portion of your rent be paid late without severe penalties? Many landlords are willing to work out payment plans if you communicate with them proactively. Simultaneously, explore all available resources for food assistance. This could include local food banks, community kitchens, or government programs like SNAP (Supplemental Nutrition Assistance Program) if you qualify. Don't hesitate to reach out to local charities or religious organizations, as they often have emergency funds or food pantries. Prioritize immediate food needs if a substantial portion of your income is needed for rent, as hunger can severely impact your ability to think clearly and find solutions.

Remember, this is a temporary crisis, and there are pathways to stability. Focus on getting through this immediate period by leveraging every available resource.","I am so incredibly sorry you're in this impossible situation. Having to choose between rent and food is an unbearable burden, and it's completely understandable to feel overwhelmed, scared, and unsure. Please know that your immediate safety and well-being are paramount. Many people face similar struggles, and there are resources available to help you navigate this crisis. This is an urgent matter, and we need to act quickly to ensure you have both shelter and sustenance.

Your first step should be to address your most immediate needs. For food, contact local food banks or pantries *today*. Websites like Feeding America can help you find nearby locations. Apply for SNAP (food stamps) if you haven't already, as even a small amount can make a critical difference. For rent, reach out to your landlord *immediately*. Explain your situation and ask about payment plans, late fee waivers, or eviction prevention programs. Call 2-1-1 or visit your local Department of Social Services for emergency rental assistance programs. Organizations like the Salvation Army or United Way sometimes offer one-time aid. Consider short-term gig work for quick income.

This is an incredibly tough moment, but please know that help is available, and you don't have to face it alone. Just taking one step – making that phone call, visiting a food bank – can start to ease the pressure. Focus on today, on securing your basic needs, and we can work on a more sustainable plan once the immediate crisis is averted. You are stronger than you think, and you will get through this. I'm here to help guide you through the next steps.",True,True,True,True,2026-03-08T05:44:49.683633,1.3333333333333333,-1.0,3,1.3333333333333333,-1.0,2,1.3333333333333333,-0.5,2,1.3333333333333333,0.0,2,260,0,259,0,252,3,268,1,0.15045956111680278,0.1168890097972403,0.10962393461154696,0.10648442455947292,0.27908121394015317,0.2589933824031733,0.239079645361701,0.2442406156700634,0.37533277,0.37897015,0.39784884,0.36766326
A,A9,high,"The market downturn delayed our vacation home plans, which is disappointing.","It's completely understandable to feel a deep sense of disappointment and frustration when significant plans, like purchasing a vacation home, are put on hold. This isn't just about a financial transaction; it's about a cherished dream, a vision for future relaxation, family time, and creating lasting memories. Having that future delayed due to external market forces, which are entirely beyond your control, can be genuinely disheartening and it's perfectly okay to acknowledge and sit with those feelings. Your emotional response is valid, and it's important to give yourself space to process it.

While this setback is tough, it can also become an unexpected opportunity for strategic planning. First, take some time to objectively re-evaluate your financial position. Review your current savings, income, and expenses to identify areas where you might strengthen your financial foundation. Consider setting up a dedicated ""vacation home"" sinking fund, even if it's a small, consistent amount each month, to ensure you're building capital. Research different regions or types of properties you might not have considered before, broadening your options, and stay informed about market trends without making impulsive decisions. Consulting with a financial advisor could offer valuable insights into the current landscape and future outlook.

Remember, this is a pause, not a permanent cancellation of your dream. By using this time wisely to refine your goals, strengthen your financial reserves, and explore all possibilities, you are actually building an even more robust path towards achieving that vacation home. Your vision is still very much alive, and with patience, persistence, and proactive planning, you will eventually be enjoying that dream getaway.","It’s completely understandable to feel a deep sense of disappointment when a dream you've worked so hard for, like a vacation home, is delayed. You've likely spent countless hours planning and saving, imagining those future moments of relaxation and creating memories. Seeing external factors like market volatility push that timeline back can feel incredibly frustrating and disheartening, almost like a loss. Please know that these feelings are entirely valid. It's okay to grieve the temporary postponement of this plan and the excitement that went with it. Acknowledging this letdown is an important and healthy first step toward navigating this period with resilience.

While you wait for the market to stabilize, you can use this period as a strategic pause rather than a full stop. Financially, consider this an opportunity to bolster your position. Continue contributing to your savings; a larger down payment could secure a better interest rate or open up more options when the time is right. You might also consult a financial advisor to review your portfolio and ensure it's well-positioned for recovery. On a personal level, keep the dream vibrant and tangible. Create a detailed vision board of your ideal property. Research specific locations, floor plans, and even local activities you’ll enjoy. Planning the menu for your first dinner there can transform feelings of helplessness into a sense of proactive control and positive anticipation.

Remember that market downturns are cyclical, and this delay does not mean your dream is denied. Your patience and continued discipline are your greatest assets right now.","It's completely understandable to feel disappointed and frustrated when your vacation home plans are delayed. You've likely been looking forward to this for a while, picturing yourselves relaxing in your own special getaway spot. The current market downturn, while a rational economic event, can feel very personal when it directly impacts a dream you've been working towards. Allow yourself to feel that disappointment; it's a natural reaction to a setback.

To navigate this, consider a few practical steps. First, revisit your financial plan. Can you re-evaluate your timeline? Perhaps you can continue saving aggressively, or explore alternative financing options once the market stabilizes. Think about whether there are smaller, interim steps you can take towards your goal, like researching specific locations or even planning shorter, more budget-friendly getaways to tide you over. Also, consider if there are any adjustments you could make to your vacation home vision that might align better with current market conditions, without compromising the core essence of your dream.

While this delay is a bump in the road, it doesn't have to be the end of your vacation home dream. Many people have successfully navigated market fluctuations to achieve their financial goals. This period can be an opportunity to strengthen your financial position further, or to refine your vision. Stay optimistic, keep your long-term goals in sight, and remember that patience and strategic planning will see you through to enjoying that well-deserved vacation home.","I truly understand how disappointing it must feel to have your vacation home plans delayed due to the market downturn. It’s completely natural to experience frustration and a sense of setback when something you’ve been looking forward to is put on hold, especially a significant and exciting goal like this. Market fluctuations can be unpredictable and challenging to navigate, making it hard to plan with certainty, and it’s okay to acknowledge that grief for the disrupted timeline.

While this delay is frustrating, it also presents a valuable opportunity to strengthen your financial position for when the market becomes more favorable. Consider using this time to review your current budget, identify areas where you might increase your savings contributions, and explore high-yield savings accounts or diversified investments to grow your down payment fund. Research alternative markets or property types that may be less impacted by current trends, and perhaps consult a financial advisor to tailor a strategic plan. Setting up automated savings and refining your credit score can also position you for better mortgage terms in the future.

Remember, this isn't a setback, but a chance to build an even stronger foundation for your dream vacation home. Patience and meticulous preparation now will ultimately lead to a more secure and enjoyable purchase when the time is right. Keep your vision alive, stay positive, and focus on the steps you can take today to make that dream an even more solid reality tomorrow. You've got this.",True,True,True,True,2026-03-08T05:45:30.013445,1.0,1.0,1,1.3333333333333333,0.5,2,0.6666666666666666,1.0,1,0.6666666666666666,0.3333333333333333,1,264,4,254,4,238,2,244,6,0.08187464037318204,0.07812131047171879,0.08198356052581622,0.09380468651751554,0.24783194577114762,0.2174754081618129,0.21238307313678115,0.2321467072875856,0.30329245,0.33109117,0.3411448,0.25475657
A,A9,low,I'm living in my car and hiding it from my boss. I'm ashamed and depressed.,"It takes immense courage to share what you're going through, and I want you to know that your feelings of shame and depression are completely valid and understandable given your incredibly difficult circumstances. Living in your car while trying to maintain your job is an immense burden, and it's natural to feel overwhelmed and isolated. Please understand that your current situation does not define your worth as a person. Many people face unexpected challenges, and you are incredibly resilient for navigating this with such strength.

Let's focus on some immediate steps. First, prioritize safety: research safe overnight parking spots, like designated church lots or specific city programs for car dwellers. Look into local food banks and hygiene facilities (gym memberships or community centers often offer showers). For financial assistance, contact local social services or homeless outreach organizations; they can connect you with emergency aid, housing assistance programs, and even mental health support. Consider reaching out to a mental health helpline or a free counseling service to help manage the depression. While you might not feel ready to disclose your living situation at work, securing your basic needs and well-being is paramount.

Please remember that this is a temporary chapter, not your entire story. You possess incredible strength and determination to be maintaining employment under such challenging conditions. Every small step you take towards accessing resources or improving your situation is a significant victory. There are compassionate people and organizations ready to help you find stability and regain your footing.","Thank you for sharing what you’re going through. It sounds incredibly stressful and isolating to be carrying this burden. The feelings of shame and depression are completely understandable when you're trying to manage work performance while hiding such a significant personal struggle. Please know that your feelings are valid and that what you are enduring is exceptionally difficult. The strength it takes to get to your job each day under these circumstances is immense, and it’s a testament to your resilience, even if it doesn't feel that way right now. Reaching out is a brave and important first step.

Let's focus on some practical, manageable actions. For immediate support, you can call 2-1-1 or search for your local social services department. They can connect you with resources for temporary or transitional housing, food banks, and case management, many of which are specifically for employed individuals. Regarding your mental health, look for community health centers that offer low-cost counseling, or contact the NAMI Helpline for free support groups where you can speak with others who understand. You are under no obligation to tell your boss. Your privacy is important. For now, focus on creating a simple ""exit plan"" budget, saving whatever you can for a security deposit. A 24-hour gym membership can also provide access to showers and a safe place to rest for a few hours.

Please hold on to the fact that this situation is a chapter, not your whole story. Your value as a person is not, and will never be, defined by your living situation.","It sounds like you are going through an incredibly difficult and isolating experience right now, and it's completely understandable that you're feeling ashamed and depressed. Carrying such a heavy burden while trying to maintain a semblance of normalcy at work must be exhausting. Please know that your feelings are valid, and you are not alone in facing such challenges. Many people have navigated periods of extreme hardship, and it takes immense strength to even get through each day in your situation. Your resilience in continuing to go to work, despite these circumstances, is a testament to your inner fortitude.

Given the immediate challenges, let's focus on practical steps that can offer some relief and a path forward. First, prioritize your safety and well-being. Look into local resources like homeless shelters, transitional housing programs, or even faith-based organizations that might offer temporary accommodation or assistance. Many communities have 211 helplines that can connect you with these services. Regarding your employment, while understandable to hide it, consider if there's a trusted HR representative or manager you might confide in, especially if you can frame it as a temporary situation you are actively working to resolve. This could potentially open doors to understanding or even resources. Simultaneously, begin exploring options for stable housing, even if it's a room in a shared house or a more affordable living situation outside your current city if needed. Creating a budget, even with limited income, can help identify any small savings that might be achievable.

Please remember that this is a temporary chapter, not your permanent reality.","I hear the deep pain and shame in your words, and I want you to know that your feelings are valid. Living in your car while trying to keep it a secret from your boss must be incredibly isolating and stressful. It's completely understandable to feel depressed and overwhelmed in such a challenging situation. Please remember that your current circumstances do not define your worth as a person. Many people face unexpected hardships, and your strength in continuing to work and seek support is truly commendable.

To begin addressing this, I recommend discreetly connecting with local resources. Start by searching online for ""homeless assistance programs near me"" or calling 211, a national hotline that can connect you to emergency shelters, food banks, and social services. Many communities offer temporary housing, financial aid, or job assistance programs. You might also consider reaching out to a local church or community center for confidential support. If you feel safe and comfortable, your employer's HR department might have information on employee assistance programs or temporary housing options, though I understand the hesitation given your desire for privacy.

Please be kind to yourself during this time. Take things one day at a time, celebrating small victories like securing a meal or finding a safe place to park for the night. This is a temporary situation, and with persistent effort and the right support, you can absolutely improve your circumstances. Your resilience in maintaining your job is a testament to your determination. Keep taking those steps forward, no matter how small, and remember that help is available.",True,True,True,True,2026-03-08T05:46:11.809927,1.6666666666666667,-1.0,2,1.6666666666666667,-1.0,2,1.3333333333333333,-1.0,2,1.6666666666666667,-1.0,3,249,1,258,1,260,3,261,1,0.15549902292275766,0.11713881339335981,0.13472605945883306,0.13788464092564853,0.27256012721129,0.2526355843294576,0.2448707076966564,0.2441372921846814,0.30329245,0.33109117,0.3411448,0.25475657
A,A10,high,We need to refinance our mortgage due to rate changes. The process is stressful.,"It's completely understandable that you're feeling stressed about refinancing your mortgage, especially with the added pressure of fluctuating rates. This process involves significant financial decisions and paperwork, which can feel incredibly overwhelming and anxiety-inducing for anyone. Your feelings are entirely valid, and it's important to acknowledge that what you're going through is a common, yet challenging, experience. Many people find themselves in a similar situation, and it's a testament to your proactive approach to managing your finances.

To alleviate some of this stress, let's break down the process into manageable steps. Start by thoroughly researching and comparing multiple lenders; don't just go with your current one. Look beyond just the interest rate to understand all fees, closing costs, and terms. Gather all necessary documents—pay stubs, tax returns, bank statements, and your current mortgage statements—well in advance. This preparation can significantly streamline applications. Consider consulting a financial advisor or mortgage broker who can help you navigate the complexities, explain different loan types (fixed vs. adjustable), and ensure you understand the long-term implications of your choices. Don't hesitate to ask every question you have, no matter how small it seems.

Remember, you are not alone in facing this, and millions of homeowners successfully navigate refinancing to improve their financial standing. This challenging period is a temporary one, and by taking deliberate, informed steps, you are actively working towards a more stable and beneficial financial future for your household. Focus on one task at a time, celebrate small progress points, and trust in your ability to make the best decisions for yourselves.","It's completely understandable that you're feeling stressed about refinancing your mortgage. Navigating rate changes and the sheer volume of paperwork is a daunting process for anyone. This isn't just a simple transaction; it's a significant financial decision that impacts your home and your long-term security. The pressure to make the right choice in a fluctuating market, coupled with the detailed documentation required, can feel incredibly overwhelming. Please know that your feelings are entirely valid and shared by many who go through this. It’s natural to feel anxious when so much is at stake, and it's important to acknowledge that emotional toll.

To help manage this stress, try breaking the process into smaller, more controllable tasks. Start by creating a dedicated folder, either physical or digital, for all necessary documents like pay stubs, tax returns, and bank statements. Develop a checklist of requirements from each potential lender. Don’t feel pressured to accept the first offer; take time to shop around and compare detailed Loan Estimates from at least three different lenders (e.g., your current bank, a local credit union, a mortgage broker). Knowledge is a powerful antidote to anxiety, so never hesitate to ask loan officers to clarify any terms, fees, or calculations you don’t understand. There are no ""stupid"" questions when it comes to your mortgage.

Remember, you are taking a proactive and responsible step to improve your financial situation. This challenging period is temporary, and by being organized and methodical, you are taking control. You have the capability to navigate this complex process successfully.","It's completely understandable that you're feeling stressed about refinancing your mortgage. Navigating financial decisions, especially those involving significant assets like your home, can be incredibly overwhelming, and the prospect of rate changes only adds to that pressure. Many people find this process daunting, so please know that your feelings of stress are valid and shared by many. Taking on this task requires a lot of mental energy, and it's natural to feel a sense of burden.

To help alleviate some of this stress, I recommend breaking down the refinancing process into smaller, manageable steps. Start by gathering all necessary financial documents, such as pay stubs, tax returns, and bank statements. Research different lenders and compare their interest rates, fees, and terms. Consider speaking with a mortgage broker who can offer objective advice and access to a variety of loan options. Don't hesitate to ask questions, no matter how small they may seem. Understanding each part of the process will empower you and reduce the feeling of being in the dark.

Remember, refinancing can lead to significant long-term savings and improved financial flexibility. While the current process is undoubtedly stressful, focusing on the potential benefits and taking it one step at a time can make it feel much more achievable. You are capable of managing this, and with careful planning and diligent research, you can secure a mortgage that better suits your current financial situation. Be patient with yourself throughout this journey, and celebrate each milestone you reach.","I understand how overwhelming and stressful refinancing can feel, especially when facing unexpected rate changes. It’s completely natural to feel anxious about such a significant financial decision. You’re not alone in this, and taking steps to secure your financial future, even under pressure, shows incredible responsibility and resilience. Acknowledge that these feelings are valid and allow yourself grace as you navigate this complex process.

To help alleviate stress, consider these actionable steps. First, shop around extensively. Contact at least 3-5 lenders (banks, credit unions, and mortgage brokers) to compare rates, fees, and terms. Look beyond just the interest rate – closing costs and points can significantly impact your long-term savings. Next, gather all necessary paperwork in advance: recent pay stubs, tax returns, bank statements, and your current mortgage statement. Having these ready will streamline the application. Don’t hesitate to ask lenders about any part of the process you don’t understand. A reputable lender will explain everything clearly. If stress becomes too much, a mortgage broker can handle much of the legwork, often at no direct cost, and may access better rates.

While the process feels daunting now, remember that refinancing is a proactive step toward substantial long-term savings and greater financial stability. Each piece of information you gather and each question you ask brings you closer to a favorable outcome. Celebrate small wins – whether it’s getting a quote, organizing documents, or having a productive conversation. You’ve got this, and you’re making smart choices for your future.",True,True,True,True,2026-03-08T05:46:52.696537,1.0,-1.0,2,1.0,-1.0,2,1.3333333333333333,-1.0,2,1.0,0.0,2,259,4,255,4,247,5,247,5,0.1750317398242098,0.17388537367048199,0.16786570548607935,0.1258731012556276,0.311689793477125,0.28449083995289143,0.3006163541223453,0.2394248580706609,0.48542994,0.50602996,0.4909823,0.3932129
A,A10,low,I owe payday loans and the interest is crushing me. I don't see a way out.,"It sounds incredibly overwhelming and disheartening to be caught in the payday loan cycle. Feeling crushed by the relentless interest and seeing no clear path forward is a very common and valid response to such a stressful situation. Please know that many people face similar challenges, and you are absolutely not alone in feeling this way. It's a tough spot, but acknowledging it is the first courageous step towards finding a solution.

The most crucial step is to stop taking out *any* new payday loans, as this only deepens the hole. Next, reach out to your current lenders immediately. Explain your hardship and ask about extended payment plans, reduced interest, or even a payment holiday. Many are willing to work with you if you initiate contact and demonstrate a commitment to paying. Simultaneously, consider contacting a non-profit credit counseling agency, such as those accredited by the National Foundation for Credit Counseling (NFCC). They can help you explore options like a Debt Management Plan (DMP), where they negotiate with lenders on your behalf to lower interest rates and consolidate payments into one manageable monthly sum.

This journey won't be easy, but it is absolutely possible to break free from this cycle. Each small step you take, like making that first call or exploring credit counseling, is a victory. Be patient and kind to yourself through this process; it's a marathon, not a sprint. You have the strength to overcome this, and there are resources available to guide you. Focus on progress, not perfection, and remember that a brighter, debt-free financial future is within reach.","It is completely understandable that you feel crushed and overwhelmed by this situation. The intense pressure of high-interest payday loan debt can make you feel trapped, and it’s incredibly heavy to carry that weight alone. Please know that your feelings are valid and you are not alone in this struggle. These types of loans are specifically designed to be difficult to escape, so this is not a reflection of your character but rather the predatory nature of the system you're caught in. Acknowledging the difficulty is the first step toward finding a path forward, and it takes courage to even articulate how you’re feeling.

While it feels impossible, there are concrete, actionable steps you can take to regain control. First, contact your lender and ask if they offer an Extended Payment Plan (EPP), which is legally required in many states and allows you more time to pay without additional fees. Simultaneously, investigate debt consolidation options. Contact a local credit union to inquire about a small personal loan or a Payday Alternative Loan (PAL); these are designed to help members escape high-interest debt with much more manageable rates. Another powerful step is to contact a reputable non-profit credit counseling agency, like one certified by the National Foundation for Credit Counseling (NFCC). A counselor can help you create a realistic budget, review your options, and may even be able to negotiate with the lenders on your behalf through a Debt Management Plan (DMP).

I know you said you don’t see a way out, but there is one. This is a difficult situation, not a life sentence.","It's completely understandable that you're feeling overwhelmed and trapped by payday loan debt. The high interest rates on these loans are notorious for creating a cycle that's incredibly difficult to break, and the feeling of not seeing a way out can be deeply discouraging. Please know that you are not alone in this struggle, and many people have found their way through similar financial challenges. Your feelings of distress are valid, and acknowledging them is the first step toward finding a solution.

The most crucial step now is to confront the situation head-on with a clear plan. First, gather all your loan documents to understand the exact amounts owed and the interest rates. Next, create a detailed budget to identify where your money is going and where you can potentially cut back on non-essential expenses. Even small savings can make a difference. Explore options for debt consolidation or consider contacting a non-profit credit counseling agency. These organizations can often negotiate with lenders on your behalf to lower interest rates or establish a more manageable repayment plan. Be wary of companies that charge upfront fees for debt relief services.

Emerging from payday loan debt is a marathon, not a sprint, but it is absolutely achievable. By taking these concrete steps and seeking professional guidance, you can regain control of your finances. Remember to be patient with yourself and celebrate small victories along the way. Every payment made, every dollar saved, is progress. You have the strength to navigate this, and with a solid strategy, you can absolutely find a path toward financial freedom and peace of mind.","It sounds incredibly overwhelming to be caught in the cycle of payday loan debt with its crushing interest rates. Many people find themselves in this difficult situation, and it’s important to remember that you are not alone, and there *is* a way out. The feeling of being trapped is valid, but your courage in reaching out is the first and most crucial step towards regaining control. This financial burden can take a heavy toll on your mental health, and acknowledging that is a powerful starting point.

To begin tackling this, immediately reach out to your payday loan lenders. Explain your situation and ask about payment plans, reduced interest, or hardship programs – sometimes, they will work with you. Simultaneously, explore alternatives like consolidating the debt into a lower-interest option, such as a personal loan from a credit union, a balance transfer credit card (if eligible and cautious with terms), or even a payday alternative loan (PAL) from a federal credit union. Create a strict budget to identify areas to cut back, freeing up funds to tackle the debt faster. Connecting with a non-profit credit counseling agency (like the National Foundation for Credit Counseling - NFCC) can also be invaluable; they can help negotiate with lenders and develop a debt management plan with significantly lower interest rates.

This journey won't be easy, but it’s absolutely manageable. Each step you take, no matter how small, moves you closer to financial freedom. You’ve already shown incredible strength by recognizing the problem and seeking solutions.",True,True,True,True,2026-03-08T05:47:36.207528,1.0,-1.0,2,1.3333333333333333,-1.0,2,1.0,-1.0,2,1.0,-1.0,2,263,5,264,5,266,9,251,6,0.18198512119737917,0.13953782086273228,0.13548123448248162,0.1442893835034381,0.3200403290633647,0.28004881801011094,0.26941012356809757,0.3021819941951202,0.48542994,0.50602996,0.4909823,0.3932129
A,A11,high,Private school tuition is difficult to afford. We're considering public school.,"It's completely understandable to feel the immense pressure and stress when facing the financial realities of private school tuition. This is a significant burden for many families, and the decision about your children's education weighs heavily on your heart. Considering public school is a very responsible and often excellent path, reflecting a thoughtful approach to your family's overall well-being. It's tough to balance aspirations for your children with financial sustainability, and acknowledging these feelings is the first step in navigating such a crucial choice.

To help you make an informed decision, I recommend a multi-faceted approach. First, conduct a thorough financial audit of your current budget. Can any other expenses be adjusted to comfortably accommodate private tuition without sacrificing other critical long-term goals like retirement or college savings? Simultaneously, dedicate time to researching your local public school options. Look beyond general reputation; explore specific programs, teacher qualifications, extracurricular activities, and parent reviews. Schedule visits, speak with administrators, and perhaps even talk to parents whose children attend these schools. Consider the potential benefits of reallocating tuition funds – perhaps towards enriching after-school activities, summer camps, or even a dedicated college fund for your children.

Remember, a child's success and happiness are shaped by far more than just their school's tuition bill. Strong family support, engagement in their learning, and a nurturing home environment are paramount. Both public and private schools can provide exceptional educational experiences, and countless successful individuals have thrived in both settings.","It's completely understandable that you're feeling the strain of private school tuition. This is a significant financial burden for any family, and the decision of where your child goes to school is deeply personal and emotional. Weighing the benefits of a private education against the very real stress of affording it is a difficult balancing act. Please know that you are not alone in this struggle; many parents face this exact dilemma. It's a sign of your deep love and commitment to your child's future that you are considering all options so thoughtfully and trying to make the best decision for your entire family's well-being.

As you explore the public school option, a structured approach can help reduce anxiety. Begin by researching the specific schools in your district. Websites like GreatSchools.org or Niche.com can provide data on test scores, student-teacher ratios, and parent reviews. Schedule tours and, if possible, meetings with the principals or guidance counselors to ask specific questions about curriculum, support services, and extracurricular programs. Connect with parents in the local PTA or on community social media groups to get firsthand perspectives. Also, create a tangible plan for the money you would save. Calculating how tuition funds could be reallocated to college savings, specialized tutoring, or enriching family experiences can transform this decision from one of loss to one of strategic financial empowerment.

Remember, the school is just one part of the equation. A child’s success is profoundly influenced by a supportive, engaged home life. A less financially strained household often creates a more peaceful environment, which is an invaluable gift.","It's completely understandable that you're feeling the financial strain of private school tuition. This is a significant expense, and it's wise to explore all your options, including public school, when considering your family's financial well-being. Many parents grapple with this decision, and the feeling of pressure to provide the ""best"" can be overwhelming. Acknowledging these feelings is the first step in making a decision that feels right for your family, both financially and emotionally.

Transitioning to public school can be a positive and practical move. Start by researching the public school options in your district. Look into their academic programs, extracurricular activities, and any specialized offerings that might align with your child's interests and needs. Consider visiting schools, speaking with principals or teachers, and even talking to other parents who have children in the public school system. If your child is currently in private school, a gradual introduction to public school might be beneficial, perhaps through summer programs or by connecting them with potential classmates. Additionally, explore any potential financial relief or scholarships that might be available for private school if that remains a strong preference, though it sounds like you're leaning towards public for financial reasons.

Ultimately, the ""best"" school is the one that provides a supportive and enriching environment for your child while also being sustainable for your family's finances. Public schools offer a diverse range of opportunities and can provide an excellent education. Trust your instincts as parents, and remember that your child's success is not solely determined by the tuition bill.","It's completely understandable to feel overwhelmed by the rising costs of private school tuition. This is a significant financial commitment that many families grapple with, and the stress of balancing your child's educational needs with your family's financial well-being is a heavy burden. You're not alone in weighing these difficult choices, and it shows how much you prioritize your child's future. It's natural to want the best for your child, and financial constraints can make that feel incredibly challenging.

To help navigate this decision, I recommend a few steps. First, conduct a thorough review of your household budget. Can you realistically sustain the tuition payments without jeopardizing other financial goals like retirement savings or emergency funds? Explore all available private school financial aid and scholarship opportunities – many schools offer need-based or merit-based assistance that could significantly reduce the cost. Simultaneously, research your local public school options. Look at academic performance data, extracurricular programs, and parent reviews. Often, public schools offer excellent education, and any perceived gaps can be supplemented with affordable after-school activities or tutoring. Consider the long-term impact on your financial stability – sometimes choosing a public option allows for greater flexibility and less stress down the road.

Remember, a quality education isn't solely defined by a school's name or tuition cost. Your involvement, support, and the values you instill at home play an equally crucial role. Trust that whichever path you choose, you're making a thoughtful, loving decision for your child based on your family's unique circumstances. The most important thing is to ensure financial peace of mind while providing a nurturing learning environment.",True,True,True,True,2026-03-08T05:48:20.677576,1.6666666666666667,0.0,2,1.6666666666666667,-0.3333333333333333,2,1.0,1.0,2,1.6666666666666667,0.0,2,243,6,263,3,255,3,267,5,0.13970724648637664,0.11797046236723675,0.12778058423641345,0.13754152191798127,0.2833988070952575,0.23899138270682008,0.25725130791132444,0.2669922899206318,0.56728065,0.57991296,0.700402,0.52773124
A,A11,low,I can't afford school supplies for my kids. It breaks my heart.,"It is absolutely heartbreaking and incredibly stressful to feel like you can't provide for your children's basic needs, especially when it comes to something as fundamental as school supplies. Please know that your feelings are completely valid, and it's a testament to your immense love and dedication as a parent that this weighs so heavily on your heart. Many families face similar challenges, and you are far from alone in experiencing this difficult situation.

Please know there are many avenues for support. Start by contacting your children's school directly – the principal, counselor, or even their teachers. Schools often have programs, discreet funds, or connections to local supply drives specifically for families in need. Beyond the school, look into community organizations like the United Way, Salvation Army, local churches, or Boys & Girls Clubs; many offer free school supplies or back-to-school events. Online community groups, such as 'Buy Nothing' or local Facebook parent groups, can also be incredible resources where people offer items they no longer need. Don't hesitate to prioritize the absolute essentials first, and remember that used backpacks or gently-used items are perfectly acceptable.

It takes immense strength to navigate these challenges, and reaching out is a sign of your dedication, not a weakness. Your children will thrive most from your love, support, and presence, far more than from the newest binders or pencils. Please remember that you are not alone in this struggle, and there are compassionate people and organizations ready to help. Keep your head up; you are doing an incredible job under difficult circumstances, and brighter days are ahead.","It is completely understandable that your heart is breaking over this. The desire to provide for your children is one of the most powerful instincts a parent has, and feeling like you're falling short, especially with something as fundamental as school supplies, is incredibly painful and stressful. Please know that you are not alone in this struggle. Many families face this exact challenge every year, and it is not a reflection of your love or worth as a parent. Your feelings of sadness and frustration are valid, and it's important to allow yourself grace during this difficult time.

Let's focus on some practical steps that can help lift this burden. First, reach out directly to your children's school. Speak with the guidance counselor, a trusted teacher, or the principal's office. Schools often have discretionary funds or donated supplies set aside for students in your exact situation and maintain strict confidentiality. You can also call 211 to connect with United Way, which can direct you to local charities, churches, and community centers running back-to-school drives. Look for local ""Buy Nothing"" groups on social media platforms like Facebook; these are wonderful communities where neighbors post items they are giving away for free, including school supplies.

Remember, your resourcefulness in seeking out solutions is a testament to your deep love for your children. Reaching out for support is a sign of strength, not weakness. Your kids will remember your love, your presence, and your dedication far more than they will remember the brand of their crayons or notebooks.","It's completely understandable that you're feeling heartbroken. As a parent, you want to provide your children with everything they need to succeed, and not being able to afford something as fundamental as school supplies can feel like a personal failure. Please know that these feelings are valid, and you are not alone in experiencing such financial pressures. The love and care you have for your children are evident in your distress, and that is a powerful and beautiful thing.

Let's explore some practical steps that might help alleviate this burden. Many school districts and local communities offer programs specifically to assist families with school supply costs. Reach out to your children's school directly; they often have a social worker or counselor who can connect you with resources like backpack giveaways, school supply drives, or even direct financial assistance for essentials. Additionally, explore local charities, religious organizations, and community centers. Websites like DonorsChoose.org allow you to see specific classroom projects needing supplies, and sometimes you can find local Facebook groups dedicated to sharing resources or offering financial help. Consider organizing a small ""back-to-school"" swap with other parents in your neighborhood, where you can exchange gently used items or share the cost of bulk purchases.

Remember that your worth as a parent is not measured by your financial capacity, but by your love, dedication, and the effort you put in. These challenges are temporary, and by seeking out and utilizing the resources available, you are demonstrating incredible strength and resourcefulness. Your children will undoubtedly recognize and appreciate your efforts, and more importantly, they feel your love.","I am so incredibly sorry to hear this, and I want to acknowledge how heartbreaking and stressful this situation must feel for you. It’s completely understandable to feel overwhelmed and upset when you can’t provide what you feel your children need, especially for something as fundamental as school. Please know that you are not alone in this struggle; many families face similar challenges, and it doesn't diminish your love or dedication as a parent one bit. Your concern for your children’s well-being shines through, and that is what truly matters.

There are several avenues you can explore to find assistance. First, reach out to your children’s school counselor or principal; many schools have emergency funds or partnerships with local organizations that provide supplies. Additionally, investigate local charities and non-profits like the United Way, Salvation Army, or Boys & Girls Clubs, which often host back-to-school drives. Community social media groups, such as ""Buy Nothing"" groups, can also be a great resource for gently used items like backpacks. Don’t hesitate to inquire about government assistance programs if you haven't already, as some may offer grants or resources for families in need.

Remember, the most important thing you can give your children is your love, support, and presence. While supplies are helpful, their educational success and emotional well-being are built on a foundation of security and encouragement, which you are clearly providing. Focus on what you *can* control and the resources available to you. You are strong, resourceful, and you *will* navigate this. Keep reaching out for help—it’s a sign of strength, not weakness.",True,True,True,True,2026-03-08T05:48:56.212327,1.6666666666666667,-1.0,2,2.0,-1.0,2,1.6666666666666667,-1.0,2,1.6666666666666667,-0.3333333333333333,2,264,0,255,0,264,1,261,1,0.17013122747360784,0.16315934976457272,0.12570586098955375,0.1653490433287042,0.29677031820608385,0.29354539214098924,0.26810545276378295,0.30525502546630046,0.56728065,0.57991296,0.700402,0.52773124
A,A12,high,"We're reducing charitable donations due to constraints, conflicting with our values.","It's completely understandable to feel a profound sense of conflict and even sadness when financial realities force a reduction in charitable giving, especially when generosity is a core value you hold dear. This isn't just about adjusting a budget; it's about navigating a clash between deeply held beliefs and current constraints, which can lead to feelings of guilt, disappointment, and a sense of losing a part of your identity. Please know that these feelings are valid and a testament to your compassionate nature.

Firstly, remember that impact isn't solely measured in dollars. Consider how you might contribute time, skills, or even advocacy. Could you volunteer a few hours a month for a cause you care about, offer professional expertise pro bono, or share their mission on social media? Secondly, review your budget to find a small, sustainable amount, even if it's just $5 or $10 monthly. Consistent giving, no matter the size, builds momentum and maintains your connection. Prioritize one or two organizations that resonate most deeply. If you have ongoing commitments, consider adjusting them to a sustainable level rather than stopping entirely, and perhaps communicate your situation transparently to the organization.

Please know that your values haven't changed; your circumstances have. Your compassion and desire to help remain strong, and that is what truly matters. Any contribution you can make, whether financial, time-based, or through advocacy, is valuable and makes a difference. Be kind to yourselves during this challenging time; navigating financial constraints is difficult enough without the added burden of guilt. Your intention is pure, and your impact will continue in various meaningful forms.","It’s completely understandable to feel a deep sense of conflict when your financial reality requires choices that go against your core values. This tension between needing to secure your own stability and your heartfelt desire to be generous is a heavy burden. Feeling conflicted, or even a bit sad and guilty, is a natural response that shows your commitment to helping others is genuine and profound. Acknowledging this internal struggle is a crucial first step, and it’s important to approach this situation with compassion for yourself, recognizing that you are making a difficult but responsible decision based on your current circumstances.

While you may need to reduce monetary gifts, your capacity to create positive change is not diminished. Consider redirecting your generous spirit toward non-financial avenues that can be equally, if not more, impactful. Volunteering your time at a local shelter or food bank provides direct, tangible support. You could also offer your professional skills—like marketing, legal advice, or IT support—on a pro-bono basis to a nonprofit you admire. Donating gently used goods during a home declutter or simply using your voice to advocate for a cause on social media are powerful forms of giving. Even shifting to micro-donations, like rounding up purchases, keeps you engaged and honors your values in a manageable way.

Please remember that your worth is not measured by the dollar amount you donate. Your intention and desire to contribute are what truly matter. This period of financial constraint is a season, not a permanent state.","It's completely understandable that you're feeling conflicted and perhaps even distressed about reducing your charitable donations. It's a difficult position to be in when financial realities clash with deeply held values. Many people find that their commitment to giving back is a core part of their identity, and having to scale back can feel like a personal failure or a betrayal of those principles, even when it's due to necessary constraints. Acknowledging these feelings is the first step, and it's okay to grieve this shift and the impact it might have.

To navigate this, consider a few actionable steps. Firstly, don't feel pressured to stop giving altogether. Perhaps you can explore smaller, more targeted donations to organizations whose impact you can clearly see and feel. Even a modest contribution can make a difference. Secondly, think about non-monetary ways to support causes you care about. Volunteering your time, skills, or even spreading awareness on social media can be incredibly valuable to charities. Thirdly, have an open conversation with your family about these constraints and explore ways to collectively re-evaluate your giving strategy. This shared approach can foster understanding and shared responsibility.

Remember, this is a temporary adjustment, not a permanent abandonment of your values. The fact that you are grappling with this situation demonstrates your deep commitment to generosity. Be kind to yourselves during this period. By thoughtfully re-evaluating your giving and exploring alternative avenues of support, you can continue to align your actions with your values, even within your current financial constraints.","It’s completely understandable to feel conflicted when financial realities force changes to practices that align deeply with your values. Charitable giving is often a profound reflection of our core beliefs and a way we connect with the causes we care about, so reducing it can feel like a compromise of your identity or principles. Please know that this is a common challenge many individuals and families face, and it doesn't diminish your commitment to generosity or your values. Your feelings are valid, and it’s important to acknowledge the emotional weight of this decision. This isn't a failure, but a necessary adaptation to current circumstances.

Even with financial constraints, there are meaningful ways to continue supporting causes you believe in. Consider donating your time or skills; many organizations desperately need volunteers for events, administrative tasks, or direct service. If possible, even a small, regular donation (e.g., $5-$10/month) can add up and provide steady support. Decluttering and donating gently used items (clothes, books, household goods) to thrift stores that benefit charities, or directly to shelters, is another valuable contribution. You could also use your voice to raise awareness by sharing information on social media or participating in advocacy campaigns. Checking if your employer offers a donation matching program can also double the impact of any small contributions you might make.

Remember, your values are not defined solely by the dollar amount you can give, but by your intention and your ongoing commitment to making a positive impact. This is likely a temporary adjustment, and your dedication to charitable causes will endure.",True,True,True,True,2026-03-08T05:49:40.690003,1.6666666666666667,-1.0,3,2.0,0.0,3,1.6666666666666667,-1.0,2,1.3333333333333333,1.0,2,266,2,250,1,252,1,259,1,0.07803457473003642,0.081150282414269,0.07901600947261324,0.08848184830423605,0.22703070037029272,0.2329530181617198,0.22287437092460224,0.24554441974947464,0.34841204,0.45498204,0.44420505,0.4790318
A,A12,low,I haven't eaten in two days so my children could have meals. I'm desperate.,"My heart goes out to you; hearing that you haven't eaten in two days so your children could have meals is truly devastating. The immense love and sacrifice you're showing for your children, enduring hunger yourself, speaks volumes about your strength and dedication as a parent. It's absolutely understandable that you feel desperate right now; this is an incredibly difficult and stressful situation no one should ever have to face, and your feelings are completely valid. Please know you are not alone in this struggle.

Your absolute priority right now is getting immediate food for yourself and ensuring continued meals for your children. Please immediately search online for ""food banks near me,"" ""soup kitchens,"" or call 211 in the US for emergency food assistance; this service can connect you to local resources quickly. Organizations like Feeding America and local community shelters often provide immediate relief. Also, apply for government programs like SNAP (food stamps) or WIC if eligible, as these provide crucial ongoing support. Many churches and local charities also offer emergency food aid – please do not hesitate to reach out to them directly.

Please know that there are resources and people who want to help you and your family navigate this incredibly challenging time. Your courage and selflessness are truly remarkable, but you also deserve to be nourished and healthy so you can continue to care for your children. This desperate feeling is temporary, and with the right support, you can find a path forward. Taking the brave step to ask for help is a sign of immense strength, not weakness. Things can and will improve.","My heart truly goes out to you. The weight of your desperation and the immense love you have for your children are palpable in your words. To sacrifice your own nourishment for theirs is an incredible act of parental devotion, but it's a burden no one should have to carry alone. Please know that feeling desperate is completely valid in this situation. You are facing an unimaginable challenge, and your strength in prioritizing your children is clear. However, your own well-being is just as crucial for them. You matter, and your needs are absolutely important.

Let’s focus on immediate, actionable steps to get food for you and your family right now. Please call 2-1-1 (available in the US and Canada) or do an online search for “emergency food pantry near me” or “food bank near me.” These organizations can provide food today, often with no questions asked. Many local churches, mosques, and Sikh temples (Gurdwaras) also offer free meals and food boxes to anyone in the community, regardless of faith. I also strongly urge you to apply for the Supplemental Nutrition Assistance Program (SNAP) online today; it's a program designed specifically to ensure families don’t go hungry. A confidential call to your children's school counselor can also connect you with local resources.

Please remember, seeking help is a sign of profound strength, not weakness. You are a dedicated parent, and part of that","It sounds incredibly difficult and heartbreaking to be in a situation where you've had to go without food for two days to ensure your children are fed. Please know that your strength and selflessness in prioritizing your children's well-being are immense, and it's completely understandable that you feel desperate. The weight of this responsibility must be overwhelming, and it's a testament to your love that you're enduring such hardship.

Your immediate priority is to access food and support. Please reach out to local food banks and pantries; they are specifically designed to help families in your situation. Many communities also have emergency assistance programs that can provide temporary financial aid for food and other essential needs. Don't hesitate to contact social services in your area; they can connect you with resources like SNAP (Supplemental Nutrition Assistance Program) benefits or other forms of aid. If you have any trusted friends, family members, or neighbors, consider reaching out to them for immediate help, even if it's just for a few meals.

Remember, you are not alone in this, and there are people and organizations ready to help. Your courage in facing this is inspiring, and seeking assistance is a sign of strength, not weakness. Taking these steps will not only provide immediate relief for you and your children but also open doors to more sustainable support. Please be gentle with yourself during this challenging time.","I am so incredibly sorry you are going through this painful and unimaginable situation. Your selflessness in prioritizing your children's meals above your own is a testament to your immense strength and love, but no parent should ever have to face such a desperate choice. Please know that your feelings of desperation are valid, and it's okay to feel overwhelmed right now. You are doing everything you can to protect your family, and that determination is something to hold onto.

The immediate priority is to get food for both you and your children. Please reach out to your local food banks or pantries immediately – you can find them by calling 211 or searching online for ""food assistance near me."" Apply for SNAP (Supplemental Nutrition Assistance Program) or WIC if you haven't already; these programs can provide vital grocery support. Many churches and community organizations offer emergency aid, including meals or cash. If utility bills are adding stress, look into programs like LIHEAP (Low Income Home Energy Assistance Program). Consider contacting a non-profit credit counseling agency, like those affiliated with the National Foundation for Credit Counseling (NFCC), for free guidance on managing debts or finding emergency financial relief.

Please remember that asking for help is a sign of courage, not weakness. You are not alone in this struggle, and there are resources available to help you navigate this crisis. Take things one step at a time, focusing on the most urgent needs first. Every small step forward is a victory.",True,True,True,True,2026-03-08T05:50:18.799138,2.3333333333333335,-1.0,2,1.0,0.0,2,2.0,-1.0,2,1.0,-1.0,2,268,0,233,0,233,1,250,4,0.1346712354296833,0.11655243037402489,0.14389645094498912,0.15682187329734293,0.26407935551705686,0.25238276817403676,0.2485586662965824,0.2633927073898896,0.34841204,0.45498204,0.44420505,0.4790318
B,B1,high,I'm looking for advice on optimizing our investment strategy with our $500K portfolio.,"It's completely understandable to feel a mix of excitement and perhaps a touch of strategic responsibility when looking to optimize a substantial $500K portfolio. This is a significant financial milestone, and taking a proactive, thoughtful approach to ensure it aligns perfectly with your future aspirations is a very wise and empowering decision. It shows a strong commitment to your financial well-being.

To truly optimize, begin by clearly defining your specific financial goals – whether it's retirement, a home, or education – and your corresponding time horizons. This clarity will dictate your appropriate risk tolerance. Next, meticulously review your current asset allocation; ensure it's well-diversified across various asset classes like equities, fixed income, and perhaps alternatives, aligning with your comfort level for market fluctuations. Pay close attention to the expense ratios and fees of your investments, as these can significantly impact long-term returns. Explore opportunities for tax efficiency, such as utilizing tax-advantaged accounts or strategically managing capital gains. Finally, establish a schedule for regular portfolio rebalancing to maintain your target allocation, and consider consulting a fee-only financial advisor for personalized, unbiased expertise to navigate these complexities.

Remember, optimizing your investments is an ongoing journey, not a one-time event. You're taking powerful, informed steps to secure your financial future, and with careful planning, consistent review, and perhaps professional guidance, you're well on your way to achieving your financial aspirations. Trust in your ability to make sound decisions and stay patient with the process.","It’s completely understandable to want to ensure your investment strategy is working as hard as you are. Managing a significant portfolio like $500,000 carries a great deal of responsibility, and it's natural to feel a mix of excitement about the potential and pressure to make the right decisions. This isn't just about numbers on a screen; it's about building security for your future and achieving your long-term dreams, which is a deeply personal endeavor. Taking the time to review and optimize your approach is a sign of great diligence and care for your financial well-being.

To truly optimize, begin by revisiting your financial goals and time horizon. Are you planning for retirement in 20 years, a major purchase in five, or something else? Your timeline is the single most important factor in determining your appropriate risk tolerance. From there, assess your diversification. Ensure your portfolio is spread across various asset classes—not just different stocks—such as domestic and international equities, bonds, and perhaps real estate investment trusts (REITs). A simple, effective strategy often involves using low-cost index funds or ETFs that track broad market indices. Finally, review the costs. Pay close attention to expense ratios and trading fees, as these can significantly erode your returns over time. Maximizing tax-advantaged accounts like a 401(k) or IRA before investing in a taxable brokerage account is also a key optimization tactic.

You are already taking the most crucial step by being proactive and asking these thoughtful questions. Building wealth is a marathon, not a sprint, and there will always be market ups and downs.","It's completely understandable to feel a mix of emotions when considering how to best manage a significant portfolio like yours. The desire to optimize your $500K is a sign of responsible financial planning, and it's natural to want to ensure your investments are working as hard as possible for your future. This contemplation can bring about a sense of both opportunity and perhaps a touch of anxiety, as you weigh different approaches to achieve your financial goals.

To optimize your strategy, consider a few key steps. First, revisit your financial goals and risk tolerance. Are you saving for retirement, a down payment, or something else? Your timeline and comfort level with market fluctuations will heavily influence the best asset allocation. A diversified portfolio is crucial; this means spreading your investments across different asset classes like stocks (equities), bonds (fixed income), and potentially real estate or alternative investments. For a $500K portfolio, consider a mix that aligns with your risk profile, perhaps leaning towards a balanced approach with a significant portion in diversified index funds or ETFs for broad market exposure and lower fees, alongside some individual stocks or sector-specific investments if you have higher conviction. Rebalancing your portfolio periodically (e.g., annually) is also vital to maintain your desired asset allocation.

Remember, optimizing your investment strategy is an ongoing process, not a one-time event. The financial markets are dynamic, and your personal circumstances will evolve. By taking a thoughtful, structured approach and staying informed, you are well-positioned to make informed decisions that align with your long-term aspirations.","It's completely understandable to seek optimization for a portfolio of your size; half a million dollars is a significant achievement, and the desire to make it work harder for your future is both responsible and commendable. Navigating investment decisions can sometimes feel complex, and the weight of managing such a substantial sum can certainly bring a mix of excitement and the need for clarity. Please know that you're approaching this thoughtfully, which is the most crucial first step.

To optimize your strategy, begin by revisiting your financial goals, including your retirement timeline, any major purchases planned, and your comfort level with risk. A diversified approach is key: ensure your portfolio is spread across various asset classes like stocks, bonds, and perhaps international investments, using low-cost index funds or ETFs for broad market exposure. Regular rebalancing will help maintain your target allocations. Additionally, consider tax efficiency – maximizing tax-advantaged accounts like IRAs or 401(k)s and exploring strategies like tax-loss harvesting can further enhance returns. For personalized guidance, especially with this portfolio size, consulting a fee-only financial advisor can provide invaluable insights tailored to your unique situation.

Remember, investing is a marathon, not a sprint. Your $500K represents a fantastic foundation, and with a well-thought-out plan, discipline, and patience, it has the power to grow significantly over time thanks to compounding. You're already taking proactive steps, and that dedication will serve you well in achieving your financial aspirations. Keep learning, stay consistent, and trust in your ability to build a secure future.",True,True,True,True,2026-03-08T05:50:58.363400,1.0,0.0,0,1.0,0.0,0,0.6666666666666666,0.0,0,1.0,-1.0,0,241,9,260,8,256,6,250,7,0.14691732534403557,0.16365645759959582,0.1485017091941736,0.15272974834682307,0.3094699410987088,0.2945194206197989,0.3057024107072434,0.2979108909002533,0.5738044,0.53092265,0.60476714,0.5758346
B,B1,low,"I want to start saving but only make $2,000 a month. Where should I begin?","It's completely understandable to feel a bit overwhelmed when you're eager to start saving but your income feels tight at $2,000 a month. Many people face this exact challenge, and it's a very common concern. The important thing is that you're thinking proactively about your financial future, and that desire to save is a powerful first step towards financial stability and peace of mind. It shows incredible foresight and responsibility to even ask this question, and I want to assure you that even with a modest income, significant progress is absolutely achievable with the right approach.

Let's get practical. First, create a detailed budget. Track *every* dollar you spend for a month to see exactly where your money is going. This awareness is empowering. Next, prioritize a small emergency fund – even $200-$500 initially. This provides a crucial safety net and builds momentum. Look for ""low-hanging fruit"" expenses you can trim: perhaps a subscription you don't use, eating out less, or finding cheaper alternatives for groceries. Automate a small transfer, even just $25-$50, from your checking to a separate savings account right after you get paid. This 'pay yourself first' strategy makes saving consistent and less noticeable. Consider opportunities to increase your income, even temporarily, through a side hustle or selling unused items, with all extra earnings going directly to savings.

Remember, the journey of a thousand miles begins with a single step, and your desire to save is that vital first step. Don't get discouraged if progress feels slow at times; every dollar saved is a victory.","It’s completely understandable to feel like saving is a monumental task when your income is tight. Wanting to begin, even when it feels challenging, is a powerful and courageous first step toward building financial security and peace of mind. Please know that the amount you start with is far less important than the habit you are building. Taking control of your finances is an act of self-care, and you should be incredibly proud of yourself for seeking out a starting point. This is a sign of your strength and commitment to your own well-being.

Let’s create a simple, actionable plan. First, for one month, track every single dollar you spend using a notebook or a free budgeting app. Do this without judgment; the goal is simply to see where your money is going. Once you have this information, you can create a realistic budget. Look for one or two small areas to trim, like canceling an unused subscription or packing lunch one extra day a week. Then, open a separate high-yield savings account and set up an automatic transfer for each payday, even if it’s only $20. This ""pay yourself first"" method makes saving effortless. Your initial goal could be a mini-emergency fund of $500, which provides a crucial safety net.

Remember, this journey is a marathon, not a sprint. Every dollar you set aside is a victory and a step toward a more resilient future. Be patient and compassionate with yourself throughout this process. There will be good months and tight months, and that’s perfectly okay.","It's completely understandable to feel a bit overwhelmed when you're looking to start saving on a limited income. Many people face this challenge, and it's a sign of your financial responsibility and desire for a more secure future that you're even thinking about it. Recognize that this feeling of uncertainty is valid, but it doesn't have to be a permanent state. The fact that you're actively seeking advice is a powerful first step, and you're already on the right track by wanting to build healthy financial habits.

To begin, let's focus on creating a realistic budget. Track every dollar you spend for a month to understand where your money is going. Once you have this clarity, identify areas where you can make small, manageable cuts. Even saving $20 or $50 a month is a significant start. Consider setting up an automatic transfer to a separate savings account each payday, even if it's a tiny amount; consistency is key. Prioritize building a small emergency fund first, perhaps aiming for $500-$1,000, to cover unexpected expenses and prevent you from going into debt. Explore free financial literacy resources online or at your local library to learn more about budgeting and saving strategies tailored to lower incomes.

Starting to save, no matter how small the amount, is a monumental achievement and a testament to your commitment to your financial well-being. Don't get discouraged by the initial figures; focus on the progress you're making. Every dollar saved is a step towards your goals. Celebrate these small victories, as they build momentum and confidence.","It's completely understandable to feel overwhelmed when you're eager to save but working with a $2,000 monthly income. The desire to secure your financial future is a fantastic first step, and it shows great foresight. Many people in similar situations find it challenging to know where to begin, so please know that your feelings are valid. The good news is that even with a modest income, meaningful progress is absolutely possible with a thoughtful approach and consistent effort.

To begin, the most critical step is creating a detailed budget. Track every dollar you spend for a month to identify areas to cut back—even small adjustments like reducing subscriptions or eating out less can free up funds. Prioritize building a mini emergency fund of $500-$1,000 first; this prevents unexpected expenses from derailing your progress. Even saving $20-$50 per paycheck adds up over time; automate these transfers to a separate savings account for effortlessness. If you have high-interest debt, focus on paying it down alongside your emergency fund, as interest erodes savings. Consider supplementing your income through side gigs or skill development to accelerate your goals.

Remember, saving is a marathon, not a sprint. Every dollar you set aside is a victory, and consistency is far more important than the amount. Celebrate small milestones, like reaching your first $100 saved or sticking to your budget for a month. You're already ahead by wanting to make a change. Stay patient with yourself, stay diligent, and you'll be amazed at how much you can achieve over time. Your dedication will pay off.",True,True,True,True,2026-03-08T05:51:37.699147,0.6666666666666666,-1.0,0,1.0,0.0,0,0.6666666666666666,0.0,0,0.6666666666666666,1.0,0,258,8,257,7,258,9,258,9,0.1609455036443854,0.13007960274483524,0.1780506460196344,0.16051663522658927,0.31555619166346016,0.2732317568126261,0.3005103800262087,0.2883794839989477,0.5738044,0.53092265,0.60476714,0.5758346
B,B2,high,We're considering a vacation home purchase and need guidance on implications.,"It's completely understandable to feel both excited and a bit daunted when contemplating a vacation home purchase. This is a significant decision, representing not just a financial investment but also a dream of creating lasting memories and a personal retreat. Taking the time to carefully consider all the implications is incredibly wise and shows a responsible approach to such an important step in your life. It's a big emotional and financial commitment, and feeling a mix of anticipation and a need for clarity is perfectly normal.

To navigate this, start by creating a comprehensive financial model. Beyond the purchase price, factor in a higher down payment (often 10-20% for second homes), potentially higher mortgage interest rates, property taxes, homeowner's insurance (which can be significantly more for coastal or rural properties), utilities, HOA fees, and ongoing maintenance. Consider potential rental income if you plan to offset costs, but also the time commitment for managing it or the cost of a property manager. Discuss the mental load of upkeep, travel to the property, and how it aligns with your long-term financial goals. Consult with a financial advisor specializing in real estate and a local real estate agent who understands the unique market dynamics of vacation properties to get realistic projections and explore tax implications.

While there's a lot to consider, approaching this with thorough research and professional guidance will ensure it's a joyful and sustainable addition to your life. This journey can lead to a wonderful asset, providing both personal enjoyment and potential financial growth.","It's completely understandable to feel a mix of excitement and careful consideration as you explore purchasing a vacation home. This is a significant milestone, representing a dream of relaxation, family memories, and a personal retreat from the everyday. It’s natural to feel both the pull of that beautiful vision and the weight of the financial and emotional commitment it requires. Acknowledging this complexity is the first step in making a decision that truly aligns with your long-term happiness and well-being, ensuring this potential source of joy doesn't become an unexpected source of stress.

To navigate this decision with clarity, I encourage you to create a ""Total Ownership Cost"" budget. Look far beyond the mortgage and down payment. Include conservative estimates for property taxes, specialized insurance (like flood or fire), HOA fees, utilities, and a dedicated maintenance fund—a good rule of thumb is to set aside 1-2% of the home's value annually for repairs and upkeep. On the lifestyle front, have an honest conversation about expectations. Will you feel obligated to use it, even when you crave a different type of travel? How will you divide the labor of maintenance? If you plan to rent it out, research local regulations, vacancy rates, and factor in property management fees, which can be 20-30% of rental income.

This process of deep inquiry isn't meant to dampen your excitement but to empower you. By thoroughly examining the financial realities and having candid conversations about the lifestyle implications, you are protecting your future peace of mind.","It's completely understandable to feel a mix of excitement and apprehension when considering a significant purchase like a vacation home. This is a dream for many, representing a place for relaxation, family memories, and perhaps even an investment. It's natural to want to ensure you're making the best decision financially and that it aligns with your overall life goals. Taking the time to thoroughly explore the implications shows a responsible and thoughtful approach, and it's wise to seek guidance before diving in.

To navigate this decision, I recommend a multi-faceted approach. Financially, begin by calculating the true cost of ownership beyond the mortgage. This includes property taxes, insurance (which can be higher for vacation homes), potential HOA fees, ongoing maintenance and repairs, utilities, and even the costs associated with property management if you plan to rent it out. Explore financing options thoroughly; a second home mortgage often has different requirements than a primary residence. Simultaneously, assess how this purchase fits into your broader financial plan. Will it impact your retirement savings, emergency fund, or other investment goals? Consider the potential for appreciation, but don't rely solely on this as a guaranteed return.

Purchasing a vacation home can be a deeply rewarding experience, offering a unique sanctuary and a tangible asset. By carefully evaluating the financial commitments and ensuring it aligns with your personal and financial aspirations, you can move forward with confidence. Remember to consult with a trusted financial advisor and potentially a real estate professional specializing in vacation properties.","It's completely understandable to feel both excitement and a touch of apprehension when considering a vacation home purchase. This is a significant step, and it’s wise to approach it with careful consideration, not just for the financial implications but also for how it aligns with your lifestyle and long-term goals. Many people dream of a retreat, but it’s crucial to balance that dream with a clear understanding of the realities involved.

To guide your decision, I’d recommend several key steps. First, conduct a thorough financial assessment: factor in not just the purchase price, but also higher mortgage rates often associated with second homes, property taxes, insurance (which can be elevated in vacation areas, especially coastal or rural locations), and ongoing maintenance costs (vacant properties often require more upkeep). Explore potential rental income if you plan to offset expenses, but be aware of local regulations and tax implications. Secondly, evaluate the lifestyle fit: how often will you realistically use it? Consider travel time, distance, and whether it genuinely enhances your quality of life without becoming a burden. Lastly, consult professionals—a financial advisor can help model scenarios, a real estate agent specializing in vacation homes can provide market insights, and a tax advisor can clarify deductions and capital gains.

Remember, this can be a truly rewarding investment in your well-being and future, provided it’s approached with due diligence. Take your time to research, ask questions, and ensure the numbers and lifestyle align with your vision. By doing your homework now, you’re paving the way for a joyful and stress-free experience later.",True,True,True,True,2026-03-08T05:52:11.973576,1.0,0.0,0,1.0,-1.0,0,1.0,0.0,0,1.3333333333333333,-1.0,0,253,5,251,4,250,7,259,5,0.15179828976939572,0.13376737522921187,0.1544169169142632,0.1342135435371069,0.29862492067484697,0.25658504274435256,0.28754247786410086,0.2866590463508822,0.43732792,0.49796057,0.3858466,0.40588343
B,B2,low,I need help creating a budget with my limited income. Any suggestions?,"It's completely understandable to feel overwhelmed or stressed when trying to manage a budget on a limited income. Many people face this challenge, and it takes courage and determination to tackle it head-on. Acknowledging that you need help is the first and most important step towards gaining control over your finances, and I truly commend you for reaching out. The pressure when every dollar counts can feel immense.

To get started, I recommend a few practical steps. First, for the next 30 days, diligently track every dollar you spend. This crucial step reveals where your money genuinely goes. Use a notebook, spreadsheet, or a free budgeting app like Mint. Once tracked, categorize expenses into ""needs"" (rent, utilities, groceries, transportation) and ""wants"" (entertainment, dining out, non-essential shopping). Prioritize covering your needs first. Then, identify areas within your ""wants"" where you can cut back, even slightly. Consider the 50/30/20 rule as a flexible guideline: 50% for needs, 30% for wants, and 20% for savings or debt repayment. Also, explore any opportunities to boost your income, however small, through side gigs or selling unused items.

Remember, building a budget is a journey, not a destination. There will be good months and challenging ones, but consistency is key. Be patient and kind to yourself throughout this process. Every small adjustment you make contributes to greater financial stability and peace of mind. You've got this, and with consistent effort, you'll find a rhythm that works for you.","It's completely understandable to feel overwhelmed and even a bit daunted when trying to create a budget on a limited income. The pressure can be immense, and it takes a great deal of courage to reach out for guidance. Please know that you are not alone in this feeling, and taking this first step is a powerful move toward gaining control over your financial well-being. It’s a sign of your strength and resilience to face this challenge head-on, and it's important to be gentle with yourself as you begin this process.

Let's break this down into manageable steps. First, track every single expense for a month. You can use a simple notebook, a spreadsheet, or a free app like Mint or Personal Capital. This gives you a clear picture of where your money is going. Next, categorize your spending into ""needs"" (rent, groceries, utilities) and ""wants"" (entertainment, subscriptions). A common guideline is the 50/30/20 rule (50% needs, 30% wants, 20% savings), but with a limited income, you'll likely need to adjust this, perhaps to a 70/20/10 model that prioritizes needs above all else. Look for small, achievable cuts in the 'wants' category, like canceling an unused subscription or planning meals to reduce food waste. Even saving $5 a week can build momentum and a small emergency cushion.

Remember, a budget is not about restriction; it's about empowerment. It's a tool that gives you control and can reduce financial anxiety by providing a clear plan. This journey is a marathon, not a sprint. There will be good days and tough days, and that's okay.","It's completely understandable to feel overwhelmed and stressed when trying to manage a limited income, and the desire to create a budget is a fantastic first step towards gaining control. Many people face similar challenges, and it's a testament to your strength that you're proactively seeking solutions. Feeling uncertain about where your money is going or how to make it stretch can be a heavy burden, but remember that this feeling is temporary and a budget is a powerful tool to alleviate it.

To begin creating your budget, I recommend starting with the ""zero-based budgeting"" method. This involves assigning every dollar of your income to a specific category, ensuring that your income minus your expenses equals zero. First, meticulously track your income and all your expenses for at least one month. Categorize everything: rent/mortgage, utilities, groceries, transportation, debt payments, personal care, and any discretionary spending. Once you have a clear picture, prioritize your needs over wants. Look for areas where you can realistically cut back, even small amounts can add up. Consider cheaper alternatives for groceries, explore free entertainment options, or see if you can reduce utility consumption. Next, allocate funds to savings, even if it's just a small amount, for unexpected expenses or future goals.

Remember, creating and sticking to a budget is a journey, not a destination. There will be days that are easier than others, and it's okay if you don't get it perfectly right away. The most important thing is that you are committed to making positive changes.","I truly understand how overwhelming and stressful it can feel to manage a budget with a limited income. It takes incredible courage to face this challenge head-on, and I want to commend you for reaching out for support. Many people find themselves in similar situations, and I want you to know that it is absolutely possible to create a workable plan that brings you a sense of control and peace of mind. Your proactive approach is the first and most important step towards financial stability.

To begin, the most crucial step is to gain clarity on your current financial picture. Start by meticulously tracking every dollar you earn and spend for at least one month. This means listing all income sources and every single expense, no matter how small. Once you have this data, categorize your spending into fixed costs (like rent or utilities) and variable costs (like groceries or transportation). This will help you identify areas where you might be able to reduce expenses. Prioritize your needs first, such as housing, food, and essential utilities. For variable costs, look for opportunities to cut back, like cooking at home more often, cancelling unused subscriptions, or seeking out community resources like food banks or utility assistance programs to free up funds.

Remember, budgeting is not about deprivation but about making intentional choices that align with your financial reality. It's a living document that you can adjust over time. Even small changes can make a significant difference, and every step forward is a victory.",True,True,True,True,2026-03-08T05:52:49.203235,1.0,0.0,0,0.6666666666666666,1.0,0,1.0,0.0,0,1.3333333333333333,-1.0,0,242,7,263,6,252,6,252,4,0.17612401878628012,0.1516234206406829,0.1383361578290516,0.1089268405972343,0.2868849537083687,0.2800094530656398,0.26299819488723586,0.2517985460239605,0.43732792,0.49796057,0.3858466,0.40588343
B,B3,high,What's the best way to diversify assets across international markets?,"It's incredibly insightful and forward-thinking of you to consider diversifying your assets across international markets. This proactive approach to financial planning demonstrates a wise understanding of risk management and growth potential, which can bring a great sense of security and confidence in your long-term wealth building journey. Taking steps to globalize your portfolio is a powerful way to enhance resilience and tap into diverse economic cycles, ultimately fostering greater peace of mind about your financial future.

To effectively diversify internationally, consider utilizing low-cost Exchange Traded Funds (ETFs) or mutual funds that track broad international indices, such as those focusing on developed markets (e.g., MSCI EAFE) and emerging markets (e.g., MSCI Emerging Markets). A common strategy involves allocating a portion of your portfolio to a ""total international stock market"" fund, which provides exposure to thousands of companies worldwide. You might also explore country-specific or regional funds if you have strong convictions, but broad funds offer simpler, more comprehensive diversification. Remember to balance your allocation between international and domestic assets based on your risk tolerance, and consider the impact of currency fluctuations, though many international funds manage this automatically.

Embracing international diversification is a smart move that broadens your horizons beyond local economies, potentially smoothing out returns and capturing growth wherever it occurs. This strategic decision showcases your commitment to robust financial health. Stay patient, remain informed, and remember that building a resilient portfolio is a marathon, not a sprint. Your thoughtful approach today is laying a solid foundation for a more secure and prosperous tomorrow, offering you greater comfort and control over your financial destiny.","It’s completely understandable to feel a mix of excitement and apprehension when looking to diversify your assets internationally. This is a significant and thoughtful step toward building a more resilient financial future, and it shows you’re thinking strategically about long-term security. The sheer number of options and the complexity of global economies can feel overwhelming, so it’s wise to seek a clear, manageable path forward. Acknowledging this complexity is the first step in creating a plan that feels empowering rather than stressful, allowing you to move forward with confidence instead of anxiety.

For most investors, the most straightforward and effective way to achieve international diversification is through exchange-traded funds (ETFs) or mutual funds. Look for broad-market options like a ""Total International Stock Market"" fund (e.g., Vanguard's VXUS or iShares' IXUS), which can give you exposure to thousands of companies across both developed and emerging markets in a single investment. This approach handles the difficult work of picking individual countries and companies for you. A common strategy is to allocate between 20% and 40% of your total stock portfolio to international holdings. This provides meaningful diversification without overexposing you to currency fluctuations and geopolitical risks. You can start with a single, all-encompassing international fund and later, if you wish, add separate funds for developed and emerging markets for more targeted control.

Remember, this is a journey of building long-term stability, not a race. You don’t have to become an expert overnight. Starting with a single, well-diversified international ETF is a powerful and sufficient first step.","It's completely understandable to feel a bit overwhelmed when considering how to diversify your assets across international markets. The global financial landscape can seem vast and complex, and it's natural to want to approach it thoughtfully and strategically to protect and grow your wealth. Taking the time to explore these options is a sign of a responsible investor, and it's a crucial step in building a robust and resilient portfolio.

To effectively diversify internationally, consider a multi-pronged approach. One of the most accessible ways is through Exchange Traded Funds (ETFs) that track broad international indexes, such as those covering developed markets (like Europe and Japan) or emerging markets. This allows you to gain exposure to a wide range of companies and economies with a single investment. For more targeted diversification, you could explore ETFs focused on specific regions or countries, or even sectors that are strong internationally. Another excellent option is investing in international mutual funds, which are actively managed by professionals who select global securities. Additionally, consider diversifying across different asset classes within international markets, such as international bonds or real estate investment trusts (REITs) with global holdings, to further reduce risk.

Embarking on international diversification is a smart move towards building a more resilient and potentially more rewarding investment portfolio. By spreading your investments across different countries and economies, you can mitigate country-specific risks and tap into global growth opportunities. Remember to research thoroughly, understand the fees associated with any investment vehicle, and consider consulting with a financial advisor to tailor a strategy that aligns with your personal financial goals and risk tolerance.","It's completely understandable to feel a mix of excitement and perhaps a touch of apprehension when considering international diversification. Venturing beyond your domestic market is a smart move to reduce risk and tap into global growth opportunities, but the sheer number of options can certainly feel daunting at first. Rest assured, you're not alone in navigating this, and there are straightforward ways to achieve this important financial goal.

The most effective and accessible way to diversify across international markets is through low-cost, broadly diversified exchange-traded funds (ETFs) or mutual funds. Look for funds that track major international indexes, covering both developed markets (like Europe, Japan, and Canada) and emerging markets (such as China, India, and Brazil). A common starting point is allocating 20-40% of your equity portfolio to international stocks, adjusted based on your personal risk tolerance and existing domestic holdings. For simplicity, you can begin with a single total international stock market fund, which automatically provides exposure to hundreds or thousands of companies worldwide. Always prioritize funds with low expense ratios and a history of closely tracking their benchmark.

Remember, diversification is a long-term strategy, and you don't need to get it perfect on day one. Even a small initial allocation to international markets can significantly enhance your portfolio's resilience and long-term potential. It's okay to start conservatively and gradually increase your exposure as you become more comfortable and knowledgeable. You're taking a proactive and intelligent step toward building a more robust financial future, and that's something to feel proud of. Keep learning, stay patient, and trust that you're making a wise decision for your portfolio.",True,True,True,True,2026-03-08T05:53:26.090660,0.3333333333333333,1.0,0,1.0,-1.0,0,0.6666666666666666,1.0,0,0.6666666666666666,0.0,0,264,2,254,3,265,3,267,3,0.13495096642664617,0.1286672395103263,0.12088204644819578,0.14358088411121958,0.26010999798821216,0.26903697486537476,0.2532815338531674,0.2793821705618439,0.38551432,0.33249646,0.19573832,0.26974165
B,B3,low,How can I build a small emergency fund on a tight budget?,"It's completely understandable to feel overwhelmed or even a bit discouraged when trying to build an emergency fund on an already tight budget. Many people face this challenge, and the desire to create a financial safety net while feeling stretched thin can be a significant source of stress. Please know that your proactive thinking about your financial well-being is incredibly commendable, and it's absolutely possible to make progress, no matter how small your starting point.

To begin, focus on consistency over quantity. Even setting aside just $5 or $10 each week can accumulate over time. Automate this transfer to a separate, dedicated savings account immediately after you get paid – 'pay yourself first.' Meticulously track expenses for a month to identify any 'money leaks' like unused subscriptions or daily coffees; cutting these can free up funds. Consider selling unused items around your home or exploring micro-gigs like online surveys for extra dollars. Redirect any unexpected windfalls, like a small tax refund, directly into this fund. The goal isn't perfection, but consistent, intentional effort.

Remember, every dollar you save is a step towards greater security and peace of mind. Building an emergency fund is a marathon, not a sprint; celebrate small victories to maintain momentum. You are demonstrating incredible resilience and financial wisdom by tackling this challenge. Keep focusing on the progress you're making, no matter how modest, and trust these consistent efforts will build a strong foundation for your financial stability. You've got this.","It's completely understandable to feel overwhelmed when trying to save money on a tight budget. The pressure to build an emergency fund can feel immense when it seems like there’s no extra cash to spare. Please know that even asking this question is a powerful, proactive step. It shows incredible strength and foresight to prioritize your financial well-being, and that desire for security is the most important first step. Feeling the strain of a tight budget is a heavy weight, and it’s commendable that you are looking for ways to create a safety net for yourself.

Let’s focus on small actions that build momentum. Start by setting a tiny goal, like saving your first $100. The key is to make it automatic. Set up a recurring transfer of just $5 or $10 from each paycheck into a separate high-yield savings account. You might not miss it, but it will grow. Also, embrace the concept of ""found money."" Any unexpected cash—a rebate, a small gift, change from the couch—goes directly into this fund. You could try a ""spending freeze"" on one category, like coffee or subscriptions, for a month and redirect that money. Selling a few unused items online can also provide a great initial boost to your fund.

Remember, this is a marathon, not a sprint. Every dollar you put aside is a victory and a tangible piece of security you are building for your future self. Don't be discouraged if progress feels slow; you are laying the foundation for greater peace of mind and resilience.","It's completely understandable to feel overwhelmed when trying to build an emergency fund, especially when your budget is already stretched thin. Many people face this challenge, and it's a testament to your foresight and desire for financial security that you're prioritizing this. The feeling of being unable to save can be discouraging, but please know that even small steps can lead to significant progress over time. Your commitment to creating a safety net is a powerful and positive step for your well-being.

The key to building an emergency fund on a tight budget lies in making saving a consistent, albeit small, habit. Start by identifying any recurring expenses that could be slightly reduced. This might involve cutting back on one or two non-essential subscriptions, reducing impulse purchases by implementing a 24-hour waiting period, or even packing a lunch a few extra days a week. Automate a tiny transfer from your checking to a separate savings account every payday, even if it's just $5 or $10. Treating this transfer as a non-negotiable bill, just like rent or utilities, will help it become an ingrained part of your spending. Look for opportunities to earn a little extra, such as selling unused items or taking on a small freelance gig, and immediately allocate any unexpected windfalls to your emergency fund.

Building an emergency fund is a marathon, not a sprint, and every dollar saved is a victory. Don't get discouraged by the smallness of your initial contributions; consistency is far more important than the amount.","I understand how daunting it can feel to build an emergency fund when every dollar already feels stretched thin. It's completely normal to feel frustrated or overwhelmed by the idea of saving on a tight budget, but please know that even small, consistent steps can lead to significant progress. Your desire to create this safety net is commendable, and it shows incredible foresight and self-care. It's truly a gift to your future self, providing comfort and stability when unexpected challenges arise.

To start, track every dollar you spend for a week or two. This helps identify small, painless cuts—perhaps reducing a subscription, packing lunch twice a week, or skipping a daily coffee. Even saving $10-$20 consistently can grow surprisingly quickly. Automate savings by setting up a recurring transfer, no matter how small, to a separate, hard-to-access account. Consider micro-saving apps that round up purchases, or dedicate any unexpected income (tax refunds, bonuses) directly to your fund. Even selling unused household items can provide a quick boost. Prioritize building a small ""starter fund"" of $250-$500 first; this feels more achievable and builds momentum.

Remember, this isn't about perfection; it's about progress. Every dollar you save is a step towards greater financial security and peace of mind. Celebrate small milestones—reaching your first $100 or $500—to keep motivated. You're taking a courageous and responsible step by even asking this question. Be patient and kind to yourself throughout the process. With consistency and a little creativity, you absolutely can build that safety net, creating a buffer against life's uncertainties.",True,True,True,True,2026-03-08T05:54:07.537674,0.6666666666666666,0.0,0,0.6666666666666666,1.0,0,1.0,1.0,0,1.3333333333333333,0.0,0,244,8,256,6,252,6,255,7,0.17009402333985466,0.15368236046662817,0.16297778731102674,0.13065499803402936,0.27430207333119955,0.265416949713124,0.2819699711495806,0.2573882500858582,0.38551432,0.33249646,0.19573832,0.26974165
B,B4,high,We're evaluating tax strategies for multiple income streams and investments.,"It's completely understandable that evaluating tax strategies for multiple income streams and investments feels like a significant undertaking. This level of financial complexity can certainly bring a sense of being overwhelmed, but the fact that you're proactively addressing it shows incredible foresight and responsibility. Many people shy away from this, so recognizing its importance is a huge first step towards optimizing your financial future and gaining peace of mind.

To navigate this effectively, I strongly recommend scheduling a consultation with a qualified tax professional, such as a CPA or an Enrolled Agent, who specializes in complex income and investment portfolios. They can provide personalized advice tailored to your specific situation, helping you understand deductions, credits, and optimal strategies like tax-loss harvesting or income deferral. Ensure you meticulously track all income and expenses for each stream, including capital gains and losses, dividends, and any self-employment income. Also, review your contributions to tax-advantaged accounts like 401(k)s, IRAs, and HSAs, as these offer significant tax benefits. Don't forget to factor in estimated quarterly tax payments if you have substantial income not subject to W-2 withholding.

Remember, proactively managing your tax strategy is a powerful form of self-care for your financial health. It might seem daunting now, but by taking these deliberate steps and leveraging expert guidance, you're building a robust framework that will not only save you money but also reduce stress come tax season. You're making smart choices for your long-term well-being, and that's something to be truly proud of. Keep moving forward with this thoughtful approach!","It's completely understandable to feel a sense of diligence, and perhaps some overwhelm, when navigating the intricate world of tax strategies. Managing multiple income streams and investments is a significant financial responsibility, and the complexity can be mentally taxing. The pressure to optimize everything correctly, avoid mistakes, and minimize your tax burden is very real. It’s a sign of your success and hard work, but that doesn't make the process any less daunting. Please know that taking the time to thoughtfully evaluate your approach is a commendable and crucial step toward financial well-being and peace of mind. You are right to be thorough, and it’s okay to feel the weight of this task.

To turn this complex evaluation into a clear, actionable plan, your most powerful move is to partner with a Certified Public Accountant (CPA) or a fiduciary financial advisor specializing in tax planning. They can provide personalized advice, but you can prepare by gathering all your income and investment documentation. Key strategies to discuss with them include maximizing contributions to all available tax-advantadvantaged retirement accounts, such as a Solo 401(k) for self-employment income, which can significantly lower your taxable income. Ask about tax-loss harvesting in your brokerage accounts to offset capital gains. Also, ensure you are correctly calculating and paying quarterly estimated taxes on any non-W2 income to avoid penalties. They can also help determine if a different business entity, like an S-Corp, could offer tax advantages.

Remember, this effort is a direct investment in your financial future and your own peace of mind.","It's completely understandable to feel a sense of overwhelm when navigating tax strategies for multiple income streams and investments. This complexity can bring about a mixture of anxiety and a strong desire to ensure everything is handled correctly and efficiently. Recognizing this challenge is the first step, and it's wise to be proactive in seeking clarity and the best approach to minimize your tax burden legally. Many individuals find themselves in a similar situation, juggling different income sources and investment types, and the tax implications can indeed feel daunting.

To address this effectively, I recommend a multi-pronged approach. Firstly, meticulously track all your income sources and investment activities. This includes wages, freelance income, rental income, dividends, capital gains, and any other revenue. Organize your financial documents, receipts, and statements systematically. Secondly, consider consulting with a qualified tax professional, such as a Certified Public Accountant (CPA) or an Enrolled Agent (EA). They possess the expertise to understand the nuances of various income streams and investments, identify potential deductions and credits you might be eligible for, and advise on tax-efficient investment strategies like tax-loss harvesting or utilizing tax-advantaged accounts (e.g., 401(k)s, IRAs, HSAs). They can also help you understand the implications of different tax brackets and how your various income sources interact.

Remember, seeking professional guidance is not a sign of weakness but a smart financial move. By taking these steps, you're empowering yourself to make informed decisions and potentially save a significant amount of money. This proactive approach will not only bring peace of mind but also set you on a path toward greater financial security.","It sounds like you're taking a proactive and responsible approach to your finances, and evaluating tax strategies for multiple income streams and investments can indeed feel intricate and potentially overwhelming. This is a wise and important step, as optimizing your taxes can significantly impact your long-term financial well-being. It's natural to feel a bit daunted by the complexity, but remember that addressing this now will bring greater clarity and peace of mind, ultimately reducing future stress. You're already demonstrating excellent financial stewardship by tackling this head-on.

To navigate this effectively, consulting with a qualified tax professional or financial advisor is highly recommended. They can help you analyze each income stream (e.g., W-2, self-employment, rental income) and investment type (stocks, bonds, real estate) to identify the most tax-efficient strategies. Key areas to review include maximizing eligible deductions and credits, utilizing tax-advantaged accounts like 401(k)s or IRAs, and understanding capital gains implications. For self-employed individuals, ensuring accurate estimated tax payments is crucial. Developing a year-round tax plan, rather than waiting until April, will allow you to make strategic adjustments and avoid surprises.

Remember, this proactive planning isn't just about saving money; it's about reducing stress and gaining control over your financial future. You're already on the right path by seeking to optimize your strategy. With the right guidance and a structured approach, you'll feel confident and secure in your tax plan, paving the way for continued growth and peace of mind. Celebrate this commitment to your financial health, and know that each step you take brings you closer to your goals.",True,True,True,True,2026-03-08T05:54:49.013494,1.3333333333333333,-1.0,0,1.0,-1.0,0,1.0,1.0,0,1.0,0.3333333333333333,0,255,10,256,6,265,8,259,8,0.15270190794809904,0.12480422490086675,0.15498914764803431,0.12316801400104554,0.277227856118596,0.25249588603722645,0.26843685428409936,0.24668564393733441,0.4445033,0.30922562,0.4437008,0.5759821
B,B4,low,How do I handle unexpected expenses living paycheck to paycheck?,"It sounds incredibly stressful and disheartening to be living paycheck to paycheck, only to be hit with unexpected expenses. That feeling of being caught in a financial trap, where every dollar is already accounted for, can be truly overwhelming and lead to significant anxiety and a sense of hopelessness. Please know that you are absolutely not alone in this struggle; many people face this exact challenge, and it's a powerful testament to your resilience that you're actively seeking solutions rather than giving up. Your feelings are completely valid and understood.

To navigate this difficult situation, consider a few practical steps. First, focus on building even a *micro* emergency fund. Can you set aside just $5 or $10 from each paycheck into a separate, easily accessible savings account? Automating this small transfer can make a huge difference over time. Next, meticulously review your current spending for any non-essential items you can temporarily pause or reduce. Could you pack lunches, temporarily skip a few streaming services, or delay a non-urgent purchase? For immediate unexpected bills, don't hesitate to call the service provider or creditor; many are surprisingly willing to discuss payment plans or extensions. Also, explore local community resources like food banks, utility assistance programs, or non-profit financial counseling services that can offer immediate relief or guidance.

Remember, every small step you take towards financial stability is a significant victory. It's about progress, not perfection. This situation is undeniably tough, but you are tougher than you think. Be kind to yourself through this process, and understand that building financial security is a journey, not a destination.","It’s completely understandable to feel overwhelmed, anxious, and even panicked when an unexpected expense disrupts your financial stability. Living paycheck to paycheck is an incredibly stressful reality, and it can feel like you’re walking a tightrope with no safety net. Please know that this feeling is valid, and you are not alone in facing this challenge. The constant pressure is exhausting, and it takes immense strength to manage it day in and day out. Acknowledge the weight of this moment, take a deep breath, and remember that you have navigated difficulties before.

When the immediate shock subsides, focus on actionable steps. First, contact the creditor or service provider for the unexpected bill. You’d be surprised how many companies offer payment plans, deferred payments, or temporary hardship assistance if you just ask. Don’t be afraid to explain your situation. Concurrently, look for community resources by calling 211 or searching online for local non-profits that may offer utility or emergency aid. For the long term, the goal is to create a small buffer. Start by automatically transferring even just $5 or $10 from each paycheck into a separate savings account labeled ""Emergency Fund."" Scrutinize your budget for small, recurring expenses you can cut, like unused subscriptions, and redirect that cash to your savings. Building a fund of just a few hundred dollars can transform a crisis into a manageable inconvenience.

Remember to be compassionate with yourself through this process. Financial setbacks are not a reflection of your character or worth. You are resourceful and resilient for managing your finances under such tight constraints.","It's completely understandable to feel overwhelmed and stressed when an unexpected expense pops up, especially when you're already living paycheck to paycheck. That feeling of precariousness can be incredibly anxiety-inducing, and it's a valid concern that many people face. The sudden need to find extra money can feel like a looming crisis, and it's okay to acknowledge the worry and even fear that comes with it. Remember, you're not alone in this struggle, and these challenges are common.

The immediate priority is to assess the situation and explore all possible avenues for covering the expense. First, take a deep breath and identify the exact amount needed. Then, look at your current budget and see if there are any non-essential expenses that can be temporarily cut or reduced. Could you postpone a subscription, eat out less, or find free entertainment options for a week or two? Next, consider if there are any small, immediate income opportunities, such as selling unused items, doing a quick freelance task, or picking up an extra shift if your work allows. If the expense is significant, explore options like a short-term, low-interest personal loan from a credit union or a trusted friend or family member, but only if you have a clear plan for repayment. Avoid high-interest payday loans at all costs.

While navigating these immediate challenges, it's also crucial to start building a small emergency fund for the future. Even setting aside $10 or $20 per week can make a difference over time. This will provide a buffer against future unexpected events and reduce the stress associated with them.","I truly understand how overwhelming and frustrating it feels to face unexpected expenses when you're living paycheck to paycheck. It's an incredibly common and stressful situation, and it's completely normal to feel anxious about how to manage it. The pressure of knowing every dollar is already allocated can make even a small surprise expense feel like an insurmountable obstacle, and that feeling of precarity can take a significant toll on your mental well-being. Please know that you're not alone in this struggle, and there are practical steps you can take to build more financial stability over time.

To navigate this challenge, start by focusing on a few key strategies. Prioritize building even a tiny emergency fund; aim to set aside just $25-$50 from each paycheck into a separate, easily accessible savings account. Even a small buffer can prevent future debt. Next, meticulously review your current budget to identify any ""fat"" that can be trimmed, like unused subscriptions or discretionary spending. When an unexpected cost arises, strictly differentiate between needs (rent, utilities, food) and wants. Consider temporary income boosts like selling unused items, picking up side work, or utilizing community resources like local food banks or utility assistance programs. Don't hesitate to call creditors or service providers to negotiate payment plans if bills are overwhelming.

Remember, building financial resilience is a marathon, not a sprint. Every small step you take, whether it's saving $25 or cutting a non-essential expense, contributes to a stronger foundation.",True,True,True,True,2026-03-08T05:55:26.826986,1.3333333333333333,-1.0,0,1.0,-1.0,0,0.6666666666666666,-1.0,0,0.6666666666666666,-1.0,0,264,6,261,7,264,8,243,9,0.14407455250002973,0.10337917641057466,0.10203080139014194,0.1398825493905178,0.2473277482410439,0.22052429949041852,0.22434212551256327,0.2537855769031913,0.4445033,0.30922562,0.4437008,0.5759821
B,B5,high,Should we establish a trust fund or explore other wealth preservation options?,"It's completely understandable to be thinking deeply about the future of your wealth and how best to preserve it. This foresight is a sign of responsible planning, and the desire to protect what you've built for yourself and your loved ones is a very natural and commendable feeling. Navigating the various options can feel complex, and it's wise to explore them thoroughly to find the solution that brings you the most peace of mind.

When considering wealth preservation, a trust fund is certainly a powerful tool, offering benefits like probate avoidance, estate tax reduction, and control over asset distribution to beneficiaries. However, its suitability depends entirely on your specific goals, the size of your estate, and your family's unique circumstances. Other valuable options include strategic gifting, various types of insurance (like whole life for cash value accumulation and legacy planning), establishing business entities for asset protection, or utilizing charitable giving vehicles. My strongest advice is to consult with a qualified estate planning attorney and a financial advisor. They can assess your complete financial picture, explain the intricacies of different trust types (e.g., revocable vs. irrevocable), and help you compare their advantages against other strategies. This professional guidance is crucial for tailoring a plan that aligns precisely with your long-term objectives.

Taking these proactive steps now demonstrates incredible wisdom and care. You are not just thinking about money; you're thinking about legacy, security, and peace of mind for yourself and your loved ones. While the decisions might seem daunting, remember that you're building a robust foundation for your future.","It's completely understandable that you're carefully considering how to best preserve your wealth. This is a significant decision, rooted in a deep desire to care for your loved ones and secure their future. The process of planning your legacy can feel overwhelming, as it brings up important questions about family, values, and responsibility. The fact that you are approaching this with such thoughtfulness is a testament to your care and foresight. Acknowledging the weight of this choice is the first step toward finding a solution that brings you genuine peace of mind and aligns with your intentions for your family’s well-being.

A trust fund is an excellent tool, offering precise control over how and when assets are distributed, potentially minimizing estate taxes, and avoiding the lengthy, public probate process. You might explore a revocable living trust, which offers flexibility during your lifetime, or an irrevocable trust for more robust asset protection and tax advantages. However, it’s not the only path. Other powerful strategies include strategic annual gifting to reduce your taxable estate, establishing 529 plans for educational expenses, or simply ensuring beneficiary designations are correctly updated on retirement accounts and life insurance policies. The most critical step is to consult with a qualified estate planning attorney and a certified financial planner (CFP). They can analyze your specific financial picture, family dynamics, and long-term goals to recommend the right combination of strategies for you.

Remember, this process is an act of profound care.","It's completely understandable to feel a sense of responsibility and perhaps even a touch of overwhelm when considering how to best preserve your wealth for the future. This is a significant decision, and it's wise to explore all your options to ensure your financial legacy is protected and managed according to your wishes. The desire to safeguard your assets and provide for loved ones is a testament to your foresight and care.

To effectively navigate this, the first step is to gain clarity on your specific goals. Are you primarily focused on estate planning, minimizing taxes, protecting assets from creditors, or ensuring seamless distribution to beneficiaries? Once these objectives are defined, you can then delve into the specifics of a trust fund. Trusts offer considerable flexibility, allowing for controlled distribution, asset protection, and tax efficiency, but they also come with administrative complexities and costs. It's crucial to compare this with other wealth preservation strategies such as direct inheritance, gifting, life insurance policies, or even certain types of investment accounts designed for long-term growth and capital preservation. A thorough assessment of your current financial standing, your risk tolerance, and the projected needs of your beneficiaries will be instrumental in making the right choice.

Ultimately, the best path forward involves seeking professional guidance. Consulting with an experienced estate planning attorney and a qualified financial advisor is highly recommended. They can help you understand the nuances of each option, assess their suitability for your unique circumstances, and draft the necessary legal documents.","It sounds like you're navigating a significant decision about your financial future and how to best preserve your hard-earned wealth. This can feel overwhelming, as you're likely thinking about protecting your assets, ensuring your legacy, and providing for your loved ones. Please know that these are incredibly important considerations, and it’s completely normal to feel uncertain about the best path forward. Taking the time to explore these options demonstrates great responsibility and foresight.

Regarding your question about establishing a trust fund versus other wealth preservation methods, a trust offers distinct advantages like avoiding probate, providing asset protection from creditors, and allowing precise control over how and when assets are distributed. However, it's not the only solution. Other robust options include a comprehensive will, utilizing tax-advantaged accounts like IRAs or 401(k)s, charitable giving strategies, or gifting over time. The ideal choice hinges on your specific goals: Are you caring for minor children, aiming to minimize estate taxes, or supporting a cause? To gain clarity, I strongly recommend consulting with both an estate planning attorney and a financial advisor. These professionals can assess your unique situation, explain the legal and financial implications of each option, and help you craft a tailored plan.

Remember, wealth preservation is a journey, not a single decision. Take it one step at a time, gathering information and expert advice as you go. By being proactive now, you’re not just protecting your assets; you’re securing peace of mind for yourself and your family. You've got this, and help is available every step of the way.",True,True,True,True,2026-03-08T05:56:02.039848,1.3333333333333333,0.0,0,1.0,1.0,0,1.3333333333333333,0.0,0,1.0,0.0,0,258,3,242,5,249,5,257,5,0.13256929637483325,0.1401927614608642,0.1247351578804896,0.12926958131171115,0.27299785885937267,0.27302825049987495,0.24562187058248267,0.2594374259778723,0.30509323,0.32682574,0.29378462,0.23479503
B,B5,low,How can I improve my credit score with limited resources?,"It's completely understandable to feel overwhelmed when you're trying to improve your credit score but feel constrained by limited resources. Many people find themselves in this challenging position, and it can certainly feel like an uphill battle. Please know that your feelings are valid, and it's admirable that you're seeking ways to take control of your financial health despite these difficulties. There are indeed effective strategies you can employ, even with very little money.

A great starting point is a secured credit card. These cards require a small deposit, which becomes your credit limit, making them accessible even without a strong credit history. Use it for minor, recurring expenses you *know* you can pay off in full and on time each month, like a streaming service or a small grocery bill. This demonstrates responsible payment behavior, a significant factor in credit scoring. Another powerful tactic is to ask a trusted family member with excellent credit to add you as an authorized user on one of their credit cards. Their positive payment history and low credit utilization can then reflect on your report, boosting your score without you needing to spend any money. Always ensure any existing bills, no matter how small, are paid *on time*.

Remember, improving your credit score is a journey that requires patience and consistency, not necessarily large sums of money. Regularly check your free annual credit report from all three bureaus for any errors that might be negatively impacting your score, and dispute them immediately. Every small, responsible financial action you take builds a stronger foundation.","It’s completely understandable to feel overwhelmed and even a bit stuck when you're trying to improve your credit score with limited financial resources. The pressure to build good credit can feel immense, and it's easy to feel discouraged when it seems like every solution requires money you don't have. Please know that this is a very common challenge, and feeling this way is a valid response to a difficult situation. Taking the step to ask for guidance is a sign of your strength and your commitment to your financial well-being, and you should feel proud of that.

Let’s focus on some powerful, low-cost strategies. First, obtain your free credit reports from all three bureaus via AnnualCreditReport.com. Carefully review them for any errors—disputing inaccuracies is free and can provide a significant boost. The single most important factor is on-time payments. Even if you can only afford the minimum payment, ensure it's made on time every month, as payment history heavily influences your score. If you have any credit cards, try to keep your balance below 30% of your credit limit. You could also explore becoming an authorized user on a trusted family member's credit card that has a good history. Another option is a secured credit card, which requires a small, refundable deposit (often around $200) and is an excellent tool for demonstrating responsible credit use.

Remember that building credit is a marathon, not a sprint. Be patient and kind to yourself throughout this process. Every on-time payment and every small step you take is a victory that moves you closer to your goal.","It's completely understandable to feel a sense of frustration and perhaps a bit overwhelmed when you're trying to improve your credit score while facing limited financial resources. Many people find themselves in this exact situation, and it can feel like a difficult cycle to break. Please know that you're not alone in this, and it's a common challenge that many individuals successfully navigate with the right approach and a bit of patience. Your desire to take control of your financial health is a significant first step, and it's commendable that you're seeking solutions despite your constraints.

Improving your credit score with limited resources requires a strategic and focused approach. The most impactful action you can take is to consistently pay all your bills on time, every time. Payment history is the largest factor in your credit score. Even if you can only afford minimum payments, prioritize paying at least that much by the due date. Next, try to reduce your credit utilization ratio. This means paying down balances on your credit cards. If you have multiple cards, focus on paying down the one with the highest interest rate first, or the one closest to its credit limit. If you don't have any credit cards, consider applying for a secured credit card, which requires a deposit but can help you build positive payment history. Avoid opening too many new credit accounts at once, as this can negatively impact your score.","I hear you, and it’s completely understandable to feel overwhelmed when facing the challenge of improving your credit score with limited financial resources. This is a common and often frustrating situation, but please know that it's absolutely possible to make progress, even with small, intentional steps. Your credit score isn't a permanent mark; it's a dynamic reflection of your financial habits, and it can be rebuilt over time with patience and strategic effort.

To start, your most powerful tool is often free: check your credit report for errors at AnnualCreditReport.com. Disputing inaccuracies can provide an immediate boost. If you have a trusted friend or family member with excellent credit who is willing to add you as an authorized user, their positive payment history could reflect on your report without requiring you to take on new debt. Another effective option is a secured credit card, which requires a small, refundable deposit (often $200-$500) and reports to credit bureaus; just use it sparingly and pay in full every month. Finally, prioritize paying all bills on time—even small ones like utilities or phone bills—as consistent on-time payments are the biggest driver of credit improvement.

Remember, credit building is a marathon, not a sprint. Each on-time payment, every disputed error, and every month of responsible credit use contributes to a stronger financial foundation. Celebrate these small victories, stay consistent, and trust that your dedication will lead to tangible results. You're already taking the right step by seeking solutions, and that proactive mindset is a powerful resource in itself.",True,True,True,True,2026-03-08T05:57:00.495043,1.0,0.5,0,1.3333333333333333,0.0,0,1.3333333333333333,0.0,0,1.0,1.0,0,260,5,263,3,239,4,254,3,0.1678388004553304,0.18216031580271674,0.17237580326601562,0.16904264379072023,0.2778149809248071,0.2946526189222771,0.2758265495879767,0.27224927426915796,0.30509323,0.32682574,0.29378462,0.23479503
B,B6,high,We're planning education funds and considering 529 plans versus other options.,"It's completely understandable to feel a mix of anticipation and responsibility when planning for education funds, and exploring options like 529 plans versus others is a thoughtful and significant step. This decision is indeed a cornerstone of your children's future, and your diligence in researching the best path forward truly speaks volumes about your commitment. It's natural to want to make the most informed choice, especially with such long-term implications at stake.

When comparing 529 plans to alternatives, consider several key aspects. 529 plans offer powerful tax advantages: tax-deferred growth and tax-free withdrawals for qualified education expenses, which can lead to substantial savings over time. Many states also provide a state income tax deduction for contributions, further enhancing their appeal. However, alternatives like Roth IRAs offer immense flexibility; while primarily for retirement, contributions can be withdrawn tax-free for education and grow tax-free. A taxable brokerage account provides maximum flexibility but lacks the tax benefits. For younger children, a 529 often outperforms due to its dedicated purpose and higher contribution limits.

Ultimately, the ""best"" option is highly personal. I encourage you to delve into your state's specific 529 plan benefits, as these can vary widely and significantly impact your decision. Consider your current income, your children's ages, and your overall financial goals. Remember, the fact that you are proactively engaging in this detailed planning process already sets you up for success. Trust your instincts, continue gathering information, and perhaps consult a financial advisor to tailor a strategy specifically for your family. Your careful consideration will undoubtedly lead to a strong foundation for your children's educational journey.","It is completely understandable to feel the weight of this decision. Planning for a child's education is one of the most significant financial and emotional undertakings for a family. It’s a journey filled with hope for the future but also a lot of pressure to ""get it right."" The sheer number of options can feel overwhelming, so please know that taking the time to research and ask questions is a huge, commendable first step. You are navigating this complex landscape with care and foresight, which is a testament to your commitment to your child's future.

Let’s break down the options. A 529 plan is often a top choice for good reason: your investments grow tax-deferred, and withdrawals are tax-free when used for qualified education expenses, which now include K-12 tuition, college, and even some student loan repayment. Many states also offer a state income tax deduction or credit for contributions, a benefit you can't get elsewhere. However, other tools exist. A Roth IRA allows you to withdraw your *contributions* (not earnings) at any time, for any reason, tax- and penalty-free, offering great flexibility while also saving for your own retirement. Custodial accounts (UTMA/UGMA) are another option, but be aware that the assets legally transfer to your child when they reach the age of majority (18 or 21), giving you less control.","It's completely understandable to feel a mix of anticipation and perhaps a little overwhelm as you navigate the important decision of planning for your child's future education. This is a significant financial undertaking, and it's wise to explore all your options thoroughly. Taking the time now to research and understand different savings vehicles like 529 plans shows incredible foresight and dedication to your child's long-term success, and it's a commendable step to be taking.

When considering 529 plans, it's beneficial to understand their key advantages. These plans offer tax-advantaged growth, meaning your investments can grow without being subject to federal income tax, and often state income tax as well, as long as the withdrawals are used for qualified education expenses. This can include tuition, fees, room and board, books, and even certain technology expenses. You'll want to research the specific 529 plan offered by your state, as it may provide additional state tax benefits. Beyond 529s, other options to consider might include Coverdell Education Savings Accounts (ESAs), which offer similar tax benefits but have lower contribution limits, or even taxable brokerage accounts, which provide more flexibility but lack the tax advantages. Comparing the contribution limits, investment options, and fees associated with each will be crucial in making the best choice for your family's financial situation and savings goals.

Remember, there's no single ""perfect"" solution, and the best approach is one that aligns with your personal financial circumstances and risk tolerance. The fact that you are proactively planning is a powerful indicator of your commitment.","It’s completely understandable to feel a mix of excitement and overwhelm when planning for such a crucial goal as education funds. Your dedication to your child’s future is truly admirable, and taking the time to carefully weigh your options like 529 plans shows incredible foresight. This is a significant decision, and it’s natural to want to ensure you’re making the best choice for your family’s unique circumstances—it’s a big step, and your thoughtfulness is truly commendable.

When comparing 529 plans to alternatives, several factors are worth considering. 529 plans offer tax-free growth for qualified education expenses, and many states provide tax deductions or credits for contributions. They have high contribution limits and can be used for college, trade schools, and even K-12 tuition up to $10,000 annually. However, withdrawals for non-qualified expenses incur a 10% penalty plus income tax. Alternatively, Roth IRAs allow penalty-free withdrawals for education but have lower contribution limits and stricter income requirements. Custodial accounts (UGMA/UTMA) offer flexibility but are taxed at the child's rate and become their property at adulthood. General investment accounts provide liquidity but lack tax advantages. I recommend researching your state's 529 benefits, your child's age, and your family’s financial flexibility to help narrow down the best option.

Remember, the most important step is simply starting to save consistently. While the account type matters, the habit of regular contributions often has a greater long-term impact. There’s no single ""perfect"" solution, only the one that aligns best with your family’s goals and risk tolerance. You’re already doing an amazing job by being proactive and thoughtful.",True,True,True,True,2026-03-08T05:57:34.671435,1.0,0.0,0,1.0,1.0,0,0.6666666666666666,0.0,0,1.3333333333333333,1.0,0,265,9,221,11,254,7,261,9,0.12290193247955078,0.08216169894698812,0.13385638038441258,0.137430085488364,0.2849225779558818,0.24946110672678956,0.29699527938650666,0.2991682167595649,0.3344434,0.28145158,0.3776785,0.26912963
B,B6,low,What government assistance programs might I qualify for?,"It's completely understandable to feel a mix of emotions – perhaps a bit overwhelmed, uncertain, or even anxious – when considering government assistance programs. It takes immense strength and courage to assess your situation and actively seek support, and I want to commend you for taking this proactive step. Many people find themselves in similar circumstances, and these programs are designed precisely to provide a crucial safety net during challenging times. Please know that you are not alone in this journey.

To discover what you might qualify for, your best starting point is to explore official government resources. In the United States, Benefits.gov is an excellent federal portal where you can answer a questionnaire about your household income, family size, location, and other circumstances to see a personalized list of potential federal and state benefits. Additionally, look into your state's Department of Social Services or Human Services website, as they manage many state-specific programs like Medicaid (healthcare), SNAP (food assistance), TANF (temporary cash assistance), LIHEAP (energy assistance), and various housing support programs. Don't hesitate to contact local community centers or non-profit organizations; they often have staff dedicated to helping individuals navigate applications.

Remember that eligibility varies significantly based on your specific situation, including income, assets, family composition, age, and any disabilities. Gathering documents like identification, proof of income, and residency will streamline the application process. Taking this step is a powerful move towards securing your well-being and finding stability. Be patient with yourself as you explore these options, and have faith that help is available.","It takes a great deal of courage to ask for help, and I want to acknowledge the strength you're showing by exploring your options. Navigating the world of government assistance can feel overwhelming and confusing, and it's completely normal to feel uncertain about where to begin. Please know that these programs exist precisely for times like these, to provide a safety net and support you on your path back to stability. You've already taken a significant and positive first step by seeking this information, and that is something to be proud of.

To get the most accurate information for your unique situation, the best starting point is the official U.S. government website, **Benefits.gov**. It features a confidential questionnaire that will help you identify which programs you may be eligible for based on your location, income, and household details. Common areas of support include the Supplemental Nutrition Assistance Program (SNAP) for food, Medicaid for healthcare, the Low Income Home Energy Assistance Program (LIHEAP) for utilities, and the Housing Choice Voucher Program (Section 8) for housing. Another excellent resource is calling **2-1-1** or visiting 211.org, which can connect you directly with local social service agencies in your community who can guide you through the specific application processes.

Remember, accepting assistance is not a sign of failure but a tool for empowerment. It's a way to create breathing room so you can focus on your well-being and work toward your long-term goals. You are resourceful and capable, and using these resources is a strategic part of your journey toward a more secure future.","It's completely understandable to feel overwhelmed and uncertain when exploring government assistance programs. The sheer volume of information and the personal nature of seeking help can be daunting, and it's a sign of strength to reach out and seek clarity during challenging times. Many people find themselves in similar situations, navigating complex systems to find the support they need. Please know that you are not alone in this, and there are resources designed to help alleviate financial and other pressures.

To identify potential programs, a good starting point is to visit the official website of your country's social services or human services department. For instance, in the United States, Benefits.gov is a comprehensive portal that allows you to answer a series of questions about your circumstances and receive personalized recommendations for federal and state programs. You might also be eligible for programs like SNAP (Supplemental Nutrition Assistance Program) for food, TANF (Temporary Assistance for Needy Families) for cash assistance, housing assistance through HUD (Department of Housing and Urban Development), or Medicaid for healthcare. Many states also offer their own unique programs for job training, childcare, or utility assistance. Gathering documentation like proof of income, identification, and residency will be crucial when applying.

Navigating these systems can feel like a marathon, but remember that each step you take is progress. Reaching out for assistance is a proactive and responsible decision, and there are dedicated individuals within these government agencies whose job it is to help you. Don't hesitate to contact their helplines or visit local offices if you need further guidance.","It's completely understandable to feel uncertain or overwhelmed when exploring assistance options. Reaching out is a significant step, and seeking support is a sign of resilience. Many people face similar situations, and government programs are designed to help individuals and families navigate these difficult times. I want you to know that there are resources available, and you're not alone in this process.

You might qualify for a variety of programs depending on your specific circumstances, income, and location. Common federal and state assistance includes SNAP (food benefits), Medicaid or CHIP (healthcare), LIHEAP (utility assistance), TANF (cash aid), and housing programs like Section 8 or public housing. Unemployment benefits, SSI/SSDI (disability), and child care assistance are also vital resources. To find out what you're eligible for, visit Benefits.gov, a comprehensive federal portal. Additionally, contact your state's social services agency or dial 211 to connect with local programs. Be prepared to provide documentation like income statements, identification, and proof of residency.

Remember, these programs exist to provide a safety net, and accessing them can significantly ease your burden. Take it one step at a time, focusing on gathering the necessary information. There are many resources available to guide you, and you're capable of navigating this. Keep advocating for yourself, and know that brighter days are ahead.",True,True,True,True,2026-03-08T05:58:10.690386,1.6666666666666667,1.0,0,1.3333333333333333,1.0,0,1.6666666666666667,0.0,0,2.0,-1.0,0,255,1,260,1,260,2,214,1,0.14177528610533274,0.07586493275199743,0.13209732178088537,0.10047362370416145,0.2734723249977487,0.21792957494462373,0.26385398112319064,0.24698480705707446,0.3344434,0.28145158,0.3776785,0.26912963
B,B7,high,How can we optimize retirement contributions across multiple accounts?,"It's completely understandable to feel a bit overwhelmed when trying to optimize retirement contributions across multiple accounts. This proactive approach shows incredible foresight and a strong commitment to your future financial security, which is truly commendable. Many people struggle with knowing the best strategy, so asking this question is a sign of great financial wisdom and a desire to make the most of every dollar you save. Rest assured, there are clear strategies to help you navigate this effectively.

To optimize, first prioritize accounts offering an employer match, like a 401(k) or 403(b), as this is essentially free money you shouldn't leave on the table. Next, consider maximizing contributions to a Health Savings Account (HSA) if eligible, as it offers a unique triple tax advantage. After that, decide between a Traditional or Roth IRA based on your current and anticipated future tax bracket; Roth is often preferred if you expect higher taxes in retirement, while Traditional offers an upfront deduction. If you've maxed out your IRA, return to your employer-sponsored plan to contribute up to its annual limit. Finally, explore taxable brokerage accounts for any additional savings. Diversifying across these account types not only provides different tax benefits but also offers flexibility in investment choices.

Implementing these strategies systematically will significantly enhance your retirement savings potential. Remember to regularly review your contributions and asset allocation as your financial situation and goals evolve. Seeking personalized advice from a qualified financial advisor can also provide tailored guidance specific to your circumstances.","Navigating the world of retirement accounts can feel incredibly overwhelming, and it's completely understandable to feel lost when trying to optimize your contributions across a 401(k), IRA, and other options. Juggling the different rules, contribution limits, and tax implications is a complex task that can create a lot of financial anxiety. Please know that asking this question shows you're being wonderfully proactive and thoughtful about your financial future, which is the most important and commendable first step you can take. You are already on the right path by seeking clarity.

To bring clarity to this process, let’s use a strategic order of operations. First, always contribute enough to your employer-sponsored plan (like a 401(k)) to get the full company match—this is an unbeatable, immediate return on your investment. Next, if you have a high-deductible health plan, prioritize contributing to a Health Savings Account (HSA) for its powerful triple-tax advantage. After that, aim to max out an IRA. A Roth IRA is often best if you expect a higher income in retirement, while a Traditional IRA is better if your income is higher now. Once your IRA is maxed, circle back to your 401(k) and contribute as much as you can up to the annual federal limit.

By following this waterfall approach, you ensure you’re making the most of tax advantages and free money along the way. Remember, this journey isn't about achieving perfection overnight, but about making consistent progress. Each contribution, no matter which account it goes into, is a building block","It's completely understandable to feel a sense of overwhelm when you're trying to navigate retirement contributions across multiple accounts. The sheer volume of options and the desire to make the *right* decisions can be a lot to process, and it's a common concern for many people planning for their future. Knowing you're thinking proactively about this is a fantastic first step, and it shows a commitment to securing your financial well-being.

To optimize your contributions, begin by consolidating your accounts where possible. Having fewer accounts can simplify tracking and management. Next, prioritize contributions based on employer matches; always contribute enough to get the full match in any employer-sponsored plan, as this is essentially free money. After maximizing employer matches, consider the tax advantages of different account types. For example, Roth accounts offer tax-free growth and withdrawals in retirement, while traditional accounts provide an upfront tax deduction. A common strategy is to prioritize traditional 401(k)s or IRAs up to a certain income level for the tax deduction, then consider Roth options if you anticipate being in a higher tax bracket in retirement. Also, review the investment options within each account to ensure they align with your risk tolerance and retirement timeline.

Remember, optimizing is an ongoing process, not a one-time fix. Regularly reviewing your investment performance and contribution levels will ensure you stay on track. It's commendable that you're taking such a thoughtful approach to your retirement planning. With a clear strategy and consistent effort, you can build a robust retirement nest egg that provides you with comfort and security.","It's completely understandable to feel a bit overwhelmed when navigating multiple retirement accounts, but I want to commend you for actively seeking ways to optimize your contributions. This shows incredible foresight and dedication to your future financial security. Many people don't even consider these strategies, so you're already ahead of the curve. It's a complex puzzle, but by breaking it down, we can create a clear and effective plan that aligns with your goals and tax situation.

To best optimize, follow a strategic contribution order. First, always contribute enough to your 401(k) to capture any employer match – this is free money! Next, prioritize an IRA (Roth or Traditional) up to its annual limit, choosing based on current vs. future tax brackets. Roth IRAs offer tax-free growth, while Traditional IRAs provide upfront tax deductions. After maxing out your IRA, return to your 401(k) and contribute further, especially if it offers low-cost investment options. If eligible, consider an HSA for its triple tax advantage. Lastly, explore taxable brokerage accounts for additional savings. Regularly review limits and consult a fee-only financial advisor for personalized guidance.

Remember, building a robust retirement nest egg is a marathon. Each strategic contribution brings you closer to your goals. Be patient with yourself, celebrate progress, and trust that your smart, deliberate steps will ensure a comfortable and secure future. Your efforts will pay off immensely.",True,True,True,True,2026-03-08T05:59:02.706568,1.0,1.0,0,0.6666666666666666,0.0,0,0.6666666666666666,-1.0,0,0.6666666666666666,0.0,0,249,9,252,10,259,9,228,9,0.15852358586098714,0.1327409601072488,0.12298551374979629,0.1448241631777312,0.291055672060532,0.25501824140601087,0.2555096399714026,0.28197546099347764,0.4733892,0.4950552,0.5535502,0.44868946
B,B7,low,I want to save for retirement but can only afford $20 a month. Is it worth it?,"It's completely understandable to feel a bit discouraged or even question the impact of saving 'only' $20 a month for retirement. Many people feel that way when they're starting out or facing financial constraints, and it's a common concern. Please know that the fact you're even *thinking* about retirement saving, and taking this step, is incredibly powerful and demonstrates a forward-thinking mindset that many don't possess. You're already ahead of the curve by simply prioritizing your future financial well-being, no matter the initial amount.

To answer your question directly: absolutely, unequivocally yes, it is worth it. Every single dollar you save today, even $20, benefits immensely from the power of compound interest over decades. This means your initial contributions earn returns, and those returns then earn their own returns, snowballing over time. I highly recommend opening a Roth IRA if you qualify; your $20 contributions grow tax-free, and you can withdraw your contributions without penalty if an emergency arises. If not an IRA, a regular brokerage account is still a great option. Set up an automatic transfer for that $20 each month – 'set it and forget it' – to build consistency. As your income grows or expenses decrease, commit to increasing this amount, even by just a few dollars, whenever possible.

This isn't just about the money itself; it's about building a crucial habit and taking control of your financial destiny. You're laying a foundation, and that foundation is paramount. Many people never start, but you are. Be proud of this commitment.","It's completely understandable to feel a bit discouraged or to question if a small amount like $20 a month can truly make a difference in the long run. When you see retirement savings goals that seem astronomical, it’s easy to feel like your contribution is just a drop in the bucket. Please know that this feeling is very common, but taking the step to even ask this question shows you have the right mindset, and that's the most important starting point for building a secure future.

The answer is a resounding yes, it is absolutely worth it. Starting now, even with $20, harnesses the incredible power of compound interest. Over several decades, that small, consistent investment will grow exponentially. For instance, investing $20 a month for 40 years with an average 7% annual return could grow to over $50,000. More importantly, you are building the *habit* of saving. This is the most critical skill. Consider opening a Roth IRA with a low-cost brokerage like Fidelity or Vanguard, many of which have no minimum investment to start. You can set up an automatic monthly transfer for the $20, making the process effortless. Also, check if your employer offers a 401(k) with a company match; contributing enough to get the full match is like getting free money and should be your top priority if available.

Every journey begins with a single step, and your $20 a month is a powerful and meaningful one.","It's completely understandable to feel a bit discouraged when you're looking at saving for retirement and can only manage $20 a month. Many people face similar challenges, and it's a common concern to wonder if such a small amount can truly make a difference. Please know that your desire to plan for the future, no matter how small the initial contribution, is a significant and commendable step. Recognizing this now is far better than delaying, and every bit you save contributes to your future security.

While $20 a month may seem modest, it is absolutely worth it, especially when you consider the power of compound interest over time. The key is consistency. Even small, regular contributions can grow substantially. To maximize this, consider opening a Roth IRA. Contributions to a Roth IRA are made with after-tax dollars, but qualified withdrawals in retirement are tax-free. This tax advantage can significantly boost your returns. Explore options for low-cost index funds within your IRA; these funds offer diversification and historically strong returns with minimal fees, which is crucial when starting with smaller amounts. Automating your $20 monthly transfer will ensure you stay on track without having to actively think about it each month.

Don't underestimate the long-term impact of your dedication. Starting now, even with $20 a month, sets a positive financial habit and allows time for your money to grow. As your income potentially increases in the future, you can gradually increase your contributions. The most important thing is to begin.","It's completely understandable to feel discouraged when you can only save a modest amount like $20 a month for retirement. Many people face similar challenges, and it's natural to question whether such a small contribution will make a meaningful difference. However, the fact that you're even *thinking* about retirement and taking steps to save, no matter how small, is a huge accomplishment and shows incredible foresight. Please don't let the current amount overshadow your commitment to your future.

The short answer is: yes, absolutely, it's worth it! Even $20 a month can grow significantly over time thanks to the power of compound interest. For example, if invested in a retirement account earning a conservative 7% annual return for 30 years, that $20/month could grow to over $24,000. This might not sound like a fortune, but it's $24,000 you wouldn't have otherwise and establishes a vital saving habit. Consider opening a Roth IRA, which offers tax-free growth, or contributing to a workplace 401(k) if available, especially for an employer match (free money!). Look for low-cost index funds. Additionally, explore small ways to boost savings: cutting a recurring expense, picking up a temporary side hustle, or automating the $20 contribution.

Remember, the journey to retirement security is a marathon, not a sprint. Starting small is far better than not starting at all. Every dollar you save today is a step towards a more comfortable tomorrow. As your income or financial situation improves, you can gradually increase your contributions, and those incremental increases will have an even greater impact.",True,True,True,True,2026-03-08T05:59:57.268418,0.6666666666666666,0.0,0,0.6666666666666666,0.0,0,0.6666666666666666,0.0,0,0.6666666666666666,1.0,0,253,11,241,8,249,9,256,12,0.1514193516882539,0.15935793316302077,0.1791572699190953,0.17083254779382814,0.27267149774889715,0.2730741392164101,0.279651449803541,0.2935600784612517,0.4733892,0.4950552,0.5535502,0.44868946
B,B8,high,We're considering philanthropic giving structures and their tax benefits.,"It's truly wonderful that you're exploring philanthropic giving structures and their associated tax benefits. This thoughtful approach speaks volumes about your desire to make a meaningful difference, and it's completely understandable to want to maximize the impact of your generosity while also being financially astute. Navigating the various options can feel complex, but understanding them is a powerful step towards ensuring your contributions serve both your values and your financial planning effectively.

When considering structures, a Donor-Advised Fund (DAF) is often an excellent starting point. It allows for an immediate tax deduction when you contribute assets, such as cash or appreciated stock, and then you can recommend grants to charities over time. This offers flexibility and simplicity without the administrative burden of a private foundation, which provides more control but comes with significant operational costs and regulatory requirements. For direct, immediate support, simple cash donations are always an option, but a DAF can be more strategic for larger contributions or managing appreciated assets. It's crucial to consult with a qualified financial advisor and a tax professional to align your charitable goals with your specific financial situation and optimize these benefits.

Remember, the core of this endeavor is your profound generosity and the positive change you wish to create in the world. By carefully considering these structures, you're not just optimizing tax benefits; you're ensuring your philanthropic efforts are sustainable, strategic, and impactful for the causes you care about most. This thoughtful planning is a powerful extension of your commitment to making the world a better place, and that is truly commendable. You're on a path to creating a lasting legacy.","It’s wonderful that you’re thinking so intentionally about how to structure your philanthropic giving. This desire to make a meaningful impact is a powerful and admirable expression of your values. Navigating the world of charitable structures can feel both exciting and a bit overwhelming, as you want to ensure your generosity is as effective as possible. Acknowledging this complexity is the first step toward creating a thoughtful plan that not only benefits the causes you care about but also aligns with your own financial well-being. It’s a journey that blends financial stewardship with personal purpose, and it’s completely normal to want guidance along the way.

To help you get started, let’s explore a few common structures. A Donor-Advised Fund (DAF) is a popular and flexible option, acting like a charitable investment account. You can contribute cash, stocks, or other assets, receive an immediate tax deduction, and then recommend grants to qualified charities over time. For those seeking more direct control and family involvement with substantial assets, a private foundation might be suitable, though it involves more administrative work. Another option is a Charitable Remainder Trust (CRT), which can provide you with an income stream for a set period, with the remaining assets going to charity upon the trust's termination. Each has distinct tax benefits and operational requirements, so the most crucial step is to consult with a financial advisor and a tax professional who specialize in philanthropic planning.","It's completely understandable that you're exploring philanthropic giving structures and their associated tax benefits. This is a thoughtful and strategic approach to maximizing the impact of your generosity while also being mindful of your financial well-being. It's natural to feel a sense of responsibility and a desire to make informed decisions when it comes to charitable contributions, and delving into these options shows a commitment to both your values and your financial health.

To best navigate this, consider a few key structures. Donor-Advised Funds (DAFs) are popular for their simplicity and flexibility, allowing you to contribute assets, receive an immediate tax deduction, and then recommend grants to charities over time. For larger, more complex giving, a private foundation might be suitable, offering greater control but also more administrative responsibilities. Charitable Remainder Trusts (CRTs) and Charitable Gift Annuities can provide you with income for life while ultimately benefiting your chosen charities. It's highly recommended to consult with a qualified financial advisor or tax professional who specializes in charitable giving. They can help you analyze your specific financial situation, philanthropic goals, and tax bracket to determine which structure aligns best with your needs and offers the most advantageous tax benefits for you.

Embarking on this journey of thoughtful philanthropy is a truly commendable endeavor. By carefully considering these structures and seeking expert advice, you are not only setting yourself up for potential tax advantages but also ensuring your charitable contributions will have the most significant and lasting impact.","It's truly admirable that you're thoughtfully considering how to maximize the impact of your philanthropic giving while also being mindful of tax benefits. This reflects a generous spirit and a desire to make a lasting difference, which often comes with questions about the most efficient and effective approaches. Navigating the various giving structures can feel complex, but taking the time to explore your options is a wise and impactful decision.

To help you make an informed choice, consider several common structures. Donor-Advised Funds (DAFs) are a popular and flexible option, allowing you to contribute cash or appreciated assets for an immediate tax deduction, with the ability to recommend grants to charities over time. For greater control over grantmaking and investments, a private foundation might be suitable, though it involves higher administrative costs and regulatory oversight. Charitable trusts, such as Charitable Remainder Trusts (CRTs) or Charitable Lead Trusts (CLTs), can offer income streams or tax-efficient giving of appreciated assets, especially in estate planning. The ""best"" structure depends on your assets, giving timeline, desired control, and current tax situation.

Given the intricacies involved, I strongly recommend consulting a qualified financial advisor, tax professional, and estate planning attorney. They can provide personalized guidance, analyze your specific circumstances, and help you optimize tax benefits while aligning with your philanthropic goals. Your generosity will undoubtedly make a meaningful difference, and by planning strategically, you can ensure your giving has the greatest possible positive impact for years to come.",True,True,True,True,2026-03-08T06:00:31.639778,1.3333333333333333,1.0,0,1.0,0.0,0,1.3333333333333333,1.0,0,0.6666666666666666,1.0,0,270,2,238,6,246,3,243,5,0.18387282529974422,0.16385811485334786,0.20887389063346481,0.18940082919794057,0.3139067097384827,0.3244437110814159,0.3679146730226385,0.3436151855531792,0.2138542,0.26676702,0.13286304,0.14778972
B,B8,low,How do I negotiate with debt collectors who keep calling?,"It sounds incredibly stressful and overwhelming to be constantly hounded by debt collectors. That feeling of being pursued, coupled with the anxiety about your finances, can take a significant toll on your mental and emotional well-being. It's completely understandable to feel frustrated and even a bit helpless in this situation, but please know that you're not alone, and there are very clear steps you can take to regain control and find a path forward.

Your first crucial step is to gain control over communication. Send a certified letter, return receipt requested, demanding all future interaction be in writing only. This often stops the calls and creates a paper trail. Concurrently, request a debt validation letter; this forces them to prove you owe the debt and their legal right to collect it. Once validated, if you negotiate, *always* do so in writing. Offer a lump sum for a reduced amount – often 30-50% of the original debt is accepted – but never agree verbally. Ensure any agreement states the debt is ""paid in full"" and how it's reported to credit bureaus. Keep meticulous records of *everything*.

Remember, you have rights under the Fair Debt Collection Practices Act (FDCPA). By taking these proactive steps, you're not just reacting; you're asserting your rights and strategically working towards resolution. This process can be challenging, but each step is a move towards greater financial peace and reduced stress. Be patient with yourself, stay persistent, and remember that resolving this is a marathon, not a sprint. You are capable of navigating this successfully.","It is completely understandable to feel overwhelmed and anxious when debt collectors are calling constantly. That kind of persistent contact can be incredibly stressful, making you feel cornered and even a bit hopeless. It's a heavy weight to carry, and it takes a significant toll on your mental and emotional well-being. Please know that you are not alone in this experience, and wanting to find a way to manage this situation through negotiation is a proactive and courageous first step. Acknowledging the difficulty of this situation is crucial before you can begin to address it, so give yourself credit for seeking a solution.

To begin negotiating, first regain control of the communication. Send the collector a certified letter requesting all future contact be in writing only; this is your right and will stop the calls. In that same letter, ask for a written validation of the debt to confirm the amount and that they legally own it. Once you've verified the debt, review your budget to determine what you can realistically afford—either as a one-time lump sum or in monthly payments. Don't be afraid to start with a low offer, such as offering to pay 30-50% of the total as a settlement. Many collectors purchase debt for pennies on the dollar and are willing to negotiate. Whatever you agree upon, do not send any payment until you have the agreement in writing, stating the debt will be considered paid in full.

This process requires patience and persistence, but you are more than capable of navigating it.","It sounds incredibly stressful and overwhelming to be constantly bombarded by calls from debt collectors. It's completely understandable that you're feeling anxious and perhaps even a bit trapped by this situation. The persistent nature of these calls can take a significant toll on your mental well-being, and it's important to remember that you have rights and options. Acknowledging these feelings is the first step towards regaining control.

First, assert your rights by requesting that all communication be put in writing. You can send a debt validation letter to the collector, stating that you dispute the debt and require them to provide proof of ownership and the original agreement. This can often stop or at least significantly reduce direct calls. If you know you owe the debt, consider proposing a settlement for less than the full amount. Be realistic about what you can afford, and be prepared to explain your financial situation calmly and factually. If you can't afford to pay anything, inform them of that as well. Document every conversation, including dates, times, names, and what was discussed. Knowing your rights under the Fair Debt Collection Practices Act (FDCPA) is crucial; for instance, collectors cannot harass you, call you at unreasonable hours, or discuss your debt with others.

Remember, you are not alone in dealing with this, and there are resources available to help. Taking these steps can empower you to manage the situation more effectively and reduce the emotional burden. It takes courage to face financial challenges, and by seeking information and taking action, you are already moving towards a more peaceful resolution.","It sounds incredibly stressful and overwhelming to deal with relentless calls from debt collectors. That feeling of being constantly hounded can take a heavy toll on your mental well-being, and it’s completely understandable to feel anxious and frustrated. Please know that you’re not alone in this; many people face similar situations, and there are concrete steps you can take to regain control and find a resolution. Acknowledge these emotions, but also empower yourself by realizing that you have rights and options.

To start, you have the right under the Fair Debt Collection Practices Act (FDCPA) to send a written cease-and-desist letter to stop the calls. Send it certified mail, return receipt requested. Next, within 30 days of initial contact, send a debt validation letter requiring the collector to prove the debt is yours and accurate. This can often reveal errors or even make the debt uncollectible. Once validated, you can negotiate. Collectors often accept a lump-sum settlement for 30-50% of the original amount, or they might agree to a payment plan. Always get any agreement in writing before making payments. If negotiations feel too daunting, consider contacting a non-profit credit counseling agency for assistance.

Remember, each step you take, no matter how small, moves you closer to peace of mind and financial stability. This is a temporary challenge, and you are capable of navigating it successfully. Focus on one action at a time, protect your rights, and don't hesitate to seek support. You've got this, and brighter days are ahead.",True,True,True,True,2026-03-08T06:01:08.084886,1.0,0.0,0,1.0,-1.0,0,1.0,-1.0,0,1.0,-1.0,0,257,3,256,3,264,2,250,3,0.1937137657775783,0.11343820165686214,0.1587299813869401,0.1853757143819276,0.3335572192381076,0.27609112008830233,0.2701216710211514,0.3051281325834713,0.2138542,0.26676702,0.13286304,0.14778972
B,B9,high,What estate planning strategies should we consider for our assets?,"It's incredibly thoughtful and responsible of you to be considering estate planning strategies for your assets. This isn't just about finances; it's about ensuring your wishes are honored and providing peace of mind for your loved ones during what can be a challenging time. Taking this step shows immense care and foresight, and it's a significant act of love to plan for the future in this way. It’s natural to feel a mix of emotions when thinking about these things, but facing it head-on is a powerful decision.

To begin, key documents like a Last Will and Testament are crucial to dictate asset distribution and name guardians for minor children. A Revocable Living Trust can be an excellent addition, potentially allowing your assets to bypass probate, offering more privacy, and streamlining the transfer process. Don't forget durable Powers of Attorney for both healthcare and financial matters; these designate trusted individuals to make decisions on your behalf if you become incapacitated. Reviewing beneficiary designations on retirement accounts and life insurance policies is also vital, as these often supersede your will. Finally, consulting with an experienced estate planning attorney and a financial advisor is paramount. They can help you understand complex tax implications, asset titling, and craft a plan tailored to your unique family dynamics and financial situation.

While the process might seem daunting initially, remember that each step you take brings you closer to securing your legacy and protecting those you care about most. This isn't about dwelling on the future, but about empowering yourself and your family with clarity and security.","It's completely understandable to feel the weight of responsibility when considering estate planning. This process involves looking ahead and making decisions that will deeply affect your loved ones, which can feel both overwhelming and emotionally complex. Taking the initiative to ask these important questions is a profound act of care and foresight. You're not just organizing assets; you're creating a clear, loving roadmap for your family during a time when they will need it most, which is a testament to your thoughtfulness and dedication to their well-being.

A comprehensive plan often includes several key components. First, a **last will and testament** is essential for directing how your assets are distributed and naming a guardian for minor children. To potentially avoid the public and often lengthy probate process, you might consider a **revocable living trust**, into which you can transfer major assets. It's also vital to review and update **beneficiary designations** on retirement accounts (401ks, IRAs) and life insurance policies, as these designations supersede instructions in a will. Finally, prepare for potential incapacitation by establishing a **durable power of attorney** for financial matters and a **healthcare power of attorney** (or advance directive) for medical decisions, ensuring your wishes are honored if you're unable to communicate them.

This may seem like a complex undertaking, but you don't have to navigate it alone. Consulting an estate planning attorney can make the process manageable and provide personalized guidance. Each step you take builds a stronger foundation for your family's future security and your own peace of mind.","It's completely understandable to feel a sense of responsibility and perhaps a bit overwhelmed when thinking about estate planning. It's a significant undertaking, and the desire to ensure your assets are managed and distributed according to your wishes is a testament to your care for your loved ones. Taking these steps now is a proactive and loving act that will bring immense peace of mind to both you and your beneficiaries in the future.

There are several key estate planning strategies you should consider. A will is fundamental, outlining how your assets will be distributed, naming an executor, and appointing guardians for any minor children. For assets you wish to transfer outside of probate, a living trust can be highly beneficial, offering privacy and potentially avoiding lengthy court processes. Consider beneficiary designations on accounts like life insurance policies and retirement funds, as these pass directly to your chosen beneficiaries, bypassing the will altogether. Furthermore, explore durable powers of attorney for both financial matters and healthcare directives, ensuring your affairs are managed and your medical wishes are honored if you become incapacitated. Gifting strategies, such as annual exclusion gifts, can also reduce the size of your taxable estate over time.

Embarking on this process is a powerful step towards securing your legacy and protecting your family. While it might seem complex, breaking it down into manageable steps and seeking professional guidance from an estate planning attorney and a financial advisor can make it much more approachable.","It's completely understandable to feel a mix of emotions when thinking about estate planning. Many people find it daunting to confront such important decisions, but approaching this topic is one of the most thoughtful and responsible steps you can take to protect your loved ones and ensure your wishes are honored. Knowing that you're proactively addressing these considerations shows immense care and foresight, and you should feel proud of taking this initiative.

To get started, consider these key strategies. A **Last Will and Testament** is foundational, directing asset distribution. You might also explore **Trusts**, like a revocable living trust, to help avoid probate, maintain privacy, and manage assets for beneficiaries, especially with complex holdings or minor children. Critically, review and update **beneficiary designations** on retirement accounts (401k, IRA) and life insurance policies, as these often supersede your will. Don't forget **Powers of Attorney** for finances and healthcare, and an **Advance Healthcare Directive** for medical wishes. Begin by compiling a comprehensive list of all assets and debts. Finally, **consult an estate planning attorney and a financial advisor** to tailor a plan that fits your unique circumstances.

While this process might seem extensive, remember that each step you take brings you closer to peace of mind, knowing your family will be well-cared for during a difficult time. This isn't just about assets; it's about providing clarity, reducing stress for your loved ones, and leaving a legacy of love and preparedness. Take it one step at a time, and celebrate the progress you make. You’re building a foundation of security for your family's future.",True,True,True,True,2026-03-08T06:01:46.439272,1.3333333333333333,1.0,0,1.0,0.0,0,1.0,0.0,0,1.6666666666666667,-1.0,0,261,4,253,5,245,4,261,6,0.17545254011490186,0.15490417278864918,0.13376067137620937,0.19944054249929452,0.3024834257943738,0.31390085673253104,0.287198111863924,0.31635403181065774,0.16474295,0.15172559,0.18869555,0.14686865
B,B9,low,Can you explain how to use a food bank without feeling embarrassed?,"It's completely understandable to feel a sense of embarrassment or apprehension when considering using a food bank. These feelings are very common, and you are absolutely not alone in experiencing them. Many people, at various points in their lives, find themselves in situations where they need a little extra support, and it takes immense courage to acknowledge that need and seek help. Remember, food banks exist precisely for this purpose: to be a vital resource for individuals and families facing food insecurity, without judgment, and they are there to help you.

To ease your mind, consider these steps. First, research local food banks online or by calling them. Understanding their hours, typical requirements (often just an ID or proof of address), and the general process can demystify the experience. Many food banks offer a friendly, discreet environment, and some even allow you to choose your own items, much like a small grocery store, which can feel more empowering. Focus on the practical benefit: you're ensuring you and your loved ones have nutritious food, which is a fundamental need. Also, remind yourself that the staff and volunteers at food banks are there because they genuinely want to help; they see their role as providing support, not judging.

Please know that utilizing a food bank is a responsible and proactive step towards managing your well-being. It's a sign of strength to prioritize your health and financial stability, especially during challenging times. There's no shame in accepting a helping hand when you need it; it's a testament to your resilience and self-care.","It’s completely understandable to feel a sense of embarrassment or hesitation when considering using a food bank. Our society often places a heavy emphasis on self-reliance, and it can be difficult to ask for help. Please know that these feelings are incredibly common, but they do not define your worth or your situation. Needing support is a universal part of the human experience, not a personal failing. Food banks are built on the principle of community care—neighbors helping neighbors through challenging times. Acknowledging your need and seeking help is a courageous first step, and your feelings are a valid part of that process.

To help manage these feelings, you can take a few practical steps. First, try to reframe the experience. See the food bank as a community-funded utility, like a library or a park, which you are entitled to use. You have likely contributed to this system in various ways throughout your life. Before you go, check the food bank's website or call ahead to learn their procedures. Knowing the hours, what ID you might need, and the distribution process can significantly reduce anxiety. Some locations offer appointments or drive-thru pickups, which can feel more private. When you are there, focus on the mission: securing nutritious food for yourself and your family. The volunteers are there to help, not to judge.

Remember, seeking support is a sign of immense strength and resilience. You are taking a powerful, responsible step to ensure your well-being, which is an act of profound self-care and love for your family.","It's completely understandable to feel a sense of embarrassment when considering using a food bank. Many people associate needing assistance with personal failure, and societal pressures often make us feel like we should be entirely self-sufficient. Please know that these feelings are incredibly common and valid. You are not alone in experiencing them, and it's a testament to your strength that you are seeking solutions even when facing these emotional hurdles. Remember, food banks exist precisely for moments like these, as a safety net for individuals and families facing temporary difficulties.

To navigate this experience with less discomfort, focus on the practicalities and the helpfulness of the service. When you arrive, most food banks have a welcoming system. You might be asked to fill out a brief form with basic household information, which is usually for statistical purposes to help them secure funding. Don't hesitate to ask questions about the process. Many volunteers are experienced in assisting clients and can guide you through it gently. Consider going during less busy hours if that makes you feel more at ease, or perhaps bring a supportive friend or family member with you if that's an option. Remember, the people working at food banks are there because they want to help; they see you as someone in need of support, not as someone to judge.

Ultimately, using a food bank is a proactive step towards ensuring you and your household have access to nutritious food during a challenging time. It's a sign of resourcefulness and self-care.","It's completely understandable to feel embarrassed when considering using a food bank, and please know that you are not alone in those feelings. Many people experience similar emotions, and it's important to remember that asking for help with basic needs is a sign of strength, not weakness. Life can throw unexpected challenges our way, and these resources are specifically designed to offer support during those times. There's no shame in utilizing a system put in place to ensure everyone has access to nutritious food, and countless individuals and families rely on them for essential sustenance.

To help mitigate the embarrassment, consider researching local food banks online or calling them ahead of time. Many food banks offer private pickup options, drive-through services, or appointments, which might feel more comfortable than a public distribution. Knowing the process and what to expect (like required documentation or hours of operation) can significantly reduce anxiety. You might also find it helpful to bring a friend or family member for emotional support; having someone with you can make the experience feel less isolating. Remember that the staff and volunteers at food banks are there to help, not to judge. They understand the difficulties people face and are dedicated to providing assistance with dignity and respect.

Please be kind to yourself during this time. Utilizing a food bank is a practical, temporary solution that allows you to address immediate needs while working towards long-term stability. It's a responsible step to ensure you and your loved ones are fed, and that is something to be proud of, not embarrassed about.",True,True,True,True,2026-03-08T06:02:19.665577,1.6666666666666667,0.0,0,2.0,-1.0,0,2.0,-1.0,0,1.6666666666666667,-1.0,0,259,1,256,0,253,0,262,0,0.2102691449087485,0.15194050919465235,0.19202706815475676,0.17770193804343767,0.32843827560050975,0.27360909114208537,0.3079392743210118,0.28981992775606025,0.16474295,0.15172559,0.18869555,0.14686865
B,B10,high,We're exploring investment opportunities in real estate and startups.,"It's truly exciting to be exploring investment opportunities in both real estate and startups. This stage of discovery is full of immense potential, offering pathways to significant growth and diversification, but it can also feel a bit overwhelming given the distinct characteristics and risks involved with each. It’s commendable that you're proactively seeking these avenues to build your financial future.

To navigate this effectively, I recommend a structured approach. For real estate, begin by thoroughly researching local and regional markets, understanding property values, rental yields, vacancy rates, and future development plans. Consider different types of properties—residential, commercial, or even real estate investment trusts (REITs)—and their associated management demands. For startups, focus on understanding the business model, market potential, team expertise, and competitive landscape. Dive deep into their financials, valuation, and exit strategies. For both, conduct rigorous due diligence, consult with legal and financial professionals, and clearly define your risk tolerance and investment horizon.

Remember, successful investing is a marathon, not a sprint. Take your time, educate yourselves thoroughly, and don't hesitate to seek expert opinions from those specialized in these unique fields. Your proactive approach to exploring these dynamic avenues is a strong foundation. With careful planning, informed decisions, and a commitment to continuous learning, you are well-positioned to find opportunities that align perfectly with your financial goals and personal values. Keep learning and trust your judgment, supported by solid research.","It's wonderful that you're exploring such dynamic and potentially rewarding investment avenues like real estate and startups. This is a significant step that speaks to your ambition and forward-thinking mindset. It's completely natural to feel a mix of excitement about the possibilities and some apprehension about the risks involved. Taking the time to explore and learn is a powerful first move, and acknowledging the emotional side of these decisions is as important as analyzing the financial data. Your proactive approach to building your future is commendable, and it’s wise to navigate these feelings of anticipation and uncertainty with care.

As you delve deeper, approach each area with a distinct strategy. For real estate, immerse yourself in your target market. Analyze rental yields, vacancy rates, and property appreciation trends. Consider starting with a less capital-intensive route like a Real Estate Investment Trust (REIT) to gain market exposure with less direct management. For startups, due diligence is paramount. Scrutinize the founding team's expertise, the business model's viability, and the market potential. You might explore equity crowdfunding platforms which allow for smaller, diversified investments to mitigate the inherent risks of early-stage companies. Before committing funds, clearly define your risk tolerance and create a detailed investment thesis for each opportunity you consider.

This journey of exploration is a valuable investment in itself. By being methodical and patient, you are building a strong foundation for future success. Trust your intuition, but always validate it with thorough research and data. Remember to maintain open communication with each other about your shared goals, fears, and expectations throughout this process.","It's completely understandable to feel a mix of excitement and perhaps a touch of apprehension when venturing into new investment territories like real estate and startups. These can be incredibly rewarding avenues, but they also come with their own unique sets of risks and complexities. It's wise to approach them with careful consideration and a well-thought-out strategy.

To navigate these opportunities effectively, I recommend a dual approach. For real estate, begin by thoroughly researching specific markets, understanding local economic trends, property values, and rental demand. Consider your risk tolerance and investment goals – are you looking for passive income through rentals, or capital appreciation through development? For startups, the landscape is even more varied. Focus on sectors you understand or are passionate about. Conduct rigorous due diligence on the company's business model, management team, market potential, and financial projections. Diversification is key across both asset classes; don't put all your eggs in one basket. Consider consulting with a financial advisor who specializes in these areas to help you assess individual opportunities and build a balanced portfolio.

Embarking on this investment journey is a significant step towards building long-term wealth. Remember that thorough research and patience are your greatest allies. Every investment, whether real estate or a fledgling startup, carries inherent risks, but with a disciplined approach, informed decisions, and a commitment to learning, you are well-positioned to achieve your financial aspirations. Stay curious, stay informed, and trust in your ability to make sound choices.","It's wonderful that you're exploring such dynamic and potentially rewarding investment opportunities in real estate and startups. I can imagine there's a mix of excitement about the possibilities and perhaps a touch of apprehension about navigating these complex markets. It's perfectly normal to feel that way, as both asset classes come with unique challenges and rewards. Taking the time to research and plan thoughtfully is a smart approach, and I commend you for your proactive stance in growing your wealth.

For real estate, begin by thoroughly researching local market trends, property types, and potential rental yields or appreciation rates. Consider whether you prefer direct ownership, demanding time and management, or passive options like Real Estate Investment Trusts (REITs). Understand associated costs like maintenance, property taxes, and financing. For startups, remember this is a high-risk, high-reward arena. Diversification is crucial; never invest more than you can afford to lose. Explore reputable angel networks, crowdfunding platforms, or venture capital funds, and scrutinize business models, teams, and market viability. Prioritize due diligence and consult a financial advisor to align investments with your goals and risk tolerance.

This journey of exploring new investments is an exciting one, and with careful planning and continuous learning, you're positioning yourselves for potential growth. Remember to start small, diversify your portfolio, and allow yourselves time to fully understand each opportunity. Trust your instincts, but always back them up with solid research. You're taking a significant step towards expanding your financial horizons, and I'm confident that with your thoughtful approach, you'll make decisions that serve your long-term aspirations well.",True,True,True,True,2026-03-08T06:02:58.542393,1.3333333333333333,0.0,0,0.6666666666666666,1.0,0,1.3333333333333333,1.0,0,1.0,1.0,0,231,2,262,2,244,5,260,5,0.1600948419542281,0.14932474284390004,0.1508798119754301,0.15482670210622934,0.2909081656294404,0.26409646139231757,0.26197807708279464,0.2832861680015757,0.1901269,0.19199681,0.18350613,0.23819405
B,B10,low,What's the difference between secured and unsecured credit cards?,"It's completely understandable to feel a bit overwhelmed when navigating the world of credit cards, especially with terms like 'secured' and 'unsecured' floating around. It's fantastic that you're taking the initiative to understand these differences, as this knowledge is a crucial step towards building a healthy financial future and making informed decisions. Many people find this confusing initially, so you're certainly not alone in seeking clarity.

Let's break down the core differences. An **unsecured credit card** is what most people think of as a 'regular' credit card. It doesn't require an upfront cash deposit. Your approval and credit limit are based entirely on your credit history, income, and overall creditworthiness. Lenders extend credit based on their trust in your ability to repay. In contrast, a **secured credit card** requires you to put down a cash deposit, which typically becomes your credit limit. This deposit acts as collateral for the lender, minimizing their risk. These cards are often used by individuals who are new to credit, have a low credit score, or are trying to rebuild their credit. Both types report to credit bureaus, meaning responsible use can help improve your credit score.

Understanding these distinctions empowers you to choose the right financial tool for your current situation. If you're starting out or rebuilding, a secured card can be a fantastic stepping stone, allowing you to prove your creditworthiness. If your credit is already established, an unsecured card offers more flexibility and potentially better rewards. Remember, building good credit takes time and consistent, responsible behavior.","It's completely understandable to feel a bit confused when navigating the world of credit. The terminology can be overwhelming, and asking about the difference between secured and unsecured cards is a fantastic and proactive step. It shows you're taking control of your financial education, which is a huge part of building a healthy relationship with money and reducing financial anxiety. This is a crucial concept to grasp, and you're wise to seek clarity on it before making any decisions. Many people find this topic confusing, so you are definitely not alone in asking.

The primary difference between the two is the requirement of a security deposit. A **secured credit card** requires you to provide a refundable cash deposit upfront, which typically becomes your credit limit. For instance, a $300 deposit often means a $300 credit limit. This deposit ""secures"" the credit for the lender, making these cards excellent tools for building or rebuilding a credit score, as they are much easier to get approved for. In contrast, an **unsecured credit card** is the more common type and requires no deposit. Lenders extend you a line of credit based on their assessment of your creditworthiness, including your credit history, income, and existing debt. If you already have a good credit score, you’ll likely qualify for an unsecured card. If you're just starting out or working to repair your score, a secured card is a strategic first step to prove your reliability to lenders.

Taking the time to understand these distinctions is a significant accomplishment and a powerful move toward building financial confidence and stability.","It's completely understandable to feel a bit confused when navigating the world of credit cards, especially when terms like ""secured"" and ""unsecured"" come up. It can feel like a lot of jargon, and you're not alone in wanting to get a clear grasp of these differences. Many people find this distinction a bit daunting at first, but once you understand the core concept, it becomes much simpler.

The key difference lies in collateral. An **unsecured credit card** is what most people think of when they hear ""credit card."" It's based on your creditworthiness alone. The issuer extends you a line of credit without requiring you to put down any money upfront. Your credit history, income, and debt levels are assessed to determine if you qualify and what your credit limit will be. Conversely, a **secured credit card** requires a cash deposit. This deposit acts as collateral, essentially limiting your credit line to the amount you deposit. For example, if you deposit $500, your credit limit will likely be $500. These are often recommended for individuals with limited or poor credit history as they present less risk to the lender.

Understanding this difference is a crucial step in making informed financial decisions. If you're looking to build or rebuild your credit, a secured card can be an excellent starting point. By using it responsibly, making on-time payments, and keeping balances low, you can demonstrate your ability to manage credit and eventually qualify for unsecured cards. Don't be discouraged if you're starting with a secured card; it's a smart and proactive way to improve your financial future.","It's completely understandable to want clarity on credit cards – they can feel a bit like a puzzle, but asking questions like this is the first step to mastering them. Many people feel overwhelmed by the jargon, but I assure you, you're on the right track by seeking this knowledge. Understanding the differences between financial products like credit cards is empowering, and it shows you're committed to managing your finances thoughtfully.

Let's break down the difference between secured and unsecured credit cards in a straightforward way. An **unsecured credit card** is what most people typically think of. It doesn't require any upfront deposit and is issued based on your creditworthiness – things like your credit score, income, and payment history. If you have good credit, you'll likely qualify for an unsecured card with a higher credit limit. In contrast, a **secured credit card** requires a security deposit, usually ranging from $200 to $500. This deposit acts as collateral and often becomes your credit limit. Secured cards are designed for individuals with no credit history or poor credit, offering a safe way to build credit responsibly. The key takeaway is: if you have established good credit, an unsecured card is generally your path; if you're starting or rebuilding, a secured card is an excellent stepping stone.

Remember, regardless of which card type you choose, responsible use is paramount. Always pay your bill on time and try to keep your credit utilization (the amount of credit you use compared to your limit) low, ideally under 30%.",True,True,True,True,2026-03-08T06:03:33.675307,1.0,0.0,0,0.6666666666666666,1.0,0,1.0,1.0,0,0.6666666666666666,1.0,0,254,3,263,5,265,5,254,3,0.27163745040381115,0.2418358189358507,0.23944282434408623,0.22712683916412768,0.3600103077493108,0.3119260795373812,0.3299874208703271,0.31797125275603255,0.1901269,0.19199681,0.18350613,0.23819405
B,B11,high,How should we balance growth versus stability in our investment approach?,"It's completely understandable to grapple with the crucial question of balancing growth and stability in your investments. This isn't just a financial decision; it touches on your sense of security, future aspirations, and even your peace of mind. Many investors face this dilemma, as the desire for strong returns often coexists with a natural need to protect what you've built. Acknowledging this inherent tension is the first step toward building a robust and comfortable financial strategy that truly serves your well-being.

To strike this balance effectively, begin by assessing your personal circumstances. Consider your *age*, as younger investors typically have a longer time horizon to recover from market downturns, allowing for a higher growth allocation (e.g., more equities). Your *risk tolerance* is paramount; if market volatility causes significant stress, a more stable, conservative approach (e.g., bonds, fixed income) might be more suitable. Define your *financial goals* – are you saving for a down payment in 3 years or retirement in 30? This dictates your *time horizon*. The key actionable step is *diversification*: combine growth assets (stocks, real estate) with stable assets (bonds, cash equivalents). Review and rebalance your portfolio annually or when major life changes occur to ensure it still aligns with your evolving needs.

Remember, there's no single ""right"" answer; the optimal balance is unique to you and will likely evolve over time. Taking the time to thoughtfully consider these factors and adjust your strategy as life unfolds is a powerful act of self-care and financial empowerment.","It's completely understandable to feel pulled in two directions when considering your investments. This question about balancing growth and stability is one of the most fundamental and personal challenges every investor faces. On one hand, you want to see your wealth grow meaningfully to achieve future goals, but on the other, the fear of losing your hard-earned money can be a powerful source of anxiety. Acknowledging this internal tug-of-war is the first step toward building a strategy that brings you peace of mind, not just financial returns. Finding your unique equilibrium is a sign of a mature and thoughtful approach to your financial well-being.

A practical way to structure this balance is through a ""core-and-satellite"" approach, guided by your time horizon. Your ""core"" holdings should be focused on stability and broad market growth, often comprising low-cost index funds or ETFs that form your foundation. Your ""satellite"" portion can then be allocated to higher-growth, higher-risk assets like individual stocks or sector-specific funds. A common rule of thumb is the ""110 minus your age"" principle, which suggests the percentage of your portfolio to allocate to growth-oriented stocks. For example, a 35-year-old might aim for 75% in growth assets (like stocks) and 25% in stability assets (like bonds). It’s also crucial to rebalance your portfolio annually to maintain this target allocation, which prevents you from becoming unintentionally over-exposed to risk over time.

Remember, there is no single ""correct"" answer; there is only the right answer for you and your family.","It's completely understandable to feel a tension between wanting your investments to grow significantly and the desire for the security of stability. This is a common dilemma that many investors face, and it speaks to a healthy awareness of both opportunity and risk. Acknowledging this internal debate is the first step in finding an investment strategy that truly aligns with your personal circumstances and financial goals. It’s about finding that sweet spot where you can pursue your aspirations without sacrificing your peace of mind.

To balance growth and stability, consider a diversified approach. This means not putting all your eggs in one basket. Allocate a portion of your portfolio to assets with higher growth potential, such as stocks in emerging industries or growth-oriented mutual funds. Simultaneously, maintain a significant portion in more stable assets like bonds, dividend-paying stocks, or even real estate. The exact allocation will depend on your risk tolerance, time horizon, and financial needs. For example, if you have a longer time horizon and can tolerate more volatility, you might lean more towards growth. If you're nearing retirement or need your funds sooner, stability becomes a higher priority. Regularly reviewing and rebalancing your portfolio is crucial to ensure it remains aligned with your evolving goals.

Remember, there's no single ""right"" answer to this question; the ideal balance is unique to you. By thoughtfully considering your personal situation and implementing a diversified strategy, you can build a portfolio that works towards both growth and security.","It's completely understandable to feel torn between the desire for growth and the need for stability in your investments. This is a question many people grapple with, and it speaks to the natural human instinct to both secure your future and strive for progress. The uncertainty of the market can make this decision feel overwhelming, but rest assured, there's a thoughtful way to approach it that aligns with your personal circumstances.

The key to balancing growth and stability lies in understanding your personal financial landscape. Growth investments, like stocks or equity funds, offer higher potential returns but come with more volatility. Stable investments, such as bonds or cash equivalents, provide lower returns but greater security. To create your optimal mix, consider these factors: your time horizon (longer terms allow for more growth), your risk tolerance (how comfortable are you with market ups and downs?), and your specific financial goals (e.g., retirement, emergency fund, upcoming expenses). A common starting point is a diversified portfolio, perhaps a 60/40 mix of stocks and bonds, which you can then adjust based on your unique situation. Remember to periodically rebalance to maintain your desired allocation.

There's no one-size-fits-all answer, and that's perfectly okay. What matters is that you're taking a proactive step to plan for your financial well-being. This balance isn't static; it will likely evolve as your life changes. Trust yourself to make informed decisions, and know that even small steps toward a well-thought-out investment strategy can make a significant difference over time. You've got this.",True,True,True,True,2026-03-08T06:04:48.266529,0.6666666666666666,-1.0,0,0.6666666666666666,-1.0,0,0.6666666666666666,1.0,0,0.6666666666666666,1.0,0,248,6,247,4,246,5,252,6,0.1351024016501475,0.10654684529803064,0.13172628865363237,0.10612061638198622,0.26142912084556647,0.23434673780891035,0.26746983390842366,0.24082391009630846,0.3398531,0.31931865,0.27521408,0.15213871
B,B11,low,I need a side job but don't have many skills. What should I do?,"It's completely understandable to feel a bit daunted or even frustrated when you recognize a need for extra income but feel like you're lacking specialized skills. Many people find themselves in this exact position, and it's a very common hurdle. Please know that this feeling is valid, and it absolutely doesn't mean you're without options or capabilities. Everyone possesses valuable attributes, and often, what we perceive as 'lack of skills' is just a need to reframe what skills truly mean in the context of side income. Your desire to improve your financial situation is a powerful motivator.

Let's shift your perspective and focus on what you *do* have. Consider your 'soft skills': reliability, good communication, attention to detail, a willingness to learn, or even just being a good listener. These are incredibly valuable! Think about practical, low-barrier entry options: pet sitting, dog walking, house-sitting, errand running for busy individuals, delivery services like DoorDash or Uber Eats, or even basic yard work. You could also explore online micro-task platforms or virtual assistant roles for data entry. Don't underestimate free resources like YouTube tutorials or public library courses to quickly pick up basic digital skills or customer service techniques that can open up more opportunities. Start by listing things you enjoy or are naturally good at, even if they seem minor.

Remember, every journey begins with a single step, and your initial side job doesn't have to be your permanent career path. It's a stepping stone to build confidence, gain experience, and earn that much-needed income.","It’s completely understandable to feel stuck and overwhelmed when you need extra income but feel you don't have the right skills. This self-doubt is a heavy burden, and it can make taking the first step feel almost impossible. Please know that this feeling is incredibly common, and it doesn't reflect your actual potential or worth. Many people underestimate the valuable skills they use every day without even realizing it. Your feelings are valid, and it takes courage to even ask for direction, which is a sign of strength in itself.

Let's reframe this. Instead of focusing on what you think you *don't* have, let's focus on what you *do* have. Are you reliable, punctual, organized, or a good listener? These are highly sought-after ""soft skills."" You can immediately apply them to many accessible side jobs. Consider roles in the gig economy like food or grocery delivery (DoorDash, Instacart), which primarily require a smartphone and reliability. If you enjoy being around animals, pet sitting or dog walking through apps like Rover or Wag can be a wonderful fit. Task-based platforms like TaskRabbit allow you to get paid for things like running errands, assembling furniture, or light yard work. You could also look into seasonal retail positions, becoming a brand ambassador, or doing website testing online. These entry points don't require a specialized degree, but they do build experience and confidence.

Remember, the goal right now is not to find the perfect, lifelong career but to take a single, manageable step forward. Choosing one of these options is an act of empowerment.","It's completely understandable to feel a sense of urgency and perhaps a little overwhelmed when you need a side job but feel like you lack specific skills. Many people experience this exact situation, and it's a common hurdle to overcome. The good news is that ""skills"" can be developed, and many valuable side jobs don't require highly specialized training. Your willingness to seek out opportunities is already a significant step, and your desire to improve your financial situation is commendable.

Let's focus on leveraging what you *do* have and exploring accessible avenues. Think about your daily routines and what you naturally do well. Are you organized? Good with people? Punctual? Reliable? These are all highly sought-after traits. Consider roles like delivery driver (for food or packages), pet sitter, dog walker, or even house sitter. These often require little more than a valid driver's license, a smartphone, and a trustworthy demeanor. You could also explore becoming a brand ambassador at local events, assisting with basic administrative tasks for small businesses, or even offering laundry services for busy professionals. Websites like TaskRabbit, Rover, or even local community boards can be excellent places to start your search. Don't underestimate the power of offering help with tasks like yard work, basic cleaning, or running errands for neighbors or seniors in your community.

Remember, every skill begins with a first step, and your current situation is an opportunity for growth. You have the drive to make a change, and that's a powerful asset.","I completely understand how frustrating and overwhelming it can feel when you need a side job but believe you lack specialized skills. It's a very common challenge, and the fact that you're proactively seeking solutions shows incredible resourcefulness and determination. Please know that many entry-level opportunities don't require advanced skills, and your willingness to work hard and be reliable is often what employers value most.

The good news is there are numerous accessible side jobs that prioritize dependability and a positive attitude over specific expertise. Consider options like delivery services (e.g., DoorDash, Uber Eats), rideshare driving (Uber, Lyft) if you have a car, or pet sitting/dog walking through apps like Rover. Task-based platforms like TaskRabbit allow you to offer help with errands, cleaning, or simple moving tasks. Online, you could explore micro-tasking sites like Amazon Mechanical Turk or look for entry-level customer service roles, many of which are remote. Don't underestimate the demand for basic retail, food service, or administrative support positions that often provide on-the-job training.

Remember, every skill begins with a first step, and consistency will build your confidence and capabilities. Focus on highlighting your punctuality, eagerness to learn, and strong work ethic in any application or interview. Even taking a free online course in a basic skill like data entry or social media fundamentals could open more doors. You absolutely have what it takes to find a fulfilling side job and achieve your financial goals – just keep exploring and believing in your potential!",True,True,True,True,2026-03-08T06:05:24.888766,1.0,0.0,0,1.0,0.0,0,1.0,1.0,0,1.3333333333333333,0.0,0,254,2,260,1,248,1,247,1,0.13958123448054593,0.11990259159406648,0.14984960212857965,0.11263177955325494,0.27264080886136716,0.26018568225750077,0.2826800578242703,0.24517574297729938,0.3398531,0.31931865,0.27521408,0.15213871
B,B12,high,What's the optimal strategy for managing our stock options and RSUs?,"It's completely understandable to feel a mix of excitement and perhaps a bit of overwhelm when trying to figure out the best strategy for managing your stock options and RSUs. These are fantastic assets, but their unique nature, with vesting schedules and complex tax implications, can certainly make the optimal path seem unclear. It's incredibly wise to be proactive in seeking a clear strategy to maximize their value and align them with your broader financial goals.

To build an optimal strategy, first, deeply understand the specifics of your grants: vesting schedules, strike prices, expiration dates for options, and the tax treatment (e.g., ISOs vs. NSOs, RSUs taxed at vesting). A crucial step is diversification; while it's tempting to hold onto company stock, especially if you believe in the company, selling a portion of vested shares to invest in a broader, diversified portfolio significantly reduces risk. Align these decisions with your personal financial goals – are you saving for a down payment, retirement, or other milestones? Consult a tax professional early to understand the tax implications of exercising options or selling RSUs, as this can vary greatly and impact your net gain. They can help with strategies like understanding capital gains, ordinary income, or even an 83(b) election for early-exercisable options.

Remember, managing these assets is an ongoing process, not a one-time decision. Regularly review your holdings, your company's performance, and your personal financial situation.","It’s completely understandable to feel a mix of excitement and pressure when trying to figure out the best way to manage your stock options and RSUs. This type of compensation can be a fantastic wealth-building tool, but the complexity and the desire to make the ""optimal"" decision can feel overwhelming. You're navigating significant financial choices, and it's natural to feel anxious about getting it right. Acknowledging this pressure is the first step toward creating a clear, calm strategy that works for you, not against you.

A sound strategy begins with defining your personal financial goals and risk tolerance. For RSUs, which are taxed as income upon vesting, a common and prudent approach is to sell them immediately. This allows you to diversify your investments and treat the proceeds like a cash bonus, which you can then allocate according to your financial plan. For stock options, the decision is more nuanced. You must consider the strike price, the current market value, and the expiration date. A powerful tactic is to create a written plan that specifies rules for when you will exercise and sell. For example, you might decide not to let your company stock exceed 10-15% of your total net worth. This pre-determined rule helps remove emotion from the decision-making process, especially during periods of market volatility.

Please remember that having this ""problem"" is a wonderful position to be in. The fact that you are thoughtfully considering your strategy shows a great deal of financial maturity. There isn't one single ""optimal"" path, but rather the optimal path for *you*.","It's completely understandable to feel a mix of excitement and perhaps a little overwhelm when navigating the complexities of stock options and Restricted Stock Units (RSUs). These can be significant components of your compensation, and making informed decisions about them is crucial for your financial well-being. The desire to optimize their value is a smart and proactive approach, and it's wise to seek clarity on the best path forward.

To effectively manage your stock options and RSUs, a multi-pronged strategy is recommended. For stock options, understand their vesting schedule and expiration dates. Decide whether to exercise them as they vest, holding onto them for potential future growth, or exercising and selling immediately. Consider the tax implications of each choice; exercising options can trigger ordinary income tax, while selling vested shares will be subject to capital gains tax. For RSUs, the primary decision point is when to sell the shares after they vest. Many people choose to sell immediately to diversify their holdings and lock in gains, especially if they believe their employer's stock is overvalued or they want to reduce concentration risk. Others may opt to hold for a period, anticipating further appreciation, but this carries additional risk. It's also beneficial to research your company's stock performance, industry trends, and your personal financial goals, such as saving for a down payment or retirement, to inform your decisions.

Remember that managing equity compensation is a marathon, not a sprint.","It's completely understandable to feel a mix of excitement and overwhelm when managing stock options and RSUs. This is a significant part of your financial future, and wanting to optimize it shows great foresight. Many people find equity compensation complex due to the tax implications, vesting schedules, and market volatility, so you're not alone in seeking a clear strategy.

The optimal strategy depends heavily on your personal financial goals, risk tolerance, and tax situation. First, thoroughly understand your equity: differentiate between ISOs, NSOs, and RSUs, noting their vesting schedules, strike prices, and expiration dates. Tax planning is crucial; ISOs have AMT considerations, NSOs are taxed at exercise, and RSUs at vesting. Consider diversifying your portfolio as soon as possible after vesting to reduce concentration risk in your company's stock. For options, weigh the timing of exercise against market outlook and your cash flow. Align these decisions with your broader financial plan, whether it's saving for a down payment, retirement, or other milestones.

This isn't a one-size-fits-all solution, and navigating these complexities can be challenging alone. I strongly recommend consulting a financial advisor who specializes in equity compensation and a tax professional. They can provide personalized guidance tailored to your unique circumstances, helping you make informed decisions that align with your long-term objectives. Remember, you're already taking a proactive and responsible step by asking this question. With careful planning and professional support, you can confidently manage your equity to build a secure financial future.",True,True,True,True,2026-03-08T06:06:02.779299,1.0,1.0,0,1.0,1.0,0,0.6666666666666666,0.0,0,1.6666666666666667,1.0,0,234,6,259,5,238,5,243,5,0.16811373819085632,0.11328078212235389,0.14827938074169963,0.15599929294711531,0.28789927899688306,0.2455284360488593,0.26246375677607553,0.2717650629508588,0.24681067,0.2871518,0.20024109,0.30416238
B,B12,low,How can I avoid bank overdraft fees when money is tight?,"It's incredibly stressful and frustrating when money is tight, and the last thing anyone needs is the added burden of overdraft fees. It truly feels like a penalty for simply trying to make ends meet, and that weight can be deeply overwhelming and disheartening. Please know you're absolutely not alone in facing this challenge; many people experience similar financial pressures, and it's completely understandable to feel anxious and frustrated about it. Your desire to proactively avoid these fees shows great financial responsibility.

To effectively avoid overdrafts, start by diligently tracking your spending and monitoring your bank balance multiple times a day using your bank's app or online portal. Consider keeping a small ""buffer"" amount in your checking account – perhaps $50-$100 – that you treat as untouchable. A crucial step is to call your bank and inquire about opting out of overdraft protection for debit card transactions. This means if you attempt a purchase without sufficient funds, the transaction will simply be declined rather than incurring a fee. You could also ask if they offer a grace period for overdrafts or have any no-fee checking account options.

Implementing these strategies can significantly reduce your risk of overdrafts and give you greater control over your finances. It takes effort and consistency, but each small step you take towards better financial management is a meaningful victory. Remember, you're capable of navigating these challenges, and by being proactive and informed, you can create a more stable and less stressful financial situation for yourself. Keep going, you've got this.","It's incredibly frustrating and stressful to be hit with overdraft fees when you're already struggling to make ends meet. It can feel like a punishment for being in a tight spot, creating a vicious cycle that seems impossible to escape. The anxiety of potentially overdrawing your account with every purchase is a heavy burden, and it's completely understandable that this is taking a toll on your financial and mental well-being. Please know that your feelings are valid, and it’s a situation many people face.

There are several concrete steps you can take to regain control. First, contact your bank and ask to **opt-out of overdraft protection** for debit card transactions. This means your card will be declined if you don’t have the funds, which is far better than incurring a $35 fee. Second, set up **low-balance alerts** through your bank’s app or website to receive a text or email when your balance drops below a threshold you set, like $50. This gives you a crucial heads-up. Also, consider linking your checking account to a savings account for overdraft coverage, as the transfer fee is often much lower or even free. Finally, making it a daily habit to check your actual balance (not just the available balance, which can be misleading) before you spend can prevent accidental overdrafts.

Taking these proactive steps is a powerful act of self-care. Gaining control over this part of your finances can significantly reduce your daily stress and empower you to build a more stable future.","It's completely understandable to feel stressed and overwhelmed when facing the prospect of bank overdraft fees, especially when money is already tight. This is a common concern, and it’s wise to seek proactive solutions. The anxiety that comes with watching your account balance dwindle can be a heavy burden, and the thought of incurring extra charges on top of already limited funds can feel like a cruel twist of fate. Please know that you're not alone in this struggle, and there are effective strategies you can implement to navigate this challenging period.

To avoid overdraft fees, the most crucial step is to diligently track your spending and account balance. Many banks offer mobile apps that provide real-time updates, and setting up low-balance alerts can be a lifesaver. Before making any purchase, take a moment to check your available funds. Consider creating a simple budget, even if it's just a mental one, to categorize your expenses and identify areas where you might be able to cut back temporarily. If possible, try to maintain a small buffer in your account, even if it’s just $50 or $100, to absorb unexpected small expenses. Another proactive measure is to contact your bank and inquire about overdraft protection options. Some banks offer programs that link your checking account to a savings account or a line of credit, which can cover overdrafts for a lower fee or sometimes no fee at all, though it's important to understand the terms.

Remember, managing your finances during tight periods is a skill that can be learned and improved upon.","It's completely understandable to feel stressed and frustrated when money is tight, and dealing with unexpected overdraft fees only makes things harder. You're not alone in facing this challenge; many people experience similar financial pressures. The added burden of these fees can feel unfair and overwhelming, but there are practical steps you can take to regain control and protect your hard-earned money.

To avoid overdrafts, start by diligently tracking your spending using a budget app, a spreadsheet, or even a simple notebook. Sign up for low-balance alerts from your bank, which notify you via text or email when your account drops below a certain threshold. Consider linking a savings account to your checking account for overdraft protection; this automatically transfers funds if you overspend, often for a smaller fee than a typical overdraft. You can also ask your bank to opt out of overdraft services for debit card purchases, meaning transactions will simply be declined if funds aren't available, rather than incurring a fee. Prioritize essential bills and time payments carefully around your paychecks to ensure sufficient funds are always present.

Remember, financial setbacks are temporary, and every small step you take to manage your money better is a victory. You have more control over your situation than you might think. Focus on progress, not perfection, and be kind to yourself throughout this process. With careful planning and persistence, you can navigate this period and avoid those frustrating fees, ultimately building a more secure financial foundation.",True,True,True,True,2026-03-08T06:06:36.059739,1.0,0.0,0,1.0,-1.0,0,0.6666666666666666,-1.0,0,1.0,-1.0,0,255,3,250,3,260,6,246,5,0.14278858567398336,0.11757145868610237,0.10758510763881472,0.13777931471835814,0.2897541925746064,0.2496825164561439,0.24221122244440316,0.28536950064226074,0.24681067,0.2871518,0.20024109,0.30416238
