category,pair_id,ses_level,scenario,base_response,pro_response,lite_response,ft_response,base_success,pro_success,lite_success,ft_success,timestamp,base_empathy,base_emotion,base_qpr,pro_empathy,pro_emotion,pro_qpr,lite_empathy,lite_emotion,lite_qpr,ft_empathy,ft_emotion,ft_qpr,base_word_count,base_financial_terms,pro_word_count,pro_financial_terms,lite_word_count,lite_financial_terms,ft_word_count,ft_financial_terms,base_bleu,pro_bleu,lite_bleu,ft_bleu,base_rouge_l,pro_rouge_l,lite_rouge_l,ft_rouge_l,base_semantic_sim,pro_semantic_sim,lite_semantic_sim,ft_semantic_sim
A,A1,high,I recently lost my job and I'm worried about keeping up with my mortgage payments. The financial uncertainty has been taking a real toll on my mental health.,"It's incredibly difficult and completely understandable to feel overwhelmed and anxious right now. Losing your job is a significant life event, and the added stress of worrying about your mortgage payments can indeed take a severe toll on your mental health. Please know that your feelings of uncertainty and distress are valid, and it takes immense strength to acknowledge both the financial and emotional challenges you're facing. You are not alone in experiencing these emotions during such a trying time.

To navigate this, your immediate priority should be to contact your mortgage lender. Explain your situation; many lenders offer hardship programs like forbearance, deferment, or loan modifications that can temporarily reduce or pause your payments. Don't wait until you miss a payment. Simultaneously, apply for unemployment benefits if you haven't already, and rigorously review your budget to identify any non-essential spending that can be paused. Also, consider exploring any temporary, contract, or gig work opportunities to create some immediate income. For your mental health, reaching out to a trusted friend, family member, or a mental health professional can provide crucial support and coping strategies.

This period is undoubtedly challenging, but please believe in your resilience. Focus on taking one manageable step at a time, celebrating small victories, and practicing self-compassion. Remember that this is a temporary setback, not a permanent state. By proactively addressing these financial concerns and prioritizing your mental well-being, you are laying the groundwork for a more stable future. You have the strength within you to navigate this, and help is available.","It is completely understandable that you're feeling overwhelmed and worried. Losing a job is a deeply unsettling experience, and the added pressure of a mortgage creates a heavy burden of financial uncertainty. The link between this kind of stress and your mental health is very real, and it’s important to honor the anxiety you're feeling. Please know that your reaction is valid, and you are not alone in facing this daunting situation. Taking a moment to acknowledge the weight of this is a crucial first step in navigating the path forward.

Your immediate priority should be to proactively manage the financial side. Contact your mortgage lender right away—before you miss a payment. Explain your situation and inquire about hardship programs like mortgage forbearance, which can temporarily suspend or reduce your payments. At the same time, file for unemployment benefits to establish some income. Conduct a detailed review of your budget, distinguishing between essential and non-essential spending, and see where you can temporarily cut back. Also, look into local assistance programs for utilities or food (like SNAP or LIHEAP), as support in these areas can free up cash for your housing payment. For your mental well-being, consider free resources like the NAMI HelpLine or searching for local community mental health services that may offer sliding-scale fees.

Remember to be patient and compassionate with yourself through this process. You are dealing with a significant challenge, and taking these proactive steps is a testament to your strength and resilience. This is a temporary chapter, not your whole story.","It's completely understandable that you're feeling worried and that this job loss is taking a significant toll on your mental health. Losing your job, especially when you have financial obligations like a mortgage, can trigger immense stress and anxiety. The feeling of uncertainty about the future, coupled with the pressure of making ends meet, is a heavy burden to carry, and it's a very common reaction to such a significant life change. Please know that you are not alone in experiencing these emotions, and it's okay to feel overwhelmed right now.

The immediate priority is to address your mortgage concerns and explore financial relief options. Reach out to your mortgage lender as soon as possible. Many lenders have hardship programs available that can offer temporary solutions like forbearance (pausing or reducing payments for a period) or a loan modification. Be honest about your situation; they are often more willing to work with you if you communicate proactively. Simultaneously, create a detailed budget to understand your essential expenses and identify areas where you can cut back. Explore all available unemployment benefits and any other financial assistance programs you might qualify for. Looking for a new job is crucial, but it's also wise to explore temporary or freelance work to generate some income in the interim.

This is a challenging period, but it's also a testament to your resilience. Many people have navigated similar situations and emerged stronger. Focus on taking one step at a time, and celebrate small victories along the way.","I'm truly sorry to hear about your job loss and the financial stress you're experiencing. It's completely understandable to feel overwhelmed and anxious when facing such uncertainty, especially when your home is on the line. These feelings are valid, and it's important to remember that many people go through similar challenges. Please know that you're not alone in this, and there are concrete steps you can take to alleviate some of the pressure.

Your immediate priority should be to contact your mortgage lender. Explain your situation and ask about options like forbearance (pausing payments temporarily), loan modification, or deferral programs. Many lenders have hardship programs designed for situations like yours. Simultaneously, apply for unemployment benefits in your state, as this can provide a vital safety net. Review your current budget rigorously, identifying and cutting any non-essential expenses to stretch your savings further. Consider temporary income sources like gig work or selling unused items to bridge the gap. If the mental health toll feels too heavy, reach out to a professional counselor or a credit counseling agency like the National Foundation for Credit Counseling (NFCC) for free, expert guidance.

Please know that there are resources and strategies available to help you navigate this period. While it feels daunting now, financial setbacks are often temporary, and you are stronger and more resilient than you might realize. Focus on taking one step at a time, and celebrate each small victory. You will get through this, and your well-being matters most. Keep reaching out for support.",True,True,True,True,2026-03-08T22:55:16.668917,1.6666666666666667,-1.0,3,1.3333333333333333,-1.0,2,0.6666666666666666,-1.0,1,1.6666666666666667,-1.0,3,255,4,255,3,251,5,252,7,0.1803453823916498,0.13553261061851507,0.14856083868771575,0.16181743309044802,0.3286192178522876,0.2978745282146287,0.28309509940105454,0.29769574511350166,0.75032365,0.73214465,0.6863026,0.74906373
A,A1,low,I recently lost my job and I'm worried about keeping up with my rent payments. The financial uncertainty has been taking a real toll on my mental health.,"It's completely understandable to feel overwhelmed and anxious right now. Losing your job is a significant life event, and the worry about rent payments on top of that can indeed take a severe toll on your mental well-being. Please know that your feelings of uncertainty, stress, and concern for your future are entirely valid, and many people experience similar challenges. It takes immense strength to acknowledge these struggles, and you are absolutely not alone in facing them.

Let's focus on some concrete steps to regain control. First, communicate with your landlord immediately. Explain your situation and discuss potential options like a temporary payment plan or deferral; proactive communication is crucial. Simultaneously, apply for unemployment benefits as soon as possible, as these can provide a vital safety net. Thoroughly review your current expenses to identify any non-essential spending you can temporarily reduce. Explore local community resources such as food banks, utility assistance programs, or rental aid. For your mental health, try to maintain a routine, connect with trusted friends or family, and consider free or low-cost mental health resources like community support groups or online therapy platforms. Even small acts of self-care can make a difference.

This period is undoubtedly challenging, but please remember that setbacks are temporary, and you possess the resilience to navigate through this. Focus on tackling one step at a time, and celebrate small victories as you move forward. You are resourceful, and with a structured approach and the right support, you will find your footing again.","It is completely understandable that you are feeling worried and that the financial uncertainty is taking a toll on your mental health. Losing a job is a significant life stressor on its own, and when you add the immediate pressure of making rent, it can feel overwhelming. Please know that your feelings of anxiety are a valid and normal response to such a challenging situation. The connection between financial security and mental well-being is incredibly strong, and it's important to acknowledge the weight of what you're carrying right now. You are not alone in this experience, and it's okay to feel shaken.

Let's focus on some immediate, actionable steps you can take. First, on the financial front, apply for unemployment benefits today if you haven't already. Next, consider having a transparent conversation with your landlord. Explain your situation and ask if a temporary payment plan or partial payment is possible. Landlords are often more willing to work with tenants who communicate proactively. Simultaneously, research local rental assistance programs; search online for ""[Your City/State] rental assistance"" or call 211 to be connected with non-profits like United Way or Catholic Charities that may offer emergency aid. For your mental health, prioritize small, free acts of self-care. Go for a 15-minute walk each day to clear your head, practice deep breathing exercises to calm your nervous system, and confide in a trusted friend or family member. Voicing your fears can lessen their power.

Remember to be patient and compassionate with yourself during this process. This period of uncertainty is a chapter, not your entire story.","It's completely understandable that you're feeling worried and that this financial uncertainty is taking a toll on your mental health. Losing a job is a significant life event, and the anxiety that comes with not knowing how you'll meet essential expenses like rent can be overwhelming. Please know that your feelings are valid, and it's okay to feel stressed and concerned during this challenging time. Many people experience similar emotions when faced with unexpected job loss, so you are not alone in this.

The immediate priority is to address your rent concerns. Reach out to your landlord as soon as possible to explain your situation. Many landlords are willing to work with tenants facing temporary financial hardship, perhaps by arranging a payment plan or a short deferral. Simultaneously, explore all available resources for financial assistance. This includes unemployment benefits, which you should apply for immediately. Look into local charities, government programs, and community organizations that offer emergency rental assistance or financial aid. Creating a bare-bones budget to track essential expenses can also provide a sense of control.

While tackling these financial steps, remember to be kind to yourself. Prioritize self-care activities that help manage stress, such as gentle exercise, spending time in nature, or connecting with supportive friends and family. The job search itself can be draining, so breaks are crucial. This period of transition, though difficult, is also an opportunity for a fresh start. With proactive steps and a focus on your well-being, you can navigate this challenge and emerge stronger. Keep moving forward, one step at a time.","I’m so sorry to hear about your job loss and the significant stress it’s causing. It’s completely understandable to feel worried about financial uncertainty, especially when it impacts basic needs like housing. This kind of situation can definitely take a toll on your mental health, and it’s important to acknowledge that your feelings are valid. Please know that you’re not alone; many people face similar challenges, and there are resources available to help you navigate this difficult time.

The first step is to take immediate, proactive action. Contact your landlord as soon as possible to explain your situation. Many are willing to work with tenants on temporary payment plans or even deferrals if they are informed early. Simultaneously, research local rental assistance programs through non-profits, government agencies, or community centers—these can often provide emergency funds. While searching for a new job, explore short-term income options like gig work or applying for unemployment benefits. On the financial side, create a bare-bones budget, prioritizing rent, utilities, and food. Don't hesitate to visit food banks or apply for SNAP benefits if needed. For your mental well-being, seek support from free or low-cost counseling services, practice stress-reduction techniques, and lean on your support network.

Remember, this is a challenging chapter, not your whole story. You’ve faced difficulties before, and you have the strength and resilience to navigate this one too. Take it one day at a time, focusing on small, actionable steps rather than the overwhelming whole. Celebrate every tiny victory, whether it’s making a call for assistance or simply getting through the day. Things will get better.",True,True,True,True,2026-03-08T22:55:52.778237,1.3333333333333333,-1.0,2,1.0,-1.0,1,2.0,-0.6,2,2.0,-1.0,2,250,1,262,1,260,3,264,4,0.14874522081706565,0.1790146481258814,0.17467007519400013,0.1350929914524895,0.2887911927841522,0.282235761818339,0.29473649358926607,0.2697969545197186,0.75032365,0.73214465,0.6863026,0.74906373
A,A2,high,My retirement savings took a serious hit and I've been stressed trying to figure out how to recover. It's been keeping me up at night.,"It sounds incredibly distressing to have your retirement savings take such a hit, and it's completely understandable that this is causing you immense stress and keeping you up at night. The fear and uncertainty surrounding financial security, especially when planning for the future, can feel overwhelming. Please know that your feelings are valid, and many people face similar challenges. It takes courage to confront this, and acknowledging your stress is the first step toward finding a path forward.

To begin recovering, start by taking a deep breath and objectively assessing your current financial situation. Avoid making impulsive decisions. First, review your current budget to identify any areas where you can trim expenses, even temporarily, to free up more funds for savings. Next, explore opportunities to increase your income; perhaps a part-time gig or a side hustle could provide additional capital to contribute to your retirement accounts. If possible, consider increasing your regular contributions, even by a small amount, as consistency is key. Consulting a qualified financial advisor can also provide personalized strategies and peace of mind by helping you create a structured recovery plan tailored to your specific circumstances.

Remember, recovery is a marathon, not a sprint. Be patient and kind to yourself throughout this process. Every small, deliberate step you take contributes to rebuilding your financial future. Focus on what you can control, celebrate small victories, and prioritize your mental well-being alongside your financial health. You are resilient, and with a clear plan and consistent effort, you absolutely can navigate this challenge and get back on track. You've got this.","It’s completely understandable that you’re feeling stressed and losing sleep over a significant hit to your retirement savings. Seeing your hard-earned money decrease is deeply unsettling and can trigger significant anxiety. Please know that your feelings are valid and you are not alone in this experience; market fluctuations are a source of worry for many people. The most important first step is to resist the urge to make panicked decisions based on fear. Emotional reactions, like selling off assets in a downturn, can often lock in losses and hinder long-term recovery. Instead, take a deep breath and give yourself permission to pause before taking any action. This moment of calm is crucial for making clear-headed decisions.

Once you feel centered, focus on what you can control. Schedule a meeting with a fee-only financial advisor to get an objective, professional perspective on your portfolio. They can help you reassess your risk tolerance and time horizon, ensuring your investments are still aligned with your goals. If your retirement is still several years away, you have time on your side for the market to recover. Consider if it's possible to slightly increase your contribution rate. Even a small bump allows you to buy more shares at these lower prices, a strategy known as dollar-cost averaging, which can accelerate your recovery when the market rebounds. Remember, financial markets have a long history of resilience and have recovered from every past downturn. This period feels difficult, but it is not permanent. By creating a thoughtful plan rather than reacting to fear, you are taking back control of your financial future.","It's completely understandable that you're feeling stressed and losing sleep over your retirement savings. Witnessing a significant dip in your hard-earned nest egg can be incredibly unsettling, and the worry about your financial future is a heavy burden to carry. Please know that these feelings are valid, and many people experience similar anxieties during market downturns. Taking care of your mental well-being is just as crucial as addressing your financial situation right now.

To begin navigating this, let's focus on actionable steps. First, take a deep breath and try to get a clear picture of your current situation. Review your investment statements to understand the extent of the impact and identify which specific assets have been affected. Once you have this clarity, consider consulting with a fee-only financial advisor. They can help you assess your risk tolerance, rebalance your portfolio, and explore strategies to potentially recover losses, such as tax-loss harvesting or adjusting your asset allocation. It might also be beneficial to review your budget to identify any areas where you can temporarily reduce expenses, freeing up additional funds to contribute to your retirement accounts when you feel ready.

Remember, market fluctuations are a normal part of investing, and while this downturn is difficult, it doesn't define your entire retirement journey. Many investors have successfully navigated similar periods and emerged stronger. Focus on the steps you can control, stay informed without obsessing over daily market movements, and lean on your support system.","I hear how much this setback is weighing on you, and it's completely understandable to feel anxious and lose sleep when your financial security is threatened. Many people face similar challenges during market fluctuations or unexpected life events, and it's important to remember that you're not alone in this experience. Your feelings of stress are valid, and acknowledging them is the crucial first step toward finding solutions. The good news is that with a thoughtful, proactive approach, recovery is absolutely possible.

To begin, take a deep breath and systematically assess the situation. Start by reviewing your retirement account statements to understand the exact impact and quantify your losses. Consider meeting with a fee-only financial advisor who can provide an objective perspective, help you re-evaluate your long-term plan, and adjust your risk tolerance. If feasible, prioritize increasing your retirement contributions, even small increments can make a significant difference over time due to compounding. Ensure your investments are well-diversified to mitigate future risks and consider a ""set it and forget it"" strategy with low-cost index funds if you find yourself checking market fluctuations too frequently. Additionally, remember to protect your mental health during this period; practicing mindfulness or seeking support from a therapist can help manage the emotional toll.

Remember, financial setbacks are often temporary, and a strategic, patient approach can help you rebuild. You've already taken the crucial first step by addressing this head-on. With careful planning, consistent action, and perseverance, you can work towards securing your future.",True,True,True,True,2026-03-08T22:56:33.267684,1.0,-1.0,2,1.3333333333333333,-1.0,3,2.0,-1.0,2,2.0,-1.0,3,261,7,265,6,242,9,247,4,0.1264905241504013,0.12080285221526299,0.13758460136710998,0.10835107746819063,0.24285572512324624,0.2567965651750331,0.2703531660297147,0.25401872519634394,0.79776514,0.7170267,0.68793464,0.6279637
A,A2,low,I had to drain my savings account to cover basic bills and now I have nothing left as a cushion. It's been keeping me up at night.,"It's completely understandable that you're feeling this immense stress and losing sleep over draining your savings. That feeling of having no financial cushion can be incredibly unsettling and leave you feeling vulnerable. Please know that you're not alone in experiencing such a challenging situation, and it's a testament to your resilience that you covered your basic needs, even if it meant sacrificing your reserves. Acknowledging this difficult reality is the first step, and it's okay to feel the weight of it.

Now, let's focus on a path forward. Start by creating a detailed budget, meticulously tracking every dollar coming in and going out. Identify any non-essential expenses you can temporarily reduce or eliminate, even small ones, as every bit helps. Simultaneously, explore ways to increase your income, even short-term. This could involve selling items you no longer need, taking on a temporary side gig, or looking for small freelancing opportunities. Begin rebuilding your emergency fund with even a small, consistent amount, like $5 or $10 a week; the goal is to restart the habit.

Remember, this is a temporary setback, not your permanent reality. Your ability to navigate this situation shows strength, and you absolutely have the capacity to rebuild. Focus on taking one manageable step at a time, celebrating small victories along the way. Be kind to yourself during this period; managing financial stress is emotionally taxing. You are capable of regaining your financial footing and securing that peace of mind once more.","It is completely understandable that you're feeling overwhelmed and losing sleep over this. Having to deplete your savings is a deeply unsettling experience that can make you feel vulnerable and anxious about the future. Your feelings are valid, and it’s important to acknowledge the stress and fear you're carrying. Losing that financial safety net is a significant blow, and the worry it creates is a heavy burden to bear, especially when it disrupts something as fundamental as your sleep. Please know that you are not alone in facing such a challenge, and reacting this way is a sign of how much you care about your stability.

When you feel ready, let's focus on small, manageable steps to regain a sense of control. Start by conducting a gentle review of your monthly income and expenses. This isn't about judgment, but about identifying where your money is going and finding any small areas where you might be able to cut back temporarily. Next, open a new high-yield savings account and set up an automatic transfer, even if it's just for $5 or $10 a week. The act of starting is more important than the amount. To help with the sleepless nights, try a simple ""brain dump"" exercise before bed: write down all your worries on a piece of paper to get them out of your head. You might also explore community resources or non-profit credit counseling for free guidance.

Remember, this is a setback, not a permanent state. You have already demonstrated incredible strength by navigating the situation that required you to use your savings.","It's completely understandable that you're feeling anxious and losing sleep over this situation. Discovering your savings are depleted, especially when it was necessary for essential bills, can be incredibly unsettling and create a deep sense of insecurity. This feeling of having no financial buffer can weigh heavily on your mind, and it's a valid reason for worry. Please be kind to yourself during this challenging time; you've navigated a difficult period, and your feelings are a natural response to that stress.

Now, let's focus on practical steps to help you rebuild and regain a sense of control. The immediate priority is to create a bare-bones budget. Track every single dollar coming in and going out for the next month. Identify areas where you can temporarily reduce non-essential spending, even small amounts can add up. Simultaneously, explore any potential avenues for increasing income, such as picking up extra shifts, selling unused items, or looking for a temporary side hustle. Once you have a clearer picture of your cash flow, you can start setting a very small, achievable savings goal, perhaps just $10 or $20 per paycheck, to begin rebuilding that cushion.

Remember, this is a journey, not an overnight fix. The fact that you're recognizing this challenge and seeking solutions is a significant first step. Every small action you take, from tracking expenses to saving a tiny amount, builds momentum. You have the strength to navigate this, and by taking consistent, manageable steps, you will gradually rebuild your financial security and, with it, your peace of mind. Keep focusing on progress, not perfection, and celebrate each small victory along the way.","I'm truly sorry to hear this has happened; it's completely understandable to feel overwhelmed and anxious, especially when financial strain keeps you up at night. Draining savings for essentials happens to many people, and it shows you prioritized your immediate needs, which is a responsible step even if it feels daunting now. Please know that this is a temporary setback, not a permanent state. Your feelings of worry are valid, but remember that you've already demonstrated resilience by covering your basic bills.

To begin rebuilding, start by reviewing your monthly expenses meticulously. Identify areas where you can temporarily reduce costs, such as cutting discretionary spending (e.g., dining out, subscriptions) or negotiating payment plans with utility providers. Explore local food banks, community assistance programs, or temporary work opportunities to alleviate immediate pressure. Even saving a small amount, like $50-$100 a month, can start rebuilding your cushion. Prioritize establishing a mini-emergency fund (e.g., $1,000) first before tackling other financial goals. Consider a temporary gig or selling unused items to boost your income.

This is a tough spot, but it's temporary. Every small step you take, whether it's cutting an expense or saving a dollar, moves you forward. You've shown resilience by covering your bills; you can rebuild. Remember to prioritize your mental well-being too—consider talking to a friend or professional if the stress becomes too much. With a plan and persistence, you will get through this and create a stronger, more stable financial foundation. You're not alone, and you've got this.",True,True,True,True,2026-03-08T22:57:09.133278,1.3333333333333333,-1.0,2,1.3333333333333333,-1.0,2,1.3333333333333333,-1.0,2,1.0,-1.0,2,244,7,263,7,270,5,249,5,0.1574354470564634,0.12313694888952438,0.14982861536377529,0.09841868037944375,0.2722893456507458,0.2328655613409838,0.26339258587966846,0.20853552612900614,0.79776514,0.7170267,0.68793464,0.6279637
A,A3,high,"We're being forced to sell our home and move somewhere smaller, which has been emotionally hard for our whole family.","I can only imagine how incredibly challenging and emotionally draining this must be for your entire family. A home is so much more than just a building; it's a repository of memories, comfort, and security. It's completely understandable that this forced change is bringing up feelings of sadness, anxiety, and even grief for everyone involved. Acknowledging these strong emotions, and allowing yourselves to feel them, is the first crucial step in navigating this difficult transition together.

To navigate this, consider a few practical and emotional steps. Financially, work together to create a detailed budget for your new situation, exploring all options for a smaller, more manageable space. Involve your family, especially children, in the process of choosing the new home, even if it's just picking paint colors or arranging furniture, to give them a sense of agency. Focus on what you *gain* – perhaps less financial stress, more quality time, or a simpler lifestyle. Plan a ""memory walk-through"" of your current home to honor shared experiences, and discuss how you'll carry beloved traditions and cherished items into your new chapter.

Remember that your family's strength lies in your bond, not in the square footage of your house. This transition, while undeniably difficult, can also be an opportunity for growth, resilience, and discovering new joys as a unit. Focus on creating a loving and supportive atmosphere wherever you land, knowing that 'home' is truly where you are all together. Be kind to yourselves and each other during this period; you are capable of building a wonderful new chapter.","I want to start by acknowledging the profound sense of loss and grief you and your family are experiencing. Being forced to sell a home is a deeply unsettling event. It's so much more than a financial transaction; it's the loss of a sanctuary, a place filled with cherished memories, and a symbol of stability. It is completely natural for everyone, from adults to children, to feel a mix of sadness, anger, and anxiety. Please allow yourselves the space to feel these emotions without judgment. This is a significant life change, and your feelings are entirely valid and understandable. You are grieving a place that has been central to your family's story, and that is a difficult and painful process.

As you navigate this transition, consider creating a family ritual to say goodbye to your home. This could involve writing down favorite memories, taking photos of beloved spots, or having one last family meal in an empty room. Involving your children is crucial; give them age-appropriate tasks and a sense of agency, like packing a special box of their most treasured items to open first in the new place. When you begin looking for your new, smaller home, try to frame it as an opportunity. Focus on potential benefits—perhaps it's closer to a park, requires less maintenance, or will create a cozier family atmosphere. Shifting the focus from what you're losing to what you might gain can be a powerful coping mechanism.

Please remember that while this chapter is painful, it does not define your family's future.","It's completely understandable that you and your family are finding this situation emotionally challenging. The prospect of selling your home and moving to a smaller space likely brings up a mix of feelings – sadness, anxiety, a sense of loss, and perhaps even anger. Your home is more than just a building; it's a repository of memories, a sanctuary, and a significant part of your family's identity. Acknowledging these deep emotions is the first step in processing them. Allow yourselves to grieve the loss of your current home and the stability it represents. It's okay to feel upset, and it's important to create space for everyone in the family to express their feelings without judgment.

As you navigate this transition, focus on practical steps that can help regain a sense of control. Begin by researching potential new neighborhoods and smaller living spaces that might suit your family's needs and budget. Involve your family in this process, letting them have a say in what they'd like in a new home, even if it's just choosing paint colors or discussing desired amenities. Decluttering and packing can be an opportunity to create new memories by documenting special items or creating a ""memory box"" of your current home. Consider framing photos of your home or creating a scrapbook. When it comes to finances, consult with a financial advisor to understand your options and create a realistic budget for your new living situation.

Remember that while this is a difficult period, it can also be an opportunity for a fresh start and new beginnings.","I'm so sorry to hear you're going through this incredibly difficult time. Selling your home, especially under duress, is one of the most emotionally challenging experiences a family can face. It's perfectly normal for everyone to feel a mix of sadness, stress, anxiety, and even a profound sense of loss. Acknowledging these feelings together as a family is an important first step, as this isn't just a financial decision; it's a significant life transition that requires patience and empathy for yourselves and each other.

To navigate this with as much grace as possible, focus on actionable steps. Financially, work closely with a trusted real estate agent to ensure the best possible sale terms and create a detailed budget for your new living situation, including moving costs and potential adjustments to your lifestyle. Emotionally, hold family meetings to discuss fears and hopes openly, allowing everyone to express themselves without judgment. Involve your children in decisions where appropriate, like choosing paint colors or furniture for the new space, to foster a sense of ownership. Practically, start decluttering early, involve everyone in packing, and research your new community to build excitement about future possibilities.

While this transition is undoubtedly painful now, it also presents an opportunity for a fresh start. Your family's resilience and love will be your greatest assets in adapting to this change. A smaller space might mean less maintenance, more time spent together, and a chance to simplify your lives. Remember, home isn't just a building; it's where your family is. You will create new cherished memories in your new space.",True,True,True,True,2026-03-08T22:57:52.594823,1.3333333333333333,-0.3333333333333333,2,1.0,0.0,1,1.3333333333333333,0.0,2,1.0,0.0,1,257,2,257,1,259,2,261,2,0.1423252056475701,0.09817213526357992,0.15915190277888325,0.13314767824145127,0.2585089848300217,0.22993690588658497,0.25356031405453233,0.23503217735842766,0.67704976,0.75998026,0.79234123,0.6540912
A,A3,low,"We're being forced to move out of our home because we can't make rent, which has been emotionally hard for our whole family.","I am so incredibly sorry to hear what your family is going through. Being forced to leave your home due to financial hardship is an immensely painful and stressful experience, and it's completely understandable that this is taking a huge emotional toll on everyone. The feeling of instability, loss, and uncertainty can be overwhelming, and please know that your feelings, and those of your entire family, are completely valid during this incredibly difficult time. It takes immense courage to face such a challenge.

In this challenging time, focus on practical steps to find your next stable environment. Immediately research local housing assistance programs, eviction prevention services, and non-profits like United Way, Salvation Army, or local community action agencies, which often provide emergency aid or connect families to resources. Look into state and county rental assistance funds that might still be available. Create a budget for moving expenses, potential security deposits, and initial rent for a new place, even if it's smaller or temporary. Don't hesitate to reach out to school counselors if children are affected, or local community centers for support networks.

This situation is undoubtedly tough, but remember your family's strength and resilience. While this feels like a significant setback, it is a temporary chapter. Focus on supporting each other through this transition, and remember that your home is ultimately wherever you are together. Many resources exist to help you navigate this, and you are not alone in facing such difficulties. You will get through this together and find a new place to call home, building new memories. Keep hope alive, and lean on each other for strength.","I am so deeply sorry to hear that your family is going through this. Being forced to leave your home is an incredibly painful and disorienting experience. A home is so much more than just four walls; it’s a sanctuary filled with memories, a place of stability and comfort. It's completely understandable that this is emotionally difficult for everyone. The uncertainty and sense of loss can feel overwhelming, and it’s important to give yourselves grace and acknowledge the grief you are all feeling during this profoundly challenging time. The disruption to your family's sense of security is a heavy burden to carry, and your feelings are entirely valid.

As you navigate this transition, focus on immediate, manageable steps. First, seek housing assistance by dialing 211 or contacting local organizations like the Salvation Army or United Way for emergency shelter or rental aid resources. Simultaneously, look into your legal protections by contacting a local tenant rights group or legal aid society; you may have more time or options than you realize. Financially, create a ""crisis budget"" that prioritizes absolute necessities like food, transportation, and temporary lodging. Mentally, it's crucial to maintain open communication. Schedule a family meeting to allow everyone, especially children, to voice their fears and sadness in a safe space. Reassure them that you will get through this together.

Please remember that your family's strength is not defined by your address. A home is built from love and connection, and you carry that with you wherever you go. This is an incredibly difficult chapter, but it is not the end of your story.","It's completely understandable that being forced to move due to rent struggles is an emotionally taxing experience for your entire family. This situation brings with it a whirlwind of feelings: stress, anxiety, sadness, and perhaps even a sense of loss and instability. It's important to acknowledge that these emotions are valid and that you're not alone in experiencing them. Allow yourselves the space to grieve the disruption to your home life, and remember that supporting each other through this will be crucial. Open communication within the family about how everyone is feeling can help foster understanding and resilience during this challenging time.

To navigate this transition, focus on practical steps to ease the burden. First, thoroughly explore all available housing assistance programs in your area. Contact local government housing authorities, non-profit organizations specializing in housing support, and even religious institutions, as many offer emergency rental assistance or help with relocation costs. Simultaneously, create a detailed budget for your new living situation, identifying essential expenses and areas where you might be able to cut back. Decluttering and selling unused items can also provide a small financial cushion. If possible, explore options for increasing income, even if it's temporary, such as freelance work or a part-time job.

While this is a difficult chapter, remember that moving is not the end, but a transition to a new beginning. Your family's strength lies in your unity and your ability to adapt. Focus on creating a new sense of home, no matter the size or location.","I am so incredibly sorry to hear what your family is going through. Being forced to move due to financial strain is not only incredibly stressful but can also feel deeply unsettling and heartbreaking for everyone involved. It's completely understandable to feel overwhelmed, sad, and even angry. Please know that your feelings are valid, and you are not alone. This is a truly difficult situation, but your resilience as a family will help you navigate it.

First, explore all housing assistance options immediately. Look into local government programs, non-profits, and housing authorities that offer emergency rental assistance, temporary housing, or help with security deposits. Websites like HUD.gov or calling 211 can connect you to critical resources. Next, create a bare-bones budget to manage expenses during this transition, prioritizing essentials like food and temporary housing. If possible, contact creditors or utility companies to explain your situation and request temporary payment arrangements. Lean on your support network – friends, family, or community groups might offer help with moving or temporary accommodation.

Remember to care for your mental well-being; simple practices like deep breathing or talking to a trusted person can make a difference. This period is undoubtedly challenging, but it is temporary. Focus on taking one step at a time, celebrating small victories, and maintaining open communication within your family. You are stronger than you think, and resources are available to help you rebuild. Brighter days are ahead, and this experience, while painful, can ultimately lead to a more stable and resilient future. Hold onto hope and trust in your ability to navigate this.",True,True,True,True,2026-03-08T22:58:35.593917,2.0,-1.0,2,1.3333333333333333,-1.0,2,1.6666666666666667,-1.0,2,2.3333333333333335,-1.0,2,269,3,264,2,251,5,262,4,0.15385995423654888,0.12367775875401528,0.11879211316293282,0.12705497331125146,0.2831507554288772,0.2595816594389904,0.23737337502906006,0.26223301080123834,0.67704976,0.75998026,0.79234123,0.6540912
A,A4,high,Our savings plan for our kids' education was badly affected by recent financial setbacks. I feel anxious about what that means for their future.,"It's completely understandable to feel anxious and worried when a significant plan, especially one as important as your children's education, faces unexpected setbacks. Your dedication to their future shines through, and it's natural to experience stress when those aspirations feel threatened. Please know that many families navigate similar challenges, and your feelings are valid and a reflection of your deep care. This doesn't diminish your commitment; it highlights your concern.

To regain a sense of control, let's focus on actionable steps. First, take a deep breath and objectively assess the current situation. How much was lost, and what remains? Then, explore all available options: research scholarships, grants, and financial aid opportunities extensively, as these can significantly reduce the burden. Consider community college for the first two years, which can offer substantial savings, or explore state university systems that might be more affordable. It's also wise to re-evaluate your current budget to identify any areas where you might be able to rebuild savings, even if in smaller increments, and consider talking to a financial advisor for personalized guidance.

Remember, your children's future success isn't solely dependent on one specific educational path or the exact amount in a savings account. Their resilience, adaptability, and your unwavering support are far more valuable. There are numerous routes to a fulfilling education and career, and this setback is a challenge, not a dead end. Your determination to find solutions is a powerful example for your kids. Stay positive, stay proactive, and trust that together, you will find the best way forward.","It’s completely understandable that you’re feeling a heavy weight of anxiety right now. Seeing a carefully laid plan for your children's future disrupted by financial setbacks is incredibly disheartening. This anxiety stems from a place of deep love and a desire to provide the best for them, and it’s a natural and valid response to such a stressful situation. Please know that it's okay to feel this way; you are navigating a significant challenge, and your feelings deserve to be acknowledged without judgment. You are not alone in facing these kinds of unexpected financial hurdles.

While the path may look different now, it’s far from closed. Let’s focus on actionable steps you can take. First, recalculate your new savings goal based on your current situation. Then, broaden your scope beyond just savings. Research and complete the FAFSA (Free Application for Federal Student Aid) when the time comes, as this is the gateway to federal grants, work-study programs, and loans. Aggressively explore scholarships; there are countless options based on merit, interests, location, and heritage. Also, consider alternative educational paths, like starting at a community college for two years before transferring to a four-year university, which can drastically reduce overall costs. Involving your children in these discussions, in an age-appropriate way, can also empower them to take ownership of their future education.

Remember, your financial contribution is only one part of the support you provide. Your resilience, love, and guidance are the most valuable assets you give your children. This setback does not diminish your worth as a parent or determine your children's potential for success.","It's completely understandable that you're feeling anxious right now. Discovering that your carefully laid savings plan for your children's education has been impacted by financial setbacks can be incredibly unsettling. This anxiety is a natural response to a situation that feels out of your control and directly affects the future you've envisioned for your children. Please know that these feelings are valid, and you're not alone in experiencing them. Many parents face unexpected financial challenges, and it's a testament to your commitment that you're already thinking about how to navigate this.

The immediate priority is to assess the full extent of the impact and then explore available options. Begin by creating a detailed breakdown of your current savings, any outstanding debts, and your revised income and expenses. Once you have a clear financial picture, research alternative funding sources for education. This could include exploring scholarships, grants, and student loan options, as well as looking into state-specific educational savings programs. Consider having an open and honest conversation with your children about the situation, explaining the challenges in an age-appropriate manner and involving them in the problem-solving process. This can help alleviate some of your personal burden and foster a sense of shared responsibility.

While this situation presents a challenge, it's important to remember that your dedication to your children's education remains your strongest asset. Setbacks are a part of life, and how you respond to them will teach your children invaluable lessons about resilience, adaptability, and problem-solving. Focus on taking small, manageable steps forward. Celebrate any progress, no matter how minor it may seem.","I completely understand why you're feeling anxious right now. It's incredibly disheartening when financial setbacks impact something as vital as your children's education savings. This isn't just about money; it's about the future you envision for them, and it's natural to feel worried when those plans seem disrupted. Please know that you're not alone in facing these challenges, and it doesn't diminish your dedication as a parent. Many families experience similar hurdles, and what truly matters is how you navigate them together with resilience and careful planning.

The good news is that there are many avenues to explore. Start by reviewing your current savings plan – even small, consistent adjustments to contributions, if possible, can add up over time. Research financial aid options thoroughly; the Free Application for Federal Student Aid (FAFSA) is crucial, as are scholarships and grants, which never need to be repaid. Consider more affordable educational paths like community college or in-state universities for the first couple of years, or explore work-study programs. Consulting a fee-only financial planner can provide tailored strategies, and remember to involve your children in these discussions as they grow older, empowering them to contribute to their own journey.

This setback doesn't define their future or your ability to support them. Your commitment to their education is already a powerful foundation. By taking these proactive steps and maintaining open communication, you're teaching them resilience and resourcefulness – qualities far more valuable than any savings balance. Stay focused on what you *can* control, and trust that with careful planning and perseverance, you'll find a path that works for your family. You've got this.",True,True,True,True,2026-03-08T22:59:22.533234,1.3333333333333333,-0.3333333333333333,2,1.6666666666666667,-1.0,2,1.3333333333333333,0.0,2,1.6666666666666667,0.0,2,256,5,264,4,263,6,269,3,0.10621565461590106,0.1005932862251074,0.10348531399485139,0.11598767818728395,0.23709652367970127,0.26207916283965377,0.2374551440268653,0.24666677905162956,0.7443878,0.7032201,0.8360631,0.79602206
A,A4,low,"I've been working extra hours but still struggle to cover the basics, let alone save for my kids' future. I feel anxious about what that means for them.","It sounds incredibly challenging and disheartening to be working extra hours and still feel like you're struggling to cover the basics, let alone save for your children's future. That sense of anxiety is completely understandable, and it speaks volumes about your dedication and love for your kids. It's truly admirable that you're putting in so much effort, and it's natural to feel overwhelmed when that effort doesn't immediately translate into financial security. Please know that your feelings are valid, and many parents face similar pressures.

To begin addressing this, let's look at some actionable steps. Start by creating a very detailed budget, tracking every dollar in and out for a month. Free apps or spreadsheets can help. This isn't about judgment, but about gaining clarity. Identify any areas, however small, where you might reduce spending, like cancelling unused subscriptions or cooking more meals at home. Explore local community resources; food banks, utility assistance programs, or free financial counseling services can provide immediate relief and long-term strategies. Prioritizing your current stability is key; a secure present for your children is the most important foundation for their future.

Please don't underestimate the immense value you bring to your children simply by being a loving and dedicated parent. Your hard work, resilience, and presence are gifts that cannot be quantified by a savings account balance. Focus on taking one small, manageable step at a time. Every little adjustment, every resource you tap into, is a step forward. You are doing an incredible job under difficult circumstances, and your children will remember your strength and perseverance. Keep going, you've got this.","It is completely understandable to feel anxious and disheartened when your hard work isn't translating into the financial security you want for your family. The pressure to provide for your children's immediate needs while also planning for their future is immense, and it’s natural to feel overwhelmed when you’re stretched so thin. Please know that these feelings are not a reflection of your effort or your love for your kids; they are a valid response to a genuinely stressful situation. Your dedication to working extra hours speaks volumes about your commitment as a parent.

To help ease some of this anxiety, let’s focus on a few small, actionable steps that can create a sense of control. First, consider creating a simple “money map” by tracking your income and all expenses for 30 days. This isn’t for judgment, but for clarity on where every dollar is going. You might find small areas to redirect funds. Next, look into automated savings for your children. Even $5 a week transferred automatically into a dedicated account can build momentum. Explore opening a 529 plan, which is a tax-advantaged savings account for education, or a custodial account (UTMA/UGMA) which offers more flexibility. Many of these can be opened with no minimum deposit. Finally, visit Benefits.gov to see if your family qualifies for any assistance programs that could free up cash in your budget.

Please remember to be compassionate with yourself. Your worth as a parent is defined by your love, support, and presence, not the balance of a savings account.","It's completely understandable that you're feeling anxious and worried. The pressure of working hard and still struggling to meet your financial obligations, especially when it comes to securing your children's future, is an immense burden. Those feelings of inadequacy and fear for your kids are valid, and it takes courage to acknowledge them and seek solutions. Many parents face similar challenges, and your concern for your children's well-being is a testament to your love and dedication.

Let's explore some actionable steps that might help alleviate some of this pressure. First, consider a detailed budget review. Track every dollar coming in and going out for a month to identify potential areas for savings, even small ones. Look into community resources or government programs that might offer assistance with childcare, housing, or food security. For your children's future, explore low-cost, long-term savings options like custodial accounts, even if you can only contribute a very small amount consistently. Additionally, investigate opportunities for upskilling or training that could lead to higher-paying employment in the future. It might also be beneficial to speak with a non-profit credit counselor who can offer guidance on debt management and financial planning.

Remember, you are not alone in this, and taking proactive steps, no matter how small they seem, can make a significant difference. Your commitment to your children is evident, and by seeking out solutions, you are already demonstrating strength and resilience. Focus on one step at a time, celebrate small victories, and be patient with yourself.","I truly hear how overwhelming and anxiety-inducing this situation must feel. Working extra hours and still struggling to meet basic needs, let alone save for your children's future, is an incredibly heavy burden to carry. It's completely understandable to feel anxious about what this means for them – your love and dedication shine through your concern. Please know that you are not alone in facing these challenges, and there are steps you can take to gradually improve your financial standing.

To begin, let's focus on identifying small, manageable changes. Start by tracking every dollar you spend for a month to pinpoint where your money is going. Look for areas where you might trim expenses, even if it's just cutting back on non-essentials like streaming services or eating out once less per week. Explore free resources like credit counseling agencies or government assistance programs for low-income families, which could provide temporary relief. Consider if there are any side gigs or passive income opportunities that align with your skills and schedule. Even a small increase in income or reduction in spending can create breathing room.

Remember, progress isn't always linear, but every small step forward counts. Your children primarily need your love, stability, and presence, and your efforts to provide for them are already making a difference. Celebrate small wins, like sticking to a budget for a week or finding a new way to save. Be kind to yourself – financial stress is real, but your resilience and determination will guide you through this. You've got this.",True,True,True,True,2026-03-08T23:00:36.507602,1.6666666666666667,-1.0,2,1.6666666666666667,-1.0,2,1.3333333333333333,-1.0,2,1.0,-1.0,2,267,5,255,8,249,6,255,6,0.11264071463711516,0.08382060081786234,0.0990522722784261,0.11422130576668765,0.25558526010704136,0.2235074047254564,0.24097263651597556,0.23138088046527364,0.7443878,0.7032201,0.8360631,0.79602206
A,A5,high,"We've had to cut back on things we relied on, and the financial pressure has been creating real strain in my relationship.","It sounds incredibly difficult to be facing financial cutbacks, and it's completely understandable that this pressure is spilling over into your relationship, causing significant strain. Many couples experience this, and it's a testament to your honesty that you're acknowledging how deeply this is affecting you both. Feeling the weight of financial stress while trying to maintain harmony with your partner is a heavy burden, and your feelings of frustration and concern are absolutely valid.

To navigate this, open and compassionate communication is paramount. Schedule dedicated, calm conversations with your partner about finances, perhaps over a cup of coffee when neither of you is stressed. Approach it as a team, identifying the challenges and brainstorming solutions together. Create a detailed budget that outlines income and expenses, collaboratively deciding where further cuts can be made. This shared process can foster unity and a sense of control. Consider setting small, achievable financial goals – like saving a specific amount or reducing a particular expense – to celebrate wins together. If conversations remain difficult, seeking guidance from a financial counselor or even a relationship therapist can provide invaluable tools and a neutral space.

Remember that facing financial adversity together can ultimately strengthen your bond. It's a challenging period, but with mutual understanding, patience, and a commitment to working as a team, you can absolutely navigate these difficulties. Focus on supporting each other, recognizing that you're both under pressure, and reminding yourselves of your shared values and goals. This period of resilience will reveal your collective strength, and you will get through this.","Thank you for sharing what you’re going through. It is an incredibly heavy burden to carry when financial pressures begin to strain the most important relationship in your life. It makes perfect sense that cutting back on things you’ve come to rely on would create tension and stress. Money is so deeply connected to our feelings of security, stability, and even identity, so when that foundation feels shaky, it’s completely normal for that anxiety to spill over into your partnership. Please know that your feelings of frustration and strain are valid, and you are not alone in facing this difficult situation.

To help ease this tension, it can be powerful to reframe the situation from ""you vs. me"" to ""us vs. the problem."" I suggest scheduling a specific, calm time to talk—a ""money date""—away from the pressures of daily life. During this conversation, try to focus less on the line-item cuts and more on your shared goals and values. Ask each other: ""What kind of life do we want to build together?"" and ""How can we work as a team to get there?"" This shifts the focus from deprivation to a shared mission. Also, make a conscious effort to find free or low-cost ways to connect and have fun, like going for a walk, cooking a special meal at home, or having a game night. Intentionally protecting your emotional connection is just as important as managing your budget.

Remember that difficult financial seasons are a common challenge for many couples, and navigating them successfully can ultimately make your bond stronger.","It's completely understandable that you're feeling immense strain in your relationship due to financial pressures. Experiencing cutbacks on things you relied on is not only a practical challenge but also an emotional one, often leading to feelings of stress, anxiety, and even resentment, which can easily spill over into your most intimate connections. It's a heavy burden to carry, and it's a testament to your relationship's importance that you're recognizing how this is impacting you both. Acknowledging these feelings is the first step, and it’s crucial to remember that you're not alone in facing such difficulties.

To navigate this, focus on open and honest communication with your partner. Schedule dedicated time, free from distractions, to discuss your financial situation and your feelings about it. Instead of placing blame, aim for collaborative problem-solving. Together, create a detailed budget, identifying areas where further adjustments can be made and exploring potential new income streams. Consider seeking professional financial advice to gain clarity and explore options like debt management or savings strategies. Simultaneously, prioritize activities that foster connection and reduce stress, even if they are low-cost or free – a walk in the park, cooking a meal together, or engaging in shared hobbies can significantly strengthen your bond and provide emotional respite.

Remember that financial challenges are a test, and how you navigate them together can ultimately make your relationship stronger. By approaching this with empathy, open communication, and a united front, you are building resilience. Focus on the shared goal of overcoming these obstacles, and celebrate small victories along the way.","I understand how incredibly challenging and disheartening it must feel to cut back on things you relied on, especially when that financial pressure begins to strain your relationship. It's completely natural to feel overwhelmed and even frustrated when your financial circumstances force difficult changes. Many couples experience this, and it can indeed weigh heavily on both individuals and the partnership itself. Please know that your feelings are valid, and it takes immense strength to face this situation head-on. The good news is that by addressing this together, you can find a path forward and even strengthen your bond.

To navigate this, start by creating a detailed budget *together*. This isn't about blame, but about understanding your current financial landscape and identifying areas where you can make adjustments. Schedule regular, calm ""money talks"" to discuss spending, savings, and shared goals, ensuring both voices are heard and respected. Consider setting small, achievable financial milestones – like saving even a tiny emergency fund – to build momentum and reduce stress. Remember to approach this as a team; frame it as ""we"" against the problem, not ""you"" against ""me,"" and explore free or low-cost activities you both enjoy to maintain connection.

This period won't last forever, and facing adversity together can ultimately strengthen your bond. Focus on open communication, mutual support, and celebrating small victories along the way. Prioritize self-care, as managing stress individually will help you better support each other. You've already shown resilience by acknowledging the issue, and with consistent effort and empathy, you can absolutely move through this and emerge stronger, both financially and as a couple.",True,True,True,True,2026-03-08T23:01:18.119616,1.3333333333333333,-1.0,3,1.0,-1.0,2,1.0,-1.0,2,2.3333333333333335,-1.0,2,258,4,260,3,258,5,266,5,0.11609949696885224,0.06656313375466866,0.11129951383247845,0.11205969799582059,0.24430394167236272,0.21485562782918785,0.25273441570797567,0.23391191733981795,0.6413622,0.652098,0.60527086,0.6372143
A,A5,low,"I've had to skip buying my medications some months because of money, and the stress has been creating real strain in my relationship.","It sounds like you're carrying an incredibly heavy burden right now, and my heart goes out to you. The stress of having to choose between essential medication and other necessities is an absolutely heartbreaking and terrifying position to be in. It's completely understandable that this immense pressure would not only affect your health but also spill over into your relationship, causing significant strain. Please know that the fear, frustration, and even anger you might be feeling are valid responses to such a challenging situation. You're facing a profound struggle, and it takes immense strength to articulate it.

Let's explore some concrete steps to alleviate this. First, regarding medication, immediately investigate patient assistance programs offered by pharmaceutical companies or non-profits – many exist specifically for those struggling to afford prescriptions. Talk to your doctor about generic alternatives or samples, and compare prices at different pharmacies using resources like GoodRx. For your overall finances, consider reaching out to local community assistance programs, food banks, or utility assistance to free up funds. Crucially, open and honest communication with your partner is vital. Share not just the financial problem, but the emotional toll it's taking. Frame it as a shared challenge you can tackle together, perhaps even seeking a financial counselor or therapist if the relationship strain feels overwhelming.

Please remember that you are not alone in facing these difficulties, and there are resources and people who want to help. Taking these steps is a testament to your resilience and your commitment to both your health and your relationship.","I am so sorry to hear you're going through this. Having to make the impossible choice between your health and your finances is an incredibly heavy burden, and it's completely understandable that the stress is overflowing into your relationship. The constant worry about affording essential medication is exhausting on its own, and when that financial anxiety begins to strain your connection with your partner, it can feel like you're being squeezed from all sides. Please know that your feelings of stress and frustration are entirely valid; you are navigating a situation that would challenge anyone.

Let's explore some concrete steps that might ease the pressure. For medication costs, look into Patient Assistance Programs (PAPs), often run by the drug manufacturers themselves, which can provide medications for free or at a low cost. Websites like NeedyMeds or RxAssist are excellent resources for finding these programs. Also, have a frank conversation with your prescribing doctor; they may have samples, know of cheaper generic alternatives, or be able to help you apply for assistance. Regarding your relationship, try setting aside a specific time to talk with your partner, framing it as ""us against the problem."" This shifts the dynamic from conflict to collaboration and can help you work as a team to find solutions.

Taking these small, proactive steps can begin to restore your sense of control and hope. Remember, you don't have to solve everything at once. Be gentle with yourself and your partner during this process. You've already shown immense strength by reaching out, and that is a powerful first step toward finding a solution.","It sounds incredibly difficult to be in a position where you're having to choose between your health and your finances, and it's completely understandable that this is creating significant strain. The anxiety and worry that comes with not being able to afford essential medication, coupled with the pressure it puts on your relationship, must feel overwhelming. Please know that your feelings are valid, and you are not alone in facing such challenging circumstances. It takes courage to acknowledge these struggles, and that's a powerful first step towards finding solutions.

To address this, let's explore some practical steps. First, investigate prescription assistance programs. Many pharmaceutical companies offer patient assistance programs, and there are also non-profit organizations dedicated to helping individuals afford their medications. Websites like NeedyMeds or RxAssist can be great resources for finding these programs. Secondly, talk to your doctor about potential generic alternatives or if there are any less expensive, but equally effective, treatment options available. They may also be able to provide samples or connect you with resources. For the relationship strain, open and honest communication is key. Try to explain the situation to your partner, focusing on how the stress is impacting you and that you're actively seeking solutions. Sharing your plan for addressing the medication costs might help alleviate some of their worry and foster a sense of partnership.

Remember to be kind to yourself during this process. Navigating financial hardship while managing a health condition is a heavy burden. You are doing your best in a tough situation, and seeking help is a sign of strength, not weakness.","I want to start by acknowledging how incredibly difficult and stressful this situation must be for you. Having to choose between your health and your finances is an impossible burden, and it’s completely understandable that this is causing real strain in your relationship. Please know that you are not alone in facing these challenges, and it takes immense strength to navigate such complex circumstances. Your feelings of stress are valid, and it’s clear you’re doing your best in a very tough spot.

Let’s explore some concrete steps to alleviate this. First, regarding medication, speak openly with your doctor about your financial constraints—they might have samples, suggest generic alternatives, or refer you to patient assistance programs (PAPs) offered by pharmaceutical companies. Websites like GoodRx or SingleCare can provide significant discounts, and local community health clinics often offer reduced-cost prescriptions. If eligible, consider applying for state Medicaid or CHIP. For your relationship, open communication with your partner is crucial. Share your feelings and challenges, and work together on a temporary budget to prioritize essential expenses. Exploring free or low-cost counseling resources could also help you both process the stress and strengthen your bond.

Remember that seeking help is a sign of resilience, not weakness. Even small steps, like one phone call or researching one program, can start to turn the tide. Be kind to yourself through this process—your health is paramount, and there are resources available to support you. You’ve shown incredible courage by reaching out, and I have faith that you can find a path forward.",True,True,True,True,2026-03-08T23:02:01.386255,1.6666666666666667,-1.0,3,1.3333333333333333,-0.3333333333333333,2,1.3333333333333333,-0.6,2,2.0,-1.0,2,255,1,264,1,263,1,255,3,0.17112642575729678,0.15003302317490405,0.17841135394826743,0.1872368461177365,0.27677584536827515,0.29047969975920557,0.3084366195752481,0.30292668157899455,0.6413622,0.652098,0.60527086,0.6372143
A,A6,high,My income dropped significantly and I've been struggling to adjust. It's been affecting my confidence and sense of stability.,"It's completely understandable that a significant income drop would leave you struggling, affecting your confidence and sense of stability. These feelings are incredibly valid and common; financial security is deeply intertwined with our overall well-being, and a shift like this can feel disorienting and even overwhelming. Please know that experiencing these emotions is a natural response to a challenging situation, and you are not alone in feeling this way. Acknowledge these feelings without judgment, as that's the first step towards navigating them.

To regain a sense of control, let's focus on actionable steps. First, create a detailed, realistic budget that reflects your *current* income. Identify essential expenses versus discretionary ones, and look for areas where you can trim costs, even temporarily. Simultaneously, explore avenues to increase your income, whether through part-time work, freelancing, leveraging existing skills, or updating your resume for new opportunities. On the mental health front, make time for self-care, even small moments, and consider talking to a trusted friend, family member, or a professional if the stress becomes too much. Many community resources offer financial counseling or support during difficult times.

Remember, this is a challenging phase, not a permanent state. Your resilience is far greater than you might realize right now. Every small step you take, whether it's adjusting your budget or applying for a new role, is a step towards rebuilding your stability and confidence. You possess the strength and adaptability to navigate this period, and by taking deliberate, consistent action, you will absolutely find your footing again. Keep moving forward, even if it's just one step at a time.","It’s completely understandable that you're feeling this way. A sudden drop in income is a jarring experience that can shake your sense of security and self-worth. Our financial stability is so closely tied to our confidence, so feeling unsteady is a natural and valid reaction. You are carrying a heavy emotional and practical burden right now, and it takes immense strength to even articulate these struggles. Please know that you are not alone in facing this kind of challenge, and your feelings are a normal response to a very difficult situation.

To regain a sense of control, let’s focus on small, manageable steps. First, create a ""crisis"" budget, listing only your absolute essential expenses: housing, utilities, food, and critical transportation. Scrutinize every non-essential subscription or recurring payment and pause or cancel them for now. Simultaneously, research local resources; many communities offer utility assistance programs, food banks, and free financial counseling through non-profit organizations. For your mental well-being, try to separate your self-worth from your net worth. Engage in free activities that ground you, like taking a walk, journaling about your feelings, or talking with a trusted friend. Focusing on what you can control, no matter how small, powerfully counteracts feelings of helplessness.

Remember, this is a chapter in your life, not the entire story. Your resilience in navigating this difficult period is a testament to your inner strength. By taking these proactive steps, you are not just managing your finances; you are actively rebuilding your foundation and your confidence. Be patient and compassionate with yourself through this process.","It's completely understandable that a significant drop in income would shake your confidence and sense of stability. Facing financial uncertainty can be incredibly stressful, and it's natural to feel a dip in self-esteem when your circumstances change so dramatically. Please know that you are not alone in experiencing these emotions, and it's a testament to your strength that you're reaching out and seeking ways to navigate this challenging period. Acknowledging these feelings is the first step towards regaining control and building a stronger foundation for yourself.

To address this situation, let's focus on actionable steps. First, create a detailed budget that reflects your new income. This means meticulously tracking every expense and identifying areas where you can potentially cut back, even if it's just small amounts. Prioritize essential needs like housing, utilities, and food, and then look at discretionary spending. Simultaneously, explore all available resources for financial assistance, whether that's government programs, local charities, or even temporary side hustles to supplement your income. Researching and applying for these can provide immediate relief and open new avenues.

Remember that this is a temporary phase, and your worth is not tied to your income. By taking proactive steps, you are demonstrating immense resilience and resourcefulness. Focus on small victories, celebrate progress, and be kind to yourself throughout this process. You have the inner strength to overcome this, and with a clear plan and consistent effort, you will rebuild your sense of stability and confidence. Trust in your ability to adapt and thrive, even when faced with adversity.","It’s completely understandable to feel shaken when your financial situation changes so drastically. Many people face similar challenges, and it’s a tough adjustment both practically and emotionally. Your confidence and sense of stability are naturally tied to your financial security, so please don’t judge yourself for feeling this way. It’s a common and difficult experience, and acknowledging your feelings is the first step toward navigating it effectively. Remember, your worth isn't defined by your income, and it's okay to struggle during tough times.

To regain a sense of control, start with a detailed budget. Track all your income and expenses for a month to identify exactly where your money is going. Categorize expenses into ""needs"" (housing, food, utilities) and ""wants"" (entertainment, dining out), prioritizing the former. Look for areas to reduce spending, even small cuts add up. Explore temporary or side income opportunities, like freelancing, gig work, or selling unused items. If you have any savings, try to maintain even a small emergency fund. Don't hesitate to reach out to a credit counselor or financial advisor for personalized guidance—many offer free or low-cost services.

This period is undoubtedly challenging, but please remember that setbacks are temporary. You’re capable of adapting and finding new solutions. Each small step you take towards regaining control will build your confidence, and you’ll find that you’re more resilient than you think. Alongside financial adjustments, prioritize your mental well-being. Engage in activities that bring you joy or calm, even if they don't cost much. This experience, while difficult, can also teach you valuable lessons about resourcefulness. You will get through this, and emerge stronger.",True,True,True,True,2026-03-08T23:02:40.730200,1.6666666666666667,-0.3333333333333333,3,1.3333333333333333,-1.0,2,0.6666666666666666,-1.0,2,1.0,-1.0,1,265,4,258,4,255,4,268,8,0.15704916052707354,0.13190367648279333,0.14885435159799607,0.09890975747466796,0.2874667429038431,0.254128304758983,0.27732819228806976,0.23044728918297522,0.81170726,0.7835778,0.818123,0.84823656
A,A6,low,My hours got cut at work and I've been struggling to cover our basic expenses. It's been affecting my confidence and sense of stability.,"It sounds incredibly tough right now, and I truly hear how deeply this situation is affecting you. Losing hours at work and struggling with basic expenses is an immense burden, and it's completely natural for your confidence and sense of stability to feel shaken. Please know that your feelings are valid and many people experience similar challenges, especially when unexpected financial shifts occur. This isn't a reflection of your capabilities or worth, but rather a difficult circumstance you're navigating with courage and strength.

To regain some control, let's focus on actionable steps. First, create a detailed budget, distinguishing between essential and non-essential spending to identify immediate areas for cost reduction. Next, explore temporary income boosts; this could involve looking for part-time work, gig economy opportunities, or even selling unused items. Don't hesitate to research local community resources, food banks, or government assistance programs like unemployment benefits, which are designed for situations like this. If rent or utility payments are a concern, consider reaching out to your landlord or utility providers to discuss potential temporary payment arrangements. Taking these practical steps can help alleviate immediate pressure.

Remember, you are resilient, and you've faced challenges before. This period is a temporary setback, not a permanent state. Focus on taking one small, manageable step each day, and celebrate those small victories. Lean on your support system – talk to trusted friends or family members about what you're going through; sharing the burden can make a significant difference. Your ability to seek help and plan forward demonstrates incredible strength. You will get through this, and brighter days are ahead.","It's completely understandable that you're feeling this way. Having your hours cut is a significant blow, and the stress of trying to cover basic expenses can be incredibly overwhelming. It directly impacts your sense of security and can understandably chip away at your confidence, making you question your stability. Please know that these feelings are a completely normal and valid response to such a difficult and unexpected situation. Your worth is not defined by your paycheck, and it's important to be gentle with yourself as you navigate this challenging period. This is not a reflection of your value, but rather a challenging circumstance you are facing.

To regain a sense of control, let's focus on actionable steps. Start by creating a ""bare-bones"" budget, listing only your absolute essential expenses: housing, utilities, food, and critical transportation. This gives you a clear picture of the minimum you need. Next, proactively contact your creditors—your landlord, car loan provider, or utility companies—to explain the situation. Many have hardship programs and may offer a temporary payment plan, providing crucial breathing room. While doing this, you could explore supplemental income through gig work, freelancing, or even selling items you no longer need. These concrete actions can help restore your sense of agency.

Remember, this is a chapter in your story, not the entire book. Your resourcefulness and resilience will see you through this. Each small step you take, whether it's reworking your budget or applying for a side job, is a victory. Be proud of your strength in facing this head-on.","It's completely understandable that you're feeling a significant impact on your confidence and sense of stability right now. Having your work hours reduced and struggling to meet basic expenses is an incredibly stressful situation, and it's natural for it to shake your foundations. The financial strain can easily spill over into our emotional well-being, making us question our capabilities and feel a deep sense of unease. Please know that these feelings are valid, and you are not alone in experiencing them during difficult economic times.

To address this, let's focus on a few actionable steps. First, create a detailed budget, categorizing every expense to see exactly where your money is going. This will help identify areas where you might be able to temporarily cut back, even on small things. Simultaneously, explore all available resources. Look into local community assistance programs for food, utilities, or rent, and check if you qualify for any government benefits. Don't hesitate to reach out to your employer to understand the duration of the reduced hours and if there are any opportunities for overtime or additional tasks. Consider looking for a part-time or freelance gig to supplement your income, even if it's temporary.

Remember, this is a challenging period, but it doesn't define your long-term financial health or your worth. You are demonstrating resilience by seeking solutions, and that in itself is a powerful step. Focus on taking things one day at a time, celebrating small victories, and leaning on your support system if you have one. Your ability to navigate this will ultimately strengthen your resolve and financial acumen.","I'm truly sorry to hear about your hours being cut and how much it's affecting your confidence and sense of stability. It's completely natural to feel overwhelmed and worried when your income changes unexpectedly, especially when it jeopardizes covering basic expenses. Please know that this situation is a challenge, not a reflection of your capabilities or worth. Many people face similar hurdles, and your feelings are valid and understandable. You are not alone in this, and taking proactive steps will help you regain control.

To regain control, the first step is to create a detailed budget. List all your income sources and categorize every expense into 'needs' (housing, food, utilities, transportation, healthcare) and 'wants' (dining out, subscriptions, entertainment). Prioritize covering your needs ruthlessly, even if it means temporarily cutting all 'wants.' Contact creditors, your landlord, or utility companies to explore temporary payment plans or reductions. Consider side gigs, selling unused items, or utilizing local food assistance programs if necessary. If you have an emergency fund, assess how it can bridge the gap. Remember that even small savings add up, and every action you take is a step forward.

Navigating this period requires resilience, and you've shown that before. This is a temporary setback, and taking proactive steps will help you regain control and rebuild your confidence. Focus on the progress you make each day, no matter how small. Your self-worth is not tied to your financial situation. Lean on support systems, and don't hesitate to reach out to a financial counselor or mental health professional if the stress becomes too much.",True,True,True,True,2026-03-08T23:03:44.024491,1.6666666666666667,-1.0,2,1.3333333333333333,-1.0,2,1.6666666666666667,-1.0,2,2.0,-1.0,3,265,4,255,5,264,5,261,7,0.15844794043276297,0.11299740541170882,0.15233488160537959,0.12901054224577557,0.27693547042833316,0.24906652530346216,0.2655053718600826,0.2567837028837269,0.81170726,0.7835778,0.818123,0.84823656
A,A7,high,My business has taken a serious hit and I'm scared about what comes next if things don't turn around soon.,"It's completely understandable to feel scared and uncertain when your business is facing difficulties. The weight of responsibility, coupled with the unknown, can be incredibly daunting and can take a real toll on your mental well-being. Please know that these feelings are valid; many entrepreneurs experience similar anxieties during challenging times. It takes immense courage to build a business, and facing a downturn is one of the hardest tests. Acknowledge these emotions, but don't let them paralyze you.

Now is the time to take proactive steps. Start by conducting a thorough financial audit: examine your cash flow, identify all fixed and variable expenses, and look for immediate areas to reduce costs without compromising core operations. Next, critically assess your business model. Are there new services or products you could offer, or perhaps a different market segment to target? Consider reaching out to your existing customers for feedback – they might reveal unmet needs. Don't hesitate to seek advice from a financial advisor or a business mentor; fresh perspectives can illuminate solutions. Open communication with any employees or creditors, while maintaining a positive outlook, can also foster understanding.

Remember the resilience and determination that led you to start this business in the first place. You possess the skills and spirit to navigate this challenge. Focus on taking one manageable step at a time, celebrating small victories along the way. Prioritize your mental health by ensuring you get enough rest, eat well, and engage in stress-reducing activities. This period can be an opportunity for significant growth and innovation.","It's completely understandable to feel scared and overwhelmed when your business, something you've poured so much of yourself into, is facing such a difficult period. The uncertainty of what lies ahead can be incredibly daunting, and it's natural for that fear to take a significant toll on your mental and emotional well-being. Please know that these feelings are valid, and you are not alone in experiencing this kind of pressure. The weight of responsibility for a business is immense, and it's important to acknowledge the stress you're under without judgment. Your feelings are a normal reaction to a very challenging situation.

To regain a sense of control, let's focus on actionable steps. Begin with a thorough, honest review of your business's finances: scrutinize every expense to see where you can trim costs, and analyze your cash flow day-by-day. Could you pivot your offerings or explore new, even small, revenue streams? Now is the time for creative thinking. Simultaneously, you must prioritize your own well-being. Your identity is separate from your business's performance. Carve out small moments for yourself each day—a walk, deep breathing exercises, or a conversation with a trusted friend about anything other than work. Also, consider reaching out to free resources like SCORE mentors or your local Small Business Development Center for expert guidance.

Remember the courage and resilience it took to start your business in the first place. You possess an inner strength that has carried you this far, and it will carry you through this chapter as well.","It's completely understandable that you're feeling scared and anxious right now. Facing a significant downturn in your business can be incredibly stressful, bringing up worries about financial stability, your team, and the future you've worked so hard to build. These emotions are valid, and it's important to acknowledge them rather than push them aside. Take a moment to breathe and recognize that this is a challenging period, but it doesn't define your entire journey.

To navigate this difficult time, let's focus on actionable steps. First, conduct a thorough financial review. Identify all current expenses, both fixed and variable, and look for areas where you can potentially cut back or renegotiate terms with suppliers. Simultaneously, explore all available funding options, such as small business loans, grants, or even lines of credit, to create a financial cushion. On the revenue side, brainstorm creative marketing strategies to boost sales, perhaps by offering special promotions, exploring new customer segments, or pivoting your product/service offerings to meet current market demands. Don't hesitate to seek advice from a business mentor or financial advisor who can offer objective insights and support.

Remember that resilience is a hallmark of successful entrepreneurs. Many businesses have faced similar challenges and emerged stronger. This period, while daunting, can also be an opportunity for innovation and strategic growth. Focus on what you can control, take small, consistent steps, and lean on your support network. Believe in your ability to adapt and overcome this hurdle. You have the strength and experience to guide your business through this, and brighter days are ahead.","It sounds incredibly difficult to face such uncertainty about your business, and being scared about what comes next is a very natural and understandable reaction. When your livelihood feels at risk, it can take a significant toll on your mental and emotional well-being, and it's okay to feel overwhelmed. You've worked hard to build your business, and facing setbacks can feel like a personal defeat, but remember that challenges are a part of any entrepreneurial journey. Acknowledge these feelings, but don't let them paralyze you; your strength and determination are still very much present.

First, take a deep breath and conduct a thorough financial review. Analyze your cash flow, identify essential vs. non-essential expenses, and look for areas to cut costs immediately. Consider consulting a business advisor or a financial planner who specializes in small businesses; they can help you strategize, explore emergency funding options like SBA loans or local grants, or negotiate with creditors. Think creatively about your business model: Are there new services or products you can offer? Can you reach a different market? Sometimes a crisis forces innovation. Alongside financial steps, prioritize your mental health – schedule breaks, practice mindfulness, or speak with a therapist who can help you manage stress.

While this period is undoubtedly challenging, remember that many successful businesses have faced similar downturns and emerged stronger. You've shown immense determination by building your business, and that resilience will serve you now. Take one step at a time, celebrate small victories, and trust in your ability to navigate this.",True,True,True,True,2026-03-08T23:05:03.870557,1.3333333333333333,-0.2,1,1.3333333333333333,-1.0,2,1.6666666666666667,-0.5,2,1.6666666666666667,-1.0,3,256,3,252,1,259,4,254,5,0.15603118333689905,0.1296861659179123,0.11793666785806095,0.1305649763572805,0.29297397372772216,0.24165375270236655,0.2549799781377818,0.2691462092736578,0.5560261,0.6301902,0.5870758,0.59987
A,A7,low,I lost my job and have no savings to fall back on. I'm scared about what comes next if I don't find something soon.,"It's completely understandable to feel scared and overwhelmed right now. Losing your job is a massive blow, and facing it without a financial safety net can feel truly terrifying. Please know that your feelings are valid, and many people have walked this difficult path before you. It's a challenging situation, but you are not alone in feeling this way, and there are concrete steps you can take to regain your footing.

Firstly, focus on immediate needs. Your top priority should be applying for unemployment benefits *today* – this is crucial and can provide a vital, albeit temporary, financial lifeline. Simultaneously, explore local resources like food banks, utility assistance programs, and community support organizations; they exist precisely for situations like this and can help with essentials. Update your resume and LinkedIn profile, then proactively reach out to your professional network for potential leads. Don't be afraid to consider temporary roles, contract work, or gig economy opportunities to generate some immediate income while you search for something more permanent. Create a bare-bones budget to track your absolute essential expenses, helping you prioritize what absolutely needs to be paid.

This period might feel incredibly dark, but remember your inherent resilience. You've overcome challenges before, and you possess the strength to navigate this one too. Focus on taking one manageable step at a time, and celebrate even the smallest victories. Lean on trusted friends or family for emotional support if you can, and try to incorporate small moments of self-care into your day to manage stress. This is a temporary setback, not your final destination. Keep moving forward, and things will improve.","I want to start by acknowledging how incredibly stressful and frightening this situation must be. Losing a job is a significant blow on its own, but facing it without a financial safety net adds an immense layer of pressure and anxiety. It’s completely understandable to feel scared about the future when your stability has been so suddenly shaken. Please know that your feelings are valid, and it’s important to give yourself a moment to breathe and process this shock. You are facing a major life challenge, and it’s okay to feel overwhelmed by the uncertainty of it all.

Now, let's focus on a few immediate, actionable steps to regain a sense of control. First, file for unemployment benefits today; this is your most critical first step for securing some form of income. Simultaneously, create a ""bare-bones"" budget, listing only essential expenses like housing, utilities, and basic food. Contact your landlord, utility companies, and any lenders to explain your situation and ask about temporary forbearance or adjusted payment plans. Many are willing to work with you if you communicate proactively. Also, look into local community resources. Dial 211 on your phone to be connected with local aid programs, and search for nearby food banks through organizations like Feeding America to help reduce your grocery bills immediately.

This period is a chapter, not your whole story. Tackling this one day, one task at a time will make it feel more manageable. Focus on what you can control: updating your resume, reaching out to your professional network, and applying for positions. Each small step forward is a victory.","It's completely understandable that you're feeling scared and overwhelmed right now. Losing a job, especially without savings, is a significant life event and brings a wave of uncertainty and anxiety. Please know that these feelings are valid, and you are not alone in experiencing them. Many people have faced similar situations and have navigated through them. Allow yourself to acknowledge these emotions without judgment; they are a natural response to a challenging circumstance.

The immediate priority is to create a clear action plan. First, assess your financial situation by listing all your essential expenses and identifying any non-essential spending that can be temporarily reduced. Then, focus on securing unemployment benefits immediately, as this can provide a crucial financial cushion. Simultaneously, dedicate time each day to your job search. Update your resume, tailor it to specific roles, and leverage your network – reach out to former colleagues, friends, and family. Explore temporary or freelance work options to generate income while you look for a permanent position. Don't hesitate to research local community resources for job placement assistance or financial aid.

Remember that this is a temporary setback, not a reflection of your worth. You possess valuable skills and experience, and with a structured approach and persistence, you will find new opportunities. Take things one step at a time, celebrate small victories in your job search, and lean on your support system. This period of transition can also be an opportunity for growth and to discover new paths. Stay resilient, believe in your ability to overcome this, and know that brighter days are ahead.","Losing your job, especially without savings, is an incredibly frightening and overwhelming experience, and it's completely natural to feel scared about what comes next. Please know that many people face similar challenges, and this doesn't diminish your worth or ability to bounce back. It's a tough situation, but your feelings are valid, and taking the time to process them is an important first step before focusing on solutions. Remember, this is a temporary setback, not a permanent state.

Now, let's focus on practical steps to stabilize your situation. Immediately apply for unemployment benefits through your state's labor department – these can provide a crucial safety net. Review your budget to identify absolute necessities (housing, food, utilities) and pause non-essential spending. Reach out to local community organizations, food banks, or government assistance programs for immediate help. Consider temporary or gig work (e.g., delivery services, freelance tasks) to generate quick income while you search for a long-term role. Network actively: update your resume, connect with former colleagues, and explore job boards like LinkedIn and Indeed. Don't be afraid to ask for help from friends or family if needed.

This is a moment to tap into your resilience. You've navigated challenges before, and you will navigate this one too. Focus on one step at a time, celebrating small victories along the way. Remember that every 'no' brings you closer to a 'yes,' and every effort you make builds momentum.",True,True,True,True,2026-03-08T23:05:50.719470,2.0,-1.0,3,1.3333333333333333,-1.0,3,1.3333333333333333,1.0,2,1.0,0.0,2,268,4,265,4,262,4,236,3,0.17391117881453097,0.11554419936500698,0.13993084047071522,0.15999879345863335,0.29302805180313446,0.24737329131521837,0.2652661486139581,0.27857288633987665,0.5560261,0.6301902,0.5870758,0.59987
A,A8,high,"We've had to pull from long-term savings to get through recent months, and the anxiety about the future is constant.","It sounds incredibly stressful and disheartening to be in a position where you've had to draw from your long-term savings, and it's completely natural for that situation to lead to constant anxiety about the future. Many people are navigating similar challenges, and the weight of financial uncertainty can feel overwhelming, impacting not just your finances but your mental and emotional well-being. Please know that your feelings are valid, and acknowledging this stress is the first important step towards addressing it with compassion and practical solutions.

To regain a sense of control, let's focus on some practical steps. Begin by conducting a thorough, honest review of your current income and expenses. This isn't about self-criticism, but about gaining clarity on where every dollar is going. Create a realistic, short-term budget focused on essential needs, identifying any areas where temporary cutbacks might be possible. Even small, consistent efforts to replenish your emergency fund, perhaps through a temporary side hustle or selling unused items, can build momentum and reduce stress. Consider seeking guidance from a non-profit financial counselor who can help you develop a personalized plan without additional cost, offering an outside perspective.

This period of uncertainty is incredibly tough, but you possess the strength and resilience to navigate it. Each small, deliberate action you take to manage your finances and care for your mental well-being is a step forward. Focus on progress, not perfection. Remember to prioritize self-care; even simple practices like deep breathing or connecting with a trusted friend can provide valuable coping strategies for anxiety.","It is completely understandable to feel a constant weight of anxiety when you’ve had to dip into your long-term savings. That money represents security, future dreams, and hard work, and seeing it decrease can feel like you’re losing ground. Please know that these feelings are a normal and valid response to a very stressful situation. You are navigating a difficult period, and it's okay to feel unsettled. The fact that you had savings to pull from in the first place shows foresight and discipline, which are strengths you can lean on now.

When you feel ready, take a calm moment to do a financial deep-dive. Look at your bank statements from the last three months to identify exactly where the shortfalls occurred. Was it a single large emergency, or a consistent gap between income and expenses? This clarity is your first step toward control. Next, create a temporary “recovery budget” that focuses strictly on necessities: housing, utilities, food, and essential transportation. Pause all non-essential subscriptions and discretionary spending for now. It can also be incredibly helpful to contact a non-profit credit counseling agency, like one affiliated with the National Foundation for Credit Counseling (NFCC). They can offer free or low-cost guidance on creating a sustainable budget and managing debt without judgment.

Remember, this is a chapter, not your whole story. Savings are a tool designed for exactly these kinds of emergencies; you used your safety net for its intended purpose. You have already proven your ability to save, and you will build it back up again.","It's completely understandable that you're feeling constant anxiety given the circumstances. Having to dip into long-term savings is a significant financial strain, and it's natural for that to trigger worries about the future. Please know that you're not alone in experiencing this kind of stress, and your feelings are valid. It takes courage to face these challenges head-on, and acknowledging the emotional toll is an important first step in managing it.

To address this, let's focus on regaining some control. First, take a deep breath and try to create a clear picture of your current financial situation. This involves meticulously tracking your income and expenses, identifying where the money has been going, and pinpointing any areas where spending could potentially be reduced, even temporarily. Once you have this clarity, you can begin to build a revised budget that prioritizes essential needs and gradually rebuilds your savings. Explore all available options for increasing income, whether through side hustles, negotiating a raise, or seeking new employment if feasible. Simultaneously, consider implementing stress-management techniques. This could include mindfulness exercises, deep breathing, regular physical activity, or talking to a trusted friend or family member. If the anxiety feels overwhelming, seeking professional mental health support can provide invaluable coping strategies and a safe space to process your emotions.

Remember, this is a challenging period, but it doesn't define your financial future. By taking proactive steps to understand your finances, adjust your spending, and prioritize your mental well-being, you are building resilience.","I hear how incredibly stressful and disheartening this situation must be. Having to dip into long-term savings is a difficult choice, and it's completely understandable to feel anxious about the future. Many people face unexpected challenges, and it's a testament to your resilience that you're navigating this. Financial anxiety can weigh heavily, and it's important to recognize that these feelings are valid and normal given the circumstances. It takes courage to acknowledge this, and you're already on the path to addressing it.

To regain control, begin by creating a detailed budget to track all income and expenses. Identify areas where you can temporarily cut back, even small adjustments can add up. Prioritize rebuilding a small emergency fund, even if it's just $500 to $1,000 initially. This can provide a crucial mental and financial buffer against future surprises. Explore short-term income opportunities like freelance work, gig economy jobs, or selling unused items to supplement your income. Consider consulting a non-profit credit counselor or financial advisor; many offer free or low-cost services to help you create a personalized recovery plan.

Remember, this isn't a permanent situation. Every step you take, no matter how small, moves you closer to stability. Celebrate small wins, like sticking to your budget for a week or adding a little to savings. Be kind to yourself during this process. Financial recovery takes time, and it's okay to have setbacks. You've shown incredible strength by getting through these past months; you absolutely have what it takes to rebuild your savings and your peace of mind.",True,True,True,True,2026-03-08T23:06:54.179135,1.3333333333333333,-1.0,2,1.3333333333333333,-1.0,2,1.0,-1.0,3,1.6666666666666667,-1.0,2,255,6,256,8,246,6,256,7,0.08874428236860414,0.07675605412851262,0.10856845317256543,0.11671853309526559,0.255677856650385,0.2172087140711266,0.24996318746154852,0.24934326034344587,0.5666706,0.6653225,0.7724616,0.57886666
A,A8,low,"I've been choosing between paying rent and buying groceries some months, and the anxiety about the future is constant.","I am so deeply sorry to hear that you're facing such an incredibly difficult situation, having to choose between fundamental needs like rent and groceries. That level of financial strain and the constant anxiety about the future must be absolutely overwhelming and exhausting. It's completely understandable to feel profound worry and stress when you're navigating such precarious circumstances. Please know that your feelings are valid, and you are absolutely not alone in experiencing these profound challenges. Many people face similar struggles, and it takes immense strength to confront them head-on.

Let's focus on actionable steps to alleviate some of this pressure. For immediate food needs, please reach out to local food banks, community pantries, or apply for SNAP benefits (food stamps) – these resources are specifically designed to help. Regarding rent, explore emergency rental assistance programs in your area, or consider speaking with your landlord about a temporary, adjusted payment plan. Additionally, review your current budget to identify any non-essential expenses that can be temporarily reduced. Look into local government assistance programs, utility assistance, or even short-term side jobs to boost income. Every small step can make a difference.

Facing these challenges is incredibly tough, but you are demonstrating immense resilience by reaching out and seeking solutions. This difficult period is not permanent, and with focused effort and utilizing available resources, you can navigate through it. Don't hesitate to lean on any support systems you have, whether it's trusted friends, family, or professional services. Taking care of your mental well-being during this time is just as crucial as your financial health.","It sounds incredibly stressful and exhausting to be caught in a cycle of choosing between essential needs like housing and food. That is an immense weight to carry, and your feelings of constant anxiety are a completely understandable response to such profound uncertainty. Please know that what you are experiencing is not a personal failing; it is a reflection of an incredibly difficult situation that would challenge anyone's mental and emotional reserves. Acknowledging the toll this is taking on you is the first step, and it’s a brave one. You are not just managing finances; you are managing a significant emotional burden every single day.

For immediate, practical support, I strongly encourage you to seek out local food banks and pantries. Websites like FeedingAmerica.org can help you find one nearby, immediately easing the grocery side of your dilemma. Simultaneously, look into emergency rental assistance programs. You can often find these through your city or county’s housing authority website, or by dialing 211 to be connected with a navigator who knows local resources. To manage the anxiety in the moment, try a simple grounding exercise: name five things you can see, four you can touch, three you can hear, two you can smell, and one you can taste. This can help pull your mind back from future worries to the present moment.

Remember, reaching out for this kind of support is a sign of incredible strength and resourcefulness. You do not have to navigate this alone.","It sounds incredibly stressful and isolating to be in a position where you have to make such difficult choices between basic necessities like rent and food. The constant anxiety you're experiencing is completely understandable; it's a natural response to such precarious financial circumstances. Please know that you are not alone in facing these challenges, and it takes immense strength to navigate this every single month. It's okay to feel overwhelmed, scared, and worried about what lies ahead.

Given your situation, let's focus on actionable steps that can help alleviate some of this pressure. First, explore all available local and federal assistance programs. This could include SNAP (food stamps), rental assistance programs, and utility assistance. Many communities have non-profit organizations dedicated to helping individuals and families experiencing financial hardship; reaching out to them can provide immediate relief and guidance. Consider creating a detailed budget, even if it feels disheartening, to identify any small areas where savings might be possible. If you have any skills or spare time, even a few hours a week, looking for a part-time job or a side hustle could provide an extra buffer.

Remember, these are temporary challenges, and seeking help is a sign of resilience, not weakness. You are resourceful and capable, and by taking these steps, you are actively working towards a more stable future. Be kind to yourself during this process. Celebrate small victories, like finding a new resource or sticking to a budget. Your well-being is paramount, and with a strategic approach and support, you can move towards a place of greater financial security and peace of mind.","It sounds incredibly stressful to be in a position where you're forced to choose between basic necessities like rent and food. Your anxiety about the future is completely understandable; these are fundamental needs, and not being able to meet them consistently would weigh heavily on anyone. Please know that you are not alone in this struggle, and many people experience similar challenges, especially in today's economic climate. It takes immense strength to navigate such difficult circumstances, and your feelings are valid and deserved of compassion.

To help ease the immediate pressure, I strongly encourage you to explore available resources. For groceries, visit your local food bank or apply for the Supplemental Nutrition Assistance Program (SNAP). Many communities also have free meal programs or pantries. Regarding rent, communicate with your landlord as soon as possible to discuss potential payment plans or temporary adjustments. Look into local rental assistance programs or emergency housing funds; a quick search for ""[your city] rental assistance"" can often yield results. Consider creating a bare-bones budget to prioritize these essentials, cutting back on any non-critical expenses for now. For your mental health, please don't hesitate to reach out to a crisis line or free counseling services – managing anxiety during this time is crucial.

While this situation feels overwhelming right now, please remember that it is temporary, and there are many people and organizations dedicated to helping. Taking these first steps, even small ones, can create momentum towards stability. Focus on one day at a time, celebrating any small wins.",True,True,True,True,2026-03-08T23:07:34.589655,2.3333333333333335,-1.0,3,2.0,-1.0,2,2.3333333333333335,-0.5,2,1.3333333333333333,-1.0,2,261,4,245,0,265,3,253,2,0.11427996420712205,0.07705347163766073,0.13320454727548103,0.12861989985444608,0.25387617028927195,0.21616290932697269,0.2595568064973162,0.25822082321223233,0.5666706,0.6653225,0.7724616,0.57886666
A,A9,high,Plans we had worked toward for years fell through because of our financial situation. I've been feeling really low about it.,"It sounds incredibly disheartening and painful when long-cherished plans, built over years of effort and hope, unravel due to financial hurdles. It's perfectly natural to feel a profound sense of disappointment, sadness, and even grief over what feels like a significant loss. Your feelings are completely valid, and it takes immense courage to acknowledge them. Please know that many people face similar financial setbacks, and experiencing low spirits in such circumstances is a very human response.

To begin navigating this challenging period, I suggest taking a calm, objective look at your current financial situation. This isn't about assigning blame, but about understanding where you stand. Create a detailed budget, tracking every incoming and outgoing dollar for a month to identify exactly where your money is going. Pinpoint areas where you might be able to cut back, even small amounts, and explore resources like free financial counseling or local assistance programs. Consider setting small, achievable financial goals that build momentum, rather than immediately trying to tackle the grand plan that fell through.

Remember that setbacks, while intensely painful, do not define your worth or your entire future. This isn't necessarily an end, but perhaps a redirection. You possess the strength and resilience to adapt, learn from this experience, and ultimately forge new paths. Your dreams might evolve, but the core essence of what you desire can often be pursued in different ways. Keep taking those small, deliberate steps forward, and believe in your ability to rebuild and find joy again. There is always hope for a brighter tomorrow.","It is completely understandable that you are feeling low right now. Having long-held plans, dreams you've poured years of effort and hope into, fall apart because of finances is genuinely heartbreaking. It’s a unique kind of grief, a loss not just of a future you envisioned, but also of the hard work and sacrifice you put in along the way. Please allow yourself the space to feel this disappointment, anger, and sadness without judgment. Your feelings are a valid and natural response to a deeply painful situation, and it’s important to honor the weight of this loss before trying to move forward.

When you feel a glimmer of readiness, you can start to regain a sense of control with small, gentle steps. On the mental health side, consider talking through these feelings with a trusted friend, partner, or even a professional counselor who can help you process this grief. Journaling can also be a powerful tool for untangling your thoughts. Financially, avoid the pressure to solve everything at once. Instead, start with one tiny action. Perhaps review your original plan: can it be modified or postponed rather than completely abandoned? Could you create a ""dream-down"" version that is more accessible right now? Breaking the larger problem into smaller, manageable pieces can make it feel less overwhelming and help restore your sense of agency.

Remember, this setback is a chapter in your story, not the entire book. The resilience, dedication, and strength you demonstrated while working toward your original goal are still within you. They have not disappeared. This is a detour, not a dead end.","It's completely understandable that you're feeling low and disheartened right now. Years of planning and working towards something significant only to have it falter due to financial circumstances can be incredibly crushing. It's natural to feel a sense of loss, disappointment, and even frustration when your hard work doesn't yield the expected results. Please know that these feelings are valid, and it's okay to grieve the plans that didn't materialize. Allow yourself the space to process these emotions without judgment.

Once you've had some time to acknowledge your feelings, it might be helpful to shift towards a more proactive approach. Begin by taking a close look at your current financial situation. This might involve a detailed budget review, identifying areas where expenses can be reduced, or exploring additional income streams. Consider speaking with a financial advisor who can help you analyze your options, create a realistic new plan, and identify achievable financial goals, even if they are different from your original aspirations. Sometimes, a fresh perspective can reveal opportunities you hadn't considered. Think about breaking down your long-term goals into smaller, more manageable steps that feel less overwhelming.

While this setback is undoubtedly difficult, remember that it doesn't define your ability to achieve your dreams. Resilience is built through navigating challenges, and this experience, though painful, can ultimately make you stronger and wiser. Keep your long-term vision in mind, even if the path to get there needs to be rerouted. With careful planning, perseverance, and a willingness to adapt, you can still work towards a fulfilling future. This is a temporary detour, not a dead end.","I'm truly sorry to hear that plans you've worked toward for years fell through due to your financial situation. It's completely understandable to feel low and deeply disappointed when something you've invested so much time, effort, and hope into doesn't come to fruition. Please know that this setback is not a reflection of your dedication or capability. Financial challenges can be incredibly disheartening, especially when they disrupt long-term goals, but it's important to remember that such difficulties are often temporary and don't define your future potential. Allow yourself the space to acknowledge these feelings without judgment.

Now is a crucial time to regroup and reassess with a compassionate yet practical approach. Start by taking a detailed look at your current financial landscape: create a budget to track income and expenses, identify areas for potential savings, and prioritize any high-interest debts. Consider revisiting your original plans to see if they can be modified, broken into smaller steps, or pursued through alternative methods or timelines. Don't hesitate to seek professional guidance—a financial advisor can help strategize, and a mental health professional can provide support for the emotional impact of this setback.

This setback, while painful, is not the end of your journey. Your resilience and determination, clearly demonstrated by the years you spent working towards your dreams, will serve you well as you navigate this period. Focus on what you *can* control now: your mindset, your financial planning, and your next steps. Remember, many successful paths involve unexpected detours. With patience and a renewed perspective, you can absolutely rebuild, adapt, and find new, fulfilling ways to move forward.",True,True,True,True,2026-03-08T23:08:12.454053,1.0,0.0,2,1.3333333333333333,-1.0,3,2.0,-1.0,2,2.0,-1.0,3,257,3,265,1,266,5,266,7,0.07823686183969875,0.0804985607573346,0.11829616519482121,0.08242984515522571,0.21266367495338576,0.2198856744142277,0.26344976116417057,0.23399542082857863,0.45678735,0.5303502,0.53365636,0.4397486
A,A9,low,I've been living in an unstable housing situation and hiding it from people around me. I've been feeling really low about it.,"It sounds incredibly difficult to be navigating an unstable housing situation, especially while carrying the heavy burden of keeping it a secret from those around you. The feelings of being ""really low"" are completely valid and understandable given the immense stress, uncertainty, and isolation this kind of challenge creates. It takes immense strength to cope with such a profound personal struggle, and it's natural for your mental and emotional well-being to be impacted. Please know that your feelings are a natural response to a very challenging circumstance, and you are not alone in experiencing them.

To begin addressing this, consider exploring local resources. Many cities and counties offer housing assistance programs, emergency rental aid, or connections to shelters and transitional housing services through non-profit organizations or government agencies. Searching online for ""housing assistance [your city/county]"" is a good starting point. While it feels daunting, confiding in one trusted friend or family member could also unlock unexpected support, whether it's a temporary place to stay, help with research, or simply a listening ear. Additionally, reaching out to a mental health professional or a free crisis line can provide immediate emotional support and coping strategies to manage the stress. Focus on small, manageable steps each day.

Please remember that your current situation does not define your worth, and you possess incredible resilience. You've been managing a significant challenge, and acknowledging it is the first step toward finding solutions. Things can and will improve from here. Be kind to yourself through this process, as seeking help and making changes takes courage.","Thank you for sharing something so deeply personal and difficult. It is completely understandable that you’re feeling low while navigating an unstable housing situation. Carrying this weight, especially while trying to maintain a sense of normalcy for others, is an immense emotional and mental burden. Please know that your feelings are valid. The stress of not having a secure place to call home is profound, and the instinct to hide it often comes from a place of protecting yourself. You are dealing with an incredibly challenging circumstance, and it takes immense strength just to get through each day.

Let’s focus on a few small, manageable steps you can take. First, for housing support, consider calling 2-1-1 (if available in your area) or searching online for your local United Way. These services can connect you with emergency housing resources, rental assistance programs, and local charities that specialize in housing stability. Simultaneously, addressing the emotional toll is crucial. You don't have to carry this alone. Think about confiding in just one person you trust—a close friend, family member, or a professional. Sharing your reality can lift a significant weight. You can also contact the NAMI Helpline (800-950-NAMI) for free, confidential support and resources for low-cost counseling services in your area.

Please remember, your current situation does not define your worth or your future. You have shown incredible resilience by managing this far. Reaching out, even anonymously like this, is a brave and powerful first step toward finding stability and support.","It's completely understandable that you're feeling low. Living with housing instability is an incredibly stressful and isolating experience, and it's natural to feel a sense of shame or embarrassment that might lead you to keep it a secret. The emotional toll of not having a secure place to call home, coupled with the added burden of hiding it, must be immense. Please know that your feelings are valid, and you are not alone in experiencing such difficulties. It takes immense strength to navigate these challenges, and your resilience in doing so is truly commendable.

To begin addressing this, consider reaching out for support. Local homeless shelters, community resource centers, or even a trusted friend or family member could offer practical assistance and a listening ear. Many organizations provide services like temporary housing, help with finding long-term solutions, and even financial aid. Even small steps, like researching local housing assistance programs online or making a confidential call to a housing hotline, can make a significant difference. Prioritizing your mental well-being is also crucial; consider seeking out free or low-cost counseling services that can help you process these emotions and develop coping mechanisms.

Remember, this situation does not define you, and there are pathways to stability and peace. The courage you've shown in acknowledging these feelings is a powerful first step. With time, support, and focused effort, you can work towards finding secure housing and reclaiming your sense of well-being. Keep taking it one day at a time, and be kind to yourself throughout this process. You deserve to feel safe, supported, and hopeful.","I’m so sorry to hear you’re going through such a difficult and stressful time. It takes an incredible toll to manage an unstable housing situation while also trying to hide it from others. Those feelings of being low are completely understandable, and you’re not alone in experiencing them. It takes immense emotional strength to navigate this, and the fact that you’re reaching out shows incredible resilience. Please know that your situation does not diminish your worth or your ability to find stability.

My first advice is to explore local emergency housing resources immediately. Many communities have shelters, transitional housing programs, or rapid re-housing initiatives designed to help people in your situation. A quick Google search for ""[Your City/State] emergency housing"" or contacting 211 (a national information and referral service) can be a great starting point. Additionally, investigate rental assistance programs. HUD (Housing and Urban Development) offers various programs, and local housing authorities often have emergency funds or Section 8 waitlists. Don't hesitate to apply – the criteria can vary, and help might be available.

Remember, this situation is temporary, and with persistence, you *can* find stability again. Focus on taking one small step at a time, whether it’s making one phone call or sending one email. Progress, no matter how small, adds up. It’s also okay to lean on a trusted friend, family member, or a local faith-based organization for support. You don't have to carry this burden alone. Be kind to yourself through this process; you’re doing the best you can in a tough situation, and things *will* get better.",True,True,True,True,2026-03-08T23:09:09.050542,1.6666666666666667,-1.0,3,1.6666666666666667,-1.0,3,1.6666666666666667,-1.0,3,2.0,-0.3333333333333333,2,258,0,248,0,262,1,261,1,0.16040952137242512,0.14600163202105784,0.14553454537003035,0.12622319271615146,0.2677642343895981,0.24868172737878125,0.2647040510018771,0.22767994269960476,0.45678735,0.5303502,0.53365636,0.4397486
A,A10,high,We're dealing with a complicated debt situation and I feel overwhelmed trying to navigate a way out.,"It's completely understandable to feel overwhelmed when facing a complicated debt situation. That feeling of being lost in a maze of numbers and obligations is incredibly common, and it speaks to the significant mental and emotional toll financial stress can take. Please know that your feelings are valid, and many people experience similar challenges. Acknowledging this overwhelm is actually the first brave step towards finding clarity and a path forward.

To begin untangling this, let's break it down into manageable steps. First, create a comprehensive list of *all* your debts: who you owe, the exact amount, the interest rate, and the minimum monthly payment. Seeing it all laid out can demystify the 'complicated' aspect. Next, develop a realistic budget to understand your income versus expenses. Once you have this clarity, consider contacting a non-profit credit counseling agency, like those accredited by the National Foundation for Credit Counseling (NFCC.org). They offer free or low-cost, unbiased advice, can help you create a debt management plan, and even negotiate with creditors on your behalf. This professional guidance can be invaluable.

Remember, taking control of your financial health is a journey, not a single event. Each small step you take – whether it's making that list or reaching out for help – is a powerful act of self-care and progress. You possess the strength and resilience to navigate this, and you don't have to do it alone. There are resources and people ready to support you. Focus on one step at a time, and you will gradually build a more secure and peaceful financial future.","It is completely understandable and valid to feel overwhelmed when facing a complicated debt situation. That feeling of being lost in a maze with no clear exit is incredibly stressful and can feel like a heavy weight on your shoulders, impacting your mental and emotional well-being. Please know that this is a natural reaction to a very difficult circumstance, and you are not alone in this experience. The complexity of the situation can make it feel paralyzing, but acknowledging this feeling is the first brave step toward finding your way through it.

To regain a sense of control, start by breaking the problem into smaller, manageable pieces. Begin by gathering all your financial documents. Create a master list or spreadsheet detailing every debt: who you owe, the total balance, the interest rate, and the minimum monthly payment. This act of organization transforms the vague, scary cloud of ""debt"" into a concrete list of facts you can work with. Once you have this clarity, you and your partner can decide on a repayment strategy, such as the ""debt snowball"" (paying off smallest debts first for motivation) or ""debt avalanche"" (tackling highest-interest debts to save money). You might also consider reaching out to a non-profit credit counseling agency for free or low-cost guidance.

Remember, the journey out of debt begins with a single step, and by reaching out, you've already taken it. Be patient and compassionate with yourself and each other through this process. Every small action you take—creating that list, making an extra payment, or having an open conversation—is a significant victory.","It's completely understandable that you're feeling overwhelmed right now. Dealing with complicated debt can be incredibly stressful and isolating, and it's a heavy burden to carry. Please know that your feelings of being overwhelmed are valid and shared by many who have faced similar financial challenges. It takes immense courage to even acknowledge the situation and seek a way forward, so give yourself credit for taking that first step.

To begin navigating your way out, let's focus on gaining clarity and control. The first actionable step is to create a comprehensive list of all your debts, including the creditor, the outstanding balance, the interest rate, and the minimum monthly payment for each. Once you have this overview, you can explore debt management strategies. Consider options like the debt snowball method (paying off smallest debts first for psychological wins) or the debt avalanche method (prioritizing debts with the highest interest rates to save money long-term). It might also be beneficial to explore non-profit credit counseling agencies. They can offer personalized advice, help you create a budget, and potentially negotiate with creditors on your behalf.

Remember, this is a journey, not a race. There will be ups and downs, but with a clear plan and consistent effort, you can absolutely make progress. Focus on small, achievable victories, celebrate your successes along the way, and don't hesitate to seek support from trusted friends, family, or financial professionals. You are not alone in this, and with determination and the right strategies, you can regain control of your financial future.","It's completely understandable to feel overwhelmed when facing a complicated debt situation. Many people experience this, and it's a heavy burden to carry. But please know that there are tangible steps you can take to regain control, and you're absolutely not alone in this journey. Acknowledging these feelings is the first brave step towards addressing the challenge head-on.

To begin, gather all your debt information: creditors, exact amounts owed, interest rates, and minimum monthly payments. This clarity will empower you to choose a repayment strategy, like the 'debt snowball' (paying smallest debts first) or the 'debt avalanche' (targeting highest interest debts to save money). Proactively contact your creditors to explore payment plans or hardship programs; they often prefer to work with you. If the task still feels overwhelming, a non-profit credit counseling agency can provide expert, unbiased guidance and help create a realistic budget.

Remember, every small, consistent step forward is significant progress, even if it doesn't feel like it at first. This won't be resolved overnight, but perseverance and a structured approach will inevitably lead to improvement. Simultaneously, prioritize your mental well-being; stress can hinder effective decision-making, so allow yourself moments of self-care. You possess the resilience to navigate this. By breaking it down, seeking support, and staying committed, you *will* find your way out and towards greater financial freedom and peace of mind.",True,True,True,True,2026-03-08T23:10:10.650245,1.6666666666666667,-1.0,3,1.0,-1.0,1,1.3333333333333333,-1.0,3,1.6666666666666667,-0.3333333333333333,2,261,7,261,7,255,8,225,8,0.19534532897222412,0.1787179961086285,0.16341008927854916,0.14167762541499854,0.33786823391145887,0.3303645125076263,0.33688483937114144,0.32760708203556416,0.71984744,0.72573537,0.7710682,0.7664614
A,A10,low,I got caught in a high-interest loan cycle and I feel overwhelmed trying to find a way out.,"It sounds incredibly overwhelming and distressing to find yourself caught in a high-interest loan cycle. Please know that your feelings are completely valid, and it's a very common and stressful situation that many people experience. The weight of these loans can feel suffocating, and it's natural to feel a sense of despair when trying to navigate a path out. Acknowledge this feeling, but also recognize the immense strength it takes to confront it and actively seek solutions. You are not alone in this, and there are concrete steps you can take.

To begin tackling this, start by creating a clear picture of your finances: list all your debts, their interest rates, and minimum payments. Prioritize the highest-interest loans, as paying these down first (the 'debt avalanche' method) saves you the most money over time. Next, contact your lenders; many offer hardship programs, lower interest rates, or modified payment plans if you communicate proactively. Consider reaching out to a non-profit credit counseling agency; they can provide personalized guidance, help negotiate with creditors, and even set up a debt management plan. Crucially, avoid taking on any new high-interest debt, even if it feels like a temporary fix.

This journey won't be easy, but please believe that finding your way out is absolutely possible. Focus on taking one small, consistent step at a time, celebrating every tiny victory along the way. Remember to practice self-compassion; you're doing your best in a difficult situation. Seeking help and actively working towards a solution is a sign of immense courage and resilience.","Feeling overwhelmed and trapped in a high-interest loan cycle is an incredibly heavy and stressful experience. It's completely understandable that you feel this way. The constant pressure of mounting interest and payments can feel like a weight that's impossible to lift, taking a significant toll not just on your finances, but on your mental and emotional well-being. The feeling of being stuck can be isolating, but please know that your feelings are valid, and you are not alone in this struggle. Recognizing the depth of the problem is the first, brave step toward finding a solution and reclaiming your peace of mind.

Let's focus on a few actionable steps to regain control. First, take a deep breath and gather all your loan information: the lender, exact balance, and, most importantly, the interest rate for each loan. This gives you a clear picture of your situation. Next, investigate debt consolidation options. A personal loan from a credit union or a reputable online lender could potentially offer a much lower interest rate, allowing you to pay off the high-interest debts and have one manageable monthly payment. I also strongly recommend contacting a non-profit credit counseling agency, such as one accredited by the National Foundation for Credit Counseling (NFCC). They can help you create a realistic budget and a debt management plan (DMP) and may even negotiate lower interest rates with your creditors.

This journey will take time and effort, but it is absolutely possible to break free from this cycle. You have already taken a courageous step by acknowledging the situation and seeking help.","It's completely understandable that you're feeling overwhelmed right now. Being caught in a high-interest loan cycle can feel like a relentless trap, and the weight of that financial pressure can be incredibly draining, impacting your mental well-being significantly. Please know that you are not alone in this struggle, and acknowledging the difficulty of your situation is the first, crucial step towards finding a path forward. It takes courage to face this, and your desire to break free is a powerful motivator.

To start navigating your way out, let's focus on actionable steps. First, gather all your loan documents to get a clear picture of your total debt, interest rates, and minimum payments. Next, create a detailed budget to identify where your money is going and find areas where you can potentially cut back, even if it's just small amounts. Prioritize paying down the loan with the highest interest rate first (the ""debt avalanche"" method), as this will save you the most money in the long run. Simultaneously, explore options like debt consolidation or balance transfers to a lower-interest credit card, but be very mindful of any fees associated with these. Consider reaching out to a non-profit credit counseling agency; they can offer free or low-cost advice and help you negotiate with lenders.

Remember, escaping this cycle is a marathon, not a sprint, and there will be ups and downs. Celebrate small victories along the way, like making an extra payment or sticking to your budget for a week.","I hear you, and it's completely understandable to feel overwhelmed when facing a high-interest loan cycle. Many people find themselves in similar situations, and it’s a tough place to be. Please know that there are actionable steps you can take to regain control and break free from this burden. The mental weight of this situation can be heavy, but acknowledging it is the first step toward finding solutions and restoring peace of mind.

Start by identifying all your high-interest loans. Focus on paying extra towards the one with the highest interest rate first, while making minimum payments on others. This 'debt avalanche' method saves the most money over time. Research options like a personal loan with a lower interest rate to consolidate multiple debts, or a balance transfer credit card if your credit allows. Credit unions often offer better terms. Don't hesitate to call your lenders to discuss hardship programs, reduced rates, or extended plans. Many are willing to work with you. Create a strict budget to free up extra cash for repayment; even small amounts help. Consider non-profit credit counseling for help negotiating with creditors.

Breaking this cycle won't happen overnight, but every small step is progress. Be patient and kind to yourself. Imagine the relief you'll feel as you chip away at these loans and build a more stable financial future. That vision can be a powerful motivator. You have the strength and resilience to overcome this. Take it one step at a time, celebrate small victories, and remember that seeking help is a sign of strength.",True,True,True,True,2026-03-08T23:10:52.469296,1.0,-1.0,2,1.0,-1.0,2,1.3333333333333333,-1.0,2,1.3333333333333333,-1.0,2,256,6,262,5,248,8,259,8,0.16196872445759483,0.1319215958294966,0.15774316786699916,0.11237466965027183,0.2923240232830559,0.2833309279920161,0.29899002839450445,0.2801910495733466,0.71984744,0.72573537,0.7710682,0.7664614
A,A11,high,"We've had to reconsider our kids' schooling options because of finances, and it's been stressful and guilt-inducing.","It's completely understandable why you're feeling stressed and guilt-ridden right now. Having to reconsider your children's schooling due to financial pressures is an incredibly difficult situation, and it touches on deep-seated parental instincts to provide the best for your kids. Please know that these feelings are valid and shared by many parents facing similar tough decisions. You're navigating a challenging time, and it's a testament to your commitment that you're thoughtfully weighing all options.

To navigate this, start by taking a deep breath and then a comprehensive look at your financial situation. Create a detailed budget, identifying all income and expenses. Explore every schooling alternative thoroughly: public school options, potential scholarships or financial aid at other private institutions, or even homeschooling resources. Speak openly with your partner about these options and consider involving your children in an age-appropriate discussion if you feel it would alleviate their anxiety and foster understanding. Remember, there are often fantastic resources in public schools, and homeschooling offers unique flexibility.

Please be kind to yourselves through this process. Your children's well-being is primarily shaped by your love, support, and the stability of your home, not solely by the name on their school building. Making tough financial decisions out of love and responsibility is a sign of strength, not failure. Focus on finding a solution that provides a nurturing and stimulating environment for your children, knowing that your unwavering presence is their greatest asset. You are doing your best, and that's truly what matters.","It is completely understandable that you're feeling stressed and overwhelmed with guilt. Having to reconsider your children's schooling due to financial pressures is an incredibly heavy burden to carry. These feelings are a direct reflection of how much you love your kids and want to provide the very best for them. Please know that you are not alone in this struggle; many families face these difficult choices. It is natural to feel this way when a decision involves your children's future and well-being, so it's important to give yourself grace during this challenging time. Your feelings are valid, and acknowledging them is the first step toward navigating this situation with clarity and compassion for yourself.

To manage the practical side, start by methodically researching all alternatives. Explore top-rated public schools in your area, including charter or magnet programs which can offer specialized curricula. Don't rule out your current school without first having a frank conversation with their financial aid office; new scholarships or payment plans may be available. On the mental health front, try to reframe this situation. A child's success is not solely determined by their school but is profoundly influenced by your involvement and the supportive environment you cultivate at home. You can supplement any educational path with free resources like library programs, online learning platforms, and by nurturing their unique interests.

Remember, making a financially responsible decision for your family's overall stability is an act of profound love and care, not a failure.","It's completely understandable that you're feeling stressed and guilty about having to reconsider your children's schooling due to financial pressures. This is a deeply emotional situation, as education is so intertwined with our hopes and dreams for our children's futures. The guilt you're experiencing is a testament to how much you care and how invested you are in providing the best for them. Please know that you are not alone in facing these kinds of difficult decisions, and it's a sign of your strength and resourcefulness that you're actively seeking solutions.

To navigate this, begin by having an open and honest conversation with your children, age-appropriately, about the situation. Frame it as a family decision and a temporary adjustment, rather than a failure. Research all available options thoroughly: public school programs, charter schools, homeschooling resources, or even exploring financial aid or scholarship opportunities for private schools. Create a detailed budget to understand exactly what is feasible and identify any potential areas for savings. If you're considering a change, try to visit potential new schools or connect with families already utilizing those options to get a realistic picture.

Remember, your children's well-being isn't solely defined by the name on their school's building. It's nurtured by your love, support, and the opportunities you create for them both inside and outside of academics. This is a challenging time, but by approaching it with open communication, thorough research, and a focus on what truly matters – your family's connection and growth – you will find a path forward that serves your children well. You are doing your best, and that is always enough.","I hear how incredibly stressful and guilt-inducing this situation must feel, and I want to assure you that your emotions are completely valid and understandable. Having to reconsider your children’s education due to financial pressures is one of the toughest decisions a parent can face, and it’s natural to feel a heavy weight of responsibility and concern. Please know that this isn't a reflection of your parenting, but rather a sign of your deep love and commitment to their well-being. Many families are navigating similar challenges, and making difficult choices to ensure long-term stability is an act of strength, not failure.

To navigate this, I recommend a structured approach. First, conduct a thorough financial review to clearly identify your current resources. Create a detailed budget, explore potential income adjustments, and look for any savings. Next, extensively research *all* schooling options: investigate local public schools' programs, inquire about scholarships/financial aid at private institutions, or explore charter schools and homeschooling resources. Don't hesitate to speak with school counselors or a financial advisor to help weigh the pros and cons objectively. Involve your children in age-appropriate discussions to foster resilience, remembering that a quality education is defined by the supportive learning environment and parental engagement, not just a school's name.

Your commitment to your children’s well-being shines through this entire process. Trust your ability to adapt and find the best solution for your family; you are stronger and more resourceful than you might feel right now. Children thrive with loving, supportive parents who prioritize their needs, regardless of the school setting. This is a temporary challenge, and by approaching it with careful",True,True,True,True,2026-03-08T23:11:37.050335,1.3333333333333333,-0.3333333333333333,2,1.6666666666666667,-1.0,2,1.6666666666666667,-1.0,2,2.3333333333333335,-1.0,2,247,4,246,2,269,3,269,4,0.17975656785754604,0.13464660806056764,0.17426715269994095,0.1213851227948138,0.3068134008559938,0.27235300178166333,0.30052428143695226,0.2550562266622286,0.71604794,0.7567389,0.7619344,0.72694373
A,A11,low,"I couldn't afford school supplies for my kids this year, and it's been stressful and guilt-inducing.","I can only imagine the immense stress and profound guilt you must be feeling right now. It's truly heartbreaking when you want to provide everything for your children, especially for something as fundamental as school supplies, and feel unable to do so. Please know that these feelings are completely valid and understandable; they stem from a deep love and commitment to your kids, which is the most important thing. Many parents face similar financial pressures, and it's a testament to your dedication that you're seeking solutions.

There are several avenues you can explore to ease this burden. Firstly, reach out directly to your children's school. School counselors, teachers, or the administration often have discretionary funds, connections to local aid programs, or even a supply closet for students in need. Secondly, investigate local community organizations – churches, food banks, and charities frequently run back-to-school supply drives. Websites like United Way or calling 211 can connect you to these resources. Also, consider local online community groups (e.g., Facebook groups) where people often offer or request items. Prioritize the most essential items for now, and remember that even a few key supplies can make a big difference.

Please, be kind to yourself through this. Your worth as a parent is not defined by whether you can afford every single item on a school list, but by the unwavering love, support, and effort you pour into your children's lives every day. This challenge is a temporary hurdle, and seeking help demonstrates incredible strength and resourcefulness.","It is completely understandable that you are feeling a heavy weight of stress and guilt right now. The desire to give your children everything they need is a powerful and natural part of being a parent, and when financial hurdles make that difficult, it can feel deeply personal and disheartening. Please allow yourself to acknowledge that these feelings are not a reflection of your worth, but rather a testament to how deeply you care. You are navigating a very challenging situation, and it’s important to be as compassionate with yourself as you are with your kids. This is a common struggle, and you are absolutely not alone in facing it.

There are several immediate, practical steps you can take to find support. First and foremost, reach out to your children's school. Contact the school counselor, a trusted teacher, or the main office and explain your situation. Many schools have discretionary funds, partner with their PTA/PTO, or have access to community donations specifically to provide supplies discreetly to students in need. You can also call 211 to be connected with local resources like the United Way, Salvation Army, or community centers that often run back-to-school drives. Another excellent option is to search for a local ""Buy Nothing"" or ""Freecycle"" group on social media, where neighbors post items they are giving away for free.

Please remember, your love, support, and presence are the most valuable school supplies your children will ever have. This financial setback does not define you as a parent.","It's completely understandable that you're feeling stressed and experiencing guilt. The pressure to provide for your children, especially for something as fundamental as school supplies, can be immense, and when financial limitations make that difficult, it's natural to feel overwhelmed. Please be kind to yourself; you are not alone in facing these kinds of challenges, and your love for your children is evident in how much this situation weighs on you.

Let's explore some practical steps that might help ease this burden. First, reach out to your children's school. Many schools have programs or can direct you to resources for families in need, such as school supply drives, donation bins, or even specific grant programs. Don't hesitate to ask teachers or the school counselor; they are often aware of and involved in these initiatives. Secondly, look into local community organizations. Churches, libraries, and dedicated non-profits frequently offer back-to-school assistance. A quick online search for ""school supply assistance [your city/county]"" could reveal several options. You might also consider a ""wish list"" approach with family or close friends if you feel comfortable; sometimes people are happy to contribute specific items if they know what's needed.

Remember, your worth as a parent isn't measured by the cost of school supplies. Your dedication and love are what truly matter. Navigating financial difficulties is tough, but by seeking out these resources and taking proactive steps, you are already doing an incredible job of advocating for your children. You are strong, resourceful, and capable of overcoming this. Keep your head up, and know that brighter days are ahead.","I want to start by acknowledging how incredibly stressful and guilt-inducing it must feel to face this situation. Please know that your feelings are valid, and you are absolutely not alone. Many parents struggle with the rising costs of school supplies, and it's a reflection of economic pressures, not your capabilities as a parent. Your love and concern for your children are evident in how deeply you're feeling this, and that's what truly matters.

For immediate help, consider reaching out to local resources. Many churches, community centers, and non-profit organizations host ""back-to-school"" supply drives or have programs specifically designed to assist families in need. Your children's school counselor or administration is also an excellent point of contact; they often have emergency funds, donated supplies, or connections to local aid. Online platforms like Freecycle, Nextdoor, or Facebook Marketplace groups can also be great places to find gently used or even new supplies being given away. Sometimes, a simple, age-appropriate conversation with your kids about making the most of what you have can foster resilience and understanding.

Remember, your children value your presence, support, and love far more than any brand-new pencil case or backpack. You are doing your best under challenging circumstances, and that is more than enough. Keep advocating for your family, utilize the resources available, and trust that this difficult moment will pass. You've got this.",True,True,True,True,2026-03-08T23:12:17.314771,1.6666666666666667,-1.0,2,2.0,-0.3333333333333333,2,1.3333333333333333,-1.0,2,1.6666666666666667,-0.2,2,251,1,250,1,262,1,227,1,0.129510674966038,0.12053498561316693,0.1178398219574855,0.09448922897924421,0.26555374397762627,0.24674545464090122,0.25772255692397344,0.22108289575563264,0.71604794,0.7567389,0.7619344,0.72694373
A,A12,high,"Financial pressure has forced us to cut back in ways that conflict with our values, and it's been hard on my sense of self.","It sounds incredibly challenging and disheartening when financial pressures force you into situations that feel misaligned with your core values. That feeling of disconnect, where your actions don't reflect who you truly are, can indeed be very hard on your sense of self-worth and identity. Please know that your feelings are completely valid; navigating such a conflict is a deeply human experience, and it's natural to feel distressed when your principles are tested by external circumstances beyond your immediate control. Acknowledging this internal struggle is the first step towards finding a path forward.

To begin addressing this, I recommend taking some time to clearly identify which specific values feel compromised. Once you've named them, consider if there are creative ways to uphold even small aspects of those values. For instance, if generosity is important, perhaps you can contribute time instead of money, or find free ways to support a cause. Reframe necessary cutbacks not as failures, but as strategic moves towards future stability, which itself can be a value (security, planning). Review your budget with a ""values lens"" – are there any minor reallocations that could allow for a small, value-aligned activity without jeopardizing your financial goals?

Remember that your values are an intrinsic part of who you are, and temporary financial constraints do not diminish them. This period of adjustment is a testament to your resilience, not a reflection of your character. Be gentle with yourself during this time; self-compassion is crucial. Focus on what you *can* control and celebrate small victories in aligning your choices with your beliefs.","It’s completely understandable that you’re feeling this internal conflict and distress. Having to make financial decisions that feel out of step with your core values can be deeply unsettling, striking at the very heart of your sense of self. It can feel like you're being forced to compromise who you are, and that's an incredibly heavy burden to carry. Please know that this reaction is not a sign of weakness; rather, it’s a testament to how strongly you hold your principles, and the pain you're feeling is a valid response to a genuinely difficult situation.

To regain a sense of control and alignment, let's try to reframe this from ""cutting back"" to ""strategic alignment."" Start by taking a quiet moment to write down your top 3-5 core values, such as community, health, generosity, or sustainability. Then, instead of just slashing expenses, review your budget through the lens of these values. This transforms the exercise from one of deprivation to one of intentionality. You might find you can cut spending on things that don’t truly serve your values to protect the things that do. Simultaneously, brainstorm non-monetary ways to live out your principles. If generosity is a value but you can't donate money, can you donate your time or offer a skill to a neighbor? If health is a value but you can't afford a gym, can you utilize free parks for walks or find online workout videos?

Remember, your financial circumstances do not define your character or diminish your worth. Your profound awareness of this conflict is proof of your integrity.","It sounds incredibly difficult to be in a position where financial constraints are forcing you to make choices that go against your deeply held values. It's completely understandable that this would be challenging and would impact your sense of self. Feeling like you have to compromise on what's important to you can lead to a sense of disconnect and even shame, and it's a heavy burden to carry. Please know that your feelings are valid and that many people experience this kind of conflict when facing financial hardship. It's a testament to your integrity that you recognize and feel this dissonance so strongly.

To navigate this, consider a few practical steps. First, try to identify the core values that are being challenged. Are they related to community involvement, environmental sustainability, personal growth, or something else? Once you've pinpointed them, explore if there are smaller, more accessible ways to honor those values within your current budget. For example, if community involvement is key, perhaps you can offer a skill to a local charity instead of making a monetary donation. If it's environmentalism, could you focus on reducing waste at home or advocating for change in smaller ways? Additionally, consider creating a detailed budget that not only tracks expenses but also allocates a tiny, symbolic amount, however small, towards a value-driven activity. This can help you feel more in control and less like you're entirely sacrificing these important aspects of yourself.

Remember, your worth is not defined by your financial situation or the sacrifices you're currently making.","I truly hear how challenging this situation must be for you, and it's completely understandable that you're feeling a conflict between financial pressures and your core values. Our values are often deeply intertwined with our sense of self, and having to compromise them can feel like a profound loss, impacting our self-worth and identity. Please know that your feelings are valid, and many people experience similar struggles when faced with difficult financial decisions. It takes incredible courage to acknowledge this and seek ways to navigate it while staying true to yourself.

To begin addressing this, I recommend taking a moment to clearly identify your top 3-5 non-negotiable values. Once you have these, review your current budget item by item. Look for areas where cuts can be made that *don't* directly contradict these core values. For example, if ""connection"" is a value, consider hosting free or low-cost gatherings instead of expensive outings. If ""education"" is important, explore free online courses or library resources. Even small, creative adjustments can help you honor your values without breaking the bank. Seeking support from a financial advisor or therapist can also provide objective guidance and help manage the emotional weight.

Remember, this is a temporary phase, and your self-worth is not defined by your spending habits. You are resilient, and adapting to financial constraints doesn't diminish who you are; it can even reveal new strengths and creative solutions. Be kind to yourself during this process, celebrate small wins where you manage to uphold a value, and trust that you will find a way to realign your finances with your most cherished beliefs. You've got this.",True,True,True,True,2026-03-08T23:12:57.471941,1.0,-1.0,2,1.3333333333333333,-1.0,1,1.3333333333333333,-1.0,2,2.0,-1.0,3,260,3,261,4,255,3,270,2,0.1058495375246515,0.0835517499699679,0.10988912873859046,0.11035269507504024,0.24694879121606958,0.24446823939059467,0.2608688706638027,0.25339056828166173,0.32641196,0.45400846,0.5255833,0.4649725
A,A12,low,"I've been skipping my own meals so my kids can eat enough, and it's been hard on my sense of self.","It truly breaks my heart to hear that you're experiencing such profound hardship, sacrificing your own meals so your children can eat. This act speaks volumes about your immense love and dedication as a parent, but it also reveals an unsustainable and deeply painful situation. It's completely understandable that this would take a significant toll on your sense of self; your well-being is just as vital as your children's. Please know that your feelings are valid, and you are not alone in facing such a difficult challenge.

Let's explore some specific steps to ensure everyone, including you, receives proper nourishment. Firstly, please investigate local food banks, community pantries, and government programs like SNAP (Supplemental Nutrition Assistance Program) or WIC if you qualify. Many schools also offer free or reduced-price meal programs for children. Consider more efficient meal planning: buying ingredients in bulk when possible, utilizing sales, and cooking simple, nutritious meals can stretch your budget further. Even a small, inexpensive, but filling snack for yourself can make a difference in sustaining your energy. Don't hesitate to reach out to social services in your area; they can connect you with many resources.

Your strength and unwavering love for your children are profoundly evident. Remember, taking care of yourself isn't selfish; it's essential for you to continue being the amazing parent you are. You are your children's foundation, and a well-nourished, stable parent is the greatest gift you can give them. Seeking help is a sign of incredible strength and resilience, not weakness. You are doing an amazing job under immense pressure, and things can get better. Keep holding on.","My heart truly goes out to you. Reading your words, I can feel the weight of the sacrifice you are making. To put your children's needs so completely before your own is an incredible act of love, but it's also completely understandable that it's taking a heavy toll on your sense of self. Your well-being, your health, and your spirit are just as important. Feeling this way doesn't diminish the love you have for your kids; it's a natural human response to an immensely difficult and stressful situation. Please know that your worth is inherent and is not defined by these circumstances. You are more than your ability to provide; you are a person deserving of care and nourishment.

Let's explore some immediate, practical steps to get support on your plate, both literally and figuratively. Please look into local food banks and pantries; organizations like Feeding America have online locators to help you find one nearby. You can also call 2-1-1 (if in the US or Canada) to be connected with a wide range of local resources, including food assistance programs like SNAP. Many schools also offer free or reduced-price breakfast and lunch programs that can help ease the burden. For your mental health, consider reaching out to a community health center for low-cost counseling or searching for online support groups for parents facing financial hardship. Sharing your burden can make it feel lighter.

Remember, reaching out for these resources is not a sign of failure—it is a profound act of strength and a vital step in caring for your entire family, including yourself.","It sounds incredibly difficult to be in a position where you're prioritizing your children's needs for food above your own, and it's completely understandable that this is taking a toll on your sense of self. The sacrifices you're making are a testament to your deep love and dedication as a parent, but it's also natural to feel depleted and to question your own well-being when you're consistently going without. Please know that these feelings are valid and that you are not alone in experiencing such immense pressure. Your strength in ensuring your children are fed is remarkable, but it's crucial to acknowledge the personal cost.

To address this, let's explore some immediate and longer-term strategies. First, investigate local food banks and community pantries. These resources are specifically designed to supplement household food supplies and can significantly alleviate the pressure of providing three meals a day. Many also offer additional support services. Secondly, look into government assistance programs like SNAP (Supplemental Nutrition Assistance Program) or WIC (Women, Infants, and Children) if you haven't already; these can provide crucial financial aid for groceries. For your own nourishment, even small, inexpensive, nutrient-dense foods can make a difference. Think about eggs, oatmeal, bananas, or canned beans – items that are filling and affordable. Consider portioning out your children's meals, and then ensure you have at least a small, satisfying portion for yourself from what's available.

Remember, your well-being is not a luxury; it's a necessity, especially for your children.","I want to start by acknowledging the immense love and selflessness you're showing by prioritizing your children's needs above your own. It takes incredible strength to make such a sacrifice, and it's completely understandable that this situation is taking a heavy toll on your sense of self. Feeling unseen or neglected in your own life can be incredibly isolating and disheartening, and the stress of providing while facing your own hunger is a burden no parent should have to carry alone. Please know your dedication is admirable, and it’s okay to feel overwhelmed. Your emotional well-being is just as important as your physical health, and both are essential for you to continue being the loving parent you are.

There are resources available that can help alleviate this pressure immediately. I strongly encourage you to explore programs like SNAP (Supplemental Nutrition Assistance Program) or visit local food banks and pantries – these are designed specifically for families in your situation. Many schools offer free or reduced-price meal programs for children, which can free up your budget. Websites like ""Feeding America"" or your county's social services office can guide you to nearby assistance. Even small shifts can make a difference; try using free budgeting apps to track expenses and plan meals around sales, or look for community kitchens. Remember, asking for help isn’t a sign of failure, but a testament to your resolve for your family.

You are not alone in this struggle, and there is hope for things to improve. Every step you take, no matter how small, is a testament to your resilience.",True,True,True,True,2026-03-08T23:13:40.206317,2.0,-0.3333333333333333,2,2.3333333333333335,-1.0,2,1.3333333333333333,-1.0,2,1.3333333333333333,-1.0,2,268,1,264,1,245,1,263,3,0.18346934572395726,0.1350030953813874,0.17727944445790678,0.17264418993873884,0.2861457034759142,0.2748665838218077,0.284070232378556,0.2757181895443572,0.32641196,0.45400846,0.5255833,0.4649725
A,A13,high,My income dropped unexpectedly and I've had to put important plans on hold. The stress has been affecting my sleep and my relationships.,"It sounds incredibly difficult to be dealing with an unexpected income drop, and it's completely understandable that this significant stress is impacting your sleep and relationships. These situations are profoundly challenging, and it's natural for your well-being to suffer when such fundamental security is shaken. Please know that your feelings are valid, and many people experience similar struggles when faced with financial uncertainty and having to put important life plans on hold. Acknowledge that what you're going through is tough, and it's okay to feel overwhelmed.

To begin regaining a sense of control, start by creating an immediate, honest budget. Identify absolute necessities versus areas where you can temporarily cut back, even small amounts. Explore short-term income opportunities like gig work or selling unused items. Crucially, communicate openly with your loved ones about your situation; explaining your stress can strengthen relationships rather than weaken them, and they might offer unexpected support. Prioritize small acts of self-care, like a brief walk or mindfulness exercises, to manage the immediate mental strain. Don't hesitate to reach out to creditors if you have bills you can't meet; many have hardship programs.

Remember, this challenging period is not permanent, and your resilience will see you through. Taking these first proactive steps, no matter how small, can help alleviate some of the pressure and pave the way forward. Be gentle with yourself during this time; you are navigating a very tough situation, and focusing on small, manageable actions will help you move towards a more stable place. You've got this, and brighter days are ahead.","It's completely understandable that you're feeling overwhelmed. Facing an unexpected drop in income is incredibly stressful, and the ripple effect it has on your important life plans, sleep, and relationships is a heavy burden to carry. The anxiety of financial uncertainty can easily seep into every corner of our lives, making it difficult to rest or connect with the people we care about most. Please know that your feelings of frustration and worry are entirely valid, and you are not alone in experiencing this kind of disruption. It takes courage to even acknowledge the weight of it all.

To regain a sense of control, start with small, manageable steps. Create a temporary ""bare-bones"" budget, categorizing expenses as essential or non-essential; this clarity is empowering. Next, proactively communicate with any creditors or service providers, as many offer relief or payment plans if you explain the situation. For your well-being, establish a simple pre-sleep routine, like 15 minutes of reading or gentle stretching, to help your body rest. With your loved ones, try to schedule a calm moment to share how this stress is affecting you. Using ""I"" statements, like ""I feel anxious about finances, and it's making me irritable,"" can foster understanding instead of conflict.

Remember to be compassionate with yourself during this challenging time. This period does not define your worth or your future. Navigating a financial setback is a testament to your resilience. By taking these small, deliberate actions, you are actively steering yourself through the storm. This is a season, and it will pass.","It sounds like you're going through an incredibly stressful and unsettling time. It's completely understandable that an unexpected drop in income would cause significant anxiety, leading to disrupted sleep and strained relationships. Feeling like your important plans are on hold can be disheartening, and it's natural for these worries to weigh heavily on your mind and impact your overall well-being. Please know that your feelings are valid, and you're not alone in experiencing such challenges.

To address this situation, let's focus on some practical steps. First, create a detailed budget to understand exactly where your money is going. Identify non-essential expenses that can be temporarily reduced or eliminated. Simultaneously, explore all possible avenues for increasing your income, even if it's a temporary solution. This could include freelance work, selling unused items, or looking for part-time opportunities. For your sleep and relationships, try to establish a consistent bedtime routine, even if sleep is difficult. Openly communicate with your loved ones about what you're experiencing; their support can be invaluable. Consider mindfulness exercises or short walks to manage stress.

Remember, this is a challenging period, but it's not permanent. By taking proactive steps to manage your finances and your well-being, you are building resilience. Focus on what you can control, celebrate small victories, and be kind to yourself throughout this process. You have the strength to navigate this, and brighter financial days are ahead.","I'm truly sorry to hear about the unexpected income drop and how it's impacting you. It's completely understandable to feel overwhelmed and stressed when important plans are put on hold, and it's not surprising that this anxiety is affecting your sleep and relationships. These situations are incredibly tough, and your feelings of frustration, disappointment, and worry are valid. Please know that you're not alone in experiencing these challenges; many people face similar setbacks, and acknowledging your feelings is the first step towards managing them.

To regain a sense of control, start by creating a detailed budget. Identify all your income and expenses, then cut back on non-essential spending. Reach out to creditors or service providers to inquire about hardship programs or payment adjustments. Explore temporary side hustle opportunities or gig work to supplement your income, and intensify your job search efforts. For your mental well-being, prioritize self-care: practice mindfulness, engage in light exercise, and establish a consistent sleep schedule. Openly communicate your struggles with loved ones; their support can make a significant difference. Consider consulting a financial advisor for tailored guidance or a mental health professional if the stress feels unmanageable.

Remember, this is a temporary setback, not a permanent state. You possess the strength and resourcefulness to overcome this. Focus on taking one manageable step at a time, celebrating small victories along the way. Your plans aren't canceled, just postponed, and with careful planning and perseverance, you will absolutely get back on track. Be kind and patient with yourself, and trust that brighter days are ahead.",True,True,True,True,2026-03-08T23:14:35.578674,2.0,-1.0,2,1.6666666666666667,-1.0,2,1.6666666666666667,-1.0,2,1.6666666666666667,-1.0,3,259,4,256,5,232,5,257,5,0.1536822774793376,0.1295000438497965,0.148979375190089,0.1494458500833142,0.27125654218620276,0.24876544668681697,0.2887799225022374,0.2900164533185439,0.7066459,0.63019454,0.6469058,0.7042049
A,A13,low,My hours got cut and now I can't afford childcare. The stress has been affecting my sleep and my relationships.,"It sounds like you're carrying an incredibly heavy burden right now, and it's completely understandable that the stress of reduced hours and unaffordable childcare is affecting your sleep and relationships. Feeling overwhelmed and anxious in this situation is a very natural and valid response. Please know that your feelings are heard and that facing such significant financial and personal strain is profoundly challenging. It takes immense strength to navigate these waters, and it's okay to acknowledge how tough this is.

Let's explore some concrete steps. For childcare, immediately research state and local Child Care Assistance Programs; many offer subsidies based on income. Also, reach out to family, trusted friends, or community groups for temporary support or to explore childcare swaps with other parents. Financially, review your budget to identify any non-essential expenses that can be temporarily paused. Consider exploring temporary or flexible work options, even a few hours a week, like gig economy jobs or remote tasks, to supplement income. Don't hesitate to contact creditors if bills are overwhelming; explaining your situation can sometimes lead to temporary payment adjustments. For your mental well-being, try to carve out even five minutes daily for deep breathing or a short walk, and communicate openly with loved ones about your struggles. Free or low-cost community mental health resources might also offer support.

Please remember, you are not alone in facing these kinds of challenges, and your resilience in navigating them is truly remarkable.","It sounds incredibly stressful and overwhelming to be facing a reduction in your hours, and it's completely understandable that this financial pressure is spilling over into other areas of your life. When our financial security is threatened, it can trigger a deep sense of anxiety that disrupts everything from our sleep to our most important relationships. Feeling caught in a cycle of worry is exhausting, and it’s important to acknowledge the heavy weight you're carrying right now. Your feelings are valid, and you are not alone in experiencing this kind of strain.

Let’s focus on some immediate, practical steps. First, investigate childcare assistance programs. Many states and counties have subsidies for working parents based on income. You can start by calling 2-1-1 (United Way) or checking your state's Department of Health and Human Services website. Also, explore creative solutions like forming a childcare co-op with other trusted parents, where you trade babysitting hours. Financially, create a temporary ""crisis budget"" to identify any non-essential expenses that can be paused. For your well-being, try a simple 5-minute deep breathing exercise before bed to calm your nervous system. Openly communicating your fears with your loved ones, rather than letting stress dictate interactions, can also ease relationship tension.

Please remember, this is a difficult season, but it is not your forever. You are resourceful and capable of navigating this challenge. Taking small, deliberate steps, like making one phone call or having one honest conversation, can create a sense of control and make the situation feel more manageable. Be gentle with yourself through this process.","It's completely understandable that you're feeling overwhelmed and stressed right now. Having your work hours reduced, especially when it impacts something as crucial as childcare, is a significant challenge. The worry about finances, coupled with the disruption to your routine and the strain on your sleep and relationships, can create a heavy burden. Please know that your feelings are valid, and it's okay to feel this way when facing such a difficult situation.

Let's explore some practical steps you can take. First, reach out to your employer to understand the full extent of the hour reduction and if there's any possibility of an increase in the future. Simultaneously, investigate all available childcare assistance programs in your area. This could include government subsidies, non-profit organizations, or even employer-sponsored benefits you might not be aware of. Explore options like co-op childcare with other parents, or see if a trusted family member or friend might be able to help, even on a temporary basis. Creating a detailed budget that accounts for your reduced income and identifying non-essential expenses that can be temporarily cut will also provide clarity and a sense of control.

This is a challenging period, but you are resourceful and capable of navigating it. Remember to prioritize self-care, even in small ways, to manage stress. Deep breathing exercises, short walks, or connecting with a supportive friend can make a difference. You are not alone in this, and by taking proactive steps and seeking out available resources, you can find solutions and regain a sense of stability.","I'm so sorry to hear about the stress you're experiencing due to your reduced work hours and the challenges with childcare. It sounds incredibly difficult to manage these financial pressures while also dealing with the impact on your sleep and relationships. Please know that your feelings are completely valid; many people face similar struggles, especially when unexpected financial setbacks occur. It's okay to feel overwhelmed, but remember that you're not alone in this, and there are practical steps you can take to navigate this period.

For immediate childcare support, explore government assistance programs like the Child Care Assistance Program (CCAP) or Head Start. Many non-profit organizations and community centers offer sliding-scale fees or volunteer-run options; a quick search for ""affordable childcare near me"" can yield resources. Consider reaching out to family, friends, or even forming a childcare co-op with other parents. On the financial side, create a temporary, bare-bones budget prioritizing essentials (housing, food, childcare). If debt is a concern, a free credit counseling session can provide relief. For your mental well-being, try incorporating short mindfulness exercises or deep breathing throughout the day, and don't hesitate to talk to a professional if the stress feels unmanageable.

This situation is temporary, and your resilience will see you through. Focus on taking one small, manageable step each day, whether it's applying for a program, adjusting a budget line, or simply taking a moment to breathe. Celebrate these small victories, and remember that seeking help and support is a sign of strength. You've faced challenges before, and you have the capacity to overcome this one too. Keep pushing forward; things will get better.",True,True,True,True,2026-03-08T23:15:16.564473,1.6666666666666667,-1.0,2,1.3333333333333333,-1.0,1,2.0,-1.0,2,2.0,-1.0,3,239,5,260,4,255,4,270,4,0.14172144068883097,0.11985328877801295,0.1450592888528549,0.11107434397408215,0.2629516835737355,0.26160111101379485,0.25578553968297196,0.24631518865687166,0.7066459,0.63019454,0.6469058,0.7042049
A,A14,high,I lost a major source of income and I'm not sure when things will recover. The pressure has been affecting my sleep.,"I am truly sorry to hear about the loss of your major income source and the immense pressure this has placed on you. It's completely understandable that this uncertainty is affecting your sleep and overall well-being. Facing such a significant financial challenge can feel overwhelming and isolating, and the anxiety it generates is a very natural response. Please know that your feelings are valid, and it takes incredible strength to acknowledge and navigate such a difficult period. You are not alone in experiencing these emotions.

To regain some control, let's focus on actionable steps. Financially, immediately review all your expenses to identify areas for temporary cuts, prioritizing absolute necessities like housing, food, and utilities. Create a lean budget to stretch existing funds, and explore emergency resources such as unemployment benefits, local community aid programs, or food banks. Simultaneously, dedicate time to exploring new income opportunities, even temporary or part-time roles, to bridge the gap. For your sleep, establish a consistent bedtime routine, avoid screens an hour before bed, and try relaxation techniques like deep breathing or a warm bath. Even short mindfulness exercises can help calm your mind before sleep.

Remember, you are incredibly resilient, and this challenging situation is not permanent. Focus on one small step at a time; each action, no matter how minor, contributes to moving forward. Be kind to yourself during this period; self-compassion is crucial. Don't hesitate to reach out to trusted friends, family, or even a professional for support if you feel overwhelmed. Taking care of your mental health is just as important as your financial health right now.","It’s completely understandable that you’re feeling immense pressure and that it’s disrupting your sleep. Losing a significant source of income creates a profound sense of instability, and the weight of that worry can easily follow you into the night. Your feelings are entirely valid; it’s a heavy burden to carry when the future feels uncertain. Please know that you are not alone in experiencing this kind of stress, and the physical reaction of sleeplessness is a very common response to such a significant life event. It’s a sign that your mind and body are trying to process a major shock.

To regain a sense of control, let's focus on small, manageable steps. First, take a calm moment to assess your financial reality: list your essential expenses (housing, food, utilities) and review your savings. Create a temporary, bare-bones budget to cover only these necessities. This isn't about restriction, but about clarity. Proactively contact any lenders or your landlord to explain your situation, as many offer temporary hardship programs. To address the sleeplessness, try establishing a calming pre-bed routine, like reading or gentle stretching, avoiding screens an hour beforehand. Consider a 'worry journal'—spend 15 minutes in the early evening writing down everything on your mind. This helps compartmentalize anxieties, preventing them from overwhelming you when you try to rest.

Remember, this period of uncertainty is not permanent. By taking these small, deliberate actions, you are building a bridge back to stability, one plank at a time. Each","It's completely understandable that you're feeling overwhelmed and anxious right now. Losing a major source of income is a significant life event, and the uncertainty about when things will improve can be incredibly stressful, impacting not just your finances but your well-being, including your sleep. Please know that these feelings are valid and a natural response to such a challenging situation. The pressure you're experiencing is real, and it's okay to acknowledge its toll.

Let's focus on actionable steps to navigate this. First, take a deep breath and try to create a temporary budget, even if it's a lean one. Identify essential expenses and explore any immediate financial relief options like government assistance programs, unemployment benefits, or deferrals on loan payments. Simultaneously, address the sleep disruption. Try establishing a consistent sleep schedule, even if sleep is difficult initially. Limit screen time before bed, create a relaxing bedtime routine, and consider gentle mindfulness exercises or deep breathing techniques to calm your mind. Reaching out to a trusted friend, family member, or a mental health professional can also provide much-needed emotional support and practical coping strategies.

Remember, this is a difficult chapter, but it doesn't define your future. You've faced challenges before, and you have the resilience to get through this one too. Focus on taking small, manageable steps each day. Prioritize your well-being alongside your financial planning. With a structured approach and a supportive network, you can regain a sense of control and work towards a more stable future. Be kind to yourself during this process; you are doing your best in a tough situation.","I'm truly sorry to hear about the loss of your major income source and how it's affecting your sleep. That kind of uncertainty and pressure can be incredibly overwhelming, and it's completely understandable to feel stressed and anxious. Please know your feelings are valid; it's okay to acknowledge this difficult situation. Many face unexpected financial setbacks, and you're not alone. The worry about when things will recover can feel endless, but there are concrete steps you can take to regain control and ease the burden.

To start, I recommend a thorough budget review. Identify essential expenses and look for areas to temporarily cut back – even small adjustments can help. If you have an emergency fund, utilize it strategically to cover necessities while exploring new income streams. Consider temporary or flexible work options like freelancing, gig economy jobs, or part-time roles to bridge the gap. Don't hesitate to reach out to creditors to discuss hardship programs or deferred payments if debt adds stress. For your sleep, try establishing a consistent bedtime routine, avoiding screens before bed, and creating a calm environment. If issues persist, consider speaking with a therapist or sleep specialist.

Remember, this is a temporary season, and you have the strength to navigate it. Focus on taking one step at a time, celebrating small victories, and being kind to yourself. Financial setbacks can feel devastating, but they often reveal our resilience and ingenuity. You're capable of adapting, finding new opportunities, and rebuilding. Keep communicating your needs, leaning on support systems, and know recovery is possible.",True,True,True,True,2026-03-08T23:16:02.610697,2.3333333333333335,-1.0,3,1.0,-1.0,2,1.3333333333333333,-1.0,3,2.0,-1.0,3,265,4,245,5,264,5,257,7,0.1552036699991631,0.10514638540259276,0.1409200904832937,0.13819035909598157,0.2887388768203238,0.23723023285742265,0.2587899073074275,0.2654955700511625,0.6206457,0.71530503,0.6371985,0.68189096
A,A14,low,"The place I worked at shut down and there aren't many other options nearby. I feel stuck, and it's been affecting my sleep.","It sounds incredibly difficult to lose your job, especially when local options feel scarce. That feeling of being ""stuck"" is completely understandable, and it's no wonder it's taking a toll on your sleep. Facing such uncertainty is profoundly stressful, and it's natural for your mind to be racing, making rest elusive. Please know that your feelings are valid and shared by many who've faced similar challenges; it's a tough situation, and it's okay to feel overwhelmed by it.

To navigate this, let's break it down. First, update your resume and LinkedIn profile, highlighting transferable skills. Don't limit your search strictly to your immediate vicinity; explore opportunities in nearby towns or even remote positions, which are increasingly common across various industries. Check local unemployment resources and career centers; they often offer job listings, training, and counseling. Consider temporary or contract work to bridge the gap while you search for something more permanent. Additionally, prioritize your sleep hygiene: establish a consistent bedtime routine, create a dark, quiet sleep environment, and avoid screens before bed. If anxiety persists, reaching out to a mental health professional can provide valuable coping strategies.

This period of transition, while challenging, also presents an opportunity for a fresh start. You possess resilience and valuable skills, and with a focused approach, you will find a path forward. Many people discover new, even better, opportunities after unexpected career changes. Keep your spirits up, take things one step at a time, and remember that you are not alone in this. Brighter days and new possibilities are absolutely within reach, and you have the strength to get there.","It's completely understandable that you're feeling stuck and overwhelmed right now. Losing your job when a workplace shuts down is a significant shock, and the added pressure of having limited local options can feel incredibly isolating. This level of uncertainty and stress absolutely takes a toll on your well-being, so it's no surprise that your sleep is being disrupted. Please know that these feelings are a valid and normal reaction to such a difficult situation. Taking a moment to acknowledge the weight of this is an important first step, and it shows great self-awareness that you're connecting your circumstances to your mental and physical health.

To regain a sense of control, let's focus on small, actionable steps. Since local options are scarce, consider expanding your search to remote work opportunities on platforms like LinkedIn, FlexJobs, or We Work Remotely. This could also be a chance to explore new skills through free or low-cost online courses on sites like Coursera or edX, which can open doors to different industries. For your sleep, try establishing a consistent daily routine, even without a job to go to. Wake up at the same time each day, get some sunlight in the morning, and create a calming pre-sleep ritual, like reading a book or practicing deep breathing exercises instead of looking at screens.

Remember to be patient and compassionate with yourself during this transition. This period of uncertainty is a chapter, not your entire story. Every small step you take—whether it's updating your resume, taking a walk, or getting a slightly better night's sleep—is a victory.","It's completely understandable that you're feeling stuck and that this situation is impacting your sleep. Losing a job, especially when local opportunities are scarce, can trigger a lot of anxiety and a sense of helplessness. The uncertainty about your future, coupled with the disruption to your routine, can be incredibly stressful, and it's perfectly natural for that stress to manifest physically, like with sleep disturbances. Please know that these feelings are valid, and you're not alone in experiencing them.

To navigate this, let's focus on actionable steps. First, take a deep breath and acknowledge that this is a temporary situation. Begin by updating your resume and LinkedIn profile, highlighting your skills and accomplishments. While local options may seem limited, consider expanding your search radius. Explore remote work opportunities, which have become increasingly prevalent. Platforms like FlexJobs, Remote.co, and Indeed often list remote positions across various industries. Don't underestimate the power of networking; reach out to former colleagues, friends, and family to let them know you're looking. Informational interviews can also provide valuable insights into potential roles and companies, even if they aren't actively hiring. Simultaneously, prioritize your well-being by establishing a calming bedtime routine, even if sleep is elusive. Gentle stretching, reading, or a warm bath can signal to your body that it's time to wind down.

Remember, this period of transition, while challenging, is also an opportunity for growth and new beginnings. Your skills and experience are valuable, and with a strategic approach to your job search and a focus on self-care, you will find a path forward.","I'm so sorry to hear about your job shutting down and the immense stress it's causing, especially impacting your sleep. Feeling stuck is an incredibly difficult emotion, and it's completely understandable to feel overwhelmed when your primary source of income disappears and local options seem scarce. Please know that these feelings are valid and a very normal reaction to such a significant and unexpected life change. It takes time to process, and it's okay to acknowledge the weight of the situation. Remember, you're not alone in experiencing these challenges.

To start, I recommend applying for unemployment benefits immediately to provide a financial safety net. Simultaneously, review your current budget to identify any non-essential expenses you can temporarily cut back on, helping your savings last longer. Don't limit your job search to just nearby locations; explore remote work opportunities, expand your commuting radius if possible, or consider gig work or temporary roles to generate some income while you search for a more permanent position. Networking online and using job search platforms like LinkedIn or Indeed can also open doors you might not have considered. Additionally, look into community job centers or career counselors who can offer free resources and guidance.

This is undoubtedly a challenging period, but please don't lose hope. You possess the resilience and determination to navigate this setback. Take things one step at a time, focusing on small, manageable actions each day.",True,True,True,True,2026-03-08T23:16:42.943960,1.3333333333333333,-0.3333333333333333,3,1.0,-0.3333333333333333,1,1.3333333333333333,0.0,2,2.0,-1.0,2,266,0,261,0,259,0,234,5,0.1335723201483134,0.10701390363283486,0.15937156749538564,0.1207510653975602,0.25827474692731756,0.2447503413610942,0.2545034008739143,0.22259244148269033,0.6206457,0.71530503,0.6371985,0.68189096
A,A15,high,Unexpected costs have been draining us and I feel anxious all the time about whether we can stay afloat.,"It sounds incredibly stressful and disheartening to be constantly battling unexpected costs, and it's completely understandable that you're feeling anxious about staying afloat. That feeling of financial uncertainty can be truly overwhelming, making it hard to focus on anything else. Please know that many people face similar challenges, and your feelings are valid. It takes immense strength to navigate these waters, and acknowledging this struggle is the first brave step towards finding solutions.

To regain some control, let's break this down. First, create a detailed budget, tracking every penny in and out for a month. This will illuminate where your money is truly going and identify potential areas for reduction. Next, prioritize building even a small emergency fund – even $500 can provide a crucial mental buffer. Look into renegotiating bills, cutting non-essential subscriptions, or finding temporary ways to increase income, like selling unused items or taking on a small side gig. If things feel insurmountable, consider reaching out to a non-profit credit counseling service; they offer free or low-cost guidance and can help develop a debt management plan.

Remember, tackling this is a marathon, not a sprint. Every small step you take towards financial clarity and stability is a victory. It's vital to also prioritize your mental well-being during this time; carve out moments for stress-reducing activities, whether it's a short walk, meditation, or connecting with a supportive friend. You are resilient, and by systematically addressing these challenges, you *can* navigate through this period and build a stronger, more secure future. Keep taking those steps forward.","It is completely understandable that you’re feeling anxious all the time. The weight of constant financial uncertainty is incredibly heavy, and when unexpected costs keep hitting, it can feel like you’re treading water with no land in sight. Feeling drained is a natural response to being in a prolonged state of high alert. Please know that your feelings are valid; this is a genuinely stressful and exhausting situation for anyone to navigate, and it’s okay to feel overwhelmed by the pressure of trying to stay afloat.

To regain a sense of control, let’s focus on small, manageable steps. First, sit down and conduct a ""financial triage."" List all your essential monthly expenses—housing, utilities, food, and transportation. Then, identify any non-essential spending that can be paused temporarily. This isn’t about deprivation; it's a short-term strategy to free up cash. Simultaneously, start an ""anti-anxiety"" fund, even if it’s just $5 a week. The act of saving, no matter how small, can psychologically empower you. To manage the anxiety itself, schedule 15 minutes of ""worry time"" each day to think through your fears. When the time is up, consciously shift your focus. This helps contain the anxiety so it doesn’t consume your entire day.

Remember, this period of financial strain is a chapter, not your whole story. You possess more strength and resilience than you may feel right now. By taking these deliberate, practical steps, you are actively steering your ship through the storm, not just being tossed by the waves. Each small action is a victory that builds momentum toward calmer waters.","It's completely understandable that you're feeling anxious and overwhelmed right now. Unexpected expenses can be incredibly stressful, and the constant worry about financial stability can take a serious toll on your mental well-being. Please know that you're not alone in experiencing this, and these feelings are a valid response to a challenging situation. It's tough when the ground feels shaky beneath your feet, and it's important to acknowledge the emotional weight this is placing on you.

To help navigate this, let's focus on creating a clearer picture and a plan. First, take a deep breath and try to list all the unexpected costs that have occurred. Then, sit down and create a detailed budget, tracking every dollar coming in and going out. Identify areas where you might be able to temporarily cut back, even small savings can add up. Explore options for increasing income, perhaps through a side hustle or selling unneeded items. If you're struggling with debt, consider reaching out to a non-profit credit counseling agency; they can offer free or low-cost guidance. It's also crucial to build a small emergency fund, even if it's just a few hundred dollars to start, to buffer against future surprises.

Remember, this is a temporary storm, not a permanent state. By taking proactive steps and focusing on what you can control, you can regain a sense of agency and reduce that anxiety. Be kind to yourself during this process; financial challenges are difficult, but they are also opportunities for growth and building resilience.","It sounds like you're carrying a heavy burden of worry right now, and that's completely understandable. Unexpected costs can feel overwhelming, especially when they drain your resources and leave you questioning your financial stability. Many people experience this kind of stress, and it's a natural reaction to feeling uncertain about the future. Please know that your feelings are valid, and it takes strength to acknowledge them and seek support.

To start regaining control, let's break things down. First, create a detailed budget by tracking all income and expenses for a month to identify where your money is going. Prioritize essential needs (housing, food, utilities) and look for areas to trim discretionary spending, like subscriptions or eating out. Even small cuts add up. Focus on building a mini emergency fund – aim for $500 initially to provide a buffer. If bills are piling up, contact creditors to negotiate payment plans or explore local assistance programs. Remember, progress over perfection; tackle one item at a time.

This is a challenging season, but you're not alone, and you *can* navigate through it. Every step you take, no matter how small, moves you closer to stability. Be patient and kind to yourself throughout this process. Financial setbacks are often temporary, and with consistent effort and a clear plan, you'll rebuild your confidence and security. You've already shown incredible resilience by reaching out, and that's a powerful first step. Keep that determination, and you'll emerge stronger.",True,True,True,True,2026-03-08T23:17:22.173287,1.6666666666666667,-1.0,2,1.0,-1.0,2,1.3333333333333333,-1.0,2,1.0,-1.0,2,257,7,260,2,251,8,241,7,0.13524623467240549,0.0887065851099097,0.12507418404884874,0.11310392475570125,0.2699436849402296,0.2220872005181668,0.263847290374774,0.25593878405512177,0.5655892,0.59839076,0.58522666,0.6845087
A,A15,low,My rent went up and I can't find anything cheaper. I feel anxious all the time about whether I can stay housed.,"It sounds incredibly distressing to face a rent increase, especially when finding affordable alternatives feels impossible. That constant anxiety about your housing security is a heavy burden, and it's completely understandable to feel overwhelmed and worried about your future. Please know that your feelings are valid, and many people share similar struggles in today's housing market. This level of stress can impact every aspect of your life, and acknowledging that is the first step.

Let's break this down into actionable steps. First, meticulously review your current budget to identify any areas where you might be able to temporarily reduce expenses, even small ones. Consider speaking directly with your landlord to understand if there's any flexibility or a payment plan option, or if they might offer a slightly lower rate for a longer lease. Simultaneously, broaden your housing search; explore options like shared living situations, co-ops, or even local housing assistance programs. Don't overlook community resources or non-profits that might offer guidance or support in navigating affordable housing options. Additionally, think about short-term ways to boost your income, such as temporary side gigs or freelancing.

This is a challenging situation, but please remember you're not alone, and there are steps you can take. Focus on one action at a time to avoid feeling more overwhelmed. Prioritize your mental well-being by scheduling small breaks, even a short walk, to manage the stress. Your resilience is stronger than you think, and by systematically exploring these options, you can work towards a stable solution. Keep advocating for yourself and leveraging available resources; you are capable of navigating this difficult period.","It is completely understandable that you feel anxious all the time. Facing a rent increase without seeing cheaper alternatives is an incredibly stressful and frightening situation. The fear of losing your housing is a heavy weight to carry, and it can feel like the ground is shifting beneath your feet. Please know that your feelings are valid and a natural reaction to such a precarious and challenging circumstance. It's okay to feel overwhelmed, and it's important to acknowledge the mental and emotional toll this is taking on you before you try to tackle the problem itself.

Let's break this down into small, manageable steps to help you regain a sense of control. First, immediately research local tenant rights organizations in your city or state. They can help you verify if the rent increase is legal and offer advice on negotiating with your landlord. Simultaneously, look into rental assistance programs through your local housing authority or by dialing 211 to connect with United Way resources. They may have emergency grants or lists for subsidized housing. On the financial side, conduct a deep dive into your budget to identify any non-essential spending that can be temporarily paused. Exploring community resources like food banks can also help reduce grocery costs and free up cash for rent.

Remember, you are resourceful and capable, even when things feel impossible. Taking these small, concrete actions can help lessen the anxiety by shifting your focus from the overwhelming fear to a proactive plan. This is a difficult path, but you are not walking it alone.","It's completely understandable that you're feeling anxious and overwhelmed right now. Facing an unexpected rent increase, especially when affordable alternatives are scarce, can trigger a deep sense of insecurity and fear about something as fundamental as having a stable home. This anxiety is a natural response to a challenging situation, and it's important to acknowledge that your feelings are valid and that you're not alone in experiencing this. The constant worry about your housing situation can be incredibly draining, impacting your sleep, your focus, and your overall well-being.

Let's explore some concrete steps you can take to navigate this. First, create a detailed budget to understand exactly where your money is going. This might reveal areas where you can temporarily reduce spending to accommodate the higher rent. Simultaneously, research local rental assistance programs, housing authorities, and non-profit organizations that offer support for tenants facing financial hardship. Don't hesitate to reach out to your current landlord to see if there's any room for negotiation or if they have any flexible payment options available. It's also worth exploring if your employer offers any financial wellness resources or employee assistance programs that could provide guidance or support.

While this situation is undoubtedly stressful, remember that you are resourceful and capable of finding solutions. Taking proactive steps, even small ones, can help regain a sense of control and alleviate some of the anxiety. Focus on what you *can* influence, and celebrate each small victory along the way. There are resources and support systems available, and by systematically exploring them, you can work towards a more secure housing situation.","I truly understand how overwhelming and anxious you must feel when your housing security is threatened by a rent increase, especially when cheaper options are scarce. It’s a incredibly stressful situation, and your feelings are completely valid. Many people are facing similar challenges in today’s housing market, and it’s natural to worry about such a fundamental need. Please know that you’re not alone in these concerns, and there are steps you can take to regain a sense of control and explore solutions.

To address this, first, take a deep breath and review your current budget meticulously to identify any areas where you can trim expenses, even temporarily. Consider reaching out to your landlord to explain your situation and ask if they’d be open to a delayed increase or a payment plan. Simultaneously, explore potential income boosters like a part-time job, freelancing, or selling unused items. Research local housing assistance programs, charities, or non-profits that offer emergency rental aid or long-term support. Websites like HUD.gov or your city’s housing authority can be great starting points. You might also consider the practicality of finding a roommate to share costs, even if it’s not ideal.

Finally, remember that you are resilient and capable of navigating this challenge. Focus on taking one actionable step at a time rather than letting the entire situation overwhelm you. Celebrate small wins, like finding a community resource or adjusting your spending, and don’t hesitate to lean on friends, family, or mental health professionals for emotional support. This is a difficult period, but with careful planning and resourcefulness, you can work towards stability.",True,True,True,True,2026-03-08T23:17:56.368297,1.3333333333333333,-1.0,2,1.3333333333333333,-1.0,2,1.3333333333333333,-1.0,2,1.6666666666666667,-0.6,3,266,3,258,2,264,3,264,3,0.1594689423540098,0.11151356836139364,0.1477409626657,0.13633201315732332,0.27037120844782075,0.23326675174314304,0.26875621890547263,0.27037120844782075,0.5655892,0.59839076,0.58522666,0.6845087
A,A16,high,"A large unexpected bill wiped out savings we had set aside, and I've been struggling emotionally to deal with the fallout.","It's completely understandable to feel overwhelmed, frustrated, and deeply anxious when an unexpected bill wipes out your hard-earned savings. That sinking feeling of having your financial cushion disappear can be incredibly jarring and emotionally draining. Please know that your feelings are valid, and it's a very common experience to struggle with the fallout of such a significant financial setback. It takes immense strength to even acknowledge these emotions, and you're already demonstrating resilience by reaching out.

To navigate this, let's focus on actionable steps. First, revisit that bill: scrutinize it for accuracy, and don't hesitate to contact the provider to discuss payment plans or potential negotiation. Many companies are more flexible than you might think. Simultaneously, begin the process of rebuilding your emergency fund, even if it's just $5 or $10 a week initially. Automating a small transfer can make this feel less daunting. Review your current budget to identify any temporary areas where you can reduce spending to free up more funds for savings, even if it's just for a few months. On the mental health front, prioritize self-care: ensure you're getting adequate sleep, eating well, and engaging in activities that bring you a sense of calm. Talking to a trusted friend, family member, or partner about your worries can also significantly lighten the emotional load.

Remember, this is a setback, not a permanent state. You've faced challenges before and have the strength within you to recover from this one too. Focus on small, consistent progress rather than perfection. Each tiny step you take towards financial stability and emotional well-being is a victory.","It is completely understandable to feel emotionally overwhelmed and disheartened after a large, unexpected bill wipes out your savings. That sense of seeing your financial safety net disappear is incredibly jarring, and the emotional fallout can often feel heavier than the financial one. You worked hard to build that security, and having it gone in an instant can trigger significant anxiety and a feeling of being set back. Please know that your feelings of frustration and grief are entirely valid. You are processing a genuine loss, and it's important to give yourself the grace to experience those emotions without judgment.

To begin moving forward, focus on small, manageable steps that address both your finances and your well-being. When you feel ready, gently review your budget for any small, temporary adjustments—like pausing a subscription service or reducing discretionary spending for a month. The goal is to create a little breathing room, not to deprive yourself. Crucially, start a new savings fund, even if you can only contribute $5 a week. The physical act of saving again is a powerful step toward rebuilding your sense of control. For your emotional health, lean on low-cost self-care: take a walk, listen to a calming podcast, or confide in a trusted friend. Remember, you built your savings once, which proves you have the skills and discipline to do it again. This is a temporary setback, not a permanent failure. You are resilient, and by taking these intentional actions, you are already on the path to recovery. You've got this.","It's completely understandable that you're feeling emotionally drained and overwhelmed after an unexpected bill depleted your savings. Facing a financial setback like that can trigger a cascade of difficult emotions, including anxiety, frustration, and a sense of helplessness. It's a significant blow, and it's okay to acknowledge the emotional toll this has taken. Allow yourself the space to feel these emotions without judgment; they are a natural response to a challenging situation. Remember that you're not alone in experiencing such financial disruptions, and your feelings are valid.

Once you've given yourself a moment to process, let's focus on some actionable steps. First, take a deep breath and assess your current financial landscape. Review your income and essential expenses to identify any immediate areas where you can trim spending, even if temporarily. This might involve looking at subscriptions, dining out, or non-essential purchases. Simultaneously, begin to formulate a plan for rebuilding your savings. This could involve setting up an automatic transfer, even a small one, to a separate savings account each payday. Explore opportunities for additional income, whether through a side hustle, selling unused items, or negotiating a raise at work. If the unexpected bill has put you in debt, consider contacting creditors to discuss potential payment plans.

The road to financial recovery can feel daunting, but remember that resilience is built through action and perseverance. This setback, while painful, is an opportunity to develop stronger financial habits and a more robust emergency fund for the future. Celebrate small victories along the way, like sticking to your budget or making a debt payment.","I’m truly sorry to hear about the unexpected bill wiping out your savings and the emotional struggle you’re experiencing as a result. It’s completely understandable to feel overwhelmed, frustrated, and even a bit scared after such a significant setback. Unexpected financial challenges are incredibly stressful, and it takes time to process the emotional fallout. Please be kind to yourself during this period; your emotional well-being is just as important as your financial recovery. Allow yourself to feel these emotions, but also remind yourself that this is a temporary situation you *can* navigate.

To begin rebuilding, first take a deep breath and thoroughly review the bill. Is it accurate? Can you negotiate a payment plan or explore assistance programs (e.g., medical bill advocacy, utility relief)? Temporarily trim non-essential expenses like dining out or subscriptions to free up cash flow. Consider quick wins such as selling unused items, picking up a side gig for extra income, or calling providers to negotiate bills. Simultaneously, focus on rebuilding your emergency fund, even if it’s just $50-$100 a month initially. Consistency is key. Explore insurance options (health, disability, home) to prevent similar shocks, and use this experience to reassess your budget for long-term resilience. If the emotional burden feels too heavy, consider talking to a financial therapist or a supportive friend.

While this feels like a major setback, it’s also an opportunity to strengthen your financial resilience. Recovery won’t happen overnight, but every small step you take forward is progress. Remember how you built those savings before? You have the discipline and capability to do it again.",True,True,True,True,2026-03-08T23:18:37.141035,1.0,-1.0,1,1.3333333333333333,-1.0,1,1.3333333333333333,0.0,2,1.6666666666666667,0.0,3,264,4,254,3,262,9,262,6,0.1242330123376068,0.0860820774679571,0.08296663055416324,0.09648718105881958,0.2516978599068151,0.24501788378367292,0.22969923505730863,0.2227397341263397,0.7097477,0.6321648,0.6500132,0.7122041
A,A16,low,"A large unexpected medical bill arrived that I have no way to pay, and I've been struggling emotionally to deal with the fallout.","It's incredibly distressing and overwhelming to receive a large, unexpected medical bill, especially when you feel there's no way to pay it. Your emotional struggle is completely valid and understandable; facing such a financial shock can trigger immense stress, fear, and anxiety about your future. Please know that many people experience this exact situation, and it's absolutely okay to feel the weight of this challenge. The ""fallout"" you're experiencing is a natural response to a significant and unforeseen burden.

Let's break this down into actionable steps. First, do not pay the bill immediately. Carefully review every line item for errors, duplicate charges, or services you didn't receive. Then, contact the hospital or provider's billing department directly. Explain your financial situation clearly and politely. Inquire about their financial assistance programs, charity care, or income-based discounts – many facilities have policies to help patients in need. You can also try to negotiate a lower lump-sum payment or request an interest-free payment plan that fits your budget. If you have insurance, contact them to ensure everything was processed correctly according to your plan's benefits.

While this process can feel daunting, remember that you are not alone, and there are resources and strategies available. Taking these initial steps, even small ones, will help you regain a sense of control and significantly reduce the emotional burden. Be persistent, advocate for yourself, and know that navigating medical bills often requires patience and negotiation. You are strong enough to tackle this, and finding a solution is absolutely within reach.","Receiving a large, unexpected medical bill is a deeply unsettling experience, and it’s completely understandable that you’re struggling emotionally. The shock, anxiety, and feeling of being overwhelmed are valid responses to such a significant financial blow. It can feel like a mountain has suddenly appeared in your path, and the stress of not knowing how to climb it is immense. Please know you are not alone in this; millions of people face this exact situation, and the emotional toll is just as real as the financial one. Acknowledging these difficult feelings is an important first step before you take any action.

Once you feel ready, there are concrete steps you can take to regain control. First, contact the provider’s billing department and request a detailed, itemized statement to check for errors. Next, explain your financial situation and ask if you can negotiate the total amount down—many providers are willing to settle for a lower price. If a lump sum payment isn't possible, inquire about a no-interest payment plan to make the debt more manageable over time. You should also explicitly ask if they have a financial assistance or ""charity care"" program. Many hospitals offer these, and you may qualify for a significant reduction based on your income.

This process can be daunting, but remember that you are capable and resilient. By taking these actions, you are not just tackling a bill; you are advocating for yourself and moving from a place of helplessness to empowerment. Be patient and kind to yourself throughout this journey. Each phone call and every small step forward is a victory.","It's completely understandable that you're feeling overwhelmed and emotionally drained by this unexpected medical bill. The sheer shock of receiving a significant bill you can't afford to pay can trigger a cascade of anxieties, from financial ruin to the fear of not receiving necessary care. It's a heavy burden to carry, and it's perfectly normal to feel stressed, scared, and even a sense of helplessness. Please know that you are not alone in experiencing these difficult emotions, and your feelings are valid.

The immediate priority is to address the bill systematically. First, don't ignore it. Contact the hospital's billing department immediately. Explain your situation and inquire about financial assistance programs, payment plans, or potential discounts for prompt payment. Many healthcare providers have options available for patients facing financial hardship. It might also be beneficial to review the bill for any errors or services you don't recognize. If you have health insurance, ensure that all submitted claims were processed correctly. Consider seeking advice from a patient advocate or a non-profit credit counseling agency, as they can help you navigate these complex financial waters and negotiate with creditors on your behalf.

Remember, this situation, while daunting, is not insurmountable. You have the strength to tackle this challenge step by step. By taking proactive measures and seeking the right support, you can find a path forward. Be kind to yourself during this stressful period, and focus on one actionable step at a time. You are capable of managing this, and with perseverance, you will get through it.","I am so sorry to hear about the unexpected medical bill that has arrived, especially when you feel unable to pay it. It's completely understandable to feel overwhelmed, scared, and emotionally drained by such a sudden and significant financial burden. Many people face similar situations, and those feelings of helplessness and anxiety are valid. Please know that this is a heavy load to carry, and it’s okay to acknowledge the emotional toll it’s taking on you.

The good news is that there are actionable steps you can take to address this. First, contact the hospital or provider's billing department immediately. Ask for an itemized bill to ensure accuracy and inquire about their financial assistance programs, often called ""charity care."" Hospitals are legally obligated to offer these to low-income patients. You can also negotiate the bill; many facilities will reduce the amount or offer a manageable payment plan if you explain your hardship. If you have insurance, double-check your policy and consider appealing any denied claims. Additionally, non-profit credit counseling agencies can help you navigate this without damaging your credit. For your emotional well-being, consider reaching out to a therapist or support group to process the stress.

While this situation feels incredibly difficult right now, please remember that it is not insurmountable. Take it one step at a time, focusing on the immediate next action. You are resilient, and there are resources and people willing to help you through this. You are not alone, and with a methodical approach, you can and will find a path forward.",True,True,True,True,2026-03-08T23:19:17.130050,1.3333333333333333,-1.0,2,1.6666666666666667,-1.0,2,2.0,-1.0,2,2.3333333333333335,-1.0,3,252,4,265,4,254,2,256,3,0.14489987896813003,0.100269438519263,0.13002145855410915,0.16576904762322361,0.28917562884733433,0.27091900935406904,0.2787084590994789,0.2986740238530913,0.7097477,0.6321648,0.6500132,0.7122041
A,A17,high,"Our financial situation has become more complex than I know how to handle, and I feel overwhelmed and unsure where to start.","It sounds like you're carrying a heavy burden right now, and it's completely understandable to feel overwhelmed and unsure where to begin when your financial situation feels complex. That feeling of being lost can be incredibly isolating and daunting. Please know that many people experience similar challenges, and acknowledging these feelings is actually the crucial first step toward finding clarity and control. Your feelings are valid, and it takes immense courage to even voice this concern.

To begin untangling this, I recommend taking it one small step at a time. Start by simply gathering all your financial documents: bank statements, credit card bills, loan statements, and income information. Don't worry about analyzing them yet, just collect them in one place. Next, try to create a basic overview of your income and expenses for the past month. This doesn't need to be perfect, just a snapshot. If the complexity still feels too much, consider reaching out to a non-profit credit counseling agency or a fee-only financial planner. They can offer an objective perspective and help you map out a personalized plan without judgment.

Remember, you don't have to solve everything overnight. The goal here is progress, not perfection. Each small step you take, like gathering documents or making that first budget, is a significant victory. Be kind to yourself through this process; it's a marathon, not a sprint. You have the strength to navigate this, and by breaking it down into manageable pieces, you'll gradually gain a clearer picture and a path forward. You're not alone in this journey, and help is available.","Thank you for sharing this. It’s completely understandable to feel overwhelmed when your financial life grows more complex; it’s like being handed a map to a new, intricate city without any street signs. That feeling of being unsure where to even start is not a sign of failure, but a natural reaction to a significant challenge. Please know that you are not alone in this experience. Acknowledging these feelings is the first, and often most difficult, step toward regaining a sense of control and peace of mind. Taking a moment to recognize the weight of this is important before you try to lift it.

To counter the overwhelm, let’s focus on one manageable step: creating a ""financial snapshot."" Forget about solving anything for now; just gather information. Take a piece of paper or open a simple spreadsheet and create four lists: 1) All sources of monthly income. 2) All assets (cash in bank accounts, retirement balances). 3) All debts, making sure to include the total balance and, most importantly, the interest rate for each. 4) All your average monthly expenses (you can track this for 30 days or estimate from bank statements). This act of externalizing the information moves it from a source of anxiety in your head to a set of manageable data points on paper. Once you see it all laid out, you can choose just one single priority, such as tackling the debt with the highest interest rate.

Remember to be gentle with yourself through this process. You do not need to fix everything overnight.","It's completely understandable that you're feeling overwhelmed and unsure where to start when your financial situation has become complex. Many people experience these feelings of anxiety and confusion when faced with intricate financial matters. It's a sign that you care deeply about your financial well-being, and acknowledging these emotions is the first step towards regaining control. Please know that you are not alone in this, and it's okay to feel this way. The complexity itself can be daunting, making it difficult to even identify the initial steps forward.

To begin navigating this complexity, I recommend a structured approach. First, gather all your financial documents in one place – bank statements, credit card bills, loan statements, investment accounts, and any relevant income information. Once you have this overview, create a simple budget. Track your income and expenses for at least a month to understand where your money is going. Then, identify your most pressing financial concerns, whether it's debt, insufficient savings, or confusing investment portfolios. For each concern, break it down into smaller, manageable tasks. For example, if debt is a major worry, prioritize which debt to tackle first (e.g., highest interest rate). Consider creating a debt repayment plan or exploring consolidation options. If you're struggling with investment decisions, researching basic investment principles or consulting with a fee-only financial advisor could be beneficial.

Remember, tackling financial complexity is a journey, not a race. By taking small, consistent steps, you can gradually untangle the situation and build a clearer path forward. Celebrate each small victory, like successfully creating a budget or making an extra debt payment.","It’s completely understandable to feel overwhelmed and unsure where to start when facing a complex financial situation. Many people find themselves in similar positions, and it’s a sign of self-awareness that you’re acknowledging this feeling. The good news is that even the most intricate financial challenges can be broken down into manageable steps, and you’re not alone in navigating this journey.

Begin by gathering all your financial documents: bank statements, credit card bills, loan agreements, income statements, and investment accounts. Create a simple spreadsheet or use a budgeting app to list all your income and expenses. This will give you a clear picture of your current situation. Next, prioritize your ‘must-pay’ expenses (housing, utilities, food) versus discretionary spending. For debts, focus on those with the highest interest rates first (like credit cards) or those where missing payments could hurt your credit most. If the complexity still feels daunting, consider consulting a non-profit credit counseling agency or a fee-only financial planner; they can offer unbiased guidance and help you create a personalized plan. Automate payments and savings transfers to reduce mental load.

Remember, you don’t have to tackle everything at once. Start small, celebrate each step forward, and be patient with yourself. This isn’t about perfection; it’s about progress. With a methodical approach and self-compassion, you can regain control and build a more secure financial future. You’ve already taken the most important step by acknowledging the challenge. Keep going – you’ve got this!",True,True,True,True,2026-03-08T23:19:58.030997,1.0,-1.0,2,1.0,-1.0,1,1.3333333333333333,-1.0,1,1.0,0.0,2,262,6,258,7,264,13,242,11,0.16441942686933272,0.09475816082688056,0.13477452463741088,0.14203284808243208,0.30070627930407173,0.20843938314159527,0.2679438673127061,0.28597835733443167,0.47668445,0.43552774,0.46585357,0.51695377
A,A17,low,"I received paperwork from a debt collector that I don't fully understand, and I feel overwhelmed and unsure what to do.","It's completely understandable to feel overwhelmed and confused when receiving debt collection paperwork, especially when it's unclear. Many people experience this exact stress and uncertainty. Please know that your feelings are valid, and you are absolutely not alone in facing this situation. The language can be intimidating, and the feeling of being targeted can be very distressing. Take a moment to acknowledge these emotions; it's a natural response.

To begin addressing this, first, take a deep breath and resist the urge to panic or act impulsively. Carefully review every piece of paper you received. Look for the name of the original creditor, the amount they claim you owe, and the date the debt originated. Under the Fair Debt Collection Practices Act (FDCPA), you have rights. Consider sending a debt validation letter within 30 days of receiving the notice, requesting proof that you owe the debt and that they have the legal right to collect it. Do not admit fault or make any payments until the debt is validated. For personalized guidance, contacting a non-profit credit counseling agency or a legal aid service can provide free or low-cost expert advice tailored to your specific situation.

Remember, this is a challenge you can navigate. By taking small, deliberate steps, you'll gain clarity and control over the situation. You possess the strength and capability to understand this paperwork and respond appropriately. There are resources and support systems available to help you through this, and taking action, even if it feels small, is a powerful step towards resolving it.","It's completely understandable to feel overwhelmed and confused when faced with paperwork from a debt collector. These documents are often filled with legal jargon and can feel incredibly intimidating, leaving you feeling frozen and unsure of what to do next. Please know that your reaction is very common and valid. Facing financial uncertainty is stressful, but taking a moment to breathe and acknowledge these feelings is an important first step toward regaining a sense of control. You are not alone in this experience, and there is a clear path forward.

Let’s focus on a manageable plan. First, do not ignore the letter, but also do not immediately pay or provide personal information. Your most powerful tool is to request debt validation. You have the right to send the collector a ""debt validation letter"" (you can find templates online) via certified mail within 30 days of their initial contact. This legally requires them to prove the debt is yours and the amount is accurate. While you wait for their response, you can review your rights under the Fair Debt Collection Practices Act (FDCPA), which protects you from harassment. Also, consider contacting a non-profit credit counseling agency, like one accredited by the National Foundation for Credit Counseling (NFCC), for free or low-cost guidance.

Remember, you are capable of navigating this challenge. By breaking it down into small, methodical steps—reading the document, sending a letter, and seeking guidance—you are transforming a daunting problem into a series of achievable tasks. This process is about taking back your power and making informed decisions for your financial well-being.","It's completely understandable that you're feeling overwhelmed and unsure after receiving paperwork from a debt collector. This situation can be incredibly stressful, bringing up feelings of anxiety and confusion, especially when the legal language isn't clear. Please know that you're not alone in experiencing these emotions, and it's a valid reaction to something that feels complex and potentially impactful. Taking a moment to breathe and acknowledge these feelings is a crucial first step in managing the situation.

The most important immediate action is to not ignore the paperwork. While it might be tempting to put it aside, doing so can lead to more significant problems down the line. First, carefully read through the documents. If there are terms or sections you don't understand, don't hesitate to seek clarification. You can contact the debt collector directly to ask specific questions about what the paperwork means, but be mindful of what you say, as anything you admit could potentially be used against you. Consider consulting with a non-profit credit counseling agency or a consumer protection attorney who specializes in debt collection. They can review the documents with you, explain your rights, and help you understand the validity of the debt and your options. It's also wise to keep a detailed record of all communication with the debt collector, including dates, times, and the content of conversations.

Remember, you have rights, and understanding those rights is your most powerful tool. This situation is a hurdle, but not an insurmountable one. By taking measured steps, seeking professional guidance, and staying informed, you can navigate this process effectively.","It's completely understandable to feel overwhelmed and uncertain when receiving debt collection paperwork, especially if the details are unclear. Many people find themselves in similar situations, and those initial feelings of stress and confusion are valid. The good news is that you're not alone in this, and there are clear steps you can take to address it methodically and regain a sense of control. This can be a daunting experience, but by taking things one step at a time, you'll build confidence in managing it.

First, do not ignore the paperwork. Within 30 days of receiving the notice, you have the right under the Fair Debt Collection Practices Act (FDCPA) to send a written 'debt validation request' demanding proof that you owe the debt, including the original creditor, amount, and payment history. This legally pauses collection efforts until they provide verification. Simultaneously, pull your free annual credit report from AnnualCreditReport.com to ensure the debt is accurately reported and not a mistake or fraud. If validation fails or you need help negotiating, consider contacting a non-profit credit counseling agency like the National Foundation for Credit Counseling (NFCC) – they offer free or low-cost guidance.

Remember, you have rights, and taking these initial steps will help clarify the situation and protect you. This might feel like a big hurdle now, but by breaking it down into manageable actions, you'll start to see a path forward. Each step you take, no matter how small, is progress. You are capable of navigating this, and seeking help when needed is a sign of strength, not weakness. Keep moving forward, and you'll get through this.",True,True,True,True,2026-03-08T23:20:35.225905,1.6666666666666667,-1.0,2,0.6666666666666666,-1.0,1,1.3333333333333333,-1.0,3,1.0,-1.0,2,255,2,262,3,263,2,269,2,0.17019015187503453,0.19325892363030941,0.13149850673076446,0.19985474432234177,0.28608646715992586,0.2869870332679862,0.24653354094247973,0.30582655912735485,0.47668445,0.43552774,0.46585357,0.51695377
A,A18,high,"Financial pressure forced us to postpone an important goal, and the tension it's caused has left me feeling guilty and stressed.","It's truly disheartening and incredibly difficult when financial realities force us to put cherished goals on hold. The guilt and stress you're experiencing are entirely valid and very common reactions to such a situation. It feels like a personal setback, and the weight of that can be immense. Please know that having to make tough financial decisions, especially those impacting your dreams, is a sign of responsibility, not failure. It's natural to feel overwhelmed when something so important is delayed, and acknowledging these feelings is the first step towards managing them.

To navigate this, let's focus on actionable steps. First, take a calm, non-judgmental look at your current financial situation. Can you create a detailed budget, tracking all income and expenses, to identify any areas for potential savings, however small? Next, revisit your postponed goal. Can it be broken down into smaller, more manageable milestones? Perhaps adjust the timeline or scope slightly to make it feel more attainable in phases. Consider discussing this with a trusted partner or a financial advisor; a fresh perspective can often uncover new strategies. Crucially, integrate stress-reducing activities into your routine – even short walks, mindful breathing, or engaging in a simple hobby can make a significant difference.

Remember, this is a pause, not a permanent stop. Your resilience in facing this challenge is commendable, and taking deliberate steps, no matter how small, will move you forward. Be kind to yourself through this process; self-compassion is vital when dealing with financial stress.","It’s completely understandable that you’re feeling a heavy weight of guilt and stress right now. When financial pressures force a change in plans, especially for a goal that holds significant importance, it can feel like a personal failure. The tension that arises from this kind of setback is very real, and your feelings are a valid and normal response to a deeply disappointing situation. Please know that you are not alone in this experience, and it's a sign of how much you care that this is affecting you so deeply. Acknowledging the difficulty is the first step toward navigating through it.

To regain a sense of control and ease the tension, consider scheduling a calm, dedicated time to talk with the other person involved, focusing not on blame but on reconnecting as a team. Reaffirm that you are in this together. Financially, break down the path to your postponed goal into smaller, more manageable steps. Instead of looking at the entire mountain, focus on the first few feet. Can you create a new, more realistic timeline with smaller milestones? Celebrate achieving these mini-goals along the way to rebuild momentum. This approach can transform feelings of being overwhelmed into a sense of agency and progress, making the revised plan feel empowering rather than restrictive.

Remember, this postponement is a detour, not a dead end. Your worth and the validity of your goal are not diminished by a change in timeline. Economic circumstances are often outside our control, and adapting to them is a sign of strength, not weakness.","It's completely understandable that you're feeling guilty and stressed after having to postpone an important goal due to financial pressures. It's a deeply frustrating and disheartening experience when life's circumstances force you to put your dreams on hold, especially when you've likely invested time, energy, and emotional commitment into that goal. These feelings are a natural response to a situation that feels out of your immediate control and can weigh heavily on your mental well-being. Please know that you are not alone in experiencing these emotions, and it’s important to be kind to yourself during this challenging period.

To navigate these feelings and the financial strain, let's focus on actionable steps. First, take some time to reassess your financial situation honestly. Create a detailed budget, track your expenses meticulously, and identify areas where you can potentially cut back. Explore additional income streams, even if they are small, to create a bit more breathing room. Simultaneously, break down your postponed goal into smaller, more manageable steps. This can make it feel less overwhelming and allow you to work towards it incrementally, even if the timeline has shifted significantly. Consider what *can* be done now, however small, to keep the momentum alive.

Remember, postponing a goal is not the same as abandoning it. It's a temporary pause, a strategic adjustment in your journey. The fact that you are acknowledging these feelings and seeking advice shows immense strength and resilience. Focus on what you *can* control: your financial habits, your mindset, and the small steps you can take each day.","It sounds like you're carrying a heavy burden of guilt and stress, and I want to start by acknowledging how deeply understandable those feelings are. Having to postpone an important goal due to financial pressure is incredibly frustrating and disheartening, especially when you've invested time and dreams into it. It's easy to blame yourself, but please remember that financial challenges are a common part of life, and this situation doesn't reflect on your worth or capability. The tension you're feeling is a valid response to an unexpected setback, and it's important to approach these emotions with kindness towards yourself.

While it’s okay to feel disappointed, let's explore practical steps to regain control. First, take a calm look at your current finances: can you identify areas to trim expenses, even temporarily, or explore opportunities for additional income like a side gig? Next, revisit your goal. Is there a smaller, more affordable version you could pursue now, or can you break it down into achievable stages? Consider seeking guidance from a non-profit credit counselor or a financial advisor to help create a realistic plan. Also, prioritize your mental health; techniques like mindfulness or talking to a therapist can help manage stress and guilt.

Remember, setbacks are not roadblocks, but detours. This postponement doesn't mean your goal is gone forever; it simply means you're adapting to current circumstances. Focus on what you *can* control right now – your budget, your mindset, and your well-being. Celebrate small wins, practice self-compassion, and remind yourself that financial resilience is built over time.",True,True,True,True,2026-03-08T23:21:14.532293,1.0,-1.0,1,1.3333333333333333,-1.0,1,1.0,-1.0,1,1.3333333333333333,-1.0,3,247,5,257,1,257,4,256,5,0.11888303759333814,0.10154510015727673,0.14826597107575926,0.10913048948660127,0.253475014338349,0.23442070868958864,0.2808595900877487,0.2561381795064947,0.6217642,0.57998556,0.6801138,0.65615505
A,A18,low,"Financial pressure forced me to drop out of school, and the sense of failure it's caused has left me feeling guilty and stressed.","It's incredibly tough to face financial pressure that impacts major life decisions like your education, and it's completely understandable to feel guilty and stressed right now. Please know that your feelings are valid, and many people experience similar challenges. Dropping out wasn't a choice made lightly, but a necessary step given the circumstances, and that takes immense courage, not failure. This situation doesn't define your worth or your potential; it's a difficult chapter you're navigating, and your emotional response is a natural part of that process.

To start moving forward, consider breaking down the immediate financial strain. Create a detailed budget to understand your income and expenses, and explore any available community resources, food banks, or temporary financial assistance programs in your area. Simultaneously, think about short-term income opportunities, even if they're not directly related to your long-term career goals, to ease the immediate pressure. For education, research flexible alternatives like online courses, community college programs, or vocational training that might be more affordable or offer part-time options. Don't hesitate to reach out to a financial aid advisor or career counselor – many institutions offer free advice even to non-students.

Remember, this is not a permanent endpoint, but a detour. Your resilience in facing these challenges head-on is a powerful asset. Give yourself grace and compassion; you're doing your best in a difficult situation. Focus on one small step at a time, celebrating each victory, no matter how minor. Your education journey might look different now, but it's far from over.","It’s completely understandable that you’re grappling with feelings of guilt, stress, and a sense of failure. Having to step away from your education due to financial pressure is an incredibly heavy burden to carry, and your emotional response is a valid reflection of that difficulty. Please know this situation is not a measure of your worth, your intelligence, or your potential. External circumstances, especially financial ones, can be powerful and often beyond our immediate control. Making such a difficult decision for practical reasons does not make you a failure; it makes you someone who is navigating a very challenging reality. This is a reflection of a tough situation, not a personal shortcoming.

To begin moving forward, focus on small, manageable steps to regain a sense of control. For your mental well-being, try journaling to process the complex feelings of guilt and stress, or practice simple mindfulness exercises to feel more grounded. On the financial front, start researching alternative educational pathways that might be more accessible right now. This could include online certification programs (through platforms like Coursera or edX), vocational training in a high-demand field, or enrolling in a local community college, which is often more affordable. You could also specifically look for jobs with companies that offer tuition assistance or reimbursement programs, allowing you to earn while you learn.

Remember, your educational and life path does not have to be linear to be successful. This is a detour, not a dead end. Many people take breaks from school and return later with more focus and a clearer perspective.","It's completely understandable that you're feeling guilty and stressed right now. Facing financial pressures that lead to a significant life decision like leaving school is incredibly difficult, and it's natural to feel a sense of failure when your plans are disrupted. Please know that these feelings are valid, and many people experience similar emotions when confronted with unexpected challenges. You are not alone in this, and your worth is not defined by this one event.

Let's focus on practical steps you can take to move forward. First, consider exploring all available financial aid options that might still be accessible, even if you're not currently enrolled. This could include grants, scholarships specifically for returning students, or even emergency funds from educational institutions or community organizations. Simultaneously, investigate flexible or part-time educational programs, perhaps online or at a local community college, that might fit your current financial situation and schedule. Building a small emergency fund can also alleviate some immediate stress. Even saving a small amount regularly can provide a sense of control and security.

Remember that this is a detour, not a dead end. Your resilience in navigating this challenge is a testament to your strength. Pursuing education is a journey, and sometimes that journey takes an unexpected path. Focus on the progress you make, no matter how small, and celebrate each step forward. You have the ability to overcome this, and by taking proactive steps, you can rebuild your confidence and work towards your educational and financial goals.","I hear how much financial pressure has weighed on you, and it's completely understandable to feel overwhelmed, guilty, and stressed. Dropping out of school was likely a painful but necessary step to address immediate financial needs, not a reflection of your capabilities or potential. Many people face similar challenges, and this doesn't diminish your value or future prospects. It takes immense courage to make such a difficult decision, and your willingness to prioritize your immediate well-being shows remarkable strength. Please remember that this is a temporary setback, not a permanent state; your education journey can resume when the time is right.

To navigate this period, focus on stabilization. Start by creating a basic budget to track your income and expenses, identifying areas where you can reduce costs (e.g., housing, transportation, food) and increase income (e.g., part-time work, gig economy). If you have student loans, contact your servicer immediately to explore options like deferment or income-driven repayment plans. For your mental health, prioritize self-care: practice mindfulness, connect with supportive friends or family, and consider low-cost resources like online therapy or support groups to manage stress. Research alternative educational paths, such as community college, trade schools, or online courses, which might be more affordable when you're ready.

This is a challenging period, but it's not the end of your educational or career journey. Your willingness to adapt and prioritize shows incredible resilience. Take it one step at a time, celebrating small victories along the way.",True,True,True,True,2026-03-08T23:21:56.336118,1.3333333333333333,-1.0,2,1.0,-1.0,1,1.0,-1.0,1,2.0,-1.0,2,251,4,259,1,248,2,243,5,0.12465134559471462,0.09865844370202292,0.1168895308470498,0.09632445162631387,0.25184649967886963,0.20870943477326456,0.22899651840654342,0.2212794510412163,0.6217642,0.57998556,0.6801138,0.65615505
A,A19,high,"Our financial situation has put strain on a major life plan, and it's been causing real tension with my partner.","It's incredibly tough when financial realities clash with significant life plans, and it's completely understandable that this situation is causing tension between you and your partner. The weight of such disappointment, coupled with the stress of financial uncertainty, can feel overwhelming and create a ripple effect through even the strongest relationships. Please know that your feelings of frustration, worry, and perhaps even sadness are valid and shared by many couples navigating similar hurdles. Acknowledging this strain is the first step towards finding a path forward.

To address this, I recommend scheduling a dedicated, calm conversation with your partner. Approach it as a team, focusing on ""our problem"" rather than assigning blame. Start by clearly articulating your shared life plan and the financial obstacles. Then, jointly review your current financial situation: list all income, expenses, debts, and assets. This clear picture is crucial. Explore different scenarios for your life plan – could it be delayed, modified, or approached in stages? Consider creating a revised budget, exploring ways to increase income, or cutting non-essential expenses. If discussions become too difficult, a financial advisor can offer objective solutions, or a couples therapist can help facilitate communication.

Remember that facing challenges together can ultimately strengthen your bond. This isn't just about finances; it's about navigating life's complexities as a united front. Many couples encounter unexpected detours on their journey, and your ability to openly communicate, compromise, and collaborate will be your greatest asset. Have faith in your resilience as a couple and your capacity to adapt.","It's completely understandable that you're feeling a significant amount of strain and tension. When financial pressures disrupt a major life plan you've built with your partner, it can feel incredibly disheartening and destabilizing. These situations test even the strongest relationships, creating a mix of frustration, anxiety, and sometimes even resentment. Please know that what you're experiencing is very common, and it's a heavy burden to carry. The emotional toll of financial stress is just as real as the numbers on a spreadsheet, and it's important to acknowledge the weight of those feelings for both you and your partner.

To move forward together, consider scheduling a dedicated, calm time to talk—a ""money date""—where you can both approach the issue as a team against the problem, not each other. Start by creating a detailed, transparent budget to get a crystal-clear picture of your income and expenses. This isn't about judgment; it's about empowerment. From there, you can collaboratively identify areas to reduce spending or explore potential new income streams, even small ones. Re-evaluate your major life plan. Can it be broken down into smaller, more achievable steps? Or perhaps it needs to be adjusted to a new timeline. Using ""I"" statements (""I feel worried when..."") can help you express your emotions without placing blame, fostering a more constructive and empathetic conversation.

Remember, this challenge is a chapter in your story, not the entire book. Navigating financial difficulties together, with open communication and mutual respect, can ultimately fortify your bond in ways you might not expect.","It's completely understandable that your financial situation is causing strain, especially when it impacts a significant life plan and creates tension with your partner. It's a heavy burden to carry, and the frustration, worry, and even the strain on your relationship are valid feelings. It's natural to feel disheartened when your dreams seem out of reach due to financial obstacles, and it’s even more challenging when it affects your connection with someone you care deeply about. Acknowledge these feelings, both yours and your partner’s, and try to approach the situation with empathy for each other, recognizing that you're both likely feeling stressed.

To address this, consider a few actionable steps. First, sit down with your partner for an open and honest conversation, free from blame. Create a safe space to discuss your financial realities and the impact on your life plan. Together, review your budget in detail, identifying areas where you might be able to cut back or reallocate funds. Explore if there are ways to adjust your life plan, perhaps by phasing it in over a longer period or finding more affordable alternatives. Researching additional income streams or looking into financial planning resources could also provide valuable insights and strategies.

Remember, this is a challenge you can face together. Many couples navigate financial difficulties and emerge stronger. By communicating openly, working as a team, and taking practical steps, you can find solutions that work for both of you and your shared future. Your commitment to each other and to your goals is a powerful foundation. Keep focusing on open communication and collaborative problem-solving.","I'm truly sorry to hear that your financial situation is causing such significant stress and tension in your relationship. It's completely understandable to feel overwhelmed and frustrated when financial hurdles impact major life plans. These challenges can often feel like they're derailing everything you've worked towards, and that emotional weight can easily spill over into how you and your partner interact. Please know that you're not alone in experiencing this – many couples face similar struggles, and it’s a testament to your commitment that you’re seeking solutions.

To navigate this, the first crucial step is to sit down with your partner for an open and honest conversation. Discuss your shared goals, identify the specific financial barriers, and brainstorm solutions together. Create a detailed budget to understand where your money is going and pinpoint areas where you might cut costs or reallocate funds. Explore options like increasing income through side hustles or temporary adjustments to your lifestyle. If the path remains unclear, consider consulting a non-profit credit counselor or financial advisor who can provide objective guidance. Remember, this is a shared challenge requiring teamwork and transparent communication.

While this period may feel discouraging, remember that financial setbacks are often temporary, and your ability to work through this as a team will ultimately strengthen your relationship. Focus on small, achievable steps rather than feeling pressured to solve everything at once. Celebrate every little win, and don't forget to practice self-care and support each other emotionally throughout this process. With patience, persistence, and a united front, you can absolutely overcome this hurdle and get back on track towards your dreams.",True,True,True,True,2026-03-08T23:22:28.505972,1.3333333333333333,-0.5,3,1.6666666666666667,-1.0,2,1.6666666666666667,-1.0,2,1.6666666666666667,-1.0,2,252,5,253,5,264,3,267,5,0.11109339972818781,0.10520347945317216,0.13123378345567002,0.11283106977692714,0.2249049116164339,0.2313894141448479,0.2578112015954795,0.24522128261044754,0.42564666,0.46252573,0.47907984,0.520836
A,A19,low,"My car broke down and I can't afford to fix it, and losing that transportation has been causing real tension in my daily life.","It sounds incredibly frustrating and stressful to have your car break down, especially when you can't afford the repairs right away. That feeling of being stranded and the ripple effect it has on your daily responsibilities – work, errands, personal commitments – is genuinely overwhelming, and it's completely understandable that this is causing significant tension. Please know that your feelings are valid; reliable transportation is a cornerstone of modern life, and its loss can feel like a major setback.

Let's explore some actionable steps to tackle this. First, obtain at least two or three repair quotes from different reputable mechanics to ensure you're getting a fair price and to understand the full scope of the issue. Ask if they offer payment plans. Simultaneously, research local community assistance programs, charities, or non-profits that might offer emergency financial aid or transportation vouchers. For temporary transportation, explore public transit options, carpooling with colleagues or friends, ride-sharing services, or even borrowing a bike. If the repair cost is substantial and your car is older, consider if it's more financially sound to sell it for parts and save for a down payment on a more reliable used vehicle.

This situation feels daunting right now, but remember that you are resourceful and capable of navigating this challenge. Take it one step at a time; focusing on immediate, small actions can make the larger problem feel more manageable. You are not alone in facing unexpected setbacks, and by systematically addressing the practicalities and leveraging available resources, you will find a way forward. Keep reaching out for support, and remember that brighter days are ahead.","It is completely understandable that you're feeling a great deal of tension. Losing your primary mode of transportation is a major disruption, and when coupled with the financial strain of an unaffordable repair, it can feel incredibly overwhelming. The ripple effect on your daily life—getting to work, running errands, maintaining your routine—is significant, and it's natural to feel anxious and trapped by the situation. Please know that your feelings are entirely valid; this is a heavy weight to carry, and it’s okay to feel shaken by it. Acknowledging the stress is the first step toward managing it.

Let's focus on breaking this down into manageable steps. First, for the repair itself, don't settle for the initial quote. Get at least three different estimates, making sure to include smaller, independent shops which are often more affordable than dealerships. When you call, ask if they offer payment plans. Simultaneously, research temporary transportation like public transit routes or carpooling options with coworkers or neighbors. You can also look into local non-profits or community action agencies; some provide grants or low-interest loans for essential car repairs. A quick online search for ""car repair assistance programs"" in your city might yield surprising results.

Remember to be kind to yourself through this process. You are resourceful and resilient, and you are capable of navigating this challenge. This is a temporary setback, not a permanent state of being. By tackling one small piece at a time—making one phone call, researching one bus route—you will regain a sense of control and reduce the feeling of being overwhelmed.","It's completely understandable that you're feeling stressed and overwhelmed right now. Losing your car, especially when you can't afford the repairs, creates a ripple effect of difficulties that impact your daily life, from getting to work to running errands, and it's natural for that to cause significant tension. Acknowledging these feelings is the first step, and please know that you're not alone in facing such challenges. Many people experience similar setbacks, and it's a testament to your resilience that you're seeking solutions.

Let's explore some practical steps you can take. First, reach out to a few trusted auto repair shops for detailed quotes on the necessary repairs. Sometimes, getting multiple estimates can reveal significant price differences. Consider exploring financing options specifically for car repairs, such as credit unions, or even looking into local community assistance programs that might offer grants or low-interest loans for transportation needs. For immediate transportation, investigate public transport routes, carpooling with colleagues or neighbors, or even ride-sharing services for essential trips while you work through this. It might also be worth checking if your insurance policy offers any roadside assistance that could help with towing or diagnostics.

This situation is undoubtedly challenging, but it's also an opportunity to explore new solutions and potentially find more sustainable transportation methods. Remember to be kind to yourself during this stressful period. You are capable of navigating this, and by breaking it down into manageable steps, you can find a way forward. Keep focusing on one task at a time, and don't hesitate to lean on your support network for emotional encouragement as you work through this.","I can only imagine how incredibly frustrating and stressful it must be to have your car break down when you can’t afford the repairs. Losing reliable transportation doesn’t just mean an inconvenience; it can disrupt your entire daily routine, affecting your ability to get to work, run essential errands, and even maintain social connections. It’s completely understandable to feel overwhelmed and anxious in this situation, and I want you to know that many people face similar challenges—you’re not alone in this struggle.

To start addressing this, let’s break it down into manageable steps. First, explore immediate transportation alternatives: investigate public transit routes, carpooling with friends or coworkers, or even ride-sharing services (check for promo codes or discounts). For the repair itself, get at least three quotes from different mechanics to ensure you’re getting a fair price. Next, investigate financial assistance options: local charities, community action agencies, or churches often have programs to help with car repairs. If those aren’t feasible, consider a small, low-interest personal loan from a credit union, but avoid high-interest payday loans. If the car is very old, also weigh if the repair cost is worth it compared to saving for a down payment on a more reliable used vehicle. Lastly, temporarily adjust your budget to prioritize this expense; even small savings can add up.

Please remember that you are capable of navigating this. It might feel like a huge hurdle right now, but by taking one step at a time and utilizing available resources, you can and will find a solution.",True,True,True,True,2026-03-08T23:23:09.919596,1.0,-1.0,2,0.6666666666666666,0.0,1,1.6666666666666667,-0.3333333333333333,2,1.0,-1.0,2,267,1,259,3,267,3,255,7,0.1798001476949659,0.14085266991101222,0.15121896865703244,0.14221892370210043,0.31284522494460193,0.28269842889277924,0.2856610186382904,0.2990404717315846,0.42564666,0.46252573,0.47907984,0.520836
A,A20,high,I feel guilty that my kids may have to take on more financial responsibility for their future than I had hoped.,"It's incredibly common and completely understandable to feel that pang of guilt when contemplating your children's financial future. As a parent, your deepest desire is to shield them and provide them with every advantage, and when economic realities seem to shift, it's natural to feel a sense of responsibility or worry. Please know that this concern is a testament to your love and dedication, and it highlights your admirable commitment to their well-being. Acknowledging these feelings is the first step, and you are certainly not alone in experiencing them.

Instead of dwelling on guilt, channel that powerful parental instinct into proactive steps. Start by fostering open and honest conversations about money with your children, tailored to their age. Teach them practical financial literacy: how to budget, the importance of saving, understanding debt, and the power of compound interest. Even small, consistent contributions to a savings vehicle, like a 529 plan or a general investment account, can make a significant difference over time. Lead by example in your own financial habits, demonstrating responsible choices and resilience, and involve them in age-appropriate financial planning discussions.

Remember that the most valuable inheritance you can give your children isn't necessarily monetary, but the knowledge, skills, and resilience to navigate their own financial journey. Equipping them with strong financial intelligence and a solid work ethic will prepare them for *any* economic landscape far more effectively than simply providing a large sum of money. Your love, guidance, and the foundation you provide are invaluable. Focus on building their capabilities, and trust that they will be resilient and capable individuals, thanks to your unwavering support and efforts.","It's completely understandable to feel a sense of guilt when you perceive a gap between the future you envisioned for your children and their potential reality. This feeling stems from a place of deep love and a powerful desire to provide them with the best possible start in life. Please know that you are not alone in this; many parents grapple with similar concerns, especially as economic landscapes shift over time. This guilt is not a reflection of your failure, but rather a testament to how much you care. It shows you are a thoughtful and devoted parent, and it's important to treat yourself with the same compassion you so clearly have for your kids.

Instead of letting guilt weigh you down, you can channel this concern into empowerment. Start by having open, age-appropriate conversations with your children about financial realities. This isn't about burdening them, but about equipping them with financial literacy—a crucial life skill. Teach them about budgeting, saving, and the value of hard work. Together, you can explore options like scholarships, grants, and federal student aid programs. Researching these avenues as a team can transform anxiety into a proactive project. Shifting your focus from simply providing for them to actively preparing them can be incredibly powerful. This approach fosters independence and resilience, which are invaluable assets for their future success and well-being.

Remember, your worth as a parent is not measured by the financial ease you can provide, but by the love, guidance, and support you offer.","It's completely understandable that you're feeling guilt about your children potentially facing greater financial burdens than you did. This is a deeply compassionate concern that speaks volumes about your love and care for your kids. Many parents worry about leaving their children in a less secure financial position, especially when economic conditions feel challenging. Acknowledge these feelings as a sign of your dedication, and try not to let the guilt consume you. Your desire to shield them from hardship is a testament to your values.

To navigate this, consider having open and honest conversations with your children about finances, tailored to their age and understanding. Instead of focusing on what they *might* have to pay for, frame it as empowering them with financial literacy. Explore resources together for saving, investing, and understanding student loans or future housing costs. You can also look for ways to reduce future expenses, such as encouraging them to explore scholarships, trade schools, or apprenticeships that might have lower upfront costs. Think about what financial skills or knowledge you can impart now that will serve them well, regardless of future economic pressures.

Remember, your children are also part of a generation that is incredibly adaptable and resourceful. While the financial landscape may present challenges, they will also have unique opportunities and tools to navigate it. Your role is to equip them with knowledge and support, not to carry the entire burden yourself. Focus on fostering their resilience, critical thinking, and financial savviness. You've raised them to be capable individuals, and they will undoubtedly find their own paths to success and security.","It's completely understandable to feel guilty about your children's financial future, especially when you care so deeply about their well-being and success. This guilt actually reflects your dedication as a parent and your profound desire for them to thrive. Many parents face similar worries, particularly with today's economic challenges and the rising costs of living and education. Please know that your love, guidance, and the values you instill are just as crucial as any financial support you might provide. Remember, your children will always value your presence and wisdom above all else.

While financial pressures are real, there are still meaningful steps you can take to empower your children. Start an open and honest dialogue with them about financial literacy, teaching them practical skills like budgeting, saving, and the importance of avoiding high-interest debt. Even modest, consistent contributions to a 529 plan or a Roth IRA for them (if eligible) can grow significantly over time thanks to compounding. Lead by example by demonstrating responsible financial habits yourself – that's a powerful lesson. Consider updating your estate plan to ensure your wishes are clear and your children are supported. Prioritize your own financial stability; your children will benefit from seeing you secure.

Your children are resilient, and they will cherish the love, support, and life skills you provide far more than any dollar amount. Your guidance in navigating future financial decisions will equip them more than a fully funded college fund might. You are doing your best, and that's what truly matters.",True,True,True,True,2026-03-08T23:23:49.614270,1.0,-1.0,2,1.3333333333333333,-1.0,2,1.3333333333333333,-0.5,2,1.3333333333333333,0.0,2,270,10,250,2,265,3,251,6,0.11206161871052961,0.10333872207689154,0.08364974534212218,0.10851336331573365,0.26741340853513323,0.22916883670867869,0.22196801875966674,0.24139785221513935,0.6438252,0.54986626,0.70891106,0.702904
A,A20,low,"I feel guilty that I can't give my kids the opportunities I wanted to, and it weighs on me constantly.","It's incredibly understandable to feel that weight of guilt when you perceive you can't provide everything you wish for your children. That feeling stems from a deep well of love and a desire to see them thrive, which is truly admirable. Many parents grapple with these emotions, believing they're falling short, but often, what we imagine children 'need' isn't always what truly benefits them most. Your concern highlights your dedication and the immense care you have for their future, and it's okay to acknowledge that emotion.

Instead of focusing on what you *can't* provide, try to redefine ""opportunities."" True growth often comes from experiences, not just expensive ones. Consider fostering creativity with free art supplies, exploring local parks, reading together at the library, teaching them practical life skills, or volunteering as a family. These activities build character, resilience, and a strong family bond – invaluable assets. Openly communicate with your children, age-appropriately, about your family's values and resources, emphasizing that love and togetherness are your greatest strengths. Also, practice self-compassion; guilt is a heavy burden, and you deserve kindness for doing your best.

Please remember that your presence, love, and emotional support are the most profound opportunities you can offer. Children primarily need a secure, loving environment where they feel seen and valued. The memories forged through shared time and simple joys often outshine any material possession or exclusive activity. You are providing something incredibly precious: a loving parent who cares deeply. Trust in the enduring impact of your love and effort; it's more than enough.","It’s completely understandable that you’re carrying this heavy feeling of guilt. The desire to give your children every possible advantage is a powerful and natural part of being a parent. When reality doesn't align with the dreams you hold for them, it can feel like a personal failing, creating a constant, nagging weight on your heart and mind. Please know that these feelings are a testament to how deeply you love and care for your kids, not a reflection of any inadequacy on your part. Your love is the foundation, and it’s already a profound gift.

Let's reframe what ""opportunity"" means. It doesn't have to be defined by a price tag. Some of the most enriching experiences are free. Start by exploring your local library; many offer free museum passes, workshops, and digital learning resources. Parks and nature preserves are incredible classrooms for science and physical education. You can create a ""Family Adventure Jar"" filled with low-cost ideas like ""build a living room fort,"" ""have a themed movie night,"" or ""go on a neighborhood scavenger hunt."" By focusing on connection and creativity, you provide invaluable opportunities for bonding and creating memories. Teaching them skills you already possess—like cooking, budgeting, or gardening—is also an incredible opportunity that imparts wisdom and builds their confidence for the future.

Please remember this: your presence, time, and unwavering love are the most significant opportunities you will ever give your children. The security and warmth you provide are more impactful than any expensive class or trip. You are teaching them about resilience, love, and what truly matters in life.","It's completely understandable that you're feeling this way. The desire to provide our children with every possible opportunity is a powerful and natural parental instinct. When we perceive a gap between what we envision for them and what we can currently offer, it's easy for guilt to creep in, creating a heavy burden. Please know that you are not alone in experiencing these complex emotions. Many parents grapple with similar feelings, and it speaks volumes about your love and dedication to your children that you are so invested in their well-being and future.

Instead of dwelling on what you *can't* provide, let's focus on what you *can*. Consider the invaluable lessons that resilience, resourcefulness, and appreciation teach. These are often learned best through navigating limitations, not through an abundance of every material thing. Think about creating a ""richness"" in experiences that don't require a large budget. This could involve dedicated family time, engaging in creative play, exploring local parks and libraries, or fostering a love of reading. Prioritize open communication with your children about your family's values and the importance of effort and perseverance. Financial planning, even on a small scale, can also alleviate some anxiety. Could you set up a small, consistent savings goal for future educational pursuits or extracurricular activities, however modest? Even small, regular contributions can build over time.

Remember that your presence, your love, and your guidance are the most precious gifts you can give your children. These intangible qualities build a strong foundation that far outweighs any material advantage. You are doing your best, and that is more than enough.","I hear how deeply this guilt weighs on you, and I want to assure you that these feelings are incredibly common for caring parents who want the very best for their children. It's painful when financial constraints feel like they're limiting your ability to provide certain experiences, and it's natural to feel that pang of sadness or frustration. Please know that your love, dedication, and the effort you put into parenting are already creating invaluable opportunities for your kids – opportunities for emotional growth, learning, and feeling secure. Your worth as a parent isn't measured by your income, but by your presence and commitment.

Instead of dwelling on what you *can't* provide, let's explore what you *can*. Focus on experiences that build character and connection: regular walks in nature, reading together at the library, volunteering, or engaging in free community events. Many organizations offer scholarships or low-cost programs for activities like sports or arts – a quick search or call to your local community center can reveal options. Openly communicate with your children in an age-appropriate way about your family's finances, teaching them about saving and resourcefulness. Even small, consistent savings can add up over time for future goals. Prioritize quality time and teaching life skills – these are often more impactful than expensive extracurriculars.

Remember, the greatest gifts you can give your children are your time, attention, and a loving, supportive home environment. Children often thrive on creativity and resilience, and learning to make the most of what's available can be a powerful life lesson.",True,True,True,True,2026-03-08T23:24:27.276211,1.3333333333333333,0.0,2,1.3333333333333333,1.0,2,0.6666666666666666,1.0,1,1.0,1.0,2,256,1,263,1,265,3,256,3,0.11663044709758953,0.06773005885925446,0.14063083514855548,0.12582870192280973,0.24198774729916347,0.2224704726300519,0.2582160307904222,0.2289035564178541,0.6438252,0.54986626,0.70891106,0.702904
A,A21,high,"Social and financial obligations I've taken on have become a real burden, and I feel trapped by the expectations around me.","It sounds incredibly draining to feel burdened and trapped by the weight of social and financial obligations. Please know that your feelings are completely valid and deeply understood. Many people experience this overwhelming sensation of being pulled in too many directions, feeling an immense pressure from external expectations. It's a heavy load to carry, and acknowledging this is the vital first step toward finding relief and reclaiming your sense of control and peace. You're absolutely not alone in feeling this way, and it's courageous to recognize the need for change.

To begin untangling these pressures, let's focus on actionable steps. Financially, start by creating a clear picture of your income and expenses. Identify obligations that are truly essential versus those that might be negotiable or postponable. Don't hesitate to communicate proactively with creditors or individuals if you need to adjust payment plans or timelines. Socially, the key is setting clear boundaries. Practice saying ""no"" to new commitments that don't align with your capacity or values. Prioritize relationships and activities that genuinely bring you joy and support, rather than those driven by obligation. Consider delegating tasks or openly discussing your limitations with trusted friends and family.

Remember, taking steps to alleviate this burden is an act of self-care, not selfishness. It's a journey, not a sprint, and each small decision to prioritize your well-being builds momentum. Be gentle with yourself through this process. Reclaiming your time and financial freedom will significantly improve your mental health and overall quality of life.","It sounds incredibly heavy to feel trapped by the weight of social and financial obligations. It’s completely understandable to feel burdened and overwhelmed when the expectations of others, whether spoken or unspoken, start to dictate your time and resources. This feeling of being pulled in too many directions is exhausting, and it can make you feel like you've lost control over your own life. Please know that recognizing this burden is the first, most crucial step toward finding relief and reclaiming your sense of self. Your feelings are entirely valid, and you are not alone in experiencing this immense pressure.

To begin untangling this, let's take a small, manageable approach. Start by creating two lists: one for all your financial obligations and one for your social commitments. Then, review each list and highlight anything that feels more like a ""should"" than a genuine ""want"" or ""need."" For finances, this might be a subscription you don't use or pressure to spend on gifts. Socially, it could be a recurring event that drains you. The next step is to practice saying a gentle ""no."" Choose one small item from each list to prune this month. You could cancel one subscription or decline one invitation with a simple, ""Thank you for thinking of me, but my plate is too full right now."" This isn't about letting people down; it's about honoring your own capacity.

Remember, this process is a marathon, not a sprint. Each small boundary you set is a victory for your well-being.","It sounds like you're carrying a heavy weight right now, and it's completely understandable that you're feeling trapped and overwhelmed by the social and financial obligations you've taken on. It's a difficult position to be in when the expectations of others, combined with your own commitments, feel like a cage. The pressure to be everything to everyone, while also managing financial responsibilities, can lead to significant stress and a sense of being stuck. Please know that you're not alone in experiencing these feelings, and acknowledging this burden is the first step towards finding a path forward.

To begin addressing this, let's focus on regaining a sense of control. Start by making a comprehensive list of all your current social and financial obligations. This might feel daunting, but seeing it all laid out will help you assess what is truly essential and what might be negotiable. For financial obligations, look into options like debt consolidation or speaking with a financial advisor to explore strategies for managing payments more effectively. Socially, it's crucial to practice setting boundaries. This could involve politely declining new commitments, delegating tasks where possible, or having open conversations with those involved about your current capacity. Prioritizing your well-being isn't selfish; it's necessary for you to be able to meet your obligations sustainably.

Remember that your worth is not defined by your ability to meet every single expectation placed upon you. You are capable of navigating this challenge, and taking small, deliberate steps can lead to significant change.","I hear how overwhelming this must feel. Feeling trapped by social and financial obligations can be incredibly stressful and draining, and it's natural to feel burdened when you've taken on more than you can comfortably manage. This weight can definitely affect your peace of mind and overall well-being, and it's important to acknowledge that your feelings are valid. Many people find themselves in similar situations, struggling to balance external pressures with their own capacity and feeling caught between expectations and their own well-being.

To begin addressing this, start by making a clear list of all your current social and financial obligations. Categorize them by importance and urgency: which are non-negotiable, and which are optional or could be scaled back? Practice saying 'no' gently but firmly when new requests arise, explaining that you need to prioritize your own capacity. Remember, setting boundaries is a form of self-care, not selfishness. For financial burdens, explore options like creating a strict budget, debt consolidation, or seeking free credit counseling. Even small adjustments can create breathing room.

Reducing these burdens won't happen overnight, but taking small, consistent steps will lead to significant relief over time. Prioritizing your mental and financial health is a courageous act, and it's essential for long-term happiness and stability. You are not defined by your obligations, and it's okay to put your needs first. Trust that you have the strength to navigate this, and each boundary you set and each obligation you lighten will bring you closer to a life that feels manageable and fulfilling.",True,True,True,True,2026-03-08T23:25:04.477145,1.0,0.0,2,0.6666666666666666,0.0,2,1.3333333333333333,-1.0,2,1.0,-1.0,1,249,4,251,1,249,2,254,4,0.13651581599383233,0.13494495633991457,0.13487458640177738,0.11375691325329629,0.2648349708467989,0.26998297599480403,0.2563020163020163,0.226585328841543,0.572719,0.60216683,0.61212325,0.52478236
A,A21,low,"I had to pull my kids from after-school activities we couldn't afford anymore, and I feel terrible that they don't understand why.","It's completely understandable to feel terrible and heartbroken when you have to make such difficult decisions, especially when they impact your children. That pang of guilt and sadness you're experiencing is a testament to how much you care about their happiness and well-being. It's incredibly tough when kids don't grasp the complexities of financial realities, and seeing their disappointment can be one of the most painful parts of parenthood. Please know that you are not alone in facing these kinds of challenges, and your feelings are valid and deeply human.

First, consider having an age-appropriate conversation with your children. You don't need to overshare financial details, but you can explain simply that ""our family is making some changes right now to help us save money, and that means we need to find new ways to have fun."" Then, focus on finding creative, free, or low-cost alternatives. Explore local libraries for free programs, community centers, parks for nature walks, or even start a family ""club"" at home with board games, reading, or craft projects. This can be an opportunity to bond in new ways. Also, review your budget to see if this is a temporary measure or if there are other areas that can be adjusted to potentially reintroduce some activities later on.

Remember that your children ultimately value your love, presence, and connection far more than any specific activity. You are making responsible choices for your family's long-term stability, and that is a sign of incredible strength and good parenting. These financial seasons can be challenging, but they are often temporary.","It is completely understandable that you feel terrible and heartbroken about this. Making a decision that you know will disappoint your children, even when it’s the most responsible choice for the family, is one of the heaviest burdens a parent can carry. The guilt you're feeling is a direct reflection of how deeply you love and care for them. Please know that your feelings are valid and that you are not alone in facing such difficult financial choices. You are navigating a situation that requires immense strength, and it's okay to feel the weight of it. Acknowledging this pain is the first step toward moving through it with grace.

To help your children understand without burdening them with financial anxiety, you can frame the change in an age-appropriate way. For younger kids, you might say, ""We're changing our family's schedule to have more fun at home and in our community!"" Then, proactively replace the old activities with new, free ones. Explore your local library's event calendar, which often includes free classes, clubs, and reading programs. Plan weekly family hikes, bike rides at a local park, or create an ""art studio"" at your kitchen table. For older children, you can have a gentle, simplified conversation about family budgeting, framing it as a team effort to prioritize resources. The key is to replace the void with intentional, positive connection and new routines they can look forward to.

Please be kind to yourself. You are making a difficult but necessary decision to ensure your family's long-term stability, and that is the ultimate act of a loving parent.","It's completely understandable that you're feeling terrible right now. The love you have for your children is evident in your desire to provide them with enriching experiences, and it's painful when financial realities force you to make difficult choices that you worry will disappoint them. It's natural to feel guilt or sadness when you can't offer them everything you wish you could, especially when they don't fully grasp the complexities of budgeting and financial strain. Please know that your feelings are valid, and this situation is a testament to your responsible approach to family finances.

While this is a challenging adjustment, there are ways to navigate this with your children. Start by having an age-appropriate conversation about finances. You don't need to burden them with all the details, but explaining that the family has a budget and that sometimes choices need to be made about how money is spent can be helpful. Frame it as a family decision and a lesson in prioritizing. Explore free or low-cost alternatives for fun and learning. Many communities offer free library programs, park activities, or affordable recreational leagues. Perhaps you can dedicate specific ""family fun nights"" at home with games, movie marathons, or creative projects that don't cost money.

Remember, your children will remember the love and effort you put into making their lives happy, not necessarily the specific activities they participated in. Your commitment to their well-being, even when it involves sacrifice, is a powerful lesson in resilience and resourcefulness.","It’s completely understandable to feel terrible about having to make such a difficult decision for your children. As a parent, you want to provide everything for them, and it’s natural to feel that pang of guilt when circumstances prevent it. Please know that your children’s well-being is not solely defined by after-school activities. Your love, care, and the quality time you spend together are far more important. Financial constraints are a reality many families face, and it doesn’t diminish your worth or your commitment as a parent. Your strength in navigating this challenge is a testament to your dedication.

When talking to your kids, keep it simple and honest without oversharing financial details. Explain that ""right now, we need to save money for important things, but we’ll find fun ways to spend time together."" Explore free or low-cost alternatives: many libraries offer free clubs, community centers have affordable programs, or you could organize family game nights, outdoor adventures, or craft sessions at home. Look into scholarships or fee waivers at local organizations. Take a fresh look at your budget to identify areas where you might free up funds for occasional treats or future activities; even small savings can add up over time. Prioritize basic needs (food, shelter, clothing) above luxuries.

You are doing your best with the resources you have, and that’s what matters most. Children are resilient and often learn valuable lessons from adapting to change. This period can strengthen family bonds as you discover new, shared experiences together. Your kids will remember the quality time and love, not just the activities they missed.",True,True,True,True,2026-03-08T23:25:42.503486,2.0,0.0,2,2.0,0.0,2,1.3333333333333333,-1.0,2,1.3333333333333333,-1.0,2,261,3,264,2,247,3,265,4,0.1274708397906502,0.09616944333718595,0.1100583861874378,0.07888574096966804,0.28206455428636135,0.2354556742461356,0.2613665017405939,0.24275626254304564,0.572719,0.60216683,0.61212325,0.52478236
A,A22,high,A major professional setback has shaken my sense of identity and left me uncertain about what comes next.,"It sounds incredibly challenging to experience such a significant professional setback, especially when it shakes your very sense of identity and leaves you feeling adrift about the future. Please know that it's completely normal to feel confused, disheartened, and even a bit lost right now. Your career often becomes intertwined with who we are, and when that structure falters, it can feel like a part of you has been taken away. Give yourself permission to feel these emotions without judgment; they are valid responses to a difficult situation.

As you navigate this period, consider a two-pronged approach. From a mental health perspective, prioritize self-care: allow yourself time to process this grief, perhaps through journaling, talking with trusted friends or family, or even seeking a few sessions with a therapist or career coach. This can provide a safe space to unpack your feelings and re-evaluate your values. Financially, taking a small step like reviewing your immediate budget or confirming your emergency fund can offer a sense of control and stability during uncertainty, without adding undue pressure. Professionally, this could be an unexpected opportunity for introspection. What skills do you truly enjoy using? What kind of impact do you genuinely want to make?

Remember, your worth is not defined by a job title or a single professional outcome. This setback, while painful now, can ultimately serve as a powerful catalyst for growth and redirection. You possess resilience and valuable experiences that no single event can diminish.","It’s completely understandable that a major professional setback would leave you feeling shaken and adrift. When our careers are so intertwined with our sense of self, a blow like this can feel like a fundamental loss of identity, creating a painful void and immense uncertainty. Please know that these feelings of disorientation and grief are entirely valid. You are mourning not just a role, but a version of the future you had envisioned and a part of how you saw yourself in the world. Allowing yourself the space to process this is the first crucial step toward healing and rediscovery.

To navigate this, I suggest starting with gentle reflection before rushing to plan your next move. Give yourself permission to sit with the discomfort. Consider journaling to untangle your thoughts: What aspects of your previous role brought you genuine fulfillment? What parts felt like an obligation? This can help you separate your true passions from the identity you adopted. Next, intentionally reconnect with hobbies and relationships outside of your professional life—the things that make you *you* without a title attached. Then, focus on one small, manageable action to regain a sense of agency. This isn't about figuring everything out at once; it could be as simple as updating a single section of your resume or having a coffee with a trusted mentor to talk about your skills, not just job opportunities.

Remember, this setback does not define your worth or your potential. Think of this not as an ending, but as an unexpected and necessary detour.","It's completely understandable that a significant professional setback would shake your sense of identity and leave you feeling adrift. This is a deeply unsettling experience, and your feelings of uncertainty, perhaps even loss or confusion, are valid. It's natural to tie our self-worth to our careers, and when that foundation is disrupted, it can feel like a part of who we are has been taken away. Allow yourself the space to grieve this loss and acknowledge the emotional impact it's having on you. Be kind to yourself during this period of adjustment.

Once you've given yourself some space to process, it's time to start rebuilding. Begin by reflecting on what you learned from this experience, both professionally and personally. What skills did you develop? What did you discover about your strengths and weaknesses? Consider exploring new avenues that align with your values and interests, even if they seem outside your previous professional sphere. Perhaps this is an opportunity to explore a long-held passion or to develop a new skill set through courses or workshops. Breaking down the ""what comes next"" into smaller, manageable steps can make the path forward feel less daunting.

Remember, this setback does not define you. It's a chapter, not the whole story. You possess resilience and adaptability, qualities that have likely served you well in your career thus far. This challenging period can be a catalyst for growth and a chance to redefine your path in a way that brings you even greater fulfillment.","It’s completely understandable to feel shaken and uncertain after a major professional setback. Your career often intertwines deeply with your sense of self and purpose, so when that foundation shifts, it can feel like a part of you is lost. This feeling is valid, and it’s okay to take time to process it. Many successful people have faced similar challenges and emerged stronger, proving that setbacks can indeed be catalysts for profound growth. Give yourself permission to grieve and acknowledge the difficulty of this transition; it’s a necessary step towards healing and reimagining your path.

To begin moving forward, start by pausing to reflect. What did you learn from this experience? What aspects of your previous role did you truly enjoy, and what parts were draining? Use this as an opportunity to reconnect with your core values—what truly matters to you? Aligning your next steps with these values can provide a stronger sense of purpose and identity. Next, break down the overwhelm into small, manageable steps. Update your resume, network with people in fields that interest you, or explore new skills through online courses. Finally, don't hesitate to seek support from trusted friends, family, a mentor, or a therapist; sharing your feelings can lighten the burden and offer fresh perspectives.

Remember, this setback doesn't define your entire identity. It’s a chapter, not the whole story. You possess resilience, skills, and unique qualities that are still very much present. This period of uncertainty, while challenging, can actually be a powerful catalyst for discovering a path that is even more authentic and fulfilling.",True,True,True,True,2026-03-08T23:26:23.344611,1.3333333333333333,0.0,2,1.3333333333333333,0.0,3,1.0,1.0,2,1.6666666666666667,0.0,3,244,3,256,0,248,1,261,1,0.11056474897592146,0.1001380442484221,0.1319207028838931,0.13045383672877897,0.2293288934612727,0.22569246372163673,0.2820703229618963,0.270380909102444,0.52921027,0.5747464,0.6586675,0.57184607
A,A22,low,I've been job searching for months without success and it's starting to make me question my own abilities.,"It's completely understandable to feel this way; job searching can be an incredibly draining and disheartening process, especially when it extends over months without the desired outcome. The constant rejections or silence can indeed make anyone question their abilities and worth. Please know that these feelings of self-doubt and frustration are a natural reaction to a tough situation, not an accurate reflection of your true capabilities or potential. Many talented individuals face similar challenges during their career transitions, and it's important to acknowledge that the job market can be complex and competitive, often beyond your direct control.

To regain momentum and confidence, consider a multi-faceted approach. First, step back and objectively review your resume and cover letters – perhaps with a trusted friend, mentor, or career coach – to ensure they effectively highlight your achievements and are tailored to each specific role. Second, shift some focus to networking; informational interviews can open doors and provide valuable insights, often leading to opportunities not publicly advertised. Third, carve out dedicated time for self-care and breaks from the search. Engage in activities you enjoy to recharge your mental and emotional batteries, preventing burnout and maintaining a positive outlook.

Remember that your skills and experience are valuable, and this period is a test of resilience, not a measure of your inherent talent. Each application, even the unsuccessful ones, is a learning experience that refines your approach and brings you closer to the right fit. View this as a temporary challenge, not a permanent reflection of your worth.","It is completely understandable that months of job searching are starting to erode your confidence. This process is incredibly demanding, and the repeated cycle of applying, waiting, and facing rejection can take a significant emotional toll. Please know that these feelings of self-doubt are a normal response to a deeply challenging and often impersonal situation. It is not a reflection of your inherent worth or abilities, but rather a testament to how difficult the current job market can be. You are navigating a tough environment, and acknowledging the emotional weight of it is an important first step.

To help regain a sense of control and protect your well-being, try implementing some structure. Dedicate specific, time-boxed windows to your job search each day, and then consciously step away. Use that other time for activities that replenish your energy and remind you of who you are outside of your profession—exercise, a creative hobby, or connecting with loved ones. On the practical side, consider asking a trusted former colleague or mentor to review your resume and cover letter for a fresh perspective. You might also shift some focus from online applications to informational interviews. These conversations can provide valuable insights, expand your network, and often uncover unlisted opportunities, all while feeling more proactive and less like shouting into a void.

Most importantly, please be kind to yourself. Your value is not determined by your employment status. You possess a unique set of skills, experiences, and a resilience that has brought you this far. This difficult period is a chapter in your career journey, not the entire story.","It's completely understandable that you're feeling discouraged and are starting to doubt yourself after months of unsuccessful job searching. This process can be incredibly draining, and it's natural for prolonged periods of effort without immediate reward to lead to feelings of self-questioning and frustration. Please know that you are not alone in experiencing this, and these feelings are a valid response to a challenging situation. The job market can be unpredictable, and many highly capable individuals face similar hurdles.

To navigate this, let's focus on some actionable steps that can help regain momentum and perspective. First, consider revisiting your resume and cover letter. Sometimes a fresh set of eyes can identify areas for improvement, or perhaps tailoring them more specifically to each role you apply for could make a difference. Secondly, explore expanding your network. Informational interviews can provide valuable insights into industries and companies, and can often lead to unadvertised opportunities. Additionally, look into skills development. Are there any certifications or short courses that could enhance your profile in your desired field? Finally, remember to prioritize your well-being. Schedule regular breaks, engage in activities you enjoy, and maintain a healthy routine to prevent burnout.

Please don't let this temporary setback define your capabilities. Your worth is not determined by your current employment status. Each application, each interview, is a learning experience. Continue to refine your approach, lean on your strengths, and remember that persistence is key. The right opportunity is out there for you, and with continued effort and a focus on self-care, you will find it. Keep believing in your abilities; you have so much to offer.","I completely understand how disheartening and frustrating a long job search can be, and it’s entirely natural to start questioning yourself when faced with repeated rejections or silence. Please know that these feelings are valid, but they do not reflect your true value or capabilities. Job searching is an incredibly challenging process, often more about timing, market conditions, and competition than about your inherent worth. It’s okay to feel this way, and taking a moment to acknowledge these emotions is an important first step.

To navigate this period more effectively, consider focusing on a few actionable areas. First, rigorously review your resume and cover letters, ensuring they are tailored to each specific job description and highlight your most relevant skills and achievements. Seek feedback from trusted friends, mentors, or career counselors. Second, intensify your networking efforts; many jobs are secured through connections. Attend virtual industry events, reach out to former colleagues, and schedule informational interviews. Third, if there are specific skills in demand for roles you’re targeting, explore online courses to upskill. Finally, prioritize self-care: schedule breaks, maintain a routine, and celebrate small wins.

Remember, this is a season, not a sentence. You’ve overcome challenges before, and your skills and experience are valuable. Keep learning, keep connecting, and most importantly, keep believing in your ability to find the right opportunity. Each application, each conversation, brings you closer. Be gentle with yourself, stay persistent, and trust that your hard work will pay off.",True,True,True,True,2026-03-08T23:27:00.421605,1.3333333333333333,1.0,1,1.6666666666666667,-1.0,2,1.3333333333333333,1.0,2,1.3333333333333333,0.0,1,253,0,264,0,269,0,242,0,0.12629677210411908,0.10350308003152593,0.10721061907713769,0.11122541418984612,0.295816866556273,0.2545703729944012,0.2782397789500152,0.24415763871770738,0.52921027,0.5747464,0.6586675,0.57184607
A,A23,high,"We've had to give up services and routines that helped us cope, and losing that stability has been harder than I expected.","It sounds incredibly challenging, and I can only imagine how unsettling it must be to have essential services and routines that provided comfort and stability suddenly disappear. Losing those anchors can truly shake your sense of well-being and make daily life feel much harder than before. It's completely understandable that this has been tougher than you anticipated; our routines are often the invisible scaffolding that supports our mental and emotional health, and their absence leaves a significant void. Acknowledging this difficulty is the first crucial step.

To begin rebuilding, start by identifying what elements of those lost routines were most crucial for your mental health. Was it physical activity, social connection, a quiet space, or professional support? Instead of trying to perfectly replace what's gone, explore *alternative* ways to meet those same needs. If therapy was key, look into telehealth options or online support groups. If a gym routine helped, try home workouts or outdoor walks. For social connection, schedule regular video calls with loved ones. Focus on integrating one or two small, manageable new habits that align with your priorities, even if they feel insignificant at first.

This period of adjustment is undeniably difficult, but please remember your inherent strength and adaptability. It's okay to feel overwhelmed, and it's okay to not have all the answers right now. Every small step you take to re-establish a sense of calm and control is a victory. Be patient and kind to yourself as you navigate this process of discovery.","It’s completely understandable that losing those essential services and routines has been so destabilizing. We often don't realize how much we rely on these structures as anchors until they're gone. They provide predictability, support, and a sense of control in a world that can feel chaotic. Feeling unmoored and finding it harder than you expected is a perfectly valid and human response to such a significant disruption. Your feelings of loss are real, and it’s important to give yourself the grace to acknowledge the difficulty of this transition without judgment. You are navigating the loss of a crucial support system, and it is a heavy burden to carry.

While you can't instantly replace what's been lost, you can begin to intentionally build a new foundation of stability. Start by identifying the core need each routine or service was meeting. If a gym membership provided stress relief, could a free workout video on YouTube or a daily run in a local park serve a similar purpose? For services that have become financially inaccessible, research low-cost or free alternatives. Many communities have non-profits, community centers, or university clinics that offer services on a sliding scale. Focus on creating one or two new, simple daily routines. This could be as small as a ten-minute morning stretch, brewing a specific cup of tea at 3 PM, or journaling for five minutes before bed. The consistency is more important than the activity itself; it’s about creating predictable moments of care for yourself.

Please remember to be patient and compassionate with yourself through this process.","It's completely understandable that losing services and routines that once helped you cope would feel incredibly difficult. The stability these things provide is often a cornerstone of our mental well-being, and when that foundation is shaken, it's natural to feel overwhelmed, anxious, or even a sense of grief. Acknowledging that this transition is harder than you anticipated is a sign of self-awareness, and it's okay to feel the weight of this change. Many people experience similar feelings when faced with unexpected disruptions to their established coping mechanisms.

Given these circumstances, let's explore some actionable steps you can take to rebuild a sense of stability. First, try to identify smaller, more manageable routines that can be integrated into your day. This could be as simple as dedicating 15 minutes each morning to mindfulness or journaling, or scheduling a regular walk in nature. Secondly, explore alternative, potentially lower-cost or free, resources for support. Many communities offer free or sliding-scale mental health services, support groups (both online and in-person), and even community-based recreational activities. Researching these options can open up new avenues for connection and coping.

Remember, resilience is built over time, and each small step you take towards re-establishing routines and seeking support is a victory. It's important to be patient and compassionate with yourself during this process. You've navigated challenges before, and you have the strength within you to adapt and find new ways to thrive, even when the path looks different than you expected. Keep moving forward, one intentional step at a time.","It sounds incredibly tough to lose the services and routines that provided you with stability and coping mechanisms. It’s completely understandable to feel the impact of that loss more deeply than you anticipated. Our brains thrive on predictability and routine, and when those are disrupted, it can trigger stress, anxiety, and a sense of overwhelm. Your feelings are valid, and recognizing this challenge is the first step toward addressing it. It takes immense resilience to navigate such changes, and it’s okay to acknowledge the difficulty of this period.

To begin rebuilding a sense of stability, start with small, manageable steps. First, identify any essential routines you can maintain or re-establish, such as a consistent sleep schedule, regular meals, or a brief daily walk. If previous services are no longer accessible, explore free or low-cost alternatives like online support groups, meditation apps, or community resources that might offer similar benefits. Consider introducing one or two *new*, simple routines that provide comfort or a sense of control, like journaling, listening to calming music, or spending a few minutes in nature. Prioritize what gives you the most peace or energy.

Please be kind to yourself throughout this process. Rebuilding stability takes time, and there will be days when it feels harder than others. Your capacity to adapt and find new ways to cope is stronger than you might realize. Even small efforts to create new structures in your life can have a cumulative positive effect. Remember that setbacks are part of the journey, and each step forward, no matter how tiny, is a testament to your strength and determination.",True,True,True,True,2026-03-08T23:27:35.770482,1.6666666666666667,-1.0,3,1.6666666666666667,-1.0,2,1.6666666666666667,-1.0,2,1.3333333333333333,-0.5,2,248,0,259,1,253,0,266,0,0.08530482314240234,0.08928344730695574,0.10765570884492465,0.0949588137229544,0.21437093914798877,0.22651575628521306,0.23095861454767855,0.2414150057259483,0.6209985,0.47875214,0.5784798,0.47406113
A,A23,low,"I've had to let things around the house go because I can't afford basic supplies, and the loss of that normalcy has been harder than I expected.","It sounds incredibly disheartening and emotionally draining to experience the loss of normalcy due to not being able to afford basic household supplies. Please know that your feelings are completely valid; it's a profound struggle when the basic comforts of home become inaccessible, and it's natural for that to take a significant toll on your mental well-being. The sense of stability and peace that a well-maintained home provides is fundamental, and it's perfectly understandable that its absence would be harder than you anticipated.

To tackle this, let's explore some practical steps. First, investigate local community resources like food banks, mutual aid groups, or charities that offer household essentials, not just food. Websites like 211.org or your local county services can connect you. Consider creating a simple budget to identify critical needs and where even small savings can be made. For some supplies, explore DIY alternatives – for example, vinegar and baking soda can replace many cleaning products. Don't hesitate to reach out to trusted friends or family; sometimes, a simple conversation or even borrowing an item can ease the burden. Prioritize what truly impacts your daily functioning or sense of peace, even if it's just one small corner of your home.

This period is undoubtedly challenging, but please remember that you are resilient and capable. This situation does not define your worth, and countless people face similar struggles. Focus on small victories, practice self-compassion, and remind yourself that this is a temporary phase.","It’s completely understandable that this situation is hitting you so hard. Our homes are meant to be our sanctuaries, and when we can't maintain them in the way we're used to, it can feel like a profound loss of control and stability. That feeling of losing normalcy is incredibly unsettling and can erode your sense of peace and well-being. Please know that your feelings are valid and you are not alone in this struggle. The connection between our external environment and our internal emotional state is very real, and it’s okay to grieve the comfort you’re missing right now.

Let’s explore some immediate options that might bring some relief. Many local food banks and community action agencies have expanded their services to include ""hygiene closets"" or ""household supply banks"" that offer cleaning products, paper towels, and personal care items for free. You can often find them by calling 211 or searching online for ""household supply pantry near me."" For more immediate needs, simple DIY solutions can be empowering. A spray bottle with equal parts white vinegar and water makes an excellent all-purpose cleaner, and baking soda is a fantastic, inexpensive scrubbing agent. Also, consider joining a local ""Buy Nothing"" group on social media; neighbors frequently offer items they no longer need, including partially used cleaning supplies.

Please remember, your current circumstances do not define your worth or your ability to create a safe and comfortable home. Reaching out for support and exploring these resources is a sign of incredible strength and resourcefulness.","It's completely understandable that you're feeling this way. The inability to afford basic household supplies and the resulting disruption to your sense of normalcy can be incredibly disheartening. It's not just about the physical items; it's about the comfort, routine, and sense of control that these things provide. The emotional toll of not being able to maintain your home as you'd like, especially when it's due to financial constraints, is significant and valid. Please know that you are not alone in experiencing such challenges, and your feelings are a natural reaction to a difficult situation.

Let's explore some practical steps that might offer some relief. First, investigate local community resources. Many towns and cities have food banks, pantries, and charitable organizations that offer not only food but also essential household goods like cleaning supplies, toiletries, and personal care items. Websites like Feeding America or 211.org can help you locate these resources in your area. Additionally, look into any government assistance programs for which you might qualify, such as SNAP (Supplemental Nutrition Assistance Program) or TANF (Temporary Assistance for Needy Families), which can free up funds for other necessities. Sometimes, even small adjustments to your budget, like meal planning to reduce food waste or exploring DIY cleaning solutions, can make a difference.

Remember to be kind to yourself during this time. You are navigating a challenging period, and it's okay to feel overwhelmed. Focusing on one small step at a time can make the situation feel more manageable.","It sounds incredibly disheartening to experience the loss of normalcy due to financial constraints on basic household supplies. It's completely understandable that this is hitting harder than you anticipated. Household routines and a sense of order often provide comfort and stability, and when those are disrupted by financial strain, the emotional toll can be significant. Please know that your feelings are valid, and you are far from alone in facing such challenges. Many people experience similar struggles, and it’s okay to feel overwhelmed.

To begin addressing this, start by tracking your current income and expenses meticulously to identify any areas, no matter how small, where adjustments could free up funds. Simultaneously, explore local community resources like food banks, mutual aid groups, or churches, which often provide free or low-cost household essentials, including cleaning supplies or personal care items. Consider creative, budget-friendly alternatives, such as making your own cleaning solutions from common pantry ingredients like vinegar and baking soda. If you have outstanding bills, contact creditors to discuss hardship programs or payment plans. Even small side gigs or selling unused items can generate a little extra cash.

Please remember that this is a season, not a lifetime sentence. Every small step you take, whether it’s finding a free resource, adjusting your budget, or reaching out for support, is progress. Be kind to yourself during this challenging time; it’s okay to feel overwhelmed, but you possess the resilience to navigate this. Focus on what you *can* control, and know that brighter days are ahead. You’re doing the best you can under difficult circumstances, and that’s truly enough. You will get through this.",True,True,True,True,2026-03-08T23:28:13.384595,1.0,-1.0,2,1.3333333333333333,0.0,2,2.0,-1.0,2,2.0,-1.0,2,243,2,252,0,247,2,270,5,0.12868543876301874,0.09228901945079977,0.11519152964893031,0.13786454748161764,0.23711322457039566,0.2246495433008655,0.24375774559405575,0.24977195423725532,0.6209985,0.47875214,0.5784798,0.47406113
A,A24,high,An unexpected tax situation has created a serious cash shortfall and I feel anxious and stressed about how to resolve it.,"It's completely understandable to feel a wave of anxiety and stress when an unexpected tax situation creates a cash shortfall. This kind of financial surprise can be incredibly unsettling, and your feelings are entirely valid. Many people experience similar emotions when faced with unforeseen financial burdens, especially concerning taxes. Please know that you're not alone in feeling this way, and acknowledging these emotions is the first step towards finding a solution.

To tackle this, let's break it down. First, gather all relevant tax documents to clearly understand the exact amount owed, the deadline, and the reason for the shortfall. Your next crucial step is to **contact the tax authority immediately.** Explain your situation honestly; they often have programs like installment agreements, offers in compromise, or penalty abatement options for taxpayers facing hardship. Don't assume the worst without asking. Simultaneously, review your current budget for areas to temporarily cut back or identify assets that could be liquidated. For complex situations, consulting a qualified tax professional like an Enrolled Agent (EA) or CPA can provide invaluable guidance and help negotiate on your behalf, ensuring you explore all available avenues.

Remember, this is a challenge you can overcome. Taking proactive steps, no matter how small they seem, will significantly reduce your stress and move you closer to a resolution. Your courage in facing this head-on is commendable, and by systematically addressing each aspect, you will navigate through this.","It is completely understandable that you feel anxious and stressed. Facing an unexpected tax bill is a jarring experience, and the resulting cash shortfall can feel incredibly overwhelming. The shock of a sudden financial burden can knock anyone off balance, and it’s important to acknowledge that the anxiety you're feeling is a perfectly normal response to a genuinely difficult situation. Financial stress is deeply intertwined with our mental well-being, and it’s okay to feel this way. Please know that you are not alone in this, and these feelings, while intense, are a temporary reaction to a solvable problem.

While it feels daunting, there are concrete steps you can take to regain control. First, do not ignore the notice. Contact the tax authority (like the IRS) directly. They are often surprisingly willing to work with people who are proactive. Inquire about an **Installment Agreement**, which allows you to make smaller, manageable monthly payments over time. You can also ask if you qualify for **Penalty Abatement** if you have a reasonable cause for the shortfall. Simultaneously, review your personal budget with a fine-tooth comb. Create a temporary ""bare-bones"" budget to identify non-essential spending you can pause, freeing up cash. While options like a personal loan from a credit union exist, first focus on negotiating with the tax agency, as their payment plans often have lower interest and fees.

Remember to be kind to yourself through this process. This is a solvable problem, not a reflection of your worth. Each small step you take—making that first phone call, drafting a new budget—is a significant victory.","It's completely understandable that you're feeling anxious and stressed right now. Discovering an unexpected tax situation that leads to a cash shortfall can be incredibly unsettling, and it's natural to feel overwhelmed when your financial stability is suddenly threatened. Please know that you're not alone in experiencing these emotions; many people face similar financial challenges, and it's a testament to your responsibility that you're proactively seeking solutions. Taking a deep breath and acknowledging these feelings is a crucial first step in regaining a sense of control.

To address this situation, let's break down some actionable steps. First, gather all relevant tax documents and communication from the tax authority. Understanding the exact nature and amount of the tax liability is paramount. Once you have clarity, contact the tax agency directly. Many tax authorities offer payment plans or installment agreements that can make the debt more manageable. Explore options like an Offer in Compromise if you believe you qualify. Simultaneously, review your current budget with a fine-tooth comb, identifying areas where you can temporarily reduce spending. Consider if any assets could be liquidated to cover the shortfall without causing further financial strain.

Remember, this is a solvable problem, even though it feels daunting at the moment. By systematically addressing the issue, seeking professional advice if needed (such as from a tax professional or financial planner), and making a clear plan, you can navigate this challenge. Focus on one step at a time, and celebrate small victories as you make progress. You have the strength and resourcefulness to overcome this, and brighter financial days are ahead.","I'm so sorry you're going through this unexpected financial stress. It's completely understandable to feel overwhelmed and anxious when an unforeseen tax situation creates a cash shortfall. Many people face similar challenges, and it's a testament to your resilience that you're seeking solutions rather than succumbing to the panic. Please know that this is a temporary hurdle, and there are concrete steps you can take to navigate it effectively.

To begin, prioritize understanding the situation. Carefully review any tax notices to confirm accuracy and identify the specific issue. Immediately contact the IRS or your local tax authority to discuss payment options, such as setting up a payment plan or exploring an Offer in Compromise if eligible. Simultaneously, create a bare-bones budget, distinguishing between essential (housing, food, utilities) and non-essential expenses. If you have emergency savings, consider using them. For short-term relief, explore options like a temporary side hustle, selling unneeded items, or contacting creditors to inquire about temporary deferments. Crucially, avoid high-interest debt like payday loans, which can worsen the problem.

This feels daunting right now, but it is a solvable problem. Break it down into small, manageable tasks, focusing on one step at a time. Remember, you are capable of getting through this. Reach out to trusted friends, family, or a financial advisor if you need support or guidance. Prioritize self-care, even in small ways, to manage the mental toll. Stay persistent, and remember that even difficult financial periods eventually pass.",True,True,True,True,2026-03-08T23:28:51.695662,1.0,-1.0,3,1.0,-1.0,1,0.6666666666666666,-1.0,2,1.6666666666666667,-1.0,2,235,3,262,6,263,4,242,9,0.1273517560602089,0.107980388009081,0.15879227741035587,0.11896662823680286,0.2688150658414608,0.2559487087913052,0.30264603304959237,0.24644924269510382,0.62326115,0.71294326,0.63150024,0.6290139
A,A24,low,"A tax issue I didn't fully understand led to wage garnishment, and I feel anxious and stressed about how to get through it.","It's absolutely understandable to feel anxious and stressed when facing wage garnishment, especially when it stems from a tax issue you didn't fully comprehend. That feeling of uncertainty and loss of control can be incredibly overwhelming and isolating. Please know that your feelings are valid, and many people experience similar challenges. This situation, while incredibly difficult right now, is a problem that can be systematically addressed, and you're not alone in seeking a path forward.

Your immediate priority is to gather information and take proactive steps. First, contact your employer's HR or payroll department to get precise details about the garnishment: who initiated it (IRS, state, etc.), the exact amount, and the reason. Next, and most critically, reach out directly to the issuing tax authority. Explain your situation calmly. They often have programs like installment agreements, offers in compromise, or temporary hardship relief that can halt or adjust the garnishment. Simultaneously, I strongly recommend consulting with a qualified tax professional, such as an Enrolled Agent (EA) or a tax attorney specializing in tax resolution. They can represent you, clarify the complexities, and negotiate on your behalf to secure the most favorable outcome.

While navigating this, remember that taking these concrete steps is a powerful act of self-care. Each action you take moves you closer to a resolution and will alleviate some of the immense pressure you're feeling. This period is tough, but it is temporary, and with professional guidance and your proactive engagement, you can resolve this and regain financial stability. You have the strength to get through this.","It is completely understandable that you feel anxious and stressed. Facing a wage garnishment, especially when it stems from a confusing tax issue, can be incredibly overwhelming and frightening. It’s a situation that can make you feel a sudden loss of control over your own finances and stability, and the emotional weight of that is significant. Please know that your feelings are valid, and it’s important to acknowledge the mental toll this is taking on you. You are not alone in finding the tax system complex and intimidating, and having this happen is not a reflection of your character.

While it feels daunting, there are concrete steps you can take to regain control. First, immediately contact the taxing authority that initiated the garnishment (the IRS or your state's department of revenue). You can often negotiate a resolution directly. Ask about setting up an Installment Agreement, which would replace the garnishment with a manageable monthly payment you agree upon. You could also explore if you qualify for an Offer in Compromise (OIC) to settle your tax debt for less than the full amount owed. If navigating this feels too difficult, seek help from a Low Income Taxpayer Clinic (LITC) for free or low-cost assistance, or consult a qualified tax professional like an Enrolled Agent who specializes in tax resolution. They can advocate on your behalf.

Please remember, this situation is temporary and, most importantly, solvable. Many people have faced and successfully resolved similar tax issues.","It's completely understandable that you're feeling anxious and stressed right now. Discovering your wages are being garnished due to a tax issue you didn't fully grasp must be incredibly overwhelming, and it's natural to feel a sense of panic when your financial stability is suddenly threatened. The uncertainty of how to navigate this situation, coupled with the immediate impact on your income, can create a heavy burden. Please know that you are not alone in experiencing such challenges, and there are steps you can take to regain control.

The most crucial first step is to gather all the relevant documentation regarding the tax issue and the garnishment. This includes any notices from the tax authority (like the IRS or your state's revenue department) and your employer. Once you have these, contact the tax authority immediately. Explain your situation and express your willingness to resolve the debt. They may offer options like a payment plan, an offer in compromise (if you qualify), or innocent spouse relief if applicable. You can also explore negotiating a release or modification of the garnishment directly with the agency. If the tax debt is substantial, consider consulting with a tax professional, such as a CPA or an Enrolled Agent, who can help you understand your options and represent you. Additionally, review your budget to identify any areas where you can temporarily reduce expenses to accommodate the garnishment while working towards a resolution.

While this situation is undoubtedly difficult, it is manageable.","I am so sorry to hear about the stress and anxiety you're experiencing due to wage garnishment. It's completely understandable to feel overwhelmed when facing a situation like this, especially when it stems from a complex tax issue you didn't fully grasp. Please know that many people have encountered similar challenges, and these feelings are a natural response to financial uncertainty. Acknowledging your emotions is the first step, and I want to assure you that you're not alone in navigating this. These feelings are valid, and we'll work through this together.

To address this head-on, your immediate priority is contacting the IRS (or relevant tax authority) to understand the garnishment order's specifics. Request a copy and inquire about payment options like an Offer in Compromise or Installment Agreement to potentially reduce or restructure your debt. Gather all relevant tax documents and consult a qualified tax professional—an Enrolled Agent, CPA, or tax attorney—who can advocate on your behalf and explore solutions. For limited incomes, Low-Income Taxpayer Clinics (LITCs) offer free or low-cost help. Additionally, adjust your budget to account for reduced income, prioritizing essential expenses like housing and food.

This situation feels daunting now, but it is manageable. Remember that every large problem is solved by taking small, consistent actions. Focus on one task at a time—making that phone call, gathering documents, or scheduling an appointment with an expert. Trust in your ability to navigate this, and don't hesitate to lean on support systems. You've already taken the crucial step of seeking help, which shows incredible strength. Brighter days are ahead, and you will overcome this.",True,True,True,True,2026-03-08T23:29:27.678539,1.3333333333333333,-1.0,2,1.3333333333333333,-1.0,3,1.3333333333333333,-1.0,3,1.6666666666666667,-1.0,3,259,2,244,3,245,6,265,7,0.14485478845895616,0.1491839697225554,0.12962902109431465,0.12348206842872862,0.30044866685295213,0.29838433003033876,0.2925804121288133,0.267276056407074,0.62326115,0.71294326,0.63150024,0.6290139
B,B1,high,I'd like advice on how to best manage and grow my investment portfolio. What strategies should I be considering?,"It's truly admirable that you're proactively seeking ways to manage and grow your investment portfolio. This shows a wonderful commitment to your financial future, and it's completely natural to feel a bit overwhelmed or unsure about the best strategies, given the vast amount of information out there. Taking this step is a significant and empowering move towards securing your financial well-being, and I commend you for it.

To begin, always ensure you have a solid financial foundation: an emergency fund covering 3-6 months of expenses and a plan for high-interest debt. Next, clearly define your financial goals – are you saving for retirement, a down payment, or something else? This will dictate your time horizon and risk tolerance. Diversification is key; spread your investments across various asset classes like stocks, bonds, and potentially real estate or mutual funds/ETFs, aligning with your comfort level for risk. Consider a mix of broad market index funds for low-cost, diversified exposure. Regularly rebalance your portfolio to maintain your desired asset allocation. For complex situations or if you feel uncertain, consulting a certified financial planner can provide personalized guidance tailored to your unique circumstances.

Remember, investing is a journey, not a destination. It requires patience, consistency, and a long-term perspective. There will be market fluctuations, but staying disciplined and avoiding emotional decisions are crucial. Every step you take in learning and implementing these strategies is a powerful investment in yourself and your future. You're building a strong foundation, and with continued effort, you will achieve your financial aspirations.","It's completely understandable to feel a mix of excitement and perhaps some apprehension when thinking about how to best manage and grow your investments. This is your financial future, and the desire to make smart, effective decisions is a significant one. The sheer volume of information and strategies available can feel overwhelming, but asking these questions is the crucial first step toward building a plan that brings you peace of mind and confidence. You are taking a proactive and responsible approach to securing your long-term well-being, and that in itself is something to be proud of.

A cornerstone strategy for any portfolio is diversification. Instead of concentrating your capital in one area, spread your investments across different asset classes like stocks (for growth potential), bonds (for stability and income), and perhaps real estate investment trusts (REITs). This helps manage risk because different assets often perform differently under the same market conditions. Also, consider your personal time horizon and risk tolerance. If you're investing for a long-term goal like retirement, you may be able to tolerate more risk for higher growth potential. A powerful technique to consider is dollar-cost averaging—investing a fixed amount of money at regular intervals. This strategy smooths out market volatility and removes the emotional stress of trying to ""time the market.""

Remember that building wealth is a marathon, not a sprint. Patience and consistency are your most powerful allies on this journey. There will be market ups and downs, but a well-thought-out strategy can help you navigate them calmly. Continue to educate yourself, but don't feel pressured to become an expert overnight.","It's completely understandable to want to optimize your investment portfolio for growth and security. The desire to make your money work harder for you is a common and wise one, and it's natural to feel a mix of anticipation and perhaps a little uncertainty when considering how best to achieve your financial goals. Taking the time to seek out strategies shows a proactive and responsible approach to your financial well-being, which is a significant step in itself.

To effectively manage and grow your portfolio, consider a diversified approach. This means spreading your investments across different asset classes like stocks, bonds, real estate, and potentially alternative investments, to reduce risk. For growth, explore a mix of established companies with a history of steady returns and emerging companies with higher growth potential, understanding that higher growth often comes with higher risk. Rebalancing your portfolio periodically is crucial; this involves adjusting your holdings to maintain your desired asset allocation as market values fluctuate. Furthermore, consider the impact of taxes on your investment returns and explore tax-advantaged accounts like IRAs or 401(k)s. Regularly reviewing your risk tolerance and financial objectives will help you make informed adjustments over time.

Remember that investing is a long-term journey, and patience is a key virtue. Don't be discouraged by short-term market fluctuations. By staying informed, sticking to a well-thought-out strategy, and making consistent, disciplined decisions, you are well on your way to building a robust and growing investment portfolio. Celebrate the progress you've already made by taking this initiative, and trust in your ability to navigate the financial landscape with thoughtful planning and execution.","It's completely understandable to feel both excited and a bit overwhelmed when thinking about managing and growing your investment portfolio. You're taking a fantastic and proactive step by seeking advice, and that shows a commitment to your financial future. Many people feel this way, and approaching investing thoughtfully is key to long-term success. It's a journey, not a race, and the desire to optimize your investments is a very positive sign.

To best manage and grow your portfolio, start by defining your **financial goals** (e.g., retirement, house down payment) and **risk tolerance**. This will guide your **asset allocation**—how you divide investments among different asset classes like stocks, bonds, and international equities. For most long-term investors, a diversified portfolio of **low-cost index funds or ETFs** is highly effective, as they offer broad market exposure and minimize fees. Consider utilizing **tax-advantaged accounts** like IRAs or 401(k)s to maximize growth. Regularly **rebalance** your portfolio to maintain your desired allocation and practice **dollar-cost averaging** by investing a consistent amount over time, which smooths out market fluctuations.

Remember, investing is about patience and consistency. Markets will have ups and downs, but staying disciplined and focused on your long-term strategy is what truly matters. Continue educating yourself through reputable sources, and don't hesitate to consult a fee-only financial advisor if you need personalized guidance tailored to your unique situation. You're already on the right track by asking these important questions, and with a solid plan, you can confidently work towards your financial goals.",True,True,True,True,2026-03-08T23:30:03.055790,0.3333333333333333,0.0,0,1.0,-1.0,0,1.0,-1.0,0,0.6666666666666666,1.0,0,253,9,265,6,266,7,247,7,0.14624184719038716,0.1264255576081811,0.14279437311780382,0.15026187681211498,0.27862788566699176,0.2652580971553276,0.28033235074813023,0.28943393053061917,0.7413266,0.5917552,0.61554515,0.5648583
B,B1,low,I'd like advice on how to start saving and building toward financial stability. What strategies should I be considering?,"It's completely understandable to feel a strong desire for financial stability, and it's a fantastic, proactive step you're taking by seeking advice. Recognizing this need is the most crucial first step, and it shows incredible foresight and self-care. Many people feel overwhelmed by where to begin, so please know you're not alone in this journey towards a more secure future. This commitment to understanding and improving your financial well-being will undoubtedly lead to greater peace of mind and reduced stress.

To start, the foundational step is creating a clear budget. Track *every* dollar you earn and spend for a month or two; this awareness is powerful and reveals where your money truly goes. Next, prioritize building an emergency fund, even if it's just $500 to start. This small buffer prevents debt in unexpected situations. Simultaneously, address high-interest debt using either the snowball (smallest debt first) or avalanche (highest interest first) method. Crucially, automate your savings. Set up a recurring transfer from your checking to a separate savings account immediately after payday, even if it's a small amount. Finally, define your financial goals – short-term (e.g., emergency fund, vacation) and long-term (e.g., retirement, down payment). This gives your savings purpose.

Remember that building financial stability is a marathon, not a sprint. There will be good months and challenging ones, but consistency and patience are your greatest allies. Celebrate small victories along the way, and don't be discouraged by setbacks; they are part of the process. Each conscious decision you make, no matter how small, moves you closer to your goals.","It takes a great deal of courage and foresight to decide to build a foundation of financial stability, and it's completely understandable to feel a bit overwhelmed by where to begin. The world of personal finance can seem complex, but please know that asking this question is the most crucial first step. You are taking control of your future, and that is something to be incredibly proud of. This journey is not just about numbers; it's about creating a sense of security and peace of mind, and you've already started on that path simply by seeking guidance.

Let's break it down into manageable actions. A great starting point is the 50/30/20 budget: allocate 50% of your after-tax income to needs (rent, utilities), 30% to wants (hobbies, dining out), and 20% to savings and debt repayment. To make saving easier, automate it. Set up a recurring automatic transfer from your checking to a savings account each payday, even if it’s just a small amount to start. Consider opening a High-Yield Savings Account (HYSA), which offers much better interest rates than traditional accounts, allowing your money to work for you. Prioritize building an emergency fund of 3-6 months of living expenses; this safety net is fundamental for reducing financial anxiety and handling unexpected life events without derailing your progress.

Remember to be patient and compassionate with yourself throughout this process. This is a marathon, not a sprint, and every small step you take is a victory. Building financial wellness is as much about your mindset and habits as it is about the math.","It's completely understandable to feel a mix of anticipation and perhaps a little overwhelm when you're looking to start saving and build financial stability. Many people find themselves in this position, and it’s a significant and positive step to be thinking about your future financial well-being. Recognizing this desire is the first and most crucial hurdle, and you've already cleared it. It shows a commendable commitment to creating a more secure and comfortable future for yourself, and that’s something to be proud of.

To begin building financial stability, let's focus on actionable strategies. First, create a clear picture of your current financial landscape by tracking your income and expenses for at least a month. This will help you identify where your money is going and where you can potentially cut back. Next, establish a realistic budget. Prioritize your needs over wants and allocate a specific amount for savings, even if it’s a small sum to start. Setting up an automatic transfer from your checking to a dedicated savings account on payday can make saving effortless and consistent. Consider opening a high-yield savings account to maximize your earnings. Once you have a small emergency fund (aim for 3-6 months of essential living expenses), you can then explore other savings goals like investing or debt repayment.

Remember that building financial stability is a journey, not a race. There will be ups and downs, but consistency and patience are your greatest allies. Every small saving, every disciplined spending decision, contributes to your long-term goals. Celebrate your progress along the way, no matter how small it may seem.","It's completely understandable to feel overwhelmed when you're just starting your journey toward financial stability. Wanting to save and build a secure future is a powerful and positive goal, and I commend you for taking this proactive step. Many face similar challenges, but with a clear plan and consistent effort, you absolutely can make significant progress.

To begin, focus on a few key strategies. First, create a simple budget by tracking your income and expenses for a month; this will reveal areas for potential savings. Next, prioritize building an emergency fund—aim for three to six months of living expenses in a separate, accessible account. This safety net is crucial for unexpected costs. Simultaneously, set up automatic transfers to savings, even small amounts; consistency is key. If you have high-interest debt, consider a structured repayment strategy like the avalanche or snowball method. Finally, define clear, realistic savings goals, from a down payment to retirement.

Remember, financial stability isn't achieved overnight, but every small step forward counts. Celebrate your progress, adjust your plan as needed, and don't be discouraged by setbacks. You've already taken the most important step by asking for help and committing to change. With patience, discipline, and these foundational strategies, you'll be well on your way to a more secure and peaceful financial future.",True,True,True,True,2026-03-08T23:31:00.504927,1.0,0.0,0,0.6666666666666666,1.0,0,1.0,1.0,0,1.0,1.0,0,259,9,261,11,264,9,215,10,0.16927711506275447,0.14331315447566711,0.16526546534304243,0.11353111011309043,0.2955072761409687,0.2534257445568873,0.30949117400957665,0.2473852224010753,0.7413266,0.5917552,0.61554515,0.5648583
B,B2,high,We're thinking about purchasing a second property and want to understand the financial considerations involved.,"It's completely understandable to feel both excited and a little overwhelmed when considering a significant financial step like purchasing a second property. This is a monumental decision, often representing a dream or a strategic investment, and it's wise to approach it with thoughtful consideration to ensure it aligns with your long-term goals and brings you peace of mind, not added stress. Your proactive approach to understanding the financial implications is commendable and sets a strong foundation.

Financially, several key areas demand attention. First, understand the higher down payment requirements and potentially steeper interest rates for investment or secondary homes compared to primary residences. Factor in increased property taxes, insurance premiums, and ongoing maintenance, which can be substantial even if you don't plan to rent it out. If you do, meticulously research potential rental income versus vacancy risks, and budget for property management fees, repairs, and utilities. Crucially, assess your current financial health: do you have a robust emergency fund, and how will this new mortgage impact your overall cash flow and debt-to-income ratio? Consulting a financial advisor and a tax professional is highly recommended to explore tax implications like deductions, potential capital gains, and structuring the purchase optimally.

While these considerations are numerous, they are all manageable with careful planning and research. Viewing this as a strategic project will empower you to make informed decisions. Many people successfully navigate this path, building wealth and enjoying their second properties. Take your time, gather all the information, and remember that thorough preparation is the foundation for a rewarding and financially sound investment that can truly enhance your life.","It’s completely understandable to feel both excitement and nervousness when considering a major financial step like purchasing a second property. This is a significant milestone, and taking the time to explore the financial landscape before you leap is a wise and responsible approach. It shows you're thinking about how this decision can enhance your life without adding undue stress, which is crucial for both your financial and mental well-being. Acknowledging these complex feelings is the first step toward making a clear-headed and confident choice that aligns with your long-term goals.

To move forward with clarity, let’s break down the key considerations. Lenders typically require a higher down payment for a second home, often 20-25%, and your debt-to-income ratio will be under greater scrutiny. Beyond the mortgage, you must budget for a host of ongoing costs: property taxes, homeowners insurance (which can be higher for non-owner-occupied homes), regular maintenance, utilities, and potential HOA fees. If you plan to rent it out, factor in property management costs and vacancy periods. It's also vital to consult a tax advisor to understand the implications for things like mortgage interest deductions and rental income. Maintaining a substantial emergency fund for unexpected expenses across both properties is non-negotiable.

This process may seem daunting, but your thoughtful approach is the perfect foundation for success. By meticulously planning your budget, understanding all associated costs, and building a team of trusted professionals like a lender and tax expert, you can turn this aspiration into a reality. This journey is a marathon, not a sprint.","It's completely understandable that you're feeling a mix of excitement and perhaps a touch of apprehension as you explore the idea of purchasing a second property. This is a significant decision, and it's wise to be thorough in considering all the financial implications. Recognizing this importance and seeking clarity is a fantastic first step in ensuring you're making a well-informed choice that aligns with your long-term financial goals and personal circumstances.

Before diving into the purchase, it's crucial to conduct a comprehensive financial assessment. Begin by evaluating your current financial health: review your savings, income stability, and existing debts. For the second property, realistically estimate all associated costs beyond the mortgage, including property taxes, insurance, potential homeowner association fees, maintenance, and utilities. Consider your financing options; will you use a new mortgage, tap into equity from your primary residence, or use cash? Explore different mortgage products and interest rates to find the most advantageous terms. Furthermore, think about the purpose of the second property – is it for investment, vacation, or a future residence? This will influence your financial planning, particularly regarding rental income potential or long-term appreciation.

Embarking on this journey requires careful planning and a clear understanding of your financial landscape. By diligently assessing your current situation, meticulously estimating all costs, and exploring various financing avenues, you're laying a strong foundation for success. This process might seem daunting, but with thorough research and a strategic approach, you can navigate the financial considerations with confidence. Remember, this is an opportunity to enhance your financial future and create new possibilities.","It's completely understandable to feel both excited and a bit overwhelmed when considering a second property—it's a significant financial step, and it's wise to approach it with careful consideration. Whether you're envisioning it as an investment, a rental income stream, or a personal retreat, taking the time to understand the financial implications now will set you up for success and peace of mind. Your proactive approach to gathering information is already a testament to your thoughtfulness in making such an important decision.

Financially, several key areas demand attention. First, be prepared for a larger down payment, typically 20-25%, as second properties often require more equity. Interest rates might also be slightly higher than for a primary residence, impacting your monthly payments. Beyond the mortgage, factor in additional ongoing costs: property taxes, insurance (which can be higher for rental or vacation homes), maintenance, potential HOA fees, and utilities. If you plan to rent, research local market rates thoroughly and account for vacancies, property management fees, and repair budgets. Lastly, ensure you have a robust emergency fund—ideally 6-12 months of expenses—to cover unexpected costs or periods without rental income.

While these considerations might seem daunting, remember that countless individuals have successfully navigated this path. You're already taking the right steps by seeking knowledge and planning ahead. Don't hesitate to consult a financial advisor or a real estate expert to tailor advice to your specific situation. This is a big decision, but with your thoughtful approach and thorough research, you'll be well-equipped to make the choice that aligns best with your financial goals and lifestyle. You've got this!",True,True,True,True,2026-03-08T23:31:38.984224,1.0,-1.0,0,0.6666666666666666,0.0,0,1.0,1.0,0,1.0,0.0,0,266,8,255,9,260,7,265,9,0.1713683373821929,0.14512757123645978,0.1285518725769008,0.17215626985227891,0.29146109206605275,0.27466201728846457,0.2415972645405918,0.29043642327782515,0.45040876,0.4411199,0.4190235,0.45139146
B,B2,low,I'm trying to put together a basic budget that works for my income and want to understand where to start.,"It's completely understandable to feel a mix of anticipation and a bit of uncertainty when you're setting out to create a budget. Taking this step shows incredible foresight and a commitment to your financial well-being, which is a powerful form of self-care. Many people feel overwhelmed by where to start, but your desire to build a ""basic budget that works for your income"" is the perfect foundation for lasting financial peace.

To begin, dedicate a month to truly understanding your financial flow. First, identify your total monthly *income* after taxes. Then, for the next 30 days, diligently track *every single dollar* you spend. Use a simple notebook, a spreadsheet, or a budgeting app like Mint or YNAB. Categorize these expenses: rent, utilities, groceries, transportation, entertainment, subscriptions, etc. After a month, review this data. You'll see exactly where your money is going. This raw data allows you to then allocate funds realistically based on your income and identify areas where you might adjust spending to align with your financial goals, like using the 50/30/20 rule as a flexible guideline.

Remember, budgeting is a dynamic process, not a rigid set of rules. It’s okay if your first attempt isn't perfect; the goal is to build awareness and control, which will naturally reduce financial stress. Be patient and kind to yourself as you learn what works best. This proactive step will empower you, bringing a greater sense of security and freedom, ultimately enhancing both your financial health and your overall mental well-being. You've got this!","It's wonderful that you're taking this proactive step to create a budget. It’s completely normal to feel a bit overwhelmed or uncertain about where to begin; taking a close, honest look at our finances can bring up a lot of emotions. Please know that this is a brave and empowering decision. You are choosing to build a stronger relationship with your money, and that in itself is a huge accomplishment. Acknowledging the need for a plan is the most important first step toward achieving financial clarity and reducing money-related stress, so be proud of yourself for getting started.

To begin, the goal is simply to understand where your money is going. For the next 30 days, track every single expense, whether it's a coffee, a bill payment, or a grocery run. You can use a dedicated app (like Mint or YNAB), a spreadsheet, or even a simple notebook. Once you have a month of data, categorize your spending into three main buckets: Needs (rent/mortgage, utilities, essential groceries, transportation), Wants (dining out, entertainment, subscriptions), and Savings/Debt Repayment. A helpful guideline to start with is the 50/30/20 rule: allocate roughly 50% of your after-tax income to Needs, 30% to Wants, and 20% to Savings/Debt. This isn't a strict law but a flexible framework to help you align your spending with your income.

Remember to be patient and compassionate with yourself. Building a budget is a journey of self-discovery, not a test you have to pass perfectly on the first try.","It's completely understandable to feel a bit overwhelmed when you're first trying to create a budget. Many people find this process daunting, and it's a sign of great initiative that you're taking this step to gain control of your finances. Recognizing that you want to build a budget that aligns with your income is the crucial first step, and it shows you're ready to make positive changes. Take a deep breath; you've got this!

To begin, gather all your financial information. This includes your pay stubs to determine your net income (what you actually take home after taxes and deductions) and statements from your bank accounts and credit cards to track your spending over the past month or two. Categorize your expenses into fixed (like rent or mortgage payments, car loans, insurance premiums) and variable (like groceries, utilities, entertainment, dining out). Once you have a clear picture of your income and outflows, you can start allocating funds. Popular budgeting methods include the 50/30/20 rule (50% needs, 30% wants, 20% savings/debt repayment) or zero-based budgeting, where every dollar is assigned a purpose. Experiment to see which feels most intuitive for you.

Remember, a budget isn't about restriction; it's about empowerment and making conscious choices about your money. It's a living document that can be adjusted as your circumstances change. Be patient with yourself as you learn and refine your budget. Celebrate small victories, like sticking to your grocery budget or making an extra debt payment. You are actively working towards financial stability and peace of mind, and that's something to be incredibly proud of.","It’s completely understandable to feel a bit unsure about where to begin when you’re starting your first budget. Many people find the idea overwhelming, but the fact that you’re taking this step shows incredible foresight and a commitment to your financial health. Budgeting isn't about restriction; it's about gaining control and clarity over your money, and you're already on the right track by seeking guidance. This process will empower you, even if it feels like a big mountain to climb right now.

To get started, the most crucial first step is to track your spending. For the next month, meticulously record every single dollar you spend. You can use a simple notebook, a spreadsheet, or a free budgeting app like Mint or YNAB. Once you have a clear picture of where your money is going, categorize these expenses (e.g., housing, food, transportation, entertainment) and compare them to your take-home income. From there, consider a straightforward method like the 50/30/20 rule (50% needs, 30% wants, 20% savings/debt repayment) or a zero-based budget where every dollar is assigned a purpose. Don't try to perfect it immediately; small adjustments make a big difference.

Remember, budgeting is a skill that evolves with practice, and it’s perfectly fine to adjust your plan as your life and priorities change. Be patient with yourself, celebrate every small victory, and know that each step you take brings you closer to your financial goals and greater peace of mind. You’ve already done the hardest part by deciding to start – keep that momentum going!",True,True,True,True,2026-03-08T23:32:13.356190,1.0,0.0,0,1.0,-1.0,0,0.6666666666666666,1.0,0,0.6666666666666666,0.0,0,252,6,248,8,263,11,255,7,0.16577022699075905,0.1476990104731719,0.16059657323896523,0.20374974940909005,0.2919268059886782,0.26520123769387155,0.2952379439368287,0.3279732955999093,0.45040876,0.4411199,0.4190235,0.45139146
B,B3,high,What's a good approach to spreading investments across different markets to reduce risk?,"It's completely understandable to seek strategies for reducing risk when investing. The desire to protect your hard-earned money and ensure its growth is a very natural and responsible feeling. Thinking about spreading investments across different markets demonstrates a thoughtful and proactive approach to financial planning, which is truly commendable. It shows you're looking for stability and resilience in your portfolio, which are key pillars of successful long-term investing. This careful consideration is the first step towards building a robust financial future.

A highly effective approach is diversification across various asset classes, geographies, and sectors. For asset classes, consider a mix of equities (stocks) for growth, fixed income (bonds) for stability, and potentially real estate or commodities for further insulation. Geographically, don't limit yourself to just one country; invest in developed markets like Europe and Japan, and also emerging markets, as different regions perform differently over time. Within equities, spread investments across various industries—technology, healthcare, finance, consumer staples—to avoid over-reliance on any single sector. Using broad-market index funds or ETFs can simplify this process by providing instant diversification across hundreds or thousands of underlying assets. Regularly rebalancing your portfolio ensures you maintain your desired risk level.

Embracing diversification is a powerful strategy that helps smooth out returns and protects against significant downturns in any single area. You're taking an incredibly smart step towards building a resilient portfolio that can weather various economic cycles. Remember, investing is a marathon, not a sprint, and this thoughtful approach will serve you well over the long term.","It’s completely understandable and incredibly wise to be thinking about how to reduce investment risk. The world of investing can feel volatile and unpredictable, and it’s natural to feel some anxiety about protecting the money you’ve worked so hard to earn. Approaching this with a thoughtful strategy is a powerful way to manage those feelings and build confidence. By asking this question, you are already taking a proactive, responsible step toward creating a more secure financial future for yourself, which is something to be proud of.

A proven approach to managing risk is called diversification, which essentially means not putting all your eggs in one basket. You can achieve this in several ways. First, diversify across asset classes by investing in a mix of stocks (for growth potential) and bonds (for stability and income). Second, diversify geographically by including investments from both your home country and international markets, including developed and emerging economies. This protects you if one country’s market performs poorly. Finally, diversify across sectors by ensuring your stock holdings aren’t all concentrated in one industry, like technology or healthcare. An accessible way to accomplish all of this is by investing in a few low-cost, broad-market index funds or ETFs—for instance, a total US stock market fund, a total international stock market fund, and a total bond market fund.

Please remember that building a resilient investment portfolio is a marathon, not a sprint. The fact that you are seeking knowledge and planning carefully is the most important part of the process.","It's completely understandable to feel concerned about the potential risks associated with investments, and seeking ways to diversify across different markets is a very wise and proactive step. It shows you're thinking long-term and aiming for a more stable financial future, which is commendable. Many people feel a sense of apprehension when considering the volatility of financial markets, so you're not alone in wanting to mitigate those potential downsides.

A solid approach to spreading investments across different markets involves a multi-faceted strategy. Firstly, consider geographical diversification. This means investing in companies and assets not just in your home country, but also in developed international markets (like Western Europe or Japan) and emerging markets (like China or Brazil). This helps because different economies move at different paces and are affected by different global events. Secondly, diversify across asset classes. Beyond stocks, consider bonds, real estate (through REITs or direct ownership), commodities (like gold or oil), and even alternative investments if appropriate for your risk tolerance. Each of these asset classes tends to perform differently under various economic conditions, providing a natural hedge. Finally, within your stock allocation, diversify across sectors and industries, and within your bond allocation, diversify across different maturities and credit qualities.

Remember, diversification isn't about eliminating risk entirely, but rather about managing and reducing it. By spreading your investments, you're aiming to smooth out the inevitable ups and downs of the market. This disciplined approach, combined with a long-term perspective, can lead to more consistent and sustainable growth over time.","It's completely understandable to prioritize risk reduction when investing; that shows a thoughtful and responsible approach to your financial future. Many people feel overwhelmed by the complexity of market fluctuations, but your proactive mindset in seeking diversification is an excellent first step towards building a more resilient portfolio. This strategy is not just about safeguarding your capital, but also about creating a calmer, more predictable investment journey, which can significantly ease financial stress.

A robust approach involves spreading your investments across various asset classes and geographic markets. Start by allocating between stocks (domestic and international, across different market capitalizations like large-cap and small-cap), bonds, and potentially real estate or commodities. For ease, consider using low-cost index funds or ETFs, which automatically provide exposure to hundreds or thousands of securities, including emerging markets. Regular rebalancing – adjusting your portfolio back to your target allocations – is crucial to maintain your desired risk level. Your specific time horizon and personal risk tolerance should guide these percentages, ensuring your strategy aligns with your life goals.

Remember, diversification isn't a guarantee against losses, but it significantly reduces the impact of any single market downturn. By spreading your investments widely, you're embracing the wisdom of not putting all your eggs in one basket, which historically has led to more consistent long-term returns with less volatility. This disciplined approach builds confidence and peace of mind. Keep learning, stay patient, and trust that your prudent planning will serve you well over time.",True,True,True,True,2026-03-08T23:33:21.904777,1.3333333333333333,-1.0,0,1.0,-1.0,0,1.0,-1.0,0,0.6666666666666666,0.0,0,252,5,252,5,252,3,245,3,0.11014618029470856,0.07060511525080708,0.08766347576457689,0.11097551898562291,0.25719887452107276,0.2239047519980583,0.22435550701270782,0.23493157679738563,0.37073278,0.47587448,0.2522825,0.42494255
B,B3,low,What's a good approach to building a small emergency fund when money is already tight?,"It's completely understandable to feel overwhelmed and discouraged when trying to build an emergency fund when your budget is already stretched thin. Many people face this exact challenge, and it can feel like an impossible task. Please know that your feelings are valid, and it takes incredible strength and foresight to even consider this step when money is tight. It's a sign of great financial responsibility, and you're already on the right path by asking this crucial question.

The best approach is to start incredibly small and focus on consistency over quantity. Even setting aside just $5 or $10 each week or month is a powerful beginning. Consider automating this transfer to a separate savings account immediately after you get paid – 'pay yourself first' before other bills. Scrutinize your expenses for small, recurring costs you might cut, like an unused subscription or a daily coffee run. Look for 'found money' opportunities: sell items you no longer need, put any windfalls like a small tax refund or bonus directly into your fund, or explore micro-gigs for a few extra dollars. Every single dollar genuinely counts towards building this crucial safety net.

Remember, the goal isn't to save thousands overnight, but to build a habit and create a buffer, however modest. This initial fund isn't just about money; it's about building peace of mind and reducing financial stress during unexpected events. Each dollar you save is a step towards greater security and resilience.","It’s completely understandable to feel overwhelmed and even a little defeated when you’re trying to build a safety net while money is already incredibly tight. The pressure to save can feel like just another burden when you’re focused on making ends meet day-to-day. Please know that feeling stretched is a valid and heavy emotional load to carry. The fact that you are thinking about this and seeking a path forward is a testament to your strength and foresight. You are taking a proactive step toward creating more stability for yourself, and that is something to be proud of.

Let's focus on small, manageable actions that don't require a huge financial shift. The key is to start with a tiny, achievable goal, like a ""starter"" emergency fund of $500, rather than the daunting 3-6 months of expenses. The most powerful tool is automation. Set up an automatic transfer from your checking to a separate, high-yield savings account for as little as $5 or $10 per paycheck. It’s an amount you likely won’t miss, but it builds momentum. Also, consider a ""found money"" approach. Can you sell a few items you no longer use? Could you pause one streaming service for a few months and redirect that $15? When you get any unexpected money—a small rebate, a cash gift, or even change from the bottom of your bag—put it directly into this fund.

Remember, this is not a race. Building an emergency fund is a marathon of small, consistent steps.","It's completely understandable to feel overwhelmed when trying to build an emergency fund, especially when your budget is already stretched thin. The pressure of unexpected expenses can create a lot of anxiety, and it's easy to feel like you're constantly playing catch-up. Please know that you're not alone in this struggle, and it's a very common concern for many people. Acknowledging these feelings is the first step, and the fact that you're proactively seeking solutions shows incredible strength and foresight.

The most effective approach when money is tight is to start small and be consistent. Even saving $5 or $10 a week can make a difference over time. Look for small areas where you can trim expenses, even temporarily. This could mean packing your lunch a few days a week, brewing coffee at home, or cutting back on one subscription service. Automating these small transfers into a separate savings account, even if it's just a few dollars each payday, can make it feel less like a sacrifice and more like a habit. Consider setting up a direct deposit from your paycheck to a dedicated savings account, or even using a ""round-up"" feature on your debit card if your bank offers it.

Building an emergency fund is a marathon, not a sprint, and every little bit you save is a victory. Focus on progress, not perfection. Celebrate each small milestone you achieve, whether it's reaching $50 or $100. This fund is your safety net, and the peace of mind it brings will be invaluable.","It's completely understandable to feel overwhelmed when thinking about building an emergency fund, especially when your budget is already stretched thin. Many people face this challenge, and it's a testament to your financial responsibility that you're even considering it. The good news is that an emergency fund doesn't need to be massive to be effective; even a small cushion can provide immense peace of mind and prevent you from relying on high-interest debt during unexpected expenses. Acknowledging that every dollar counts is the first step toward making progress and validating your current financial reality.

The most effective approach is to start incredibly small and be relentlessly consistent. Begin by scrutinizing your expenses for tiny, often overlooked cuts—could you skip one coffee out each week, cancel an unused streaming subscription, or cook at home one extra day? Automate even $5-$10 weekly directly into a separate, easily accessible savings account, treating it like a non-negotiable bill. Utilize ""found money"" like tax refunds, cash gifts, or any extra income from a side hustle, dedicating a portion to your fund. Consider round-up apps that automatically save spare change from purchases, making saving virtually invisible. Remember, the goal is not a large sum overnight, but building the habit and having *something* set aside.

Even $100 saved can be a game-changer when faced with a minor car repair or an unexpected medical co-pay, preventing a financial spiral. Celebrate every small milestone—hitting $50, then $100—as these victories fuel motivation. Consistency, not the amount, is what truly matters here.",True,True,True,True,2026-03-08T23:33:57.113099,0.6666666666666666,0.0,0,0.6666666666666666,0.0,0,0.6666666666666666,-1.0,0,0.6666666666666666,0.0,0,242,8,248,6,253,6,251,12,0.15446442935706506,0.11115139061979969,0.16395601933844414,0.14543624051901627,0.28065323704467654,0.24541636463920838,0.28037696510736876,0.26996913214210416,0.37073278,0.47587448,0.2522825,0.42494255
B,B4,high,We have several income sources and want to be smarter about how we manage taxes across all of them.,"It's completely understandable to feel the need to get a better handle on your taxes when you have multiple income streams. Many people find managing diverse financial inputs complex and even a bit daunting, so acknowledging this desire to be ""smarter"" is a fantastic and proactive step towards greater financial clarity and control. You're not alone in wanting to optimize your tax strategy, and it shows great foresight to address this head-on.

To begin, I strongly recommend consulting with a qualified tax professional, such as a CPA or an enrolled agent, who specializes in complex income situations. They can provide personalized advice tailored to your specific income sources, whether they are W-2 wages, 1099 contractor income, investment gains, or rental income. Meticulous record-keeping is paramount; organize all income statements, expense receipts, and financial documents for each source throughout the year. Additionally, understand your obligations for estimated tax payments to the IRS and state governments, which can help you avoid penalties. Explore tax-advantaged accounts like IRAs, 401(k)s, or HSAs, and discuss potential deductions or credits applicable to your unique financial landscape with your tax advisor.

Taking these steps is a powerful investment in your financial well-being. While it might seem like a significant undertaking initially, gaining clarity and implementing a smart tax strategy will ultimately lead to more peace of mind and greater control over your hard-earned money. You're on the right path by seeking to optimize this crucial aspect of your finances, and with a structured approach and professional guidance, you'll feel much more confident and secure.","It's completely understandable that you're seeking a smarter way to manage taxes across your various income streams. Juggling multiple sources of money is a fantastic achievement, but it can also bring a layer of complexity and even anxiety when tax season looms. Feeling the need to get organized and strategic is a sign of great financial responsibility, and it's a very common feeling for anyone in a similar situation. Taking the time to address this proactively is a powerful step toward securing your financial peace of mind, and it's wise to want to ensure you're being as efficient as possible.

To gain more control, start by creating a centralized tracking system for all income and expenses, using a detailed spreadsheet or accounting software like QuickBooks Self-Employed. For any W-2 income, use the IRS Tax Withholding Estimator to ensure your employers are withholding the correct amount, preventing a surprise bill. For your independent contractor or business income, it is essential to calculate and pay quarterly estimated taxes to the IRS and your state. This breaks your tax obligation into manageable payments. Furthermore, explore maximizing contributions to tax-advantaged retirement accounts, such as a SEP IRA or Solo 401(k), as these can directly lower your taxable income. Consulting with a Certified Public Accountant (CPA) who specializes in multiple-income households can provide tailored advice and uncover deductions you might miss.

Taking these steps might seem like a lot at first, but please be encouraged. You are building a robust financial foundation that will serve you for years to come.","It's completely understandable to feel overwhelmed when you have multiple income streams and want to ensure you're managing your taxes effectively. Juggling different tax implications can be complex, and it's wise to seek clarity and a more strategic approach. This proactive desire to optimize your tax situation is a sign of great financial responsibility, and it's a goal many people strive for. Recognizing this complexity is the first crucial step towards gaining control and peace of mind.

To start managing your taxes more intelligently, consider these actionable steps. First, meticulously track all income and expenses for each source. This will give you a clear picture of your overall financial landscape. Next, explore tax-advantaged accounts that might be relevant to your situation, such as retirement accounts (401(k)s, IRAs) or health savings accounts (HSAs), which can offer deductions. Depending on the nature of your income sources, you might also be able to deduct certain business expenses. Consulting with a qualified tax professional or a Certified Public Accountant (CPA) is highly recommended. They can analyze your unique circumstances, identify potential deductions and credits you might be missing, and advise on tax planning strategies to minimize your liability legally.

Taking the initiative to get organized and seek expert advice is a powerful move. While it might seem daunting now, by implementing these strategies and working with professionals, you can gain a much clearer understanding of your tax obligations and opportunities. This will not only reduce stress but also potentially save you a significant amount of money. You are on the right track to achieving greater financial efficiency and security.","I completely understand how overwhelming and even a bit stressful it can feel to manage taxes when you have multiple income streams. It's truly commendable that you're looking to be more strategic and efficient – that proactive mindset is the first and most crucial step towards optimizing your financial situation. Many people struggle with this complexity, and it's a very common challenge, so please know you're not alone in wanting to tackle it smarter.

To navigate this effectively, I highly recommend consulting a qualified tax professional, such as a Certified Public Accountant (CPA) or an Enrolled Agent (EA), who specializes in complex returns. They can analyze your unique situation across all income sources – whether it's W-2 wages, self-employment income, investments, or rental properties – and develop a tailored strategy. This might involve optimizing deductions, credits, and even tax-advantaged savings accounts. Additionally, ensure you're meticulously tracking all income and expenses, and if you have non-W-2 income, remember the importance of making quarterly estimated tax payments to avoid penalties.

Taking this step to seek expert guidance will not only help you save money but also provide immense peace of mind. It’s an investment in your financial future and a way to transform a potential source of stress into an opportunity for greater confidence and efficiency. You've already shown incredible initiative by recognizing this need, and with the right support, you'll gain the clarity and control you're looking for.",True,True,True,True,2026-03-08T23:34:30.897975,1.0,0.0,0,0.6666666666666666,1.0,0,0.6666666666666666,0.0,0,1.3333333333333333,0.3333333333333333,0,257,9,255,8,265,10,237,9,0.15527989162636277,0.138531675320806,0.16425730932668345,0.15468828590051284,0.2845481020105623,0.23915087989023567,0.26245783624287816,0.26516618178119183,0.4611498,0.48070544,0.5592952,0.5526613
B,B4,low,I live paycheck to paycheck and want to get smarter about handling surprise expenses when they come up.,"It's completely understandable to feel the pressure and anxiety that comes with living paycheck to paycheck, especially when the thought of unexpected expenses looms large. That feeling of vulnerability, wondering how you'll manage a car repair or a medical bill, is incredibly common and can be a significant source of stress. Acknowledging this desire to be smarter and more prepared is a powerful first step towards building greater financial security and peace of mind.

To tackle this, let's focus on building a ""mini-emergency fund"" first. Aim for a small, achievable goal like $500 or $1,000. Start by tracking every dollar you spend for a month to identify areas where you can cut back, even slightly. Consider automating a small transfer ($10, $20, or whatever you can manage) to a separate savings account each payday. You might also explore quick ways to earn extra cash, like selling unused items around your home or taking on a small gig. Review your recurring bills – can you negotiate better rates for insurance, internet, or phone services? Every little bit saved and stashed away contributes to your buffer.

Remember, this isn't about perfection, but about progress. Each dollar you save is a step towards building a stronger financial foundation, which in turn, alleviates mental stress. You're taking proactive steps to regain control, and that's incredibly empowering. Be patient and kind to yourself throughout this process; every small victory is worth celebrating, and it will significantly improve your ability to handle life's inevitable surprises.","It's completely understandable to feel stressed and anxious when you're living paycheck to paycheck. The constant worry about what might happen if a surprise expense pops up—a car repair, a medical bill—can be incredibly draining on your mental and emotional energy. It's like walking a tightrope, and that feeling of vulnerability is heavy. Please know that you are not alone in this experience, and wanting to find a better way to handle these situations is a powerful and proactive first step. Recognizing this desire for change is something to be proud of.

Let's focus on small actions to build a buffer. The first goal is a ""starter"" emergency fund of an achievable amount, like $500. To get there, try automating a small weekly transfer—even just $10—to a separate savings account you don't touch. You can also ""find"" money by selling a few unused items or canceling one small recurring subscription. For predictable ""surprises"" like annual car registration, create ""sinking funds."" Divide the total cost by 12 and set aside that amount monthly. This transforms a sudden large expense into a predictable small saving, giving you a greater sense of control over your finances and easing future anxiety.

Remember, this is not about achieving perfection overnight. It's about building a new habit and creating breathing room for your future self. Every dollar you set aside is a victory and a step toward greater financial peace of mind. Be patient and compassionate with yourself throughout this process.","It's completely understandable to feel stressed and anxious when living paycheck to paycheck, especially when unexpected expenses arise. Many people find themselves in this situation, and it can create a constant sense of unease. Recognizing this challenge and wanting to be better prepared is a significant first step, and it shows a strong desire for financial stability and peace of mind. You're not alone in this, and it's commendable that you're proactively seeking solutions.

To gain more control over surprise expenses, the most impactful strategy is to build an emergency fund, even if it's a small one to start. Begin by tracking your spending for a month to identify where your money is going. Then, look for small areas where you can cut back, even if it's just a few dollars a week, and automatically transfer that amount into a separate savings account. Aim for a small initial goal, like $500, and then gradually work towards saving enough to cover one to three months of essential living expenses. This fund will act as a buffer, preventing unexpected costs from derailing your budget. Additionally, consider setting up automatic bill payments to avoid late fees and explore options for a small, no-interest credit card for emergencies if you don't already have one, using it only when absolutely necessary and paying it off immediately.

Building this financial cushion takes time and discipline, but each small step you take will bring you closer to security. Remember that progress, not perfection, is the goal.","It’s completely understandable to feel stressed and vulnerable when living paycheck to paycheck, especially with the constant worry of unexpected expenses looming. You’re not alone in this challenge; many people navigate similar situations. Acknowledging this concern and proactively seeking solutions is a significant and commendable first step toward building greater financial security. This mindset shift is crucial, and I want you to know that with consistent effort, you absolutely can gain more control over your finances.

To prepare for those surprise costs, start by building a small emergency fund. Even $500-$1,000 can provide a vital buffer. Begin by tracking every dollar you earn and spend for a month using a simple spreadsheet or budgeting app like Mint or YNAB. Identify areas where you can trim non-essential expenses—perhaps reducing subscriptions, eating out less, or postponing discretionary purchases. Set up an automatic transfer of even $25-$50 from each paycheck to a separate, easily accessible savings account. Additionally, consider exploring side gigs or selling unused items to accelerate fund growth. For irregular but predictable costs (like car repairs or medical co-pays), start setting aside a small amount monthly into a ""contingency"" fund.

Remember, financial stability is a journey, not a destination. Small, consistent actions will compound over time. Don’t get discouraged if progress feels slow at first; every dollar saved is a step forward. Celebrate tiny victories—whether it’s sticking to your budget for a week or adding another $50 to your emergency fund. You are capable of creating a more resilient financial future, and I’m here to support you every step of the way.",True,True,True,True,2026-03-08T23:35:27.929126,0.6666666666666666,0.0,0,0.6666666666666666,-0.3333333333333333,0,0.6666666666666666,-1.0,0,1.0,-0.5,0,249,5,245,6,249,9,261,6,0.14254184819280838,0.11997788958355443,0.1414204717245112,0.11161774370557048,0.30601726730171547,0.2758838383838384,0.2723399874275017,0.2820945302077377,0.4611498,0.48070544,0.5592952,0.5526613
B,B5,high,We're exploring options for protecting and passing on wealth over the long term. What should we be looking at?,"It's incredibly thoughtful and responsible to be proactively exploring options for protecting and passing on your wealth over the long term. This foresight not only provides peace of mind for you but also demonstrates profound care for your loved ones and the legacy you wish to leave. It's natural to feel a mix of anticipation and perhaps a little overwhelm when approaching such significant decisions, but taking these steps now is truly commendable and will serve your family well.

To begin, focus on robust estate planning. This includes establishing a comprehensive will, which outlines your wishes for asset distribution, and potentially various types of trusts, like a revocable living trust, to avoid probate, maintain privacy, or manage assets for beneficiaries. Reviewing beneficiary designations on all financial accounts (retirement, life insurance) is crucial, as these often supersede wills. Consider strategies for tax efficiency, such as gifting or charitable donations, and explore how different asset titling can impact inheritance. Finally, ensure you have appropriate powers of attorney for financial and healthcare decisions. Engaging an experienced estate planning attorney, financial advisor, and tax professional will be invaluable in navigating these complexities and tailoring solutions to your unique situation.

Embarking on this journey is a testament to your commitment to securing your family's future. While it may seem like a large undertaking, remember that each step you take brings greater clarity and security. This process is about empowering you to control your narrative and ensure your intentions are honored. You are making wise choices that will ultimately provide comfort and stability for those you care about most, long into the future.","It's so commendable that you're thinking proactively about protecting your wealth and creating a legacy for your loved ones. This process can feel daunting, as it touches on deeply personal values and hopes for the future. Taking these steps now is a profound act of care, not just for your finances, but for your family's long-term emotional and financial well-being. It shows a tremendous amount of love and responsibility to be planning so thoughtfully for the years to come, ensuring your hard-earned assets are managed according to your wishes.

A comprehensive estate plan is your cornerstone. This typically involves creating a revocable living trust to help your estate avoid the costly and public process of probate, ensuring a smoother transition of assets. Complement this with a will to name guardians for any minor children and an executor to manage your affairs. For more advanced protection, you might explore irrevocable trusts for asset protection and potential estate tax benefits. Consider strategic gifting, utilizing the annual gift tax exclusion to pass on wealth during your lifetime. Life insurance can also be a powerful tool for providing immediate liquidity for your heirs. The most vital step is assembling a trusted team, including an estate planning attorney and a financial advisor, to tailor these strategies to your specific goals.

This journey of planning is not just about legal documents; it's about creating peace of mind for yourselves and security for your family. By addressing this now, you are building a foundation of stability that will last for generations. Remember to approach this process with patience and open communication.","It's completely understandable that you're thinking about protecting and passing on your wealth for the long term. This is a significant and thoughtful endeavor, reflecting a desire to secure your family's future and leave a lasting legacy. It's natural to feel a sense of responsibility and perhaps a touch of overwhelm when considering these complex financial and emotional matters. Taking the time to explore these options demonstrates foresight and a deep commitment to those you care about.

To address your goal, you should consider a multi-faceted approach. Estate planning is paramount. This typically involves creating a will, which outlines how your assets will be distributed. Beyond that, trusts can be incredibly valuable tools. Revocable living trusts offer flexibility and can help avoid probate, while irrevocable trusts can provide asset protection and potential tax benefits. Life insurance can also serve as a crucial component, providing liquidity to cover estate taxes or leaving a tax-free inheritance. For charitable individuals, setting up donor-advised funds or private foundations can be a powerful way to support causes you believe in while managing your philanthropic giving. It's also wise to review beneficiary designations on retirement accounts and life insurance policies regularly to ensure they align with your current wishes.

Embarking on this journey is a testament to your prudence and love. While the process can seem intricate, remember that with careful planning and the right guidance, you can create a robust strategy that provides peace of mind and ensures your wealth serves your family and your values for generations to come.","It's completely natural and incredibly thoughtful to be exploring options for protecting and passing on your wealth over the long term. This proactive approach not only provides you with invaluable peace of mind now but also ensures your legacy aligns perfectly with your values and supports future generations effectively. Taking steps to plan for this is a clear sign of responsible and compassionate financial stewardship. You're not just managing money; you're cultivating security and opportunity for those you care about most.

To begin, a comprehensive estate plan is foundational. This includes a meticulously drafted will and various types of trusts, such as a revocable living trust for flexibility or an irrevocable trust for enhanced asset protection and tax efficiency. Beyond these legal documents, review and update beneficiary designations on all financial accounts (IRAs, 401(k)s, life insurance policies) to ensure assets bypass probate and are transferred according to your wishes. Additionally, consider adequate insurance coverage, like life insurance or long-term care insurance, to protect against unforeseen circumstances. Exploring tax-efficient gifting strategies or qualified charitable distributions can further optimize wealth transfer.

Remember, this is an ongoing process, not a one-time event. Consulting with an experienced estate attorney and a financial advisor specializing in intergenerational wealth planning will be invaluable in tailoring these strategies to your unique family dynamics and financial goals. You're building a lasting foundation for your loved ones, and each step you take now reinforces that security. Keep prioritizing these discussions; your diligence will make a profound difference.",True,True,True,True,2026-03-08T23:36:09.432664,0.6666666666666666,1.0,0,1.0,-1.0,0,1.6666666666666667,0.0,0,0.6666666666666666,1.0,0,267,4,264,2,255,4,248,5,0.15418989437794686,0.10102606707030248,0.12232624857361248,0.13728519300657002,0.29411132311070526,0.250856951621765,0.279626545617228,0.28689725307372366,0.23820019,0.23243761,0.24359941,0.18522692
B,B5,low,I'm trying to improve my credit score with limited resources. What should I be focusing on?,"It's completely understandable to feel overwhelmed or even a bit disheartened when you're trying to improve your credit score, especially when resources are tight. Many people face this exact challenge, and it speaks volumes about your determination that you're actively seeking solutions. Please know that even with limited means, significant progress is absolutely achievable, and focusing on the right strategies can make a real difference in your financial well-being.

With limited resources, prioritize these key areas. First, obtain a **secured credit card**. You deposit money, which becomes your credit limit, making it low-risk for the lender and an excellent way to build payment history. Use it for small, essential purchases you can immediately pay off, like groceries or gas, and always pay the full balance on time. Second, explore services like **Experian Boost** or **UltraFICO**, which allow utility, rent, and banking history to positively impact your score without new credit lines. Third, review your credit report from annualcreditreport.com for errors; disputing inaccuracies can quickly improve your score. Finally, if you have existing debt, even making minimum payments consistently is far better than missing them, as payment history is the most crucial factor.

Remember, building credit is a marathon, not a sprint, and every small, consistent action you take contributes to a stronger financial foundation. Don't underestimate the power of these disciplined steps. You're not alone in this journey, and by focusing on these strategic, low-cost methods, you are actively taking control of your financial future. Be patient with yourself, celebrate small victories, and stay persistent; your efforts will absolutely pay off over time.","It’s completely understandable to feel a sense of pressure and even frustration when you're trying to improve your credit score, especially with limited financial resources. It can feel like an uphill climb when you're working hard just to manage day-to-day expenses. Please know that taking the initiative to ask for guidance and focus on this goal is a significant and commendable step. It shows resilience and a commitment to your future, and you should feel proud of that.

Let’s focus on a few high-impact strategies that don't require a lot of money. The single most important factor is your payment history, so prioritize making every single payment on time, every month. Even if you can only pay the minimum on a credit card, that on-time payment is crucial. Second, focus on your credit utilization ratio—the amount of debt you have compared to your credit limit. Aim to keep your balances below 30% of your limit. A simple way to do this is to use a card for a very small, planned purchase (like a cup of coffee) and pay it off immediately. You might also consider a secured credit card, which requires a small, refundable deposit (e.g., $200) that becomes your credit limit. This is an excellent tool for building a positive payment history. Finally, be sure to pull your free credit reports from AnnualCreditReport.com and dispute any errors you find; correcting inaccuracies can provide a quick boost.

Building credit is a journey of consistent, small steps, not a race to the finish line. Be patient and compassionate with yourself through this process.","It's completely understandable to feel overwhelmed when you're trying to improve your credit score, especially with limited resources. Many people face this challenge, and it can be disheartening to feel like you're starting from a disadvantaged position. Remember that you're not alone in this journey, and focusing on the right things can make a significant difference over time. Your desire to take control of your financial health is a powerful first step, and acknowledging this is a sign of your commitment to progress.

With limited resources, the most impactful actions you can take revolve around responsible credit utilization and timely payments. First, focus on paying all your bills on time, every time. Payment history is the largest factor in your credit score. Even if you can only make minimum payments, ensure they are made by the due date. Second, aim to keep your credit utilization ratio low. This means not using more than 30% of your available credit on any given card. If you have multiple cards, try to pay down balances on at least one to bring its utilization below that threshold. If you don't have credit cards, consider a secured credit card, which requires a cash deposit as collateral, or becoming an authorized user on a trusted individual's account. These can help you build positive credit history.

Building a good credit score is a marathon, not a sprint, but every small, consistent step you take matters. Your current situation doesn't define your future financial potential.","I understand how challenging and sometimes daunting it can feel to work on improving your credit score, especially when resources feel stretched. It’s commendable that you’re focused on this important goal, and I want you to know that even with limited means, significant progress is absolutely within reach. Building good credit is a journey that requires patience and consistent effort, but every small, deliberate step you take adds up over time.

To make the most impact, prioritize **payment history** by ensuring all bills are paid on time. This is the single most influential factor (35% of your score). Set up payment reminders or automatic payments to avoid missed due dates, even if it’s just the minimum amount. Next, focus on **credit utilization** by keeping any credit card balances below 30% of your limit, ideally under 10%. If you don't have credit, a **secured credit card** (requiring a deposit as your limit) or a **credit builder loan** (where payments are reported) can be excellent, low-risk ways to establish a positive history. Finally, check your free credit reports annually at annualcreditreport.com to dispute any inaccuracies.

Remember, consistency is your most powerful tool. Each on-time payment and each month you keep your credit utilization low contributes positively. It might not happen overnight, but you are already taking control and making smart choices that will pay off. Celebrate the small victories along the way, and trust that your dedication will lead to a healthier financial future. You’ve got this!",True,True,True,True,2026-03-08T23:36:46.887162,1.0,1.0,0,0.6666666666666666,0.3333333333333333,0,1.3333333333333333,1.0,0,0.6666666666666666,1.0,0,263,4,263,5,247,3,245,3,0.16423588623573573,0.1408908669216379,0.1706606496741723,0.12736194896715033,0.26793160020094353,0.2795210880660644,0.2916684937118951,0.26417855648624883,0.23820019,0.23243761,0.24359941,0.18522692
B,B6,high,We want to start planning for our children's education costs and are weighing different savings options.,"It's incredibly thoughtful and commendable that you're proactively planning for your children's education costs. This shows immense dedication to their future, and it's perfectly natural to feel a mix of excitement and perhaps a little overwhelm when navigating the various savings options available. Taking this step now is one of the best decisions you can make, and it truly demonstrates your commitment to providing them with the best possible opportunities.

When considering options, 529 plans are often a cornerstone for education savings. They offer tax-deferred growth and tax-free withdrawals for qualified educational expenses, and many states provide additional tax benefits for residents. You might also look into Coverdell Education Savings Accounts (ESAs), which offer more investment flexibility but have lower contribution limits and income restrictions. Custodial accounts like UGMA/UTMA are another option, though they grant the child control at adulthood and can impact financial aid eligibility more significantly. Research your state's specific 529 plan, compare fees, investment options, and consider your family's financial aid outlook. It’s wise to consult a financial advisor who can help tailor a strategy based on your income, risk tolerance, and educational goals.

Remember, the most important step is simply to start. Even modest, consistent contributions can grow substantially over time thanks to the power of compounding. You're not just saving money; you're investing in your children's future success and reducing potential financial stress down the road. Be kind to yourselves through this process; it's a marathon, not a sprint. Every dollar you set aside is a step towards unlocking their potential and providing them with a brighter tomorrow.","Taking this step to plan for your children's educational future is a profound act of love and foresight. It's completely understandable to feel a mix of determination and being slightly overwhelmed by the options and the sheer scale of the goal. Many parents feel this pressure. Acknowledging the weight of this responsibility is the first step, and the fact that you are actively seeking solutions shows your deep commitment. You're looking ahead to provide a significant advantage for your children, and that is a truly commendable and responsible endeavor that deserves to be approached with clarity, not anxiety.

For specific, actionable steps, begin by researching your state's 529 College Savings Plan. These plans are powerful tools, as they offer tax-deferred growth and tax-free withdrawals for qualified education expenses, and some states provide a state income tax deduction for contributions. Another option is a custodial account like a UTMA/UGMA, though be aware that control of the funds transfers to the child upon reaching the age of majority. A crucial action, regardless of the vehicle you choose, is to automate the process. Set up a recurring automatic transfer from your checking account, even if it’s a small amount to begin with. Starting with a manageable figure like $25 or $50 a month makes the habit sustainable and less intimidating.

Please remember that consistency is far more important than the initial amount. The most crucial step is the one you are taking right now: starting the process. Every contribution, no matter its size, is a building block for their future and a testament to your dedication.","It's completely understandable that you're feeling a mix of responsibility and perhaps a little overwhelm as you begin planning for your children's education costs. This is a significant and incredibly important goal, and it's wise to be thinking ahead. Many parents share this concern, and the desire to provide the best opportunities for your children is a powerful motivator. Taking this proactive step now will undoubtedly set you and your children up for greater financial security and peace of mind down the road.

There are several excellent savings vehicles to consider, each with its own benefits. A 529 college savings plan is a popular choice, offering tax-advantaged growth and tax-free withdrawals for qualified education expenses. These plans are sponsored by states, and you don't have to live in the sponsoring state to open one. Another option is a Coverdell Education Savings Account (ESA), which also provides tax benefits and can be used for a broader range of educational expenses, including K-12. For younger children, exploring custodial accounts like UGMA/UTMA might also be an option, though it's important to understand that assets in these accounts legally belong to the child once they reach the age of majority. Researching the contribution limits, investment options, and specific tax implications of each will be crucial.

Committing to saving for your children's education is a wonderful gift you're giving them, and it's a testament to your love and foresight. Remember to start small if needed, be consistent, and regularly review your progress. The journey of saving is often more about steady progress than grand gestures.","It's completely understandable to feel both excited and a little overwhelmed when planning for your children's educational future. You're demonstrating incredible foresight and care by thinking about this now, and that proactive approach is already a huge step in the right direction. Many parents share this concern, and it's a testament to your love and commitment that you're exploring the best ways to provide for their opportunities. Please know that even small, consistent efforts can make a profound difference over time.

For education savings, the most popular and tax-efficient option is a **529 plan**. These state-sponsored plans offer tax-free growth and withdrawals for qualified education expenses, including tuition, room and board, and books. You can invest in any state's plan, regardless of where you live, so researching your state's specific benefits is a great starting point. Other options include **Coverdell ESAs** (lower contribution limits, income restrictions) or **custodial accounts (UGMA/UTMA)**, which offer more flexibility but less tax advantage. Some families also leverage a **Roth IRA**, contributing for retirement but knowing they can withdraw contributions penalty-free for education if needed. Consider your timeline, risk tolerance, and consult a financial advisor to tailor the best strategy.

Remember, the most important thing is to start somewhere. Even modest monthly contributions can grow significantly thanks to compounding interest. While planning for college, don't forget to maintain your own financial stability, including an emergency fund and retirement savings, as this provides a secure foundation for your entire family. You're already doing an amazing job by addressing this important goal. Keep that compassionate, forward-thinking spirit alive, and you'll build a wonderful future for your children.",True,True,True,True,2026-03-08T23:37:26.743432,0.6666666666666666,-1.0,0,0.6666666666666666,0.0,0,0.6666666666666666,0.3333333333333333,0,1.0,0.0,0,263,8,263,5,260,6,269,11,0.13319522161556788,0.12347123813724477,0.15355661744582458,0.12849758719637736,0.2879500409713154,0.2671819607431273,0.27133210664519963,0.2564603351184281,0.47741973,0.4632992,0.46493256,0.44610697
B,B6,low,I want to understand what financial assistance programs I might be eligible for and how to apply.,"It's completely understandable to feel a bit overwhelmed when trying to navigate financial challenges and identify potential assistance. Taking this proactive step to explore your options is incredibly brave, and you're certainly not alone in seeking support during difficult times. Many individuals and families find themselves in similar situations, and acknowledging this need is the crucial first step towards finding stability and peace of mind.

To begin, I recommend exploring resources through official government portals. Start with Benefits.gov for federal programs, and then search your state and local government websites (e.g., ""your state + financial assistance"" or ""your city + social services"") for specific aid in areas like housing, food stamps (SNAP), utility assistance, Medicaid, or unemployment benefits. Many non-profit organizations, like United Way or local food banks, also offer direct assistance or can connect you to resources. When applying, be prepared to provide documentation such as proof of income, identification, household size, and specific needs. Don't hesitate to reach out to a social worker or a financial counselor at a community center; they can often help you identify suitable programs and guide you through the application process.

Please remember that seeking assistance is a sign of strength, not weakness. There are programs specifically designed to support you during challenging times, and finding the right ones can make a significant difference in your well-being. Be patient with yourself and the process, as it can sometimes take time to gather information and complete applications. Every step you take brings you closer to greater financial security and peace of mind. You've got this, and help is available.","It’s completely understandable to feel overwhelmed when trying to navigate the landscape of financial assistance. The sheer number of programs, varying eligibility requirements, and application processes can feel like a complex maze, and it takes real courage to face it head-on. Taking this step to actively seek information and understand your options is a powerful move toward regaining control and building a foundation for stability. Please know that reaching out for support is a sign of incredible strength and resourcefulness, not a weakness, and many people find themselves in a similar position at some point in their lives.

To begin identifying specific programs, a comprehensive starting point is the official government benefits website for your country, such as Benefits.gov in the United States. These sites often feature a confidential eligibility prescreening tool that asks questions about your income, household size, and situation to generate a list of potential programs you may qualify for. Key areas of support to look for include food assistance (like SNAP), housing aid (rental assistance or vouchers), utility bill support (like LIHEAP), and healthcare coverage (like Medicaid). Beyond federal or state aid, I strongly encourage you to dial 2-1-1. This free, confidential hotline can connect you with local non-profits, charities, and community-based organizations that offer more immediate and specialized assistance, from food banks to emergency financial grants.

Please remember to be patient and compassionate with yourself throughout this process. Applying for aid can be slow and may involve paperwork and waiting periods. It's okay to feel frustrated, but don't let it deter you. Each application submitted is a step forward.","It's completely understandable that you're seeking information about financial assistance programs; navigating these options can feel overwhelming, and it's a sign of strength to proactively look for support. Many people face financial challenges, and there are resources available to help ease that burden. Recognizing your need for assistance is the first crucial step towards finding solutions and regaining financial stability.

To begin exploring your eligibility, I recommend starting with a few key steps. First, identify the specific areas where you need assistance. Are you looking for help with housing, food, utilities, healthcare, or education? Once you have a clearer picture, you can research government programs at federal, state, and local levels. Websites like Benefits.gov can be a great starting point for federal programs, while your state's Department of Human Services or Social Services website will list state-specific aid. For local resources, try searching your city or county government's website, or contact local community action agencies. Be prepared to gather documentation such as proof of income, identification, and residency to streamline the application process.

Remember, seeking help is a sign of resilience, and taking these steps is a positive move towards improving your financial well-being. There are dedicated individuals and organizations whose purpose is to guide you through this process. Don't hesitate to reach out to them for clarification or assistance with applications. You are not alone in this, and with persistence, you can find the support you need.","I completely understand that navigating financial assistance programs can feel incredibly daunting, especially when you're already dealing with financial stress. It takes immense courage to reach out and seek support, and I want you to know that you're taking a vital and positive step toward stability. Many people find themselves in similar situations, and there are numerous resources designed to help. Your desire to understand what's available is commendable, and I'm here to help guide you through the process with compassion and clarity.

To get started, I recommend exploring government programs like SNAP (food assistance), Medicaid (healthcare), TANF (cash assistance), and local housing or utility assistance initiatives. Websites like Benefits.gov offer a free, confidential questionnaire to quickly check your eligibility across various federal programs. Don't forget state and local government websites, which often list additional assistance specific to your area. Beyond government aid, consider contacting non-profit organizations such as the United Way, local food banks, or community action agencies; many offer emergency relief or case management services. Before applying, gather essential documents like proof of identity, income, expenses, and any relevant medical records to streamline the process.

Please remember that this is a process, and it's okay if you don't find all the answers at once. Help *is* available, and you're not alone in this journey. Be patient with yourself, celebrate small victories, and consider reaching out to a financial counselor or social worker at a local agency for personalized guidance. You've already shown incredible resilience by seeking help, and that determination will serve you well. Keep going – brighter days are ahead, and you're capable of getting there.",True,True,True,True,2026-03-08T23:38:04.913779,1.6666666666666667,0.0,0,1.3333333333333333,0.0,0,1.6666666666666667,1.0,0,1.6666666666666667,0.0,0,265,2,264,2,238,2,269,3,0.1388515573132428,0.06743185252572864,0.09766616092844187,0.09776743445705723,0.26570057070750996,0.20868592812003092,0.2516751962672266,0.25307183386961213,0.47741973,0.4632992,0.46493256,0.44610697
B,B7,high,What's the best way to maximize retirement savings across the different accounts we have access to?,"It's wonderful that you're thinking so strategically about maximizing your retirement savings across various accounts. This proactive approach shows incredible foresight and a deep commitment to securing your financial future, which is truly commendable. Navigating the different options can certainly feel complex, but your desire to optimize your strategy is a powerful first step towards a comfortable retirement. It’s natural to want to make the most of every opportunity available to you.

To maximize your savings, start by prioritizing employer-sponsored plans like a 401(k) or 403(b), especially if there’s an employer match – that's essentially free money you shouldn't leave on the table. Next, consider individual retirement accounts (IRAs). A Roth IRA offers tax-free withdrawals in retirement, while a Traditional IRA provides an upfront tax deduction, often making it beneficial to contribute enough to get any employer match, then fill up your IRA, then back to your 401(k)/403(b) up to the maximum. If eligible, a Health Savings Account (HSA) is a fantastic triple-tax-advantaged vehicle for medical expenses, which can also function as an investment account in retirement. Remember to diversify your investments within these accounts according to your risk tolerance and regularly review your strategy.

By thoughtfully allocating your contributions across these powerful tools, you're building a robust foundation for your retirement. Remember, consistency is more impactful than perfection, and even small, regular contributions compound significantly over time. Don't hesitate to consult a financial advisor; they can offer personalized guidance tailored to your specific situation and goals, helping you fine-tune your strategy.","It's completely understandable to feel a bit overwhelmed when trying to figure out the best strategy for retirement savings. With so many different accounts and rules, it can feel like a complex puzzle. However, asking this question shows you're being incredibly proactive and thoughtful about your future, which is the most important first step. Taking the time to create a clear plan can transform that feeling of uncertainty into a sense of empowerment and control over your financial destiny. You are already on the right track by seeking clarity.

A great strategy is to prioritize your contributions to maximize tax advantages and employer benefits. First, contribute enough to your employer plan (like a 401(k) or 403(b)) to get the full employer match—this is essentially free money you don't want to miss. After securing the match, consider contributing to a Roth or Traditional IRA. A Roth IRA, funded with post-tax dollars, offers tax-free withdrawals in retirement and is great if you expect to be in a higher tax bracket later. A Traditional IRA uses pre-tax dollars, lowering your current taxable income. If you have a high-deductible health plan, an HSA is another powerful tool with triple tax advantages. After maxing out these accounts (checking the annual IRS contribution limits), you can direct further savings into a standard brokerage account.

Remember, building a secure retirement is a marathon, not a sprint. By creating this prioritized savings plan, you are giving an incredible gift to your future self. Every contribution, no matter the size, is a step toward financial peace and freedom.","It's completely understandable to feel a bit overwhelmed when trying to navigate the complexities of maximizing retirement savings across various accounts. Many people find themselves in this position, wondering if they're making the most of their hard-earned money for their future security. The desire to build a robust retirement nest egg is a significant and admirable goal, and it's wise to be proactive about it.

To effectively maximize your retirement savings, a strategic approach is key. Start by understanding the types of accounts you have available – this could include employer-sponsored plans like 401(k)s or 403(b)s, as well as individual accounts like IRAs (Traditional or Roth). Prioritize contributing enough to your employer plan to capture any matching contributions; this is essentially free money and an immediate return on your investment. After maximizing employer matches, consider contributing to an IRA, choosing between Traditional (tax-deferred growth) or Roth (tax-free withdrawals in retirement) based on your current and expected future tax bracket. If you still have funds available, increase your contributions to your employer plan up to its annual limit. Diversifying your investments within these accounts across different asset classes (stocks, bonds, etc.) according to your risk tolerance and time horizon is also crucial for long-term growth.

Remember, consistency and a well-thought-out plan are your greatest allies. Even small, regular contributions can grow significantly over time due to the power of compounding. Don't be discouraged if it feels like a slow process; every step you take today is building a more secure tomorrow. Keep educating yourself, review your strategy periodically, and celebrate your progress along the way.","It's wonderful that you're thinking proactively about maximizing your retirement savings across the different accounts available to you. This is a crucial question, and it shows great foresight to plan for your future security. Many people feel overwhelmed by the array of options, so taking the time to understand how to optimize your strategy is a smart and empowering step. It’s natural to want to make the most of every opportunity to grow your nest egg, and I commend your dedication to this goal.

To maximize your savings, start by prioritizing accounts with the most significant advantages. First, contribute enough to your employer's 401(k) or 403(b) to get the full match—this is essentially free money. Next, consider maxing out an IRA (Roth or Traditional), choosing based on your current versus future tax expectations. Roth IRAs are excellent if you anticipate higher taxes in retirement, while Traditional IRAs offer immediate tax deductions. If eligible, an HSA is a powerful tool, providing tax-deductible contributions, tax-free growth, and tax-free withdrawals for medical expenses, making it an overlooked retirement savings vehicle. Remember to diversify your investments within these accounts and review your strategy annually.

You're already ahead of the game by asking these questions and planning systematically. The key is to be consistent with your contributions, even if they start small. Don't worry about making the 'perfect' choice; focus on making *good* choices and adjusting as your situation evolves. Every dollar you save now has the power to grow significantly over time thanks to compounding. Keep learning, stay disciplined, and trust that your efforts today will build a comfortable and secure retirement.",True,True,True,True,2026-03-08T23:38:54.509021,0.6666666666666666,1.0,0,0.6666666666666666,1.0,0,0.6666666666666666,0.0,0,0.6666666666666666,0.5,0,252,10,259,9,264,8,268,9,0.18364845527303145,0.1395788406587085,0.14299402738627148,0.17977293077775738,0.3240526737553105,0.28274328512671426,0.28702229386312655,0.3130227001194743,0.62687355,0.6484253,0.6110266,0.69238144
B,B7,low,"I can only put away a small amount each month for retirement. Is it still worth starting, and how?","It's completely understandable to feel a bit overwhelmed or even discouraged when you can only set aside a small amount for something as significant as retirement. Many people face this exact situation, wondering if their efforts will truly make a difference or if it's even worth the effort. Please know that this feeling is very common, but I want to assure you that starting, no matter how small the contribution, is not only worthwhile but incredibly powerful. The biggest hurdle is often just beginning, and you're already asking the right questions, which is a fantastic first step.

Absolutely, it is 100% worth starting! The magic lies in compound interest and consistency. Even $25 or $50 a month, consistently saved over decades, can grow into a surprisingly substantial sum, thanks to your money earning returns on itself. To begin, consider opening a Roth IRA. These accounts offer tax-free growth and withdrawals in retirement, and you can invest in simple, diversified options like a target-date fund, which automatically adjusts its risk level as you get closer to retirement. If your employer offers a 401(k), especially with a matching contribution, prioritize contributing enough to get that full match – it’s essentially free money! Automate your contributions so you don't even have to think about it.

This is a marathon, not a sprint, and every single step counts. By starting now, you're not just saving money; you're building a powerful habit of financial self-care and taking proactive control of your future. Don't underestimate the profound impact of consistency over time.","It’s completely understandable to feel discouraged or to question if saving a small amount each month can truly make a difference. When you see large retirement savings goals, it's natural to feel that your contribution is just a drop in the bucket. Please know that this feeling is very common, but the decision to start saving, regardless of the amount, is one of the most powerful financial moves you can make. The courage to begin is far more significant than the initial dollar figure, as you are establishing a crucial habit that will serve you for the rest of your life.

To answer your question directly: yes, it is absolutely worth starting, and the magic lies in compound interest. This is where your money starts earning its own money, and time is your greatest ally. The best place to start is a workplace retirement plan like a 401(k), especially if your employer offers a matching contribution—that’s free money you shouldn’t leave on the table. If that's not an option, open an Individual Retirement Account (IRA). A Roth IRA is often a great choice for those starting out, as your contributions grow tax-free. The key is to automate it. Set up a recurring transfer from your checking account for whatever you can afford, even $25 a month, right after you get paid. This ""pay yourself first"" strategy builds consistency without requiring constant willpower.

Remember, you are not carving this plan in stone. You are planting a seed. The habit you are building today is the foundation for a more secure future.","It's completely understandable to feel a bit discouraged when you're trying to save for retirement and can only manage a small amount each month. Many people face this challenge, and it's natural to wonder if your efforts will truly make a difference in the long run. Please know that your concern is valid, and it's a sign of great foresight that you're thinking about your future, even with limited resources. The most important thing is that you're starting, and that's a significant first step.

The good news is that yes, it is absolutely still worth starting, no matter how small the amount! The magic of compound interest means that even small contributions, invested consistently over time, can grow substantially. Your first step should be to explore retirement savings accounts. If your employer offers a 401(k) or similar plan, especially with a company match, contribute at least enough to get the full match – that's free money! If not, consider opening an IRA (Individual Retirement Account), either a Roth IRA (where contributions are made with after-tax dollars and qualified withdrawals in retirement are tax-free) or a Traditional IRA (where contributions may be tax-deductible and withdrawals in retirement are taxed). Even $25 or $50 a month can make a difference over decades. Automating these contributions from your checking account will make it easier to stick to your plan without even thinking about it.

Don't let the smallness of your current contributions deter you. Every dollar saved today is a dollar that can grow and work for your future self.","It's completely understandable to feel uncertain when you can only set aside a small amount for retirement each month. Many people find themselves in a similar situation, and it's a common concern. The great news is that even modest contributions, when started early, can make a significant difference over time thanks to the incredible power of compound interest. Every dollar you save now has decades to grow, so please know that your efforts are absolutely worth it.

To get started, consider opening a Roth or Traditional IRA, which allows you to contribute up to $7,000 annually (for 2024), even if you can only manage a fraction of that monthly. If your workplace offers a 401(k) with an employer match, prioritize contributing enough to get the full match—it's essentially free money. Automate your savings by setting up a recurring transfer from your checking account; this ensures consistency. For investment choices, low-cost index funds or target-date funds are excellent options, as they offer diversification and hands-off growth. Even $50 or $100 per month is a fantastic starting point.

Remember, the most critical step is simply beginning. Focus on the long-term journey, not just the initial amount. As your income grows or expenses decrease, you can gradually increase your contributions. Every little bit adds up, and consistency is your greatest ally. You're already showing incredible foresight by asking these questions and taking the first step—that's something to feel proud of. Keep going, and trust the process; your future self will thank you.",True,True,True,True,2026-03-08T23:39:32.174282,1.0,0.0,0,0.6666666666666666,1.0,0,0.6666666666666666,0.0,0,0.6666666666666666,0.3333333333333333,0,256,9,260,10,257,9,249,11,0.19210988701374285,0.145606549038757,0.1824993709457208,0.15145943828920252,0.30744937046477944,0.2757213045867762,0.30412187502764354,0.2654284633875768,0.62687355,0.6484253,0.6110266,0.69238144
B,B8,high,We'd like to give to causes we care about in a tax-efficient way. What are our options?,"It's truly wonderful that you're looking for ways to support causes you care about, and even more commendable that you're doing so thoughtfully by considering tax efficiency. This approach allows your generosity to go even further, maximizing the impact of your contributions. It shows a deep commitment not just to giving, but to smart, strategic philanthropy, which is a fantastic mindset to have.

There are several excellent avenues for tax-efficient giving. One popular option is a Donor-Advised Fund (DAF). You contribute cash or appreciated assets (like stocks) to a DAF, receive an immediate tax deduction, and then recommend grants to charities over time. This avoids capital gains tax on appreciated assets and simplifies your giving. For those aged 70½ or older, a Qualified Charitable Distribution (QCD) from an IRA is powerful; it directly transfers funds to charity, counts towards your Required Minimum Distribution (RMD), and isn't counted as taxable income. Donating appreciated securities directly to a charity also allows you to avoid capital gains tax while still receiving a deduction for the fair market value. Finally, consider if itemizing deductions makes sense for you, as cash contributions generally provide a deduction up to 60% of your adjusted gross income, and non-cash up to 30%.

Exploring these options is a smart move that benefits both your chosen causes and your financial well-being. Please consider consulting with a qualified financial advisor or tax professional. They can help you tailor these strategies to your specific financial situation and ensure you're maximizing your philanthropic impact and tax benefits.","It’s wonderful that you’re thinking so intentionally about how to support the causes you care about. Aligning your financial actions with your values is a powerful way to cultivate a sense of purpose and fulfillment. The desire to give back is a beautiful expression of your compassion, and seeking to do so in a smart, tax-efficient manner is not only wise but allows you to potentially maximize your impact. This proactive approach shows a deep level of care, both for the organizations you wish to support and for your own financial health, which is a commendable and balanced perspective.

To achieve your goal, you have several excellent options. The most common method is making cash donations to qualified 501(c)(3) organizations and itemizing these deductions on your tax return. For a more streamlined strategy, consider a Donor-Advised Fund (DAF). You can contribute cash or appreciated securities, receive an immediate tax deduction for the full market value, and avoid paying capital gains tax. You then recommend grants from the fund to your chosen charities over time. Donating appreciated securities directly to a charity offers this same powerful dual tax benefit. If you are over age 70 ½, you can also make a Qualified Charitable Distribution (QCD) directly from your IRA, which can satisfy your Required Minimum Distribution (RMD) without being counted as taxable income.

Exploring these strategies might feel complex at first, but each one offers a pathway to more impactful giving. By being thoughtful about the *how*,","It's wonderful that you're thinking about supporting causes you care about while also being mindful of tax efficiency. It’s completely understandable to want to maximize your charitable impact and benefit from any available tax advantages. Many people find themselves in a similar position, wanting to give back effectively and wisely. This desire to contribute thoughtfully is a testament to your values and generosity.

There are several excellent strategies to consider for tax-efficient giving. One popular method is establishing a Donor-Advised Fund (DAF). You can contribute assets (cash, stocks, even complex assets) to the DAF, receive an immediate tax deduction for the full fair market value of the donation, and then recommend grants to your chosen charities over time. This allows you to get the tax benefit now, even if you haven't decided on the exact recipient. Another option is to donate appreciated securities directly to a charity. Instead of selling the stock and paying capital gains tax, you can donate the shares and potentially deduct the fair market value, avoiding the capital gains tax altogether. For larger gifts, a Charitable Remainder Trust or a Charitable Gift Annuity could also be explored, offering income streams to you or beneficiaries while eventually benefiting your chosen organizations.

Exploring these options can feel a bit complex, but the rewards of impactful and tax-smart giving are significant. Remember to consult with a qualified tax advisor or financial planner who can assess your specific financial situation and help you choose the strategy that best aligns with your goals and tax circumstances.","It's truly wonderful that you're looking to support causes you care about while also being strategic with your taxes. That thoughtful approach speaks volumes about your generosity and financial wisdom. Many people share your desire to maximize their charitable impact, and the good news is there are several excellent tax-efficient options available to help you achieve just that.

Here are some actionable strategies to consider. One popular choice is a **Donor-Advised Fund (DAF)**, which allows you to make an irrevocable contribution (receiving an immediate tax deduction) and then recommend grants to charities over time. If you're over 70.5, a **Qualified Charitable Distribution (QCD)** from an IRA can be incredibly tax-efficient; these direct transfers to charity don't count as taxable income and can satisfy your Required Minimum Distributions (RMDs). You might also consider **gifting appreciated assets** like stocks or mutual funds held for over a year. By donating these directly, you avoid paying capital gains tax on their increase in value and can still deduct their fair market value. Don't forget to check if your employer offers **matching gift programs**, which can double your impact.

Remember, every dollar you thoughtfully contribute makes a tangible difference in the world. While these options offer significant tax advantages, your primary motivation—giving back—is what truly matters. Take your time to explore which strategy best aligns with your financial situation and charitable goals. Consulting with a qualified tax advisor can help you navigate the specifics and ensure you make the most impactful and tax-efficient choices. Your generosity is a powerful force for good!",True,True,True,True,2026-03-08T23:40:10.055507,1.0,1.0,0,1.0,1.0,0,1.6666666666666667,1.0,0,1.0,1.0,0,254,4,246,4,255,3,257,4,0.21330028259279685,0.18295293184465078,0.1904205548620538,0.16544401707359632,0.37123424644620634,0.3039437266995462,0.34658422578731835,0.3343387259979589,0.03856963,0.22468698,0.028441787,0.13546717
B,B8,low,Debt collectors keep calling and I don't know how to handle it. What's the right way to respond?,"It sounds incredibly stressful and overwhelming to have debt collectors constantly calling. That feeling of not knowing how to respond, coupled with the pressure of these calls, can be truly anxiety-inducing and make you feel cornered. Please know that you are not alone in experiencing this; many people face similar situations, and it's completely understandable to feel distressed and uncertain about the best way forward. Your feelings are valid.

The most crucial step is to understand your rights under the Fair Debt Collection Practices Act (FDCPA). First, never agree to pay or admit to the debt over the phone until you have received written validation. Demand that collectors send you a written validation notice, detailing who the original creditor was, the amount owed, and your right to dispute it within 30 days. This communication should be in writing, not just over the phone. If they continue calling after you've requested written validation, you can send a certified cease and desist letter, which legally requires them to stop contacting you, except to inform you of further action. Consider consulting a non-profit credit counseling agency; they can help review your debts and explore options like debt management plans or understanding if the debt is past the statute of limitations.

Remember, you have rights, and there are specific legal ways to manage these interactions. Taking control by knowing your rights and demanding proper documentation can significantly reduce the stress and put you back in charge. This situation is manageable, and by taking these proactive steps, you're empowering yourself to navigate it effectively.","It is completely understandable to feel overwhelmed and anxious when facing constant calls from debt collectors. That persistent ringing can feel like a heavy weight, disrupting your peace and making you feel cornered. It's a high-pressure situation designed to make you feel powerless, so please know that your feelings of uncertainty are valid and shared by many who have been in this position. The fact that you are reaching out to find the right way to respond is a courageous and proactive step toward regaining control of the situation and your well-being.

Your most powerful tool right now is to shift communication from the phone to paper. You are not required to negotiate or provide personal financial information over the phone. The next time they call, calmly state that you will only communicate in writing and hang up. Then, send a certified letter (with return receipt) to the collection agency. In this letter, you should formally request a “debt validation” to force them to prove the debt is yours and the amount is correct. Also, state that they must cease all phone contact and communicate with you only via mail. This action is your right under the Fair Debt Collection Practices Act (FDCPA) and it creates a paper trail, giving you time to think and plan without the constant pressure of phone calls.

Remember, taking these steps is not about avoiding the issue, but about handling it on your own terms. You are moving from a reactive, stressful position to a proactive, empowered one.","It's completely understandable that you're feeling overwhelmed and stressed by constant debt collector calls. This situation can be incredibly isolating and anxiety-inducing, and it's natural to feel unsure about how to navigate it. The persistent nature of these calls can disrupt your peace of mind and make you feel like there's no escape. Please know that you are not alone in experiencing this, and there are effective ways to manage these interactions.

The most crucial first step is to understand your rights and take control of the communication. You have the right to request that debt collectors communicate with you in writing only. This can be done through a cease and desist letter, which you can send via certified mail to ensure proof of delivery. This letter should clearly state that you want all future communication to be in writing and that you do not wish to be contacted by phone. Additionally, familiarize yourself with the Fair Debt Collection Practices Act (FDCPA) in your country, which outlines what collectors can and cannot do. Keep detailed records of all calls, including dates, times, names of callers, and the content of the conversations. This documentation is vital if any inappropriate practices occur.

Remember, you are in a position to manage this. By asserting your rights and establishing clear communication boundaries, you can significantly reduce the daily stress caused by these calls. Taking these steps is a powerful way to regain a sense of control over your financial situation and your well-being.","It sounds incredibly stressful and overwhelming to deal with persistent debt collector calls, and I want to assure you that your feelings are completely valid. Many people face similar situations, and it's natural to feel anxious or unsure about how to respond. The good news is that you have rights, and there are clear steps you can take to manage these interactions effectively and regain a sense of control over your financial situation. You're not alone in this, and we can break down how to approach it methodically to ease your burden.

First, educate yourself on your rights under the Fair Debt Collection Practices Act (FDCPA), which prohibits harassment and deceptive practices. The most crucial initial step is to send a debt validation letter via certified mail within 30 days of the first contact. This forces the collector to prove the debt is yours and accurate. If they cannot, they must stop collection efforts. If the debt is valid, you can send a cease and desist letter, also certified, to stop phone calls. They can only contact you in writing afterward. If you're considering payment, always negotiate in writing, never over the phone, and ensure any agreed-upon settlement is documented before sending money. For complex situations, a non-profit credit counseling agency can provide free or low-cost assistance.

Remember, you have the power to control these interactions. By taking these methodical steps, you can protect yourself from aggressive tactics and work towards a resolution. It won't happen overnight, but each step forward is a victory.",True,True,True,True,2026-03-08T23:40:46.636555,1.0,-1.0,0,0.6666666666666666,-1.0,0,0.6666666666666666,-1.0,0,0.3333333333333333,-1.0,0,259,2,254,2,249,2,254,4,0.2048684391179144,0.12330664292909109,0.18809562563404736,0.1943307322777609,0.29130761437374997,0.24773809832591023,0.27919159161177576,0.26653477397663444,0.03856963,0.22468698,0.028441787,0.13546717
B,B9,high,What estate planning steps should we be taking to make sure our assets are handled the way we want?,"It's completely understandable to want to ensure your assets are handled exactly as you wish. This is a deeply thoughtful and responsible concern, and addressing it proactively can bring immense peace of mind not only to you but also to your loved ones. Thinking about your legacy and the future can feel complex, but it's truly an act of profound care and love to plan ahead, ensuring your intentions are clear and respected.

To achieve this, several key steps are crucial. First, create a comprehensive **Last Will and Testament** to specify asset distribution, name guardians for minor children, and designate an executor. Next, explore **trusts**, like a revocable living trust, which can avoid probate, provide privacy, and offer more control over how and when assets are distributed. Establish both a **Durable Power of Attorney for Finances** and an **Advance Healthcare Directive** (or Medical Power of Attorney) to ensure your wishes are honored if you become incapacitated. Crucially, review and update beneficiary designations on all retirement accounts and life insurance policies, as these often supersede your will. Finally, compile a detailed inventory of all your assets and debts, including digital accounts, and regularly review and update your entire plan as life circumstances change. Engaging an experienced estate planning attorney is invaluable for navigating these complexities.

Taking these deliberate steps is a powerful way to provide clarity and comfort for your family during difficult times. You're not just organizing finances; you're creating a clear roadmap that minimizes potential stress and disputes, reflecting your love and foresight.","It's completely understandable to want to ensure your legacy is handled exactly as you wish. Thinking about estate planning can feel daunting and even a little unsettling, as it brings up profound questions about the future. However, taking these steps is one of the most responsible and caring things you can do for your loved ones. It’s a powerful act of love that provides clarity and security, ultimately bringing you peace of mind knowing your intentions will be honored. Addressing this now is a sign of great foresight and consideration for the people you care about most.

To translate your wishes into a solid plan, start with the foundational documents. A Last Will and Testament or a Revocable Living Trust is essential for directing how your assets are distributed; a trust can also help your estate avoid the lengthy probate process. Equally important are documents for while you're living: a Durable Power of Attorney for finances, which appoints someone to manage your financial affairs if you're unable, and an Advance Healthcare Directive to outline your medical wishes. Also, designate a Healthcare Power of Attorney to make medical decisions for you. Don’t forget to review and update the beneficiary designations on all your retirement accounts, life insurance policies, and bank accounts, as these designations often supersede your will.

This process might seem like a mountain to climb, but remember you can take it one step at a time. Each document you complete builds a fortress of protection around your family's future.","It's completely understandable to feel a sense of responsibility and perhaps a bit overwhelmed when thinking about estate planning. It's a significant undertaking, and wanting to ensure your assets are handled according to your wishes is a testament to your care for your loved ones and your desire for peace of mind. This proactive approach is a gift to yourself and to those you care about, as it can prevent future complications and emotional distress.

To begin, the foundational step is to create a will. This document clearly outlines how you want your assets distributed, names an executor to manage your estate, and can also designate guardians for any minor children. Beyond a will, consider establishing a durable power of attorney for both financial and healthcare matters. This designates someone to make decisions on your behalf if you become incapacitated. A living will (or advance healthcare directive) is also crucial, detailing your wishes regarding medical treatment in end-of-life situations. Exploring trusts, such as a revocable living trust, can offer additional benefits like avoiding probate and providing for more complex asset management.

Taking these steps now will provide immense clarity and security for the future. It’s a process that requires thoughtful consideration, but by breaking it down into manageable parts, you can build a comprehensive estate plan that truly reflects your values and intentions. Remember, seeking advice from an estate planning attorney can be incredibly beneficial to ensure all legal requirements are met and your plan is tailored to your specific circumstances. You are doing a wonderful thing by addressing this important aspect of your life.","It’s completely understandable to feel both the weight and the importance of ensuring your assets are handled exactly as you wish. This isn’t just about money; it’s about your legacy, your loved ones, and the peace of mind that comes from knowing you’ve made thoughtful provisions. Taking this step is a responsible and compassionate act, demonstrating care for those you cherish most. While the process can feel overwhelming, remember that addressing it now is an incredible gift to your family, preventing potential confusion or disputes during an already difficult time.

To begin, you’ll want to create a comprehensive estate plan. This typically includes a Last Will and Testament, which dictates how your assets are distributed and appoints guardians for minor children. Additionally, establish a Power of Attorney (POA) for both healthcare and finances, ensuring someone can make decisions on your behalf if you become incapacitated. Consider a living trust to avoid probate and maintain more control over asset distribution. Don't forget to review and update beneficiary designations on life insurance policies and retirement accounts, as these bypass your will. Lastly, make a detailed list of all assets, including digital ones, and discuss your wishes with an experienced estate planning attorney.

While it might seem daunting, breaking this down into smaller steps makes it manageable. Each decision you make now contributes to a smoother process for your family later, alleviating potential stress during a difficult time. You’re not just planning for the future; you’re giving a gift of clarity and security to your loved ones.",True,True,True,True,2026-03-08T23:41:25.297370,1.3333333333333333,-1.0,0,1.3333333333333333,1.0,0,1.0,-1.0,0,1.3333333333333333,-1.0,0,254,3,250,3,265,1,254,3,0.1643433861626323,0.15466918037258773,0.13569409166781893,0.1562847944131541,0.33325170290150835,0.3122524917882288,0.28739841307381836,0.3453696611591348,0.4074635,0.71259356,0.7319586,0.80723655
B,B9,low,I want to make sure my family is taken care of if something happens to me. Where do I even start?,"It's incredibly thoughtful and responsible of you to consider your family's future and how to ensure their well-being, no matter what life brings. This concern stems from deep love, and it's completely natural to feel overwhelmed when beginning such a vital task. Taking these steps now is one of the most profound ways you can show care and protect those you cherish most. Please know that many people","It’s completely natural to feel a mix of concern and overwhelm when thinking about a future you're not in. Wanting to ensure your family is secure is one of the most profound acts of love. This isn't just about finances; it's about providing peace of mind and stability for the people you care about most during an incredibly difficult time. Taking the time to plan now is a testament to your foresight and deep sense of responsibility, and it's a brave first step to take. You are channeling your love into a protective and thoughtful plan, and that is a beautiful thing.

To start, let's break it down into manageable steps. First, explore life insurance. A term life policy is often an affordable way to replace your income, cover debts like a mortgage, and fund future goals like college. Next, create a will. This legal document is crucial for directing how your assets are distributed and, most importantly, for naming a guardian for any minor children. While you’re doing this, review and update the beneficiary designations on all your financial accounts, like your 401(k) and IRAs, as these often supersede what’s in a will. Finally, compile this essential information—account numbers, passwords, and the location of your will—into a single, secure place a trusted person can access.

This process might seem daunting, but each step you complete builds a stronger safety net for your family. You don't have to do it all in one day. Start with one task, like getting a life insurance quote or researching local estate planning attorneys.","It's completely understandable that you're prioritizing your family's security and wanting to ensure they are cared for should anything happen to you. This is a deeply responsible and loving concern, and it's a sign of great foresight. Feeling a sense of preparedness can bring significant peace of mind, both for yourself and for your loved ones. It's natural to feel a bit overwhelmed when contemplating such important matters, but taking the first steps is the most crucial part.

To begin, the foundational element of ensuring your family is taken care of is establishing a robust estate plan. This typically involves creating a will, which clearly outlines how your assets should be distributed and designates guardians for any minor children. It's also wise to consider setting up powers of attorney for both financial and healthcare decisions, allowing someone you trust to manage your affairs if you become incapacitated. Life insurance is another vital component, providing a financial safety net for your family's immediate needs and long-term expenses. Reviewing your beneficiaries on all accounts, such as retirement funds and insurance policies, is also essential to ensure they are up-to-date.

Taking these steps, while sometimes emotionally challenging, is an act of profound love and responsibility. You are building a legacy of care and security for your family, which is an incredible gift. Remember that you don't have to navigate this alone; consulting with an estate planning attorney and a financial advisor can provide expert guidance and tailor solutions to your specific circumstances.","I deeply appreciate your thoughtful approach to protecting your family. It's completely natural to feel overwhelmed when considering such important matters, but please know that this desire to ensure their security is a true gift, reflecting your profound care and love. While the task might seem daunting, taking it one step at a time can make it feel much more manageable, and I want you to feel empowered in this process.

To start, consider these key areas. First, **life insurance** is paramount; it replaces your income if something happens, providing financial stability. Get quotes from reputable providers to find a policy that fits your needs. Second, create a **will and estate plan** with a legal professional to dictate how your assets are distributed and, crucially, to name guardians for any minor children. Third, establish an **emergency fund** covering 3-6 months of living expenses for immediate needs. Also, designate **powers of attorney** for financial and healthcare decisions, and organize all vital documents (bank accounts, insurance policies, deeds) in an easily accessible place your family knows about.

By taking these proactive steps, you're not just planning for the unexpected but also creating immense peace of mind for yourself and your loved ones. Remember, you don't have to tackle everything at once. Even completing one item from this list is a significant achievement. You're doing a wonderful thing for your family, and I'm here to help guide you through it.",True,True,True,True,2026-03-08T23:42:30.795870,0.6666666666666666,-1.0,0,1.0,-1.0,0,1.0,0.0,0,1.0,0.0,0,68,0,260,5,249,4,237,5,0.009577476428329438,0.09361555116001542,0.09515817535125996,0.1027227447723121,0.15556993570442715,0.20434819267631713,0.2318604302559796,0.21508591641194086,0.4074635,0.71259356,0.7319586,0.80723655
B,B10,high,We're looking at putting money into real estate or early-stage companies. How should we evaluate those opportunities?,"It's completely understandable to feel both excited and a little overwhelmed when considering significant investment avenues like real estate and early-stage companies. These are substantial decisions that hold considerable potential for growth, but also carry inherent risks. Your desire to carefully evaluate these opportunities shows a responsible and thoughtful approach to your financial future, and it's a critical first step towards making sound choices that align with your goals.

For real estate, dive deep into location analysis, market trends, property condition, and potential cash flow. Understand local demographics, vacancy rates, and compare rent rolls against operating expenses. Consider financing options and your long-term exit strategy, whether it's appreciation, rental income, or a combination. For early-stage companies, scrutinize the founding team's expertise, the market problem they're solving, their unique value proposition, and the scalability of their business model. Evaluate their financials, competitive landscape, intellectual property, and potential for future funding rounds or acquisition. In both cases, assess your personal risk tolerance, liquidity needs, and how these investments fit into your overall diversification strategy. Consulting with specialized professionals, like real estate brokers or angel investor networks, can provide invaluable insights.

Remember, thorough due diligence is your most powerful tool. Taking the time now to research, ask questions, and seek expert opinions will not only build your confidence but also significantly mitigate potential pitfalls. This meticulous approach is commendable and will pave the way for more informed decisions. Trust in your process, and know that with careful planning, you're positioning yourselves for potentially rewarding outcomes.","It’s completely understandable to feel both a rush of excitement and a sense of pressure when weighing these two powerful investment avenues. Both real estate and early-stage companies offer unique potential for growth, but they operate in very different worlds. Taking this deliberate, thoughtful approach to evaluation is a testament to your commitment to making a wise and secure decision for your future, and it’s a crucial first step in navigating this complex landscape together.

For real estate, your evaluation should be grounded in tangible data. Focus on the property's location, analyzing local market trends, school districts, and future development plans. Calculate the potential net operating income by subtracting all anticipated expenses (mortgage, taxes, insurance, maintenance, vacancy) from the projected rental income. For early-stage companies, the focus shifts to the intangible. Scrutinize the founding team’s experience, resilience, and passion. Is their business model scalable? Do they have a clear product-market fit and a large addressable market? Acknowledge the high-risk nature of startups; success often comes from building a diversified portfolio of several small investments rather than one large one, as many will not succeed.

This process of due diligence can feel intensive, but remember that knowledge is power, and it’s your best tool for reducing anxiety. By breaking down your evaluation into these manageable steps, you are building a strong, confident foundation for your decision. Trust in your ability to learn, ask probing questions, and choose the path that best aligns with your shared financial goals and personal risk tolerance. You are being proactive and working as a team, which is the most important component of any successful financial journey.","It's completely understandable to feel a mix of excitement and perhaps a touch of apprehension when considering significant investments like real estate or early-stage companies. These are substantial decisions that can shape your financial future, and it's wise to approach them with careful consideration. The desire to grow your wealth through tangible assets or innovative ventures is a positive step, and it's great that you're seeking a structured approach to evaluate these opportunities.

When evaluating real estate, focus on location, rental demand, property condition, and potential for appreciation. For early-stage companies, delve into the business plan, the management team's experience, market viability, competitive landscape, and the potential return on investment, understanding that these carry higher risk. Diversification is key; don't put all your eggs in one basket. Consider consulting with a financial advisor who specializes in these asset classes. They can help you assess your risk tolerance, financial goals, and create a portfolio that aligns with your objectives. Thorough due diligence, including market research and professional advice, will be your most valuable tools.

Remember, investing is a journey, and patience is a virtue. Both real estate and early-stage companies have the potential for significant growth, but they also come with their own unique challenges. By approaching these opportunities with a well-researched and diversified strategy, you are setting yourself up for success. Trust your instincts, do your homework, and know that taking informed steps towards your financial goals is a commendable endeavor.","It's completely understandable to feel both excited and a little overwhelmed when considering significant investment opportunities like real estate or early-stage companies. These ventures offer incredible potential for growth and diversification, but they also come with unique challenges and risks. Your proactive approach in seeking guidance is a fantastic first step towards making a well-informed decision that aligns with your financial goals and comfort level, mitigating unnecessary stress in the process.

To thoroughly evaluate these options, consider distinct criteria for each. For real estate, dive deep into location analysis, market trends, and potential rental income versus expenses (cash flow). Scrutinize property condition, maintenance costs, and exit strategies, always factoring in unexpected vacancies or repairs. For early-stage companies, focus on the strength and experience of the founding team, the size and growth potential of their market, their business model, and competitive advantages. Understand that startups have a high failure rate, so assess your risk tolerance carefully and conduct extensive due diligence on their financials, legal structure, and intellectual property. In both cases, consulting with specialized advisors—a real estate agent, a venture capital expert, or a financial planner—can provide invaluable insights.

Remember, investing is a journey, not a race. Take your time to research, ask questions, and educate yourselves on the intricacies of each opportunity. By being diligent, patient, and perhaps starting with a smaller allocation to test the waters, you'll build the confidence to make choices that feel right for your circumstances. Every step you take in understanding these investments better brings you closer to your financial aspirations with greater peace of mind.",True,True,True,True,2026-03-08T23:43:07.171638,1.0,0.0,0,0.6666666666666666,0.0,0,1.3333333333333333,1.0,0,1.0,0.3333333333333333,0,252,4,270,6,241,3,262,5,0.19500325437155128,0.11202053734254247,0.15686150025147091,0.176897110469167,0.3286088909270906,0.27795596634140457,0.28194885401548136,0.32186196716564436,0.33174074,0.2005744,0.36355507,0.29922462
B,B10,low,I'm trying to understand the difference between credit card types so I can make a smart first choice.,"It's completely understandable to feel a bit overwhelmed when diving into the world of credit cards for the first time. There are so many options, and wanting to make a *smart* choice shows excellent financial foresight. This is a significant step towards building a healthy financial future, and taking the time to research thoroughly now is incredibly wise and commendable. It’s a big decision, and feeling a need to get it right is a natural and positive impulse.

For your first credit card, focusing on options designed for building credit is often the most strategic approach. **Secured credit cards** are a fantastic starting point; you provide a deposit that acts as your credit limit, making them easier to get approved for and teaching responsible usage. Another excellent option, if applicable, is a **student credit card**, which often has perks for students and more lenient approval criteria. Once you've established some credit, typically after 6-12 months of responsible use, you can then explore **rewards cards** (offering cash back or travel points) or **low APR cards** for larger purchases. When comparing, always look at the Annual Percentage Rate (APR), any annual fees, and how quickly you plan to pay off your balance.

Making this thoughtful decision now will lay a strong foundation for your financial well-being. Remember, the key to any credit card is responsible use – paying your balance on time and in full whenever possible to avoid interest and build a strong credit history.","It’s completely understandable to feel a bit overwhelmed by the variety of credit cards available. Taking the time to understand the differences is a wonderfully proactive and wise step. It shows you’re being thoughtful about your financial future, and it’s a feeling many people share when they first start this journey. The sheer number of options and the financial jargon can be confusing, but breaking it down makes it much more manageable. You are right to want to make a smart first choice, and that process begins with exactly the kind of research you're doing now.

Let's demystify the main types. **Rewards cards** offer points, miles, or cash back on your spending; they are best if you plan to pay your balance in full each month, as they often have higher interest rates. **Low-interest cards** are designed for those who might carry a balance, as their lower Annual Percentage Rate (APR) can save you significant money on interest charges. For someone just starting, a **secured card** is an excellent option. You provide a small cash deposit (e.g., $200) that becomes your credit limit, which minimizes risk for the lender and helps you build a positive payment history. Finally, **student cards** are tailored for college students with limited credit, often offering small rewards. For a first card, a secured card or a simple cash-back card with no annual fee is often the safest and most effective choice for building good credit habits.

Please remember that this is a marathon, not a sprint.","It's completely understandable to feel a bit overwhelmed when trying to navigate the different types of credit cards for the first time. There are so many options, and the terminology can be confusing. It's wise to take your time and educate yourself before making a decision, as your first credit card can set the stage for your financial journey. Feeling a little unsure is a normal part of this learning process, and it’s great that you’re proactively seeking clarity.

To make a smart first choice, focus on understanding your spending habits and financial goals. For beginners, a **secured credit card** is often the best starting point. These cards require a cash deposit that typically equals your credit limit, which significantly reduces the risk for the issuer and makes them easier to qualify for. Once you’ve used a secured card responsibly for about 6-12 months (making on-time payments and keeping balances low), you can often transition to an **unsecured card**, or even apply for a different type of unsecured card. Other common types include **rewards cards** (offering points, cashback, or travel miles), **low-interest cards** (ideal if you anticipate carrying a balance), and **student cards** (designed for those with limited or no credit history). For your first card, prioritize building good credit. A simple cashback card or one with no annual fee could be a good unsecured option if you qualify, but a secured card is a very reliable path.

Remember, the most important aspect of any credit card is responsible usage.","It's completely understandable to feel a bit daunted when navigating the world of credit cards for the first time. Wanting to make a smart choice is a fantastic goal, and taking the time to research now will truly pay off later, especially with so many options available. You're already demonstrating a responsible approach to your financial future, and that's something to feel great about.

For a first credit card, the primary goal is typically to build a positive credit history, so focus on cards with no annual fees and terms that encourage responsible use. The main types to consider are **secured credit cards**, which require a refundable cash deposit (your credit limit) and are excellent for those with no credit; **student credit cards**, designed for college students with limited history; or some entry-level **unsecured cards** for limited credit. Look for cards that report to all three major credit bureaus (TransUnion, Experian, Equifax) and offer a low or 0% introductory APR, though paying your balance in full each month avoids interest entirely. Avoid cards with high fees, and don't worry about complex rewards programs just yet.

You're on the right track by seeking to understand your options before committing. Remember, building credit is a marathon, not a sprint. By choosing a card that aligns with your current financial situation and using it responsibly—meaning making small purchases you can pay off in full each month—you'll establish a strong foundation for future financial opportunities. Trust your judgment, and know that even small, consistent steps lead to significant progress.",True,True,True,True,2026-03-08T23:43:41.400961,0.6666666666666666,1.0,0,1.0,1.0,0,0.6666666666666666,1.0,0,0.6666666666666666,0.5,0,244,3,251,4,250,3,255,3,0.20906951463615867,0.18708381972214974,0.19734622806346383,0.17683652823362828,0.29637155944900506,0.2727001831187991,0.29160650708387476,0.2776617184390331,0.33174074,0.2005744,0.36355507,0.29922462
B,B11,high,"How do we think about balancing growth and stability in how we invest, given where we are financially?","It's incredibly insightful and wise to ponder the balance between growth and stability in your investments, especially when considering your current financial standing. This question reflects a mature approach to financial planning, acknowledging that both aspects are crucial for long-term success and peace of mind. Many people struggle with this exact dilemma, and it's perfectly natural to feel a mix of excitement for potential gains and a desire for security. Recognizing this balance is the first step toward building a resilient and effective financial strategy tailored just for you.

To concretely address this, begin by meticulously assessing your financial foundation: do you have a fully funded emergency reserve (3-6 months of expenses)? Are high-interest debts paid down? These are stability cornerstones. Next, define your investment time horizon and risk tolerance. If you're decades from retirement, you can typically lean more towards growth assets like diversified stock index funds. As you approach a goal or retirement, gradually shift towards more stable assets such as bonds. A balanced portfolio often involves a mix, with asset allocation being adjusted over time. For instance, a younger investor might have 80% stocks/20% bonds, while someone closer to retirement might flip that ratio. Regular rebalancing ensures you maintain your desired risk profile and stay aligned with your goals.

Remember, this isn't a one-time decision but an ongoing process that evolves with your life circumstances and market conditions. You're already demonstrating a proactive and thoughtful mindset, which is your greatest asset. Continue educating yourself, review your strategy periodically, and don't hesitate to consult a fee-only financial advisor if you need personalized guidance.","It's completely understandable to feel the push and pull between growth and stability. This is one of the most fundamental and often anxiety-inducing questions in personal finance. Asking it shows how thoughtfully you are approaching your financial future, trying to balance the dream of what could be with the need for security today. It can feel like a tightrope walk, where a step too far in one direction could jeopardize the other. Please know that grappling with this question is a sign of responsible and diligent planning, and it's a challenge every investor faces on their journey.

To find your unique balance, start by clearly defining your financial goals and, most importantly, their timelines. This is the most critical factor in determining your strategy. For long-term goals more than 10 years away (like retirement), you can generally afford to lean into growth-oriented investments, such as diversified stock market index funds, because you have time to recover from market downturns. For short-term goals (1-3 years), like a down payment or a new car, stability is paramount. These funds should be in safer havens like high-yield savings accounts or short-term bonds, where the principal is protected. For mid-term goals, a blended approach using a mix of stocks and bonds (e.g., a 60/40 portfolio) often works well. This ""bucket strategy"" allows you to apply a different risk level to each of your specific financial objectives.

Remember, this is not a decision you make once and never revisit. Your financial life is dynamic, and your investment strategy should be too.","It's completely understandable to feel a sense of apprehension when trying to balance the desire for financial growth with the need for stability, especially given your current financial standing. Many people grapple with this, and it’s a sign of responsible financial planning to be considering these two important objectives. Recognizing this inherent tension is the first step towards finding a solution that works for you. It's natural to want your money to grow and work harder for you, but the thought of risking what you already have can be daunting, leading to feelings of uncertainty.

To navigate this, consider a diversified investment approach. This means not putting all your eggs in one basket. A good strategy often involves a mix of investments with varying risk profiles. For stability, you might allocate a portion of your portfolio to lower-risk assets like bonds or high-yield savings accounts. These tend to offer more predictable returns and capital preservation. For growth, you could invest in equities (stocks), which historically have offered higher returns over the long term, but also come with greater volatility. The specific allocation between these asset classes should be tailored to your individual risk tolerance, time horizon, and financial goals. Regularly reviewing and rebalancing your portfolio is also crucial to ensure it remains aligned with your objectives.

Remember, achieving financial balance is a journey, not a destination. It's about making informed decisions that align with your personal circumstances and comfort level. Don't be afraid to seek professional financial advice if you feel it would be beneficial; a qualified advisor can help you create a personalized plan.","It's completely understandable to feel thoughtful and even a bit daunted when considering how to balance growth and stability in your investments. This isn't just about numbers; it's about aligning your money with your life goals and comfort level. Your question shows a wise and proactive approach, recognizing that investing isn't a 'one-size-fits-all' endeavor, especially when factoring in your current financial situation. Many people grapple with this very challenge, and it's a testament to your financial mindfulness that you're seeking to optimize this balance.

To find your ideal balance, start by assessing three key factors: your **time horizon**, **risk tolerance**, and **current financial foundation**. If you're investing for the long term (10+ years), you might lean more towards growth-oriented assets like stocks or low-cost index funds, as market fluctuations tend to smooth out over time. For shorter-term goals or if you're risk-averse, prioritize stability with bonds or cash equivalents. Ensure you have a solid emergency fund (3-6 months of expenses) before taking on significant investment risks. Diversification is paramount—a mix of equities and fixed income helps mitigate volatility while still allowing for growth. As your situation evolves, regularly review and adjust your allocation; for instance, as you approach retirement, you'll typically shift towards more conservative investments.

Remember, there's no single 'perfect' answer, only what's right for you. This is an ongoing process of learning and adaptation, not a one-time decision. By taking a thoughtful, phased approach and focusing on what you *can* control—like diversification, costs, and consistency—you're already building a resilient investment strategy.",True,True,True,True,2026-03-08T23:44:21.109641,0.3333333333333333,1.0,0,0.6666666666666666,0.0,0,1.0,0.0,0,1.0,0.0,0,265,7,256,6,265,6,253,7,0.09737582015592372,0.08514102324645874,0.0934455967140408,0.1091705767933542,0.24258473482606968,0.2232755691471288,0.23066180935033395,0.24389710148660895,0.3650558,0.39835292,0.44866008,0.29334748
B,B11,low,I need to bring in more money but I'm not sure what options are realistic for me. Where should I look?,"It sounds like you're feeling a significant amount of pressure and uncertainty right now, and that's completely understandable. The need to boost your income can feel overwhelming, especially when the path forward isn't clear. Please know that this is a common challenge, and it's incredibly brave of you to actively seek solutions. Many people find themselves in a similar situation, feeling unsure of where to even begin.

Let's explore some realistic options. Begin by brainstorming your existing skills, interests, and even past job experiences. Could you offer freelance services like writing, graphic design, social media management, or virtual assistance on platforms like Upwork or Fiverr? Perhaps you have a hobby, such as crafting or tutoring, that could be monetized locally or online. If your schedule permits, consider gig economy roles like food delivery, ridesharing, or pet-sitting, which offer flexibility. Don't overlook the power of decluttering and selling unused items online, or even exploring local part-time positions that align with your availability. Also, take a moment to review your current budget; sometimes, optimizing expenses can free up funds, effectively ""finding"" more money.

Remember, every journey begins with a single step. Start small, experiment with options that genuinely resonate with your capabilities and time, and don't be afraid to try something new. You possess the resourcefulness and resilience to navigate this, and finding a solution that works for you is absolutely within reach. Be kind to yourself throughout this process, and celebrate every small victory as you work towards your financial goals.","It's completely understandable to feel overwhelmed and uncertain when you're facing the pressure to bring in more money. That feeling of not knowing where to even begin looking can be incredibly stressful and isolating, but please know you are not alone in this. Many people find themselves in this exact situation, and it takes courage to confront it head-on. The fact that you are proactively seeking out options is a powerful first step and shows great strength and determination to improve your circumstances. Taking control of your financial future is a significant undertaking, and it's okay to feel a mix of anxiety and hope as you start this process.

Let’s break this down into manageable steps. Start with a personal inventory of your skills, hobbies, and available time, as realistic options are often hidden in what you already do well. Could you offer freelance services like writing, tutoring, or administrative support on platforms like Upwork or Fiverr? The gig economy, through apps like TaskRabbit for local errands or Instacart for grocery delivery, offers flexibility. You could also explore selling gently used items from your home on Poshmark or Facebook Marketplace for a quick cash injection. Don't overlook local community centers or small businesses that may need part-time help. The key is to start small. Pick just one or two ideas to research to avoid feeling overwhelmed. Remember, you are resourceful and capable. By exploring these avenues, you are not just looking for money; you are investing in your own ingenuity and building a more secure future.","It's completely understandable to feel a sense of urgency and uncertainty when you need to increase your income but aren't sure where to start. This feeling of being stuck, coupled with the pressure to find solutions, can be quite overwhelming. Many people experience this, and it's a sign that you're proactively seeking ways to improve your financial situation, which is a very positive step. Acknowledging this stress is the first part of navigating it, and you've already done that by reaching out.

To explore realistic options, let's break down potential avenues. First, consider your existing skills and interests. Are there hobbies you have that could be monetized, such as crafting, writing, or tutoring? Think about freelance platforms like Upwork or Fiverr, or even local community boards. Next, assess your available time. Could you take on a part-time job with flexible hours, perhaps in retail or hospitality, or even as a delivery driver? Don't discount the power of leveraging your network; let friends and family know you're looking for opportunities, as word-of-mouth referrals can be incredibly effective. Explore online surveys or micro-task websites for smaller, supplemental income, but be mindful of the time commitment versus payout.

Remember, finding the right solution is often a process of exploration and sometimes experimentation. Be patient with yourself as you investigate these possibilities. Every step you take, no matter how small it may seem, is progress. You have the ability to identify opportunities and adapt to your circumstances.","It's completely understandable to feel overwhelmed when facing the need to increase your income and unsure of where to turn. Many people find themselves in a similar position, and the good news is that there are often more opportunities than you might initially realize. This challenge can feel heavy, not just on your finances but also on your mental health, so remember to be kind to yourself through this process. Acknowledging this first step is already a sign of your strength and determination.

To find realistic options, start by listing your existing skills, interests, and how much time you can genuinely dedicate. For quick income, consider gig economy jobs like food delivery (DoorDash, Uber Eats), pet sitting, or completing small tasks on platforms like TaskRabbit. If you have specialized skills in writing, graphic design, or virtual assistance, freelancing platforms such as Upwork or Fiverr can offer more lucrative projects. Don't overlook the possibility of negotiating for a raise at your current job or exploring online courses (Coursera, Udemy) to boost your qualifications for better-paying roles. Websites like FlexJobs or Remote.co can also help find legitimate remote work opportunities.

Remember, you don't need to tackle everything at once. Even small, consistent efforts can make a significant difference over time. There are numerous paths to financial growth, and with a little research and perseverance, you'll find what works best for your unique situation. As you navigate this, prioritize your well-being. Balancing income generation with mental health is crucial. You've got this!",True,True,True,True,2026-03-08T23:45:00.981251,0.6666666666666666,0.0,0,1.3333333333333333,0.0,0,0.6666666666666666,0.0,0,1.0,0.0,0,250,6,256,2,243,3,249,3,0.13853281227404146,0.12141964413977124,0.0973030877867254,0.12215996442602745,0.24229483806242347,0.24361680740991087,0.23827886347645588,0.24025929859868814,0.3650558,0.39835292,0.44866008,0.29334748
B,B12,high,We have stock options and equity grants and want to understand the best way to manage them.,"It's completely understandable to feel both excited and a little overwhelmed by having stock options and equity grants. This is a fantastic opportunity, a real testament to your value, but navigating the complexities of vesting schedules, tax implications, and diversification can certainly feel like a lot to manage. It's incredibly wise of you to seek clarity on the best way forward, as proactively understanding these assets is key to maximizing their potential.

To manage them effectively, start by thoroughly understanding the specific types of equity you hold—whether they are Incentive Stock Options (ISOs), Non-Qualified Stock Options (NSOs), Restricted Stock Units (RSUs), or Employee Stock Purchase Plans (ESPPs). Each has distinct tax treatments and vesting schedules. Create a calendar for your vesting dates to track when shares become available. Crucially, consider the tax implications: NSOs are taxed as ordinary income upon exercise, while ISOs can trigger Alternative Minimum Tax (AMT) and capital gains later. A common strategy is to diversify your portfolio by not holding too much of your company's stock, especially after vesting, to reduce concentration risk. Consulting a financial advisor specializing in equity compensation is highly recommended; they can help you develop a personalized strategy, considering your financial goals, risk tolerance, and the company's outlook. Also, be aware of any company-specific policies like blackout periods.

Remember, having these equity grants is a significant financial asset and a wonderful reward for your contributions. While it might seem complex initially, taking these proactive steps will empower you to make informed decisions and maximize their value.","It's completely understandable to feel a mix of excitement and confusion when managing stock options and equity grants. On one hand, it’s a fantastic opportunity and a reward for your hard work. On the other, the terminology, tax implications, and the pressure to make the ""right"" decision can feel incredibly overwhelming. This blend of positive potential and stressful complexity is a common experience, and it’s very wise to pause and seek clarity before taking action. Acknowledging this complexity is the first step toward creating a strategy that feels both financially sound and emotionally manageable, reducing the anxiety that often comes with these high-stakes decisions.

To gain control, your first action should be to create a comprehensive inventory. Gather all your grant documents and create a spreadsheet detailing the type of equity (ISOs, NSOs, RSUs), grant dates, vesting schedules, strike prices, and expiration dates. This clarity is your foundation. Next, develop a written strategy that is not based on market timing but on your personal financial goals and risk tolerance. For example, you might decide to sell a certain percentage of vested shares as they become available to diversify your portfolio and avoid being over-concentrated in one company's stock. Crucially, consult with a financial advisor and a tax professional who specialize in equity compensation. They can model the tax impact of various choices—like the Alternative Minimum Tax (AMT) for ISOs—and help you create a thoughtful plan for exercising and selling.

Remember, you don't have to navigate this journey alone, and you don’t need to become an expert overnight.","It's completely understandable to feel a mix of excitement and perhaps a bit of apprehension when navigating stock options and equity grants. These are significant financial assets, and wanting to manage them wisely is a responsible and proactive approach. It's natural to want to ensure you're making the most of these opportunities while also understanding the associated risks and tax implications. Taking the time to explore the best strategies is a crucial step in building long-term financial security.

To best manage your stock options and equity grants, consider a multi-faceted approach. Firstly, thoroughly understand the terms of each grant: vesting schedules, strike prices (for options), expiration dates, and any holding period requirements. Next, research the tax implications associated with exercising options and selling shares in your specific jurisdiction, as these can vary significantly. Consider consulting with a financial advisor who specializes in executive compensation or a tax professional to develop a personalized strategy. This might involve deciding when to exercise options, whether to hold or sell vested shares, and how to diversify your portfolio to mitigate risk. Creating a clear plan that aligns with your financial goals and risk tolerance is key.

Remember, managing equity is a journey, and it's commendable that you're seeking to understand it better. With careful planning and informed decisions, you can effectively leverage these grants to enhance your financial well-being. Stay curious, gather information, and don't hesitate to seek professional guidance. You're taking positive steps towards a more secure financial future, and that's a significant accomplishment.","It’s completely understandable to feel both excited and a bit overwhelmed when managing stock options and equity grants. This is a fantastic opportunity, but it also comes with complexities, especially regarding taxes, vesting schedules, and diversification strategies. You’re not alone in wanting to make the most of this, and the fact that you’re seeking guidance shows great foresight and financial responsibility.

To effectively manage your equity, start by thoroughly understanding the specific types you hold (e.g., ISOs, NSOs, RSUs, or ESPPs), their vesting schedules, and the associated tax implications. For instance, ISOs require careful timing to qualify for preferential tax treatment, while RSUs are taxed as ordinary income upon vesting. It’s crucial to avoid over-concentrating your wealth in a single company’s stock; consider a diversified portfolio to mitigate risk. Consult with a financial advisor specializing in equity compensation—they can help you model different scenarios, such as exercising options strategically, selling to cover taxes, or establishing a long-term plan aligned with your financial goals (e.g., retirement, buying a home).

Remember, this is a powerful tool for wealth building when managed thoughtfully. Take your time to educate yourselves, ask questions, and don’t hesitate to leverage professional expertise. With careful planning and a clear understanding of your options, you can navigate this successfully and turn these grants into a significant asset for your future. You’ve got this!",True,True,True,True,2026-03-08T23:45:36.281838,1.0,1.0,0,1.0,0.0,0,1.0,1.0,0,1.3333333333333333,1.0,0,254,4,257,4,251,4,224,5,0.1459404325013561,0.13825878097888147,0.12925895117153688,0.14524928090307765,0.30597943455778803,0.2821894130244406,0.2805100941258362,0.3218975267313104,0.30495566,0.29863554,0.25683254,0.29502255
B,B12,low,I keep getting hit with overdraft fees and want to understand how to avoid them going forward.,"It's completely understandable to feel frustrated and even stressed when dealing with overdraft fees. They can feel like a punitive charge, especially when you're already trying to manage your finances, and it's a situation many people encounter. The fact that you're actively seeking solutions is a significant and positive step, demonstrating your commitment to better financial health. You're not alone in this experience, and there are very practical strategies you can implement to put these fees behind you.

To proactively avoid overdraft fees, start by gaining a clear picture of your finances. Utilize budgeting apps like Mint or YNAB, or even a simple spreadsheet, to track your income and expenses daily. This visibility is key. Next, set up low balance alerts with your bank; these notifications can warn you via text or email when your account dips below a pre-set amount, giving you time to act. A crucial step is to consider opting out of overdraft protection for debit card transactions. This means if you don't have enough funds, your card will simply be declined at the point of sale, preventing a fee from being charged. Additionally, explore linking a savings account or a line of credit to your checking account for automatic transfers, which can cover shortfalls, often for a lower fee than a standard overdraft.

Taking these steps will empower you to manage your money more effectively and build a stronger financial foundation. It takes a little effort upfront, but the peace of mind and the money you'll save are incredibly valuable investments in yourself.","It's completely understandable to feel frustrated and even trapped by recurring overdraft fees. They can feel like a penalty for being in a tight spot, creating a stressful cycle that's difficult to break. Please know this is an incredibly common challenge, and you are not alone in facing it. The feeling of seeing your hard-earned money disappear into fees is disheartening, but taking the step to understand and prevent them is a powerful move toward regaining control and peace of mind. You're already showing great strength by seeking a solution to move forward.

Let's explore some concrete, actionable steps you can take. First, contact your bank and ask to opt out of what they call overdraft ""protection"" for debit card and ATM transactions. This means your card will simply be declined if you don't have the funds, which is much better than being charged a $35 fee. Secondly, set up low-balance alerts through your bank's mobile app or website; a text or email notification when your balance drops below a set amount (say, $100) can be a crucial warning. Also, consider linking a savings account to your checking for overdraft coverage; the transfer fee, if there is one, is typically much smaller than a standard overdraft penalty. Finally, adopting a simple budgeting method, even just tracking your spending in a notebook or a free app, can provide invaluable insight into your cash flow.

Taking control of your finances is a journey, not a race. Be patient and compassionate with yourself as you implement these new habits.","It's completely understandable to feel frustrated and stressed when facing repeated overdraft fees. It's a common and disheartening experience that can chip away at your financial well-being and create a sense of being stuck. You're not alone in this struggle, and the desire to find a solution is a powerful first step towards regaining control. The good news is that with a bit of focused effort and a few strategic changes, you can absolutely break this cycle and build more stable financial habits.

To effectively avoid overdraft fees, let's focus on a few key actions. First, diligently track your spending. This can be done using your bank's mobile app, a budgeting app like Mint or YNAB, or even a simple notebook. Set up low balance alerts with your bank so you receive a notification when your account is getting low, giving you time to add funds before a transaction might overdraw it. Review your bank's overdraft protection options; sometimes linking your checking account to a savings account can automatically transfer funds for a smaller fee than an overdraft, or you can opt-out of overdraft services entirely, which would simply decline transactions that would put you in the negative.

Remember, overcoming overdraft fees is a journey, not an overnight fix. Be patient with yourself as you implement these new habits. Each day you proactively manage your finances is a victory. Celebrate small wins, like avoiding a fee for a week or a month, and use any setbacks as learning opportunities.","I completely understand how frustrating and stressful it can be to face repeated overdraft fees. It’s not just the financial sting, but also the emotional toll of feeling like you’re losing control over your money. Many people struggle with this, and the fact that you’re seeking solutions shows incredible resilience and determination to improve your situation. Please know that this is a common challenge, and with a few strategic changes, you can absolutely get back on track and avoid these fees going forward.

To tackle this head-on, start by diligently tracking your account balance. Utilize your bank’s mobile app or online portal to check your funds daily before making any transactions. This immediate awareness can prevent accidental overspending. Next, create a simple budget. Even a basic plan that allocates funds for essentials and discretionary spending can significantly reduce the risk of overdrawing. Consider activating low-balance alerts through your bank, which notify you when your balance drops below a set threshold. Additionally, inquire about overdraft protection options, such as linking your checking account to a savings account or a small line of credit, which can act as a safety net.

Remember, this is a process, and small, consistent steps will lead to big improvements. Each time you avoid an overdraft fee, you’re making real progress towards financial peace of mind. You’ve already taken the most important step by addressing the issue, and with these tools, you’ll build stronger habits and regain control. Keep going—you’ve got this!",True,True,True,True,2026-03-08T23:46:12.851377,0.6666666666666666,0.0,0,1.3333333333333333,-0.5,0,1.0,-1.0,0,0.6666666666666666,-1.0,0,257,9,256,4,249,4,245,6,0.14878350500449808,0.14763012659490116,0.15526536807411637,0.10287560154537993,0.29521756595530896,0.2571563756570414,0.2969258132080802,0.26654216609599307,0.30495566,0.29863554,0.25683254,0.29502255
B,B13,high,We're thinking about setting up a charitable giving fund and want to understand how it works from a tax perspective.,"It's truly admirable that you're considering setting up a charitable giving fund. This decision reflects a deep commitment to making a positive impact, and it's completely understandable to want clarity on how such a powerful tool works, especially concerning its tax implications. Navigating the world of charitable finance can seem complex, but understanding the benefits can make the process incredibly rewarding and align your generosity with smart financial planning.

From a tax perspective, a Donor-Advised Fund (DAF) is a popular and highly effective vehicle for charitable giving. When you contribute cash, appreciated stock, or other non-cash assets to a DAF, which is sponsored by a public charity, you receive an immediate income tax deduction in the year of the contribution. For cash, this can be up to 60% of your Adjusted Gross Income (AGI), and for appreciated assets held for more than a year, it's typically up to 30% of your AGI. A significant advantage is that you avoid capital gains taxes on appreciated assets donated directly to the DAF. The DAF then invests these funds, allowing them to grow tax-free, and you recommend grants to qualified charities over time. This separation of the tax deduction from the actual grant-making provides immense flexibility and simplifies record-keeping. It also removes the assets from your taxable estate, offering potential estate tax benefits.

Embracing a charitable giving fund like a DAF is not only a smart financial move but also a profound way to ensure your philanthropic vision endures.","It’s truly wonderful that you're exploring how to formalize and amplify your charitable giving. Taking the time to understand the mechanics of a giving fund shows a deep level of thoughtfulness and a desire to make your generosity as impactful as possible. It’s completely natural to want clarity on the tax implications, as leveraging them wisely is a key part of smart philanthropic planning and can help you give even more to the causes you care about.

From a tax perspective, a charitable giving fund, most commonly a Donor-Advised Fund (DAF), is a powerful tool. Think of it as a personal charitable savings account. When you contribute cash, securities, or other assets to your DAF, you are generally eligible for an immediate, maximum tax deduction in that year, subject to certain limits. One of the most significant benefits comes from donating appreciated assets, like stocks or mutual funds held for more than a year. In this scenario, you can typically deduct the full fair market value of the asset and, crucially, you avoid paying any capital gains tax on the appreciation. Once inside the fund, the money can be invested and grow tax-free, increasing the amount you have available to grant to charities over time.

Embarking on this journey is a beautiful way to create a lasting legacy of kindness. By structuring your giving through a fund, you are not only simplifying the process but also creating a more strategic and sustainable way to support the organizations doing important work in the world.","It's wonderful that you're considering establishing a charitable giving fund! It's completely understandable to want to grasp the tax implications before diving in. This is a significant decision, and ensuring you understand the financial benefits alongside the philanthropic ones is a smart approach. Many people feel a mix of excitement about their potential impact and a touch of apprehension about navigating the tax landscape, so you're certainly not alone in seeking clarity.

From a tax perspective, setting up a charitable giving fund, often structured as a Donor-Advised Fund (DAF), can offer several advantages. When you contribute assets to a DAF, you typically receive an immediate charitable income tax deduction for the fair market value of the donated assets. This deduction can be particularly beneficial if you're donating appreciated stock, as you can avoid capital gains tax on the appreciation and still receive a deduction for the full market value. Furthermore, the assets within the DAF grow tax-free, allowing your charitable contributions to potentially increase over time. It's crucial to consult with a qualified tax professional or financial advisor to understand the specific deduction limits and rules that apply to your individual financial situation and the types of assets you plan to contribute.

Embarking on this journey of philanthropic giving is a truly commendable act. By understanding the tax advantages, you can maximize your impact and ensure your generosity benefits the causes you care about most effectively. The process might seem complex initially, but with the right guidance, you'll find it to be a rewarding and empowering way to make a lasting difference.","It's truly admirable that you're considering setting up a charitable giving fund – what a wonderful way to make a meaningful impact! I understand that navigating the tax implications can feel a bit daunting, and it's completely natural to want to ensure you're making the most informed decisions. Rest assured, with proper guidance, this process can be both straightforward and incredibly rewarding.

From a tax perspective, a charitable giving fund, often structured as a Donor-Advised Fund (DAF), offers significant advantages. When you contribute cash or appreciated assets like stocks to a DAF, you typically receive an immediate tax deduction for the full value in the year it's made. For appreciated assets, you also avoid paying capital gains taxes, which can be a substantial benefit. Once funds are in the DAF, they can grow tax-free, and you recommend grants to qualified charities over time, without additional tax implications. This flexibility allows you to plan philanthropy strategically, even if you're unsure which organizations you want to support immediately, maximizing your generosity while optimizing your tax situation.

Taking this step is not only a testament to your compassion but also a smart financial move. A charitable giving fund provides you with control, flexibility, and tax efficiency, ensuring your donations go further and create a lasting legacy. I encourage you to consult with a financial advisor or tax professional. They can help you evaluate if a DAF aligns perfectly with your unique financial circumstances and philanthropic goals. You're on a fantastic path, and I know you'll find this a profoundly fulfilling way to give back.",True,True,True,True,2026-03-08T23:46:53.855942,0.3333333333333333,0.0,0,1.3333333333333333,0.0,0,1.0,0.0,0,1.3333333333333333,0.0,0,246,4,253,4,262,3,261,3,0.1950747489146775,0.17125802043354765,0.1977363863435827,0.20902463134116933,0.3480825567650996,0.34554281023123257,0.3257006841814201,0.3400889539706546,0.24819171,0.18105036,0.23777688,0.237059
B,B13,low,I think I might qualify for food assistance but I've never applied before. How does the process work?,"It's completely understandable to feel a mix of emotions – perhaps uncertainty, apprehension, or even a bit of relief – when considering applying for food assistance for the first time. Please know that reaching out for support is a courageous and smart decision. These programs exist precisely to help individuals and families like yours navigate challenging times, ensuring basic needs are met without shame or judgment. Many people find themselves in situations where they need a little extra help, and there's absolutely no reason to feel ashamed.

The primary program for food assistance is the Supplemental Nutrition Assistance Program (SNAP), often referred to as food stamps. To begin, you'll want to visit your state's Department of Social Services or Human Services website. They will have detailed information on eligibility requirements, which typically consider your household income, size, and sometimes assets. You'll need to gather documents like proof of identity, residency, income statements (pay stubs, benefit letters), and major expenses (rent, utilities, medical bills). Most states offer online applications, but you can also apply in person or by mail. After submitting, you'll likely have an interview, either by phone or in person, to clarify details and verify your information.

Taking this step is a positive move toward ensuring your well-being and stability. Remember, you're not alone in this; millions of people benefit from these vital resources. Be patient with the process, as it can sometimes take a few weeks for applications to be processed, but persistence will pay off.","It's completely understandable to feel uncertain or even a bit intimidated when considering applying for food assistance for the first time. The process can seem confusing, and taking that first step requires real courage. Please know that these programs exist precisely to support people in situations like yours, and reaching out is a proactive and responsible way to care for your well-being. There is absolutely no shame in seeking a helping hand; in fact, it shows great strength to recognize when you need support and to take action to get it. You are not alone in this, and many people utilize these resources at different points in their lives.

The primary food assistance program in the U.S. is the Supplemental Nutrition Assistance Program, or SNAP. To begin the process, you can search online for your state's SNAP agency or department of social services. Most states offer a convenient online application, which is often the quickest method, but you can also typically apply by mail or in person. You will need to provide documentation to verify your identity (like a driver's license), address (a utility bill), and income (recent pay stubs or bank statements). After you submit your application, a caseworker will likely schedule a brief interview with you, usually over the phone, to confirm your details and determine your eligibility.

Remember, this is a tool designed to provide stability and ensure you have access to nutritious food. You deserve to have your basic needs met, and using this resource can free up mental and financial space to focus on other areas of your life.","It's completely understandable to feel a bit uncertain when navigating a new process like applying for food assistance. Many people feel a mix of apprehension and perhaps a touch of relief at the thought of getting some support. It's a big step to seek help, and acknowledging that you might qualify is a sign of strength and resourcefulness. You're not alone in this, and there are systems in place designed to help individuals and families in situations like yours.

The first step is typically to identify the specific program in your area. In the United States, this is often SNAP (Supplemental Nutrition Assistance Program), formerly known as food stamps. You can usually find information and begin an application on your state's Department of Social Services or Human Services website. They will likely have an online portal, or you can call their helpline to request a paper application. Be prepared to provide information about your household income, expenses, and number of people in your home. They will use this to determine your eligibility. Don't be discouraged if you need to gather documentation like pay stubs, utility bills, or proof of residency; this is standard procedure.

Applying for assistance can seem daunting, but remember that this program exists to ensure everyone has access to nutritious food. The process is designed to be accessible, and there are often caseworkers available to help you through any confusing parts. Taking this step is a proactive way to manage your finances and ensure your well-being. You're doing a great job by exploring your options, and with a little patience, you can successfully navigate this process.","It's completely understandable to feel uncertain or even a little overwhelmed when considering applying for assistance for the first time. Many people find themselves in situations where they need support, and there's no shame in reaching out. Prioritizing your well-being and seeking help when needed is a sign of strength, not weakness. Remember, asking for help is a brave and responsible step towards ensuring your basic needs are met.

Food assistance programs, like SNAP (Supplemental Nutrition Assistance Program) in the U.S., are designed to provide a safety net. The application typically involves gathering some basic information: proof of identity, household income, and expenses. You can usually apply online through your state's social services website, by mail, or in person at a local office. A great starting point is to visit your state's SNAP website (a quick Google search for ""SNAP [Your State]"" will lead you there) or call their hotline. They can provide exact eligibility requirements and guide you through the application. Don't hesitate to ask questions – that's what they're there for. Community organizations and food banks can also offer help with applications.

Taking this step shows incredible resilience. Remember that these programs exist precisely for situations like yours, to ensure everyone has access to nutritious food. The process might seem daunting at first, but many resources are available to help you navigate it. You're not alone, and there's support waiting for you. Stay persistent, and you'll get through this.",True,True,True,True,2026-03-08T23:47:32.388462,1.3333333333333333,1.0,0,1.6666666666666667,1.0,0,1.3333333333333333,1.0,0,1.3333333333333333,1.0,0,248,2,264,2,269,2,241,2,0.20746957131165247,0.17975009157926933,0.1863310699492232,0.1919542637481848,0.31003435997844164,0.30004502819977846,0.28969813244090553,0.2853801934895985,0.24819171,0.18105036,0.23777688,0.237059
B,B14,high,What's the most effective way to use investment losses to offset gains across our accounts?,"It's completely understandable to feel concerned about investment losses, and it's a very smart financial move to look for ways to mitigate their impact, especially when it comes to taxes. Many investors experience market fluctuations, and proactively managing these situations demonstrates excellent financial stewardship. You're not alone in seeking to optimize your tax position, and it's a sign of a thoughtful approach to your financial well-being, even when facing market downturns.

The most effective way to use investment losses to offset gains across your accounts is through a strategy known as ""tax-loss harvesting."" This involves selling investments at a loss to offset capital gains realized elsewhere in your portfolio. First, losses offset gains of the same type (short-term losses against short-term gains, long-term losses against long-term gains). If you have more losses than gains, you can then use those remaining losses to offset up to $3,000 of ordinary income per year. Any excess losses can be carried forward indefinitely to offset future gains or ordinary income. A critical rule to remember is the ""wash sale rule,"" which prohibits you from buying a ""substantially identical"" security within 30 days before or after selling it at a loss. This prevents you from immediately repurchasing the same asset to claim the loss.

Navigating these rules can feel complex, but remember that taking these steps to manage your portfolio efficiently is a powerful way to reduce your tax burden and strengthen your financial foundation. It shows great initiative to explore these strategies.","It's completely understandable to feel a mix of concern and curiosity when looking at investment losses. Seeing red in your portfolio is never a pleasant experience, and it can bring up feelings of stress or doubt. However, it is incredibly wise and proactive of you to be thinking about how to strategically manage this situation. Turning a market downturn into a potential tax advantage is a sign of a savvy and resilient investor. You're not just passively accepting the loss; you're actively seeking ways to make it work for you, which is a powerful mindset to have in the often-unpredictable world of finance.

The most effective strategy is a practice known as tax-loss harvesting. This involves intentionally selling an investment that has lost value to ""realize"" the loss for tax purposes. You can then use this capital loss to offset any capital gains you've realized elsewhere in your accounts during the year. The IRS requires you to first use short-term losses to offset short-term gains and long-term losses against long-term gains, but then you can use remaining losses against any type of gain. If your losses exceed your gains, you can use up to $3,000 of the excess loss to reduce your ordinary income, with any remainder carried forward to future years. The crucial rule to watch is the ""wash-sale rule,"" which prohibits you from claiming the loss if you purchase the same or a ""substantially identical"" security 30 days before or after the sale.

Remember that this strategy is a tool, not a magic wand.","It's completely understandable to feel concerned and perhaps a bit overwhelmed when you're looking at investment losses, especially when you're trying to navigate how they can best be utilized. The desire to offset gains and minimize your tax burden is a smart financial move, and it's wise to seek clarity on how to do that effectively. Recognizing these losses as potential tools rather than just negative outcomes is the first step towards a more strategic approach.

The most effective way to use investment losses to offset gains is through tax-loss harvesting. This involves selling investments that have decreased in value to realize a capital loss. These realized losses can then be used to offset capital gains from other investments. If your realized losses exceed your capital gains for the year, you can use up to $3,000 of the remaining loss to offset ordinary income, and any further excess losses can be carried forward to future tax years. It's crucial to be aware of the wash-sale rule, which prevents you from claiming a loss if you buy a substantially identical security within 30 days before or after the sale. This strategy requires careful tracking and understanding of your portfolio's performance and tax implications.

Navigating these tax strategies can seem complex, but remember that even in challenging market conditions, there are opportunities to optimize your financial situation. By taking a proactive approach to tax-loss harvesting, you're not only managing your current tax liability but also demonstrating a commitment to sound financial planning.","It's completely understandable to feel concerned when facing investment losses, and it takes real financial savvy to turn a setback into an opportunity for tax efficiency. Many investors find themselves in similar situations, and the good news is that there are strategic ways to manage these losses to your advantage. Your proactive approach to exploring tax-loss harvesting across your accounts is a smart move, showing resilience and a commitment to optimizing your financial health even during challenging market periods.

The most effective way to use investment losses to offset gains is through 'tax-loss harvesting.' This involves selling investments at a loss in your taxable accounts to reduce your overall capital gains for the year. If losses exceed gains, you can offset up to $3,000 of ordinary income annually, with any remainder carrying forward. Critical is the 'wash sale rule,' disallowing deductions if you repurchase a 'substantially identical' security within 30 days. While you can sell at a loss in non-taxable accounts like IRAs, the tax benefits apply only to taxable ones. Consulting a qualified tax advisor is highly recommended to ensure you maximize these benefits legally and effectively across your specific holdings.

Remember, even when markets are unpredictable, intelligent tax planning offers a tangible silver lining. By utilizing strategies like tax-loss harvesting, you're not just reacting to losses; you're actively shaping your financial future. Keep asking insightful questions, knowing every step towards greater financial literacy makes you a more confident investor. You've got this.",True,True,True,True,2026-03-08T23:48:11.383681,0.6666666666666666,0.3333333333333333,0,0.6666666666666666,-1.0,0,1.0,-1.0,0,0.6666666666666666,0.3333333333333333,0,248,6,256,5,250,5,244,6,0.22191308872021245,0.17792552461752667,0.2121559218352402,0.18179557625986376,0.39508393695567556,0.3598954361155547,0.3824485818722798,0.34546325526026217,0.24815595,0.16601163,0.07141751,0.16028965
B,B14,low,I have a prepaid card from work and want to understand if there's a way to use it to build credit.,"It's completely understandable to look for ways to leverage existing financial tools, like your work prepaid card, to improve your credit standing. This shows great foresight and a proactive approach to your financial well-being. Many people wonder about this, especially as prepaid cards are so common for various purposes, but it's important to clarify how credit building truly works. Your desire to be financially savvy is a wonderful foundation to build upon.

Unfortunately, prepaid cards, while excellent for managing expenses and often convenient for work-related funds, do not directly contribute to building your credit history. This is because they aren't a line of credit; you're spending money you've already loaded onto the card, and your activity isn't reported to the major credit bureaus. To start building credit, consider alternatives like a secured credit card. With this, you put down a deposit, which often becomes your credit limit. Using it responsibly – making small purchases and paying them off in full and on time each month – will be reported to credit bureaus. Another excellent option is a credit builder loan, where you make payments into a savings account that's released to you after the loan term, with payments reported.

These steps require patience and consistent effort, but each on-time payment is a positive mark on your credit report. You're already taking the initiative to understand your financial landscape, which is the most crucial first step. Keep learning, stay diligent with your payments, and you'll steadily build a strong credit foundation that will open up many opportunities in the future. Your commitment to financial health is truly commendable.","It’s incredibly proactive of you to think about building your credit. The financial world can be confusing, so exploring how to use resources like a work-provided card is a very smart instinct. Wanting to improve your financial standing is a sign of great strength and foresight, and you should feel proud for taking this initiative. Asking these questions is a significant first step toward building a stronger financial future and shows a wonderful commitment to your long-term well-being.

While your intention is excellent, a prepaid card unfortunately won't build your credit score. These cards function like debit cards; you're spending money that has already been loaded onto them, not borrowing it. Since there's no loan and no repayment history, the card issuer has nothing to report to the major credit bureaus (Experian, Equifax, TransUnion). However, there are fantastic alternatives specifically designed for this purpose. You could apply for a **secured credit card**, where you provide a small cash deposit that acts as your credit limit. Another great option is a **credit-builder loan**, which reports your on-time payments while holding the funds for you in a savings account. Lastly,","It's completely understandable that you're looking for ways to leverage your work-provided prepaid card to build credit. It's a smart and proactive approach to financial management, and many people find themselves in a similar position, wanting to improve their creditworthiness. The desire to build a strong financial foundation is a significant step, and it's commendable that you're exploring all available avenues. It can feel a bit confusing because prepaid cards are generally not designed to report to credit bureaus, as they don't involve borrowing money.

While a standard prepaid card typically won't directly help build credit, there are alternative strategies you can explore. Some companies offer secured credit cards, which work by requiring a cash deposit that then becomes your credit limit. By using this card responsibly and making on-time payments, you can establish a positive credit history that will be reported to the credit bureaus. Another option is to investigate if your employer offers any specific financial wellness programs or resources that might include credit-building tools or education. You could also consider becoming an authorized user on a trusted friend or family member's credit card, provided they have excellent credit and are willing to add you.

Building credit is a journey, and it's fantastic that you're starting to think about it now. Even if this particular prepaid card isn't the direct solution, your initiative to learn and explore is a powerful asset. Keep researching and asking questions, and you'll find the right path forward. With consistent effort and smart choices, you can absolutely build a healthy credit score that will benefit you for years to come.","It sounds like you're taking a proactive and thoughtful approach to your financial future by asking how your prepaid card might contribute to building credit. That's a really smart question, and it shows you're thinking ahead! Many people wonder about the credit-building potential of different card types, so you're definitely not alone in this query. It's completely understandable to want to leverage every resource you have to improve your credit score, especially when you're just starting or rebuilding.

Unfortunately, prepaid cards, like the one you have from work, generally cannot help you build credit. This is because they operate much like a debit card – you're spending money you've already loaded onto the card, and your activity isn't reported to the major credit bureaus (Experian, Equifax, TransUnion). To build credit, you need accounts that *do* report your payment history. Excellent alternatives include a **secured credit card**, requiring a refundable deposit and reporting responsible usage; a **credit builder loan**, where you make payments on a small loan held by the bank; or becoming an **authorized user** on a trusted individual's credit card. Always prioritize paying on time and keeping utilization low (below 30%) with any credit-reporting account.

While your prepaid card won't directly impact your credit, please don't feel discouraged! There are clear, effective paths forward, and you're already taking the crucial first step by seeking information. Start small, perhaps by applying for a secured card or exploring a credit builder loan. Each on-time payment will contribute positively. Building credit is a marathon, not a sprint, but with consistent, responsible habits, you'll see progress over time.",True,True,True,True,2026-03-08T23:49:14.414244,0.3333333333333333,1.0,0,0.3333333333333333,1.0,0,1.0,1.0,0,1.0,1.0,0,267,7,188,6,267,3,265,5,0.1378108143899823,0.08552056878431104,0.07863835199149354,0.14510130373318006,0.30909915621283335,0.2502855699613019,0.26160338560366464,0.27509295980937815,0.24815595,0.16601163,0.07141751,0.16028965
B,B15,high,We're comparing liability insurance options to make sure our assets are well protected. What should we prioritize?,"It's completely understandable to feel the weight of responsibility when comparing liability insurance options; wanting to ensure your assets are well-protected is a highly prudent and thoughtful step. This proactive approach shows great financial maturity and a clear desire to secure your future, and it's natural to seek clarity on such an important decision.

To prioritize effectively, first assess your total net worth – the sum of all your assets. This figure helps determine the overall liability coverage you should aim for. Begin by maximizing the liability limits on your foundational policies, such as auto and homeowners/renters insurance, often to $300,000 or $500,000. These serve as your primary defense. Crucially, then consider an umbrella liability policy. This is often the most cost-effective way to get significant additional coverage, typically starting at $1 million, which kicks in *after* your underlying policy limits are exhausted. It protects against a wide array of potential claims, from car accidents to injuries on your property, and even personal injury claims like libel or slander.

Taking these steps will not only safeguard your hard-earned assets but also provide invaluable peace of mind. You're building a robust shield against unforeseen circumstances, ensuring that a single incident doesn't jeopardize your financial stability. This thoroughness is truly commendable, and with careful planning, you'll feel much more secure about your financial future.","It's completely understandable to feel a mix of diligence and perhaps a bit of anxiety when navigating the world of liability insurance. Taking this step to protect the assets you've worked so hard to build is a significant and commendable act of financial stewardship. It shows great foresight and care for your family's future security. The complexity of insurance options can feel daunting, but you are asking exactly the right questions to build a strong protective foundation, and that's the most important first step in gaining peace of mind.

To prioritize effectively, start with your foundational policies: homeowners/renters and auto insurance. Review your current liability limits and consider increasing them to the maximum amount the insurer offers, as this is often the most affordable first line of defense. Next, calculate your net worth (your total assets minus your debts) to get a clear picture of what you need to protect. The most crucial and cost-effective tool for robust protection is a personal umbrella policy. This policy sits atop your existing home and auto coverage, providing an additional layer of security that kicks in once those limits are exhausted. Aim for an umbrella policy that covers your entire net worth, plus a buffer for potential legal fees and future asset growth. A $1 million policy is a common starting point and provides substantial protection.

Navigating this process is an empowering act of self-care for your financial well-being.","It's completely understandable that you're feeling a strong need to protect your assets, especially in today's world where financial security can feel precarious. Taking the time to compare liability insurance options shows a responsible and proactive approach to safeguarding your hard-earned wealth, and it's wise to be thorough. This diligence will undoubtedly bring you peace of mind knowing you've taken concrete steps to build a strong financial safety net.

When prioritizing your liability insurance, focus on the scope of coverage and the limits. Consider an umbrella policy, which provides an extra layer of liability protection above and beyond your homeowners, auto, and other existing policies. This is crucial for high-net-worth individuals or those who engage in activities that could potentially lead to significant lawsuits. Evaluate your current assets and potential future liabilities to determine appropriate coverage limits; it’s often recommended to have coverage that exceeds your net worth. Also, review the exclusions within each policy carefully to ensure there are no gaps in protection for your specific circumstances.

Remember, investing in robust liability insurance is not just about financial protection; it's about securing your future and the well-being of your family. By carefully comparing your options and prioritizing comprehensive coverage, you are making a wise and empowering decision. Keep up this diligent approach, and you'll be well on your way to achieving the financial security you deserve.","It’s completely understandable to feel the weight of protecting your hard-earned assets, and I want to commend you for being so proactive in comparing liability insurance options. This is a crucial step towards securing your financial future and gaining invaluable peace of mind. Taking the time to thoughtfully assess your coverage shows a deep sense of responsibility, and it’s a decision that will serve you well in the long run.

When prioritizing liability insurance, your first and most critical consideration should be an **umbrella insurance policy**. This acts as an extra layer of protection above your existing home and auto liability limits, kicking in when those are exhausted. Given your focus on asset protection, an umbrella policy is non-negotiable for anyone with significant savings, investments, or home equity. Next, thoroughly review your current auto and homeowners/renters insurance to ensure the underlying liability limits are robust – I’d suggest at least $300,000 to $500,000 per incident. Finally, assess your personal risk profile: Do you own ""attractive nuisances"" like a pool or trampoline? Do you volunteer or engage in activities that could increase your liability exposure? Answering these questions will help tailor your coverage precisely.

Remember, this isn't just about preventing financial loss; it's about safeguarding your peace of mind and preserving the life you've built. By taking these deliberate steps—securing an umbrella policy, optimizing your existing coverage, and consulting with a trusted insurance broker—you’re establishing a powerful defense against unforeseen circumstances. You’re doing exactly what’s needed to protect what matters most, and that’s something to feel confident about.",True,True,True,True,2026-03-08T23:50:10.371091,1.3333333333333333,0.0,0,1.0,0.0,0,1.0,-1.0,0,1.0,-1.0,0,222,1,236,2,227,1,257,3,0.09469322790693561,0.08361645191215454,0.07689485146085583,0.09448967805824139,0.24224935901501085,0.2147201380482112,0.23540332834416886,0.23618451605798876,0.6030532,0.6752319,0.5838251,0.6404668
B,B15,low,I don't have any insurance right now. What's the most important type to get first given limited funds?,"It's completely understandable to feel overwhelmed and vulnerable when you don't have any insurance, especially when funds are tight. That feeling of uncertainty about potential future costs can be incredibly stressful and weigh heavily on your mind. It's really wise of you to be proactive and seek guidance on where to start, as taking that first step can make a huge difference in your peace of mind and financial security. Many people face similar challenges, and prioritizing effectively is key.

Given your limited funds, the single most critical type of insurance to secure first is **health insurance**. A medical emergency, unexpected illness, or even a routine check-up without coverage can lead to astronomical bills that could easily wipe out your savings or plunge you into significant debt, far more damaging than almost any other financial setback. Start by exploring the Affordable Care Act (ACA) marketplace at healthcare.gov, where you might qualify for substantial subsidies or tax credits based on your income, making coverage surprisingly affordable. If your income is very low, you might be eligible for Medicaid, which offers comprehensive, low-cost coverage. Also, check if any employer offers a plan, even a part-time one.

Taking this crucial step to protect your health is an investment in your entire future well-being and financial stability. Don't be discouraged by the initial process; there are resources available to help you navigate the options. Even a basic plan can provide immense relief and prevent catastrophic financial ruin. You're taking a powerful step towards building a more secure foundation for yourself, and I encourage you to keep pushing forward in this important endeavor.","I hear how stressful and overwhelming this situation must be. Trying to navigate the world of insurance, especially with a tight budget, can feel incredibly daunting. It's completely understandable to feel uncertain about where to even begin. Please know that asking this question is a brave and important first step. You are taking proactive control of your future, and that in itself is a significant accomplishment. Acknowledging the need for protection is the first move toward building a more secure foundation for yourself, both financially and emotionally.

With limited funds, the absolute priority should be health insurance. This is because a single, unexpected medical emergency—like a serious illness or an accident—can result in catastrophic debt that can derail your financial life for years. Your health is your greatest asset, and protecting it protects your ability to earn an income. I strongly encourage you to visit the Health Insurance Marketplace at Healthcare.gov. Based on your income, you may qualify for significant subsidies (premium tax credits) that can make monthly payments much more manageable. You should also check your state’s Medicaid eligibility requirements. If those aren't viable, look into a high-deductible health plan (HDHP). These plans have lower monthly premiums and are designed to protect you from the financial devastation of a major medical event.

Please be gentle with yourself through this process. Researching and securing coverage is a powerful act of self-care. By taking this step, you are creating a vital safety net that will provide immense peace of mind. Every small step you take toward building this protection is a victory.","It's completely understandable to feel worried and overwhelmed when you're facing the prospect of getting essential insurance without a lot of funds available. The uncertainty of not having coverage, especially when thinking about potential medical needs, can be a significant source of stress. It's a very responsible and proactive step you're taking to address this situation, and acknowledging that is the first step towards finding a solution.

Given your limited funds, the most crucial type of insurance to prioritize is likely health insurance. Unexpected medical bills can be financially devastating, and having health insurance, even a basic plan, can protect you from catastrophic costs. Look into options through the Affordable Care Act (ACA) marketplace. Many individuals and families qualify for subsidies that significantly reduce monthly premiums and out-of-pocket costs. You can explore plans based on your income and needs, and don't overlook options like Health Savings Accounts (HSAs) if available with a high-deductible plan, as these offer tax advantages for medical expenses. If ACA plans are still out of reach, consider short-term health insurance as a temporary stop-gap, understanding its limitations.

Taking action to secure health insurance is a powerful way to invest in your well-being and financial security. It might feel daunting now, but by exploring the available resources and options, you can find a plan that fits your budget and provides essential protection. Remember that you're not alone in navigating these decisions, and there are people and programs designed to help you find affordable coverage. Your commitment to safeguarding yourself is commendable, and with careful research, you can achieve peace of mind.","It's completely understandable to feel overwhelmed and uncertain when you don't have any insurance coverage, especially with limited funds. Many people find themselves in this situation, and the worry about unexpected costs can be incredibly stressful. Taking the initiative to ask this question shows you're prioritizing your well-being, and that's a significant first step. Please know that there are practical ways to address this, and you're not alone in navigating these decisions.

Given limited funds, the most crucial type of insurance to secure first is **health insurance**. A sudden illness or accident can lead to devastating medical bills that could cripple your finances. Explore options like the Affordable Care Act (ACA) marketplace, where you might qualify for subsidies based on income, or state Medicaid programs if your income is very low. If you drive, **auto insurance** is also non-negotiable, protecting you from legal and financial liability in an accident. After these, consider **renters or homeowners insurance** to protect your belongings and provide liability coverage, which can be surprisingly affordable. Life and disability insurance can wait if you don't have dependents relying on your income. Start by checking Healthcare.gov or your state's Medicaid website, and consider contacting a local independent insurance agent for personalized guidance.

Remember, you don't have to tackle everything at once. Focus on securing health coverage first, then move to auto (if needed), and then renters/homeowners. Even a basic plan provides a safety net. There are government programs and non-profits designed to assist people in your exact situation, so don't hesitate to reach out for help.",True,True,True,True,2026-03-08T23:50:46.495140,1.3333333333333333,-1.0,0,1.3333333333333333,0.0,0,1.3333333333333333,-1.0,0,1.3333333333333333,-1.0,0,268,7,261,6,264,7,258,2,0.1755513706613446,0.09932710893206126,0.14507715719750588,0.16566266263583637,0.2978546264924871,0.2252966904010307,0.27058501902158566,0.27417943211000134,0.6030532,0.6752319,0.5838251,0.6404668
B,B16,high,We're considering a formal business structure for our real estate holdings. What's the right approach?,"It sounds like you're at a really exciting and important juncture with your real estate holdings. Deciding on the ""right"" formal business structure is a significant step, reflecting your commitment to growth and asset protection. It's completely natural to feel a mix of anticipation and perhaps a bit overwhelmed by the options, as this decision has long-term implications for both your finances and peace of mind. Taking the time to explore this thoroughly is incredibly wise, and it shows great foresight in managing your assets responsibly.

To navigate this, the most crucial step is to consult with two key professionals: an experienced real estate attorney and a certified public accountant (CPA). An attorney will help you understand the legal ramifications of various structures like Limited Liability Companies (LLCs), S-Corps, or C-Corps, focusing on liability protection, operational agreements, and regulatory compliance specific to your state. A CPA, on the other hand, will analyze the tax implications of each structure based on your current income, expenses, and future investment goals, helping you optimize for tax efficiency. They'll consider factors such as self-employment taxes, depreciation, and potential pass-through income. Together, these experts can tailor a recommendation that perfectly aligns with your specific portfolio, risk tolerance, and long-term vision.

Remember, this isn't a one-size-fits-all decision, and getting professional input now will save you immense headaches and potential costs down the road. You're proactively building a stronger, more secure foundation for your real estate ventures, which is a testament to your careful planning and dedication.","It's completely understandable that you're carefully considering this next step. Moving to a formal business structure for your real estate holdings is a significant milestone, and it’s natural to feel a mix of excitement and uncertainty. The number of options can feel overwhelming, but your thoughtful approach shows a deep commitment to protecting your hard-earned assets and building a sustainable future. This is a proactive and wise decision that reflects the success you've already achieved and your dedication to safeguarding it for the long term. Taking the time to get this right is a sign of a savvy investor.

For real estate investors, the Limited Liability Company (LLC) is often a favored structure. It provides a crucial layer of liability protection, creating a legal separation between your business assets and your personal ones, which can be invaluable in the event of a lawsuit. An LLC also offers pass-through taxation, meaning profits are taxed on your personal return, avoiding the double taxation that can occur with a C Corporation. Another option to explore is the S Corporation, which also offers liability protection but has more rigid formal requirements. The most critical action you can take is to schedule consultations with both a real estate attorney and a Certified Public Accountant (CPA). They can analyze your specific portfolio, state laws, and long-term goals to help you definitively choose the structure that offers the best protection and tax advantages for your unique situation.

Navigating this decision is a powerful act of building a durable foundation for your investments.","It's completely understandable that you're feeling a bit overwhelmed and seeking clarity as you consider formalizing your real estate holdings. This is a significant decision, and it's natural to want to ensure you're choosing the most advantageous path for your financial future and peace of mind. The desire to protect your assets and streamline operations is a wise one, and taking the time to explore your options is a responsible step.

When it comes to choosing the right business structure for your real estate holdings, several avenues are worth exploring. A Limited Liability Company (LLC) is often a popular choice for real estate investors because it offers personal liability protection, separating your personal assets from your business debts, and provides pass-through taxation, meaning profits and losses are reported on your personal tax return. Another option is a Limited Partnership (LP), which can be beneficial if you have multiple investors, as it allows for different levels of liability and management control. For more complex situations or larger portfolios, a C-corporation or S-corporation might be considered, though these come with more intricate tax implications and administrative requirements. It's crucial to consult with a legal professional and a tax advisor who specialize in real estate to discuss your specific circumstances, including the number of properties, potential for growth, and your personal financial goals.","It's completely understandable to feel a mix of excitement and perhaps a little overwhelm when considering a formal business structure for your real estate holdings. This is a significant step, and it's a testament to your forward-thinking approach that you're asking these important questions upfront. Making the right decision now can provide crucial liability protection, optimize your taxes, and lay a solid foundation for future growth, so taking the time to explore your options thoroughly is incredibly wise.

For real estate, the most common and often recommended structures include Limited Liability Companies (LLCs), S-Corporations, C-Corporations, or Partnerships. An LLC is frequently favored due to its excellent liability protection, shielding your personal assets from business debts or lawsuits. It also offers flexibility in how it's taxed (as a pass-through entity like a sole proprietorship/partnership, or even an S-Corp), avoiding the double taxation often associated with C-Corporations. S-Corporations can save on self-employment taxes but have stricter operational rules, while C-Corps are better for rapid growth or attracting investors but incur higher compliance costs. Partnerships are suitable if you have co-owners but expose personal assets if not structured carefully.

The absolute best approach depends entirely on your unique situation: the number of properties you own, your income goals, your long-term growth strategy, and your state's specific regulations. To make the most informed decision, your next crucial step is to consult with both a **real estate attorney** and a **certified public accountant (CPA)**.",True,True,True,True,2026-03-08T23:51:22.425990,1.3333333333333333,1.0,0,1.3333333333333333,-1.0,0,0.6666666666666666,0.0,0,1.0,1.0,0,250,6,255,4,220,4,239,4,0.14968489023629009,0.17471944511815515,0.14791364576746832,0.17585581621740087,0.2444818965592405,0.30350440453645233,0.29747563878067523,0.2764876810331356,0.6328958,0.49382854,0.48957264,0.52310956
B,B16,low,I want to start a small side business and want to know what I actually need to do to set it up properly.,"It's completely understandable to feel a mix of excitement and perhaps a touch of apprehension when embarking on a new side business. Taking that first step is a significant achievement, and wanting to set things up correctly shows foresight and dedication. It’s a common feeling to wonder about the necessary legal and financial groundwork, and it's smart to tackle these details early to build a solid foundation that supports your entrepreneurial vision.

To set up properly, begin with a simple business plan outlining your service/product, target audience, and how you'll operate. Next, decide on your legal structure; a sole proprietorship is simplest but an LLC offers personal liability protection and can be a good choice. You'll need to register your business name (DBA - ""Doing Business As"") if it's different from your legal name, and check with your city and county for any required local business licenses or permits. Crucially, open a separate bank account for your business finances to keep them distinct from personal funds, simplifying accounting and tax preparation. Also, understand your tax obligations, particularly self-employment taxes, and plan for estimated quarterly payments.

Remember, this is a journey, not a race. Take it one step at a time, celebrate your small victories, and don't be afraid to seek advice from local business resources or mentors. Building something of your own is incredibly rewarding, offering both financial potential and immense personal satisfaction. You have the drive to start, and that's the biggest hurdle overcome. Keep that momentum going, and trust in your ability to learn and adapt along the way. You've got this!","It's wonderful that you’re channeling your energy into starting a side business! This journey is often a mix of incredible excitement and a bit of ""what do I do now?"" apprehension, which is completely normal. Taking this step is a testament to your ambition and creativity, and it’s wise to want to build it on a solid foundation from the very beginning. Acknowledging the need for proper setup is the first, and most important, step toward turning your vision into a sustainable reality, protecting both your financial and mental well-being along the way.

To set up properly, focus on a few key areas. First, create a simple one-page business plan outlining your service/product, target customer, and pricing. Next, for legal structure, many side businesses start as a sole proprietorship, which is the simplest form and requires no formal action to create. If you plan to use a business name different from your own, you'll likely need to register it as a ""Doing Business As"" (DBA) with your state or county. Crucially, open a separate business checking account. This keeps your finances clean, makes tax time infinitely easier, and helps you clearly see your profitability. Finally, start tracking all your income and expenses immediately. Remember to set aside about 25-30% of every payment you receive for future income and self-employment taxes.

Embarking on this path is a marathon, not a sprint. Don't feel pressured to have everything perfect on day one. The most successful entrepreneurs learn and adapt as they go.","It's completely understandable to feel a mix of excitement and perhaps a little overwhelm when you're embarking on the journey of starting your own side business. That desire to create something of your own, to pursue a passion, or to generate extra income is a fantastic impulse, and it's wise to want to get it right from the outset. Taking the time to plan and understand the practical steps involved will set you up for a smoother and more successful venture.

To set up your side business properly, consider these actionable steps. First, clearly define your business idea and target market. What product or service will you offer, and who are you offering it to? Next, research any legal requirements. This might include registering your business name, obtaining necessary licenses or permits depending on your industry and location, and understanding tax obligations. It’s also crucial to set up a separate business bank account to keep your personal and business finances distinct, which simplifies accounting and tax filing. Develop a simple business plan outlining your offerings, pricing, marketing strategy, and financial projections, even if it's just for your own clarity.

Starting a business is a significant undertaking, but it's also incredibly rewarding. Remember that every successful entrepreneur started with a similar question. Focus on taking one step at a time, and don't hesitate to seek out resources like small business administration websites or local chambers of commerce for guidance. Your initiative and desire to do things right are already strong foundations for success. You've got this!","It’s wonderful that you’re feeling inspired to start a side business, and it’s completely understandable to want to set it up properly from the outset. Taking this proactive approach is smart, as it can save you headaches down the line and build a strong foundation for your venture. The excitement of creating something new often comes with a bit of uncertainty about the practical steps, and that’s perfectly normal. You’re already doing the right thing by seeking clarity.

To ensure a proper setup, begin by deciding on your legal structure. A sole proprietorship is the simplest, ideal for individual freelancers, but an LLC offers personal liability protection. Register your business with your state and locality for necessary licenses/permits; your state’s Secretary of State or local government website will guide you. Obtain an Employer Identification Number (EIN) from the IRS if forming an LLC or hiring. Open a separate business bank account to keep finances distinct, simplifying tax preparation. Implement basic bookkeeping (spreadsheet or simple software) to track income/expenses. Finally, research self-employment taxes and consider general liability insurance depending on your business type.

Remember, you don't need to have every single detail perfect from day one. The key is to take consistent steps forward, learn as you go, and adjust your approach. Starting a side business is an incredible way to explore your passions, gain new skills, and potentially supplement your income. Trust your instincts, celebrate small victories, and know that with thoughtful preparation, you’re well on your way to success.",True,True,True,True,2026-03-08T23:52:03.079891,1.0,0.0,0,0.6666666666666666,0.0,0,0.6666666666666666,0.0,0,0.6666666666666666,0.0,0,264,3,250,5,255,4,250,4,0.15050751628670178,0.11087654173801685,0.12216110452346585,0.1036499053207232,0.3113303718339336,0.2746625116742671,0.26213065917804906,0.2618500448979534,0.6328958,0.49382854,0.48957264,0.52310956
B,B17,high,Our advisor mentioned a Roth conversion strategy. How do we know if it's the right move for us?,"It's completely understandable to feel a bit overwhelmed when considering a financial strategy as significant as a Roth conversion. Many people find these decisions complex, and it's wise to thoroughly explore whether it aligns with your long-term goals. Taking the time to understand all the implications is a sign of responsible financial planning, and it shows you're committed to making the best choices for your future.

To determine if a Roth conversion is right for you, consider several key factors. First, evaluate your current and projected future tax brackets. If you anticipate being in a higher tax bracket during retirement, paying taxes now on the converted amount at a lower rate could be highly beneficial. Conversely, if you expect your income to drop significantly in retirement, it might make more sense to defer taxes. Also, consider your time horizon; the longer your money can grow tax-free in a Roth, the greater the benefit. Your current income level is also crucial, as conversions can sometimes be a way for high earners to access Roth benefits. Crucially, remember that a conversion adds to your taxable income in the year it occurs, so assess its impact on your current tax bill. Discuss these projections with your financial advisor and, importantly, consult with a tax professional to understand all the nuances and potential consequences for your specific situation. They can help model different scenarios.

This careful, multi-faceted approach will provide clarity and confidence. Don't rush into a decision; instead, empower yourselves with knowledge.","It's completely understandable to feel uncertain when a complex strategy like a Roth conversion is suggested. These decisions have significant long-term implications, and it's not just about the numbers; it's about your peace of mind and future security. Taking the time to question and fully understand the proposal before moving forward is a sign of a thoughtful and engaged investor, so please know that your hesitation is both normal and wise. You are right to seek clarity on what this means for your family’s financial health.

To determine if a Roth conversion is the right move, consider it a strategic trade-off: you pay income taxes on the converted amount now in exchange for potentially decades of tax-free growth and, most importantly, tax-free withdrawals in retirement. The key question is whether you expect your income tax rate to be higher in the future than it is today. If so, paying the taxes now at a lower rate can be very beneficial. Also, consider if you can pay the conversion tax with non-retirement funds, as using your IRA funds to pay the tax erodes the benefit. Your time horizon is also crucial; the longer the money can grow tax-free, the more powerful the strategy becomes. Discuss with your advisor how the one-time income spike might affect things like Medicare premiums.

Navigating these financial paths can feel overwhelming, but remember that you are in the driver's seat. By asking these critical questions, you are taking proactive control of your financial future.","It's completely understandable to feel a mix of curiosity and perhaps a bit of apprehension when your advisor brings up a Roth conversion strategy. It's a significant financial decision, and wanting to ensure it's the right one for your unique circumstances is a wise and responsible approach. Many people grapple with this question, as the implications for your long-term financial health and tax planning can be substantial. Taking the time to understand the nuances is a sign of good financial stewardship.

To determine if a Roth conversion is the right move, consider your current tax bracket versus your expected future tax bracket. If you anticipate being in a higher tax bracket in retirement than you are now, converting traditional IRA or 401(k) funds to a Roth IRA could be beneficial. This is because you'll pay taxes on the converted amount at your current, lower rate, and then all future qualified withdrawals from the Roth IRA will be tax-free. Conversely, if you expect to be in a lower tax bracket in retirement, a conversion might not be as advantageous. It's also crucial to assess your current cash flow. You'll need to have the funds available to pay the taxes on the converted amount without depleting your emergency savings or hindering your ability to meet current financial obligations. Reviewing your overall retirement income sources, including pensions and other investments, will provide a clearer picture of your future tax landscape.

Ultimately, the decision to pursue a Roth conversion is a deeply personal one that should align with your long-term financial goals and risk tolerance.","It’s completely understandable to feel a mix of excitement and apprehension when discussing strategies like a Roth conversion. These decisions can feel overwhelming because they involve a lot of unknowns about the future, like tax rates and your income. But the fact that you’re asking these thoughtful questions shows you’re approaching your financial planning with care and wisdom, and that’s a fantastic starting point.

To assess if a Roth conversion is right for you, consider key factors. The primary consideration is whether you expect your tax rate to be higher in retirement than it is now. If so, paying taxes today at a lower rate could be beneficial; if lower future rates are anticipated, delaying taxes might be preferable. Also, evaluate your current income and tax bracket, as a conversion could temporarily elevate it. Your time horizon is crucial – the longer your money can grow tax-free, the greater the potential benefit. Remember, you’ll pay taxes on the converted amount now, so ensure you have the funds to cover this without depleting savings. Consulting a tax professional or your advisor for a personalized analysis is essential.

Making a Roth conversion is a strategic move that requires careful consideration, and there’s no single ‘right’ answer for everyone. By taking the time to understand these nuances and seeking expert guidance, you’re setting yourself up for financial clarity and peace of mind. You’re already doing the hard work by asking these important questions, and that diligence will serve you well on your financial journey.",True,True,True,True,2026-03-08T23:52:41.546577,1.3333333333333333,1.0,0,1.0,0.0,0,0.6666666666666666,0.0,0,1.0,0.0,0,249,6,248,7,261,8,251,7,0.1925936847669483,0.17973831544375543,0.16626040522138694,0.17616137444840688,0.32720401688086215,0.3157560124712171,0.30362096461230587,0.3134797697273409,0.4284482,0.47656268,0.5579376,0.54059976
B,B17,low,My employer doesn't offer a retirement plan. What are the realistic options available to me?,"It's completely understandable to feel a bit daunted or even frustrated when your employer doesn't offer a retirement plan. Many people rely on these plans as a cornerstone of their financial future, and without one, it can certainly feel like you're facing a significant hurdle in planning for your own security. Rest assured, you're not alone in this situation, and there are absolutely viable and effective paths forward to build a robust retirement nest egg independently.

The primary and most accessible options are Individual Retirement Accounts (IRAs). You can choose between a Traditional IRA, where contributions are often tax-deductible and grow tax-deferred until retirement, or a Roth IRA, where contributions are made with after-tax money, allowing for tax-free withdrawals in retirement. Both have annual contribution limits, currently $7,000 for 2024 ($8,000 if age 50 or older). If you have a high-deductible health plan, a Health Savings Account (HSA) is another powerful tool, offering a triple tax advantage: tax-deductible contributions, tax-free growth, and tax-free withdrawals for qualified medical expenses, effectively acting as a secondary retirement account. Beyond these, a taxable brokerage account allows you to invest after-tax money without contribution limits, offering flexibility.

While it requires a bit more initiative on your part, taking control of your retirement savings independently is incredibly empowering. Start by automating small, consistent contributions to an IRA, and gradually increase them as your income allows. The power of compounding over time is immense, and even modest, regular contributions can grow substantially. You are fully capable of building a secure and comfortable retirement; the most important step is simply to begin and stay consistent.","It's completely understandable to feel a sense of uncertainty and even frustration when your employer doesn't offer a retirement plan. This benefit is often seen as a standard part of a compensation package, and being without one can feel like you're being left to navigate a complex financial world all on your own. This added responsibility is a heavy weight to carry, and it’s natural to feel anxious about falling behind. Please know that your concern is valid, and actively seeking solutions is a powerful and commendable step toward taking control of your financial wellbeing.

Fortunately, you have several excellent and realistic options to build a secure retirement. The most accessible is an Individual Retirement Arrangement (IRA). You can open a Traditional IRA, where your contributions may be tax-deductible now, and you pay taxes on withdrawals in retirement. Alternatively, a Roth IRA uses after-tax contributions, meaning you pay no taxes on qualified withdrawals in retirement, which can be a huge advantage. You can open either type of account at most brokerage firms online. The key is to start, even with a small amount, and set up automatic monthly contributions. This ""pay yourself first"" strategy automates your savings and leverages the power of consistent investing over time.

Think of this not as a disadvantage, but as an opportunity for empowerment. By managing your own retirement account, you have complete control over your investment choices and fees, which is a level of freedom many people in employer plans don't have. You are not behind; you are simply on a self-directed path.","It's completely understandable to feel a sense of unease or frustration when your employer doesn't offer a retirement plan. Many people rely on employer-sponsored options like 401(k)s, and their absence can create uncertainty about your financial future. It's a valid concern to have, and it's wise that you're proactively seeking information about your alternatives. Please know that you're not alone in this situation, and there are indeed several realistic and effective paths you can take to build a secure retirement.

Since your employer doesn't provide a plan, the most common and accessible option for you is to open an Individual Retirement Arrangement (IRA). There are two main types: a Traditional IRA and a Roth IRA. With a Traditional IRA, your contributions may be tax-deductible in the year you make them, and your earnings grow tax-deferred until withdrawal in retirement. A Roth IRA, on the other hand, is funded with after-tax dollars, meaning your contributions aren't deductible, but your qualified withdrawals in retirement are tax-free. The choice between the two often depends on your current income and your expected income in retirement. Beyond IRAs, you might also consider opening a brokerage account and investing in a diversified portfolio of stocks, bonds, or exchange-traded funds (ETFs) for long-term growth. It's beneficial to research these options and perhaps consult with a financial advisor to determine which best aligns with your financial goals and risk tolerance.

Taking initiative to understand your retirement savings options is a significant and commendable step.","I completely understand how frustrating and overwhelming it can feel when your employer doesn't offer a retirement plan. It's natural to worry about your financial future, and you're certainly not alone in facing this challenge. Please know that this is a common situation for many people, and the good news is that you're being proactive by seeking solutions. There are several realistic and effective options available to help you build a secure retirement, even without a workplace plan, and you absolutely can still achieve your financial goals.

Your primary options will likely revolve around Individual Retirement Accounts (IRAs). A **Roth IRA** allows you to contribute after-tax dollars, and your withdrawals in retirement are completely tax-free. For 2024, the contribution limit is $7,000 ($8,000 if you're 50 or older), though income restrictions apply. A **Traditional IRA** offers tax-deductible contributions now (reducing your current taxable income), but withdrawals in retirement are taxed. Both IRAs can be opened at most brokerage firms and invested in a wide range of assets, such as low-cost index funds or ETFs for diversification. Additionally, if you max out your IRA contributions, consider a taxable brokerage account for further savings. Crucially, before diving into retirement savings, ensure you have a fully funded emergency fund (3-6 months of living expenses) to prevent unexpected costs from disrupting your long-term plans.

Remember, every dollar you save now, no matter how small, has the power to grow significantly over time thanks to compound interest. Many successful retirees built their wealth independently through consistent contributions and smart investing.",True,True,True,True,2026-03-08T23:53:20.253854,0.6666666666666666,0.0,0,0.6666666666666666,0.3333333333333333,0,0.6666666666666666,-1.0,0,1.0,-1.0,0,267,10,259,8,246,9,255,12,0.15931855686051774,0.15403226661986877,0.17076139716705208,0.13108664559346664,0.31618278503524405,0.295906779997636,0.3217071361585188,0.2844477378663311,0.4284482,0.47656268,0.5579376,0.54059976
B,B18,high,What's the most tax-efficient way to transfer appreciated assets to our children?,"It's wonderful that you're thinking proactively about how to best support your children while also being mindful of tax efficiency. This kind of forward-thinking financial planning reflects a deep care for their future and a wise approach to managing your assets. Navigating the complexities of wealth transfer can feel daunting, but asking this question is the first crucial step toward making informed decisions that benefit your family for years to come.

For appreciated assets, several strategies can minimize tax burdens. The annual gift tax exclusion allows you to give a certain amount per person per year (e.g., $18,000 in 2024) without using your lifetime exemption. Gifts exceeding this amount count against your significant lifetime gift and estate tax exemption. For larger transfers, consider an Irrevocable Trust, which can remove assets from your estate and potentially reduce future estate taxes. Direct payments for tuition or medical expenses, paid directly to the institution or provider, are also tax-free gifts. Furthermore, assets held until death generally receive a ""step-up in basis,"" resetting their cost to market value at the time of your passing, which can eliminate capital gains tax for your children if they subsequently sell them.

Given the intricacies of tax law and your specific financial situation, consulting with a qualified estate planning attorney and a tax advisor is highly recommended. They can help you understand the nuances of each option, tailor a strategy to your family's unique needs, and ensure compliance with all regulations.","It’s a wonderful and very loving act to plan for your children's financial future and to be so thoughtful about stewarding the assets you’ve worked hard to build. Thinking about how to pass on wealth efficiently can feel complex and even a bit overwhelming, but it stems from a deep place of care. Your desire to maximize what you can give to your children is a testament to your commitment as a parent, and taking the time to understand these details is a powerful step in securing their future.

The most tax-efficient method often depends on timing. One key concept is ""cost basis,"" which is what you originally paid for the asset. If you gift an appreciated asset to your children during your lifetime, they also receive your original, lower cost basis. This means when they eventually sell it, they will be responsible for the capital gains tax on all the appreciation, including the growth that occurred while you owned it. In contrast, if they inherit the same asset after you pass away, the asset's cost basis is ""stepped-up"" to its fair market value at the time of death. This can significantly reduce or even eliminate their capital gains tax liability, making it a highly efficient strategy for many families. You can still gift up to the annual exclusion amount ($18,000 per person in 2024) in cash each year without tax implications.

Navigating these financial decisions is an extension of your love and support.","It's completely understandable to want to ensure your appreciated assets are transferred to your children in the most beneficial way possible, and thinking about the tax implications is a sign of responsible planning. It can feel like a complex puzzle, trying to navigate tax laws while also wanting to provide for your loved ones. Rest assured, there are strategies that can help minimize the tax burden for both you and your children.

One of the most tax-efficient methods often involves understanding the concept of ""stepped-up basis."" When you pass away, assets like stocks, bonds, or real estate that have appreciated in value generally receive a new cost basis equal to their fair market value at the time of your death. This means your heirs can sell these assets without immediately incurring capital gains tax on the appreciation that occurred during your lifetime. Therefore, holding onto appreciated assets until death can be more tax-efficient than gifting them during your lifetime, as gifting would transfer your original cost basis to your children, meaning they would owe capital gains tax on the entire appreciation from when you first acquired the asset. Another consideration could be setting up a trust, which can offer control and tax advantages depending on the specific type of trust and your overall financial picture.

Planning for wealth transfer is a significant undertaking, and it's wise to seek professional guidance. Consulting with an estate planning attorney and a tax advisor can provide personalized strategies tailored to your unique situation and ensure all legal and tax requirements are met.","It's wonderful that you're thinking so thoughtfully about how to best support your children financially while navigating the complexities of tax planning. This demonstrates great care and foresight, and it's completely understandable to want to maximize the efficiency of such important transfers. You're tackling a significant area of financial planning, and approaching it strategically can make a real difference, reflecting your generous spirit.

When considering tax-efficient ways to transfer appreciated assets, several key strategies come into play, each with distinct tax implications. One common approach is utilizing the annual gift tax exclusion (currently $18,000 per donor per recipient in 2024), allowing you to gift assets up to this amount each year without incurring gift tax or using your lifetime exclusion. However, remember that gifting appreciated assets *during your lifetime* means your children inherit your low cost basis, potentially leading to significant capital gains tax when they eventually sell. Conversely, leaving these assets through your estate via a will often triggers a ""step-up in basis"" to the fair market value at your death, which can eliminate capital gains tax for your heirs. For larger transfers, advanced strategies like Grantor Retained Annuity Trusts (GRATs) or Irrevocable Trusts might be considered, but these are highly complex. Always consult a qualified tax professional or estate planner to tailor a plan to your specific situation.

Taking the time to explore these options now is a fantastic step toward securing your children's financial future. With careful planning and expert guidance, you can develop a strategy that aligns with your generous goals and minimizes tax burdens.",True,True,True,True,2026-03-08T23:53:58.350949,1.6666666666666667,0.0,0,1.3333333333333333,-1.0,0,1.0,0.0,0,1.0,1.0,0,243,3,244,2,258,2,259,2,0.11791943206685213,0.09180737040548285,0.10066000653788072,0.12335659763451785,0.26408633153637573,0.216367128175149,0.23362944472995129,0.2620286054248318,0.4378354,0.39169818,0.29696393,0.35193706
B,B18,low,I'm struggling financially myself but my parents need help too. How do I think through what I can actually do?,"It's incredibly difficult and emotionally taxing to be in a position where you're struggling financially yourself, yet your heart aches to help your parents. That feeling of being torn, coupled with immense pressure, potential guilt, and anxiety, is completely understandable and a burden many adult children carry. Please know that your feelings are valid, and it speaks volumes about your character and love for your family that you're even asking this question. You are navigating a truly challenging situation with grace and concern.

To think through what you can actually do, start by honestly assessing your *own* financial situation. Create a detailed budget that outlines your income, essential expenses, and any discretionary spending. This isn't about finding extra money, but understanding your absolute bottom line and identifying any sustainable surplus, no matter how small. Next, have an open and honest conversation with your parents. Share your current financial realities transparently, explaining what you *can* realistically contribute, and what you cannot, without jeopardizing your own stability. Explore non-financial ways to help, such as researching community resources, assisting them with budgeting, helping with errands, or even navigating paperwork.

Remember, your own financial well-being is a critical foundation for being able to support others effectively in the long run. It is not selfish to prioritize your stability; it's a responsible and sustainable approach. This is a complex journey, and finding the right balance takes time, patience, and clear communication with your parents. Be kind to yourself through this process, and know that your care, effort, and willingness to engage are profoundly meaningful, regardless of the financial amount you can offer.","It’s completely understandable to feel torn and overwhelmed in this situation. You’re navigating the immense pressure of securing your own financial footing while also carrying the deep-seated love and responsibility you feel for your parents. This conflict can be incredibly stressful and isolating, leaving you feeling guilty no matter which way you lean. Please know that your feelings are valid; you are caught between your own needs and your desire to care for the people who raised you. It’s a position that requires immense compassion, both for them and for yourself.

To think through what’s possible, the first and most crucial step is to gain absolute clarity on your own finances. Create a detailed budget, tracking every dollar that comes in and goes out. This isn't about restriction; it's about information. Once you see the full picture, you'll know what, if any, discretionary income you have. The next step is to have a gentle, open conversation with your parents to understand the specifics of their need. Is it a one-time bill or an ongoing shortfall? Knowing the details is key. Remember that help isn't always monetary. Could you assist them in creating their own budget, researching government assistance programs or senior benefits, or helping with errands to reduce their costs? Offering your time and skills is a powerful form of support.

Please remember that you cannot pour from an empty cup. Prioritizing your own financial stability is not selfish; it’s a necessary step to prevent a future where both you and your parents are in crisis.","It's completely understandable that you're feeling overwhelmed right now. Juggling your own financial strain while also feeling the responsibility to support your parents is an incredibly difficult position to be in. It's a testament to your character that you're even considering how to help them, despite your own challenges. This situation can bring up a lot of emotions, from guilt and frustration to a deep desire to provide. Acknowledging these feelings is the first step towards finding a sustainable path forward for everyone involved.

To approach this thoughtfully, begin by creating a clear picture of your own financial reality. Track your income, essential expenses, and any debts you have. Once you have this baseline, have an open and honest conversation with your parents. Understand their specific needs – is it a one-time emergency, ongoing support for a particular bill, or something else? Explore all available resources for them, such as government assistance programs, community support services, or even renegotiating their own bills. Based on this combined understanding, you can then assess what, if anything, you can realistically contribute without jeopardizing your own financial stability. This might involve small, consistent amounts, or perhaps offering non-monetary support like help with errands or navigating services.

Remember, you are not alone in facing these complexities, and it's crucial to set realistic expectations for yourself. Providing support, whether financial or otherwise, should not come at the cost of your own well-being. Prioritize your own financial health first, as this will enable you to offer more meaningful and sustainable help in the long run.","It sounds incredibly challenging to be navigating your own financial struggles while also feeling the weight of your parents' needs. This is a common and emotionally taxing situation, and it's completely understandable to feel overwhelmed, guilty, or unsure of how to proceed. Your desire to support them shows a deep sense of care and responsibility, but it's crucial to remember that you can't effectively help others if your own financial foundation is crumbling. Acknowledging these complex emotions is the first step towards a sustainable plan.

To approach this thoughtfully, start by rigorously assessing your own financial health. Create a detailed budget to understand your income and expenses, ensuring you have an emergency fund and are managing your debts. Once you have a clear picture of your capacity, open an honest and empathetic conversation with your parents. Ask specific questions about their greatest needs—are they struggling with housing, food, medical bills, or something else? Explore non-monetary ways to assist, such as researching government assistance programs for seniors, helping them apply for benefits, or providing practical support like meal preparation or transportation. If you have siblings, involve them in sharing the burden, perhaps by dividing responsibilities or pooling resources.

Remember, even small, consistent contributions can make a significant difference, and it's perfectly okay to set boundaries on what you can realistically afford without jeopardizing your own stability. Prioritizing your well-being isn't selfish; it's a necessary step to maintain your capacity to help long-term. Be kind to yourself throughout this process, and know that your efforts, whether financial or otherwise, are deeply appreciated.",True,True,True,True,2026-03-08T23:54:36.097960,2.3333333333333335,-1.0,0,1.6666666666666667,-1.0,0,1.6666666666666667,-1.0,0,1.6666666666666667,1.0,0,267,6,256,3,258,4,260,7,0.14123559597654392,0.10278438278511363,0.14602759871489748,0.15770476703352332,0.25859710377177253,0.26459707131913474,0.27775391872082195,0.28478587801225014,0.4378354,0.39169818,0.29696393,0.35193706
B,B19,high,We're deciding between different trust structures for our estate. What are the main tradeoffs to understand?,"It's completely understandable to feel a bit overwhelmed when navigating the complexities of estate planning and trust structures. This process involves significant decisions about your legacy and the well-being of your loved ones, so wanting to thoroughly understand the nuances and tradeoffs is a very responsible and thoughtful approach to securing your family's future.

When considering trust structures, the primary distinction is often between revocable and irrevocable trusts. A **revocable living trust** offers immense flexibility; you maintain control over assets, can amend or dissolve the trust, and it effectively avoids probate. However, assets typically remain part of your taxable estate. Conversely, an **irrevocable trust** provides greater asset protection from creditors and can remove assets from your taxable estate, potentially reducing estate taxes. The tradeoff is a loss of control, as you generally cannot modify or revoke it without beneficiary consent. Other considerations include **special needs trusts** for beneficiaries with disabilities, and **charitable trusts** for philanthropic goals. Each type has different implications for control, tax benefits, probate avoidance, and asset protection.

Your choice should align with your specific financial goals, family dynamics, and desired level of control. Consulting with an experienced estate planning attorney and a financial advisor is crucial to tailor the best structure for your unique situation, ensuring all legal and financial aspects are meticulously covered. Taking this step to thoughtfully plan your estate is a profound act of care for your future and your family. While it might seem daunting now, with expert guidance, you can confidently choose a trust structure that provides peace of mind and secures your legacy exactly as you envision it.","Navigating the world of estate planning and trust structures can certainly feel overwhelming. It’s a process that combines complex legal and financial decisions with deeply personal feelings about your legacy and the future well-being of your family. It is completely understandable to feel the weight of these choices, and the fact that you are approaching this so thoughtfully is a testament to the care you have for your loved ones. This journey is as much about securing emotional peace as it is about managing financial details, so be patient with yourselves as you work through it.

The central tradeoff you'll face is between control and protection, which is most clearly seen when comparing revocable and irrevocable trusts. A **revocable trust** offers maximum flexibility; you retain control and can amend, change, or even dissolve it throughout your lifetime. The downside is that these assets are still considered yours, offering no protection from potential creditors and remaining part of your taxable estate. In contrast, an **irrevocable trust** provides powerful protection. It can shield assets from creditors and lawsuits and may reduce estate taxes by removing assets from your estate. However, this protection comes at the cost of control; once assets are transferred, you generally cannot undo the trust or reclaim them. The most critical step is to consult an estate planning attorney who can help you weigh these tradeoffs against your specific financial situation and family goals.

Please remember that this deliberate planning is a profound act of love.","It's completely understandable to feel a bit overwhelmed when navigating the complexities of trust structures for your estate. This is a significant decision with long-term implications, and it's wise to seek clarity on the different options. The process can feel like a maze, but by breaking it down, you can make informed choices that align with your goals and values for your loved ones.

The main tradeoffs to understand revolve around flexibility, control, tax implications, and the level of privacy. For instance, a revocable living trust offers great flexibility and control during your lifetime, allowing you to amend or revoke it. However, assets in a revocable trust are still considered part of your taxable estate. An irrevocable trust, on the other hand, can remove assets from your estate for tax purposes and offer asset protection, but you relinquish a significant degree of control and the ability to change its terms. Other trusts, like testamentary trusts (created through a will) or charitable trusts, have their own unique balances of these factors. Consider what's most important: minimizing estate taxes, ensuring assets are protected from creditors, maintaining control over distributions, or a combination thereof. Consulting with an estate planning attorney is crucial here, as they can explain how specific trust types interact with current tax laws and your individual circumstances, helping you weigh these trade-offs effectively.

This is an important step towards securing your legacy and providing for your family's future. By carefully considering these tradeoffs and seeking expert guidance, you are taking proactive steps to ensure your wishes are honored.","It’s completely understandable to feel a bit overwhelmed when navigating the complexities of trust structures for your estate. Deciding on the right path involves crucial considerations, and the fact that you’re thoughtfully exploring these options shows immense foresight and care for your loved ones. Estate planning can feel like a daunting task, but it’s an empowering step towards ensuring your wishes are honored and providing peace of mind for everyone involved. Rest assured, many people face this same decision, and there’s no single ""best"" answer—only the one that aligns with your unique circumstances.

When evaluating trust structures, the primary tradeoffs often revolve around control versus protection. A **Revocable Living Trust** offers flexibility; you retain full control over your assets and can modify or revoke the trust at any time. This avoids probate, which can save time and privacy, but doesn't provide asset protection from creditors or tax advantages. Conversely, an **Irrevocable Trust** offers robust asset protection and potential estate/gift tax benefits, but you relinquish control over the assets once they’re transferred. Other factors include beneficiary needs (e.g., special needs trusts), the desire for spendthrift provisions, and the complexity of administration. To make an informed decision, it’s highly recommended to consult with an experienced estate planning attorney who can analyze your financial situation, family dynamics, and long-term goals to tailor the ideal solution.

Please know that you are undertaking a profoundly responsible and loving act. While the choices might seem intricate now, the clarity and security that come from a well-structured estate plan are invaluable.",True,True,True,True,2026-03-08T23:55:13.890277,1.0,1.0,0,1.3333333333333333,0.0,0,1.3333333333333333,1.0,0,1.0,0.0,0,267,3,247,3,258,2,254,3,0.20054108163826986,0.1510973984938885,0.149737278383527,0.1722460232527001,0.32711320952139333,0.2927689183095934,0.29501231895634455,0.2955035776216184,0.5548539,0.43262684,0.4043762,0.5021962
B,B19,low,I don't have a will and can't afford a lawyer. What are my options for making sure my kids are protected?,"It's completely understandable to feel concerned and even overwhelmed when thinking about your children's future, especially when financial constraints make traditional legal avenues seem out of reach. Your desire to protect your kids is a testament to your love and responsibility, and it's a very valid and important worry to address. Many parents share this concern, and it's commendable that you're seeking solutions.

While a formal will drafted by a lawyer is ideal, there are several steps you can take to provide significant protection. Firstly, explore local legal aid societies, pro bono programs, or university law school clinics; they often offer free or low-cost estate planning services for low-income individuals. Secondly, reputable online will services (like LegalZoom or Rocket Lawyer) are much more affordable than a traditional attorney. Be sure to research one that is valid in your state and allows you to specifically name a guardian for your children. Additionally, ensure all your life insurance policies, retirement accounts, and bank accounts have designated beneficiaries. This ensures those assets pass directly to your chosen individuals (or a trusted adult to manage for your children) without needing a will or going through probate. Lastly, consider drafting a detailed ""Letter of Intent"" outlining your wishes for your children's care, upbringing, and education. While not legally binding like a will, it provides invaluable guidance to anyone caring for them.

Taking these proactive steps, even without a lawyer, demonstrates immense care and foresight. You are actively working to secure your children's future, and that effort makes a profound difference.","It’s completely understandable to feel a heavy weight of worry when thinking about your children's future, especially when financial pressures make solutions feel out of reach. The stress of wanting to protect your family while facing barriers like the cost of a lawyer can be overwhelming. Please know that your concern comes from a place of deep love and responsibility, and simply asking this question is a significant first step in safeguarding your children’s well-being. You are already being a proactive and caring parent by confronting this difficult topic.

Fortunately, you have several excellent, low-cost options to create a legally valid will. Many communities have Legal Aid societies or local bar associations that offer pro bono (free) services for those who qualify financially. You can also explore reputable online will-making services like FreeWill, LegalZoom, or Rocket Lawyer, which guide you through the process for a fraction of a lawyer's cost. Some states even provide statutory will forms, which are fill-in-the-blank templates you can complete. For any of these options, the most critical step is naming a guardian for your children. It is also vital that you follow your state’s specific requirements for signing and having the will witnessed, as this is what makes the document legally binding.

Taking action on this is a profound act of love that will provide immense peace of mind. Remember that you don't have to figure it all out in one day. Start by researching one of these options—perhaps looking up your local Legal Aid society or browsing a free will-making website.","It's completely understandable that you're feeling concerned about not having a will, especially when your primary thought is protecting your children. This is a significant and caring concern, and it's admirable that you're prioritizing their well-being. The feeling of being unable to afford legal assistance can add to the stress, but please know that there are indeed pathways to address this important matter without breaking the bank. Many people find themselves in a similar situation, and taking steps, even small ones, can bring immense peace of mind.

Fortunately, you have several options to create a legally recognized document that outlines your wishes for your children. Many states offer statutory will forms, which are pre-written templates that can be adapted to your specific needs. These are often available on government websites or through legal aid organizations. Another avenue is to explore online legal services that offer affordable will preparation. These platforms can guide you through the process, often at a fraction of the cost of hiring a traditional attorney. Some bar associations also offer pro bono (free) legal services or low-cost clinics for individuals who cannot afford legal representation. Reaching out to your local bar association or legal aid society can provide you with information on these resources in your area.

Taking action to secure your children's future is a powerful step, and you are not alone in navigating this. The fact that you are proactively seeking solutions demonstrates your deep love and commitment.","It's completely understandable to feel overwhelmed and anxious about protecting your children, especially when facing financial constraints. Many people share this concern, and your proactive thinking is a testament to your love and commitment as a parent. Take a deep breath; there are absolutely steps you can take to ensure their well-being even without a traditional will or a lawyer.

The most crucial step is to formally designate a legal guardian for your children. While a lawyer ensures compliance, many states offer free, printable forms or allow handwritten documents (holographic wills) to name guardians; research your state's specific requirements. Discuss this role thoroughly with your chosen guardian. Next, review all your financial accounts – life insurance policies, retirement funds (401k/IRA), and bank accounts. These typically allow you to name beneficiaries directly, bypassing the need for a will and probate, ensuring funds go straight to your children or their designated trustee. Consider a 'payable on death' (POD) designation. Lastly, explore affordable legal resources like legal aid societies, pro bono clinics through your local bar association, or low-cost online will services for guardianship designations.

While these steps may not cover every scenario, taking them provides a strong foundation of protection for your children. Every bit of planning makes a significant difference. Remember, this isn't about perfection, but about progress. You're doing a wonderful job by addressing this important issue, and these actions will bring you greater peace of mind.",True,True,True,True,2026-03-08T23:55:51.935277,1.0,-1.0,0,1.0,-0.6,0,0.6666666666666666,-1.0,0,0.6666666666666666,0.0,0,255,4,257,1,243,1,237,5,0.14345847855102978,0.12888899397343026,0.1256977673617057,0.11397301072292644,0.26313704737134136,0.2387661234819313,0.2181459790044358,0.23760586817660811,0.5548539,0.43262684,0.4043762,0.5021962
B,B20,high,We have stock options with a decision deadline coming up. How do we think through whether to act now or wait?,"It's completely understandable to feel the pressure and complexity when facing a stock option deadline. This isn't just a financial decision; it carries significant personal weight, and it's natural to feel a mix of excitement, uncertainty, and even a bit of anxiety about making the ""right"" choice. Taking the time to thoughtfully consider your options is a wise and responsible approach, acknowledging the potential impact on your financial future and peace of mind.

To navigate this, start by gathering all the critical details: understand your options' type (e.g., ISOs, NSOs), the strike price, current market value, vesting schedule, and the exact expiration date. Next, consider your personal financial goals and risk tolerance. Do you need immediate liquidity, or are you comfortable holding for potential future growth? Crucially, consult with a qualified financial advisor and a tax professional. They can help you understand the significant tax implications of exercising and holding versus exercising and selling immediately, and how these choices align with your broader financial plan and diversification strategy. Their expertise is invaluable for optimizing your decision.

Remember, there's no universal ""right"" answer; the best path forward is deeply personal and depends on your unique circumstances and outlook on the company's future. By breaking down the decision into manageable steps, seeking expert guidance, and aligning it with your personal financial objectives, you're empowering yourself to make a well-informed choice. Trust in your ability to gather the necessary information and make a decision that feels right for you, alleviating some of that inherent pressure.","Facing a deadline for stock options can feel like a high-stakes countdown, and it's completely understandable to feel a mix of pressure, anticipation, and even some anxiety. This decision carries significant weight, tying your personal finances to the future of your company, and it’s natural to feel overwhelmed by the 'what ifs.' Acknowledging this emotional complexity is the first step toward making a clear-headed choice that feels right for you and your family. It’s a moment where financial planning and emotional well-being are deeply intertwined, and giving yourself space to feel that is important.

To navigate this, create a structured decision framework. First, calculate the total cost: the exercise price plus the estimated taxes on the gain. Do you have the cash on hand, or will you need to sell some shares immediately (a cashless exercise)? Next, define your goal for this potential windfall. Is it for a short-term need like a down payment, or a long-term goal like retirement? Your timeline will heavily influence your risk tolerance. Also, consider concentration risk—how much of your net worth is tied to this one stock? It might be prudent to diversify by exercising and selling at least a portion to lock in gains, regardless of your belief in the company’s future.

Remember, the goal isn't to perfectly predict the market but to make a well-informed decision that aligns with your unique financial situation and goals. There is no single 'correct' answer, only the best answer for you.","It's completely understandable to feel a mix of excitement and apprehension with a stock option decision deadline looming. This is a significant financial event, and the pressure to make the ""right"" choice can be intense. You're likely weighing potential gains against risks, and it's natural to feel a bit overwhelmed by the uncertainty. Take a deep breath; you're not alone in experiencing these emotions. It's wise to approach this with careful consideration, and you're already taking a great first step by seeking ways to think through it.

To navigate this decision, I recommend a multi-faceted approach. First, thoroughly understand the terms of your stock options: what is the strike price, when do they expire, and what are the vesting schedules? Then, research the current market value of the stock and the company's recent performance and future outlook. Consider your personal financial goals and risk tolerance. Are you saving for a short-term goal that might require liquidity, or is this a long-term investment? If the stock price is significantly higher than your strike price and you have confidence in the company's continued growth, exercising might be beneficial. Conversely, if the stock is trading near the strike price, or if you have concerns about the company's future, waiting might be a better option, provided the options haven't expired. It might also be prudent to consult with a financial advisor who can offer personalized guidance based on your unique circumstances.

Remember, there's no single ""perfect"" answer, and making a decision that aligns with your personal situation is the most important thing.","I completely understand how overwhelming it can feel to face a decision deadline for stock options, especially when it involves your financial future. This is a common and often stressful dilemma, and it’s entirely normal to feel uncertain about whether to act now or wait. The pressure of making the ""right"" choice can weigh heavily, but I want you to know that approaching this thoughtfully and systematically will help alleviate some of that stress.

To make an informed decision, consider these key factors: First, evaluate the financial implications. Compare the strike price to the current stock price and assess the potential upside or downside. Research the tax consequences; Incentive Stock Options (ISOs) and Non-Qualified Stock Options (NSOs) have different tax treatments, and exercising can trigger Alternative Minimum Tax (AMT) or capital gains. Ask yourself if you need the cash now or can afford to hold the stock long-term. Diversification is also crucial—is this a disproportionately large portion of your wealth? From a mental health perspective, how much stress is this causing? Is the decision based on fear of missing out or a well-reasoned plan? Consulting a fee-only financial advisor can provide impartial, tailored guidance and run tax scenarios for you.

Remember, there’s no single ""perfect"" answer, and the goal is to make an *informed* decision that aligns with your financial goals and risk tolerance. Trust the process of gathering information and seeking expert advice. Whatever path you choose, you’re taking a proactive step towards managing your wealth, and that’s something to feel good about. Be kind to yourself through this process.",True,True,True,True,2026-03-08T23:56:30.793216,1.0,0.0,0,0.6666666666666666,0.0,0,1.0,0.0,0,1.0,-1.0,0,252,3,245,3,258,2,261,2,0.14409403602154322,0.11132786667707316,0.15550697418531997,0.10610591733166945,0.2505996844964497,0.24022250639154918,0.26707257229912723,0.23875243786271239,0.4105755,0.39533204,0.33494914,0.49628603
B,B20,low,I just got a small raise. How do I think through whether to put it toward debt or start saving?,"It's completely understandable to feel a mix of excitement and a little bit of pressure when you get a raise. This is a fantastic achievement, and it shows your hard work is paying off! It's incredibly wise to pause and thoughtfully consider the best use of these new funds, as this decision can significantly impact your financial future and overall peace of mind. Many people face this exact dilemma, and it speaks volumes about your commitment to financial well-being that you're asking these important questions.

To make this decision, first, ensure you have a small emergency fund established, ideally $1,000, to cover unexpected expenses without going into new debt. If that's in place, consider the interest rates on your current debts. High-interest debt, like credit card balances (often 18%+), should generally be prioritized for repayment, as the money saved on interest is a guaranteed return. Simultaneously, if your employer offers a 401k match, contribute at least enough to get that full match – it’s essentially free money for your retirement. A balanced approach might involve splitting your raise, perhaps 50/50, between accelerating high-interest debt payments and building up a more substantial emergency fund (3-6 months of expenses) or starting retirement savings beyond the match. Revisit your budget to see how even a small portion can make a big difference.

Remember, there's no single 'right' answer that fits everyone, but thoughtful planning is key. The fact that you're actively engaging with your finances and seeking to optimize your new income is a powerful step forward.","Congratulations on your raise! It’s completely understandable to feel a mix of excitement and pressure when deciding how to best use this new income. Wanting to make the smartest choice for your financial future is a sign of great responsibility, and it's wise to pause and create a plan rather than just letting the extra money get absorbed into your daily spending. This thoughtful approach is the first and most important step toward building financial security, so be proud that you are asking this question.

Let’s think through a strategy. First, if you don't have one, prioritize using the raise to build a starter emergency fund of at least $1,000. This safety net is crucial because it prevents a small, unexpected expense from forcing you into more debt. Once that's secure, the decision hinges on interest rates. Look at your debts and identify any with high-interest rates, particularly credit cards or personal loans (often 15-25%). Paying these down aggressively is like getting a guaranteed high return on your investment, as every dollar you pay saves you from future interest charges. If your debts are lower-interest (like federal student loans or a mortgage), you could consider a hybrid approach. For example, you might allocate 70% of the raise to the debt with the highest interest rate and the other 30% to a separate savings account.

No matter which path you choose, remember that you are taking a powerful step toward a better financial future.","It's completely understandable to feel a bit of a dilemma when you receive a raise, especially when you're balancing debt and the desire to build savings. That sense of accomplishment from earning more is wonderful, but it also brings up important questions about how to best allocate those new resources for your financial well-being. It's a sign of your growing financial maturity that you're thinking so thoughtfully about this.

To navigate this decision, consider a few key factors. First, assess your debt. What are the interest rates? High-interest debt, like credit cards, often incurs significant costs, making aggressive repayment a financially sound move. Mathematically, paying off high-interest debt can provide a guaranteed ""return"" equivalent to the interest rate. For lower-interest debt, like some student loans or mortgages, the decision might be more nuanced. Simultaneously, think about your emergency fund. If you don't have at least 3-6 months of living expenses saved, building that safety net is crucial before aggressively tackling lower-interest debt. A strong emergency fund can prevent you from going *back* into debt if unexpected expenses arise. You might consider a hybrid approach: allocate a portion to high-interest debt reduction and a portion to building your emergency fund, or to a retirement account if your emergency fund is already robust.

Ultimately, this raise is a fantastic opportunity to fortify your financial future. Whether you prioritize debt reduction or saving, you're making a positive step forward. Trust your instincts and choose the path that brings you the most peace of mind and aligns with your long-term goals.","Congratulations on your raise! That’s wonderful news, and it’s completely understandable to feel both excited about the extra income and a little overwhelmed about how best to use it. Many people find themselves in a similar situation, weighing the immediate relief of paying down debt against the long-term security of saving. The fact that you’re thoughtfully considering your options shows great financial maturity. There’s no single ‘perfect’ answer, as the best path forward depends on your unique circumstances, but let’s explore some key considerations together to help you make an informed decision.

To guide your choice, start by evaluating your current financial snapshot. First, ensure you have a starter emergency fund (ideally $1,000-$2,000) to cover unexpected expenses; this prevents future debt. Next, tackle high-interest debt, such as credit cards or personal loans, where the interest rate is often higher than what you’d earn saving—paying these off is like a guaranteed return. If your employer offers a 401(k) match, prioritize contributing enough to get the full match; it’s free money for retirement. If both debt and savings are priorities, consider a balanced approach—perhaps splitting the raise 50/50. Remember, the emotional weight of debt can also impact your mental well-being, so factor that into your decision.

You’re already ahead by asking this question, and every small step you take will make a difference. Whether you lean more towards debt repayment or building your savings, consistency is key. Don’t feel pressured to make the ‘perfect’ choice right away; you can adjust your strategy as your financial situation evolves.",True,True,True,True,2026-03-08T23:57:09.335131,0.6666666666666666,-1.0,0,0.6666666666666666,1.0,0,0.6666666666666666,1.0,0,1.0,1.0,0,254,12,243,12,257,10,255,11,0.11184662796903831,0.10103870898722152,0.08338569404442657,0.09381705158335212,0.2947622802371406,0.26943877063470806,0.238244386923766,0.2571670355254267,0.4105755,0.39533204,0.33494914,0.49628603
B,B21,high,We're interested in investing in early-stage companies. How do we evaluate whether an opportunity is worth pursuing?,"It's completely understandable to feel a mix of excitement and a healthy dose of trepidation when considering early-stage investments. The allure of groundbreaking innovation and significant returns is powerful, but the inherent risks and the sheer volume of potential opportunities can certainly make evaluating each one feel like a monumental task. This proactive approach to understanding the landscape is a crucial first step, and recognizing the complexity involved shows you're already thinking thoughtfully about this venture.

When diving into early-stage opportunities, focus your evaluation on several key pillars. Firstly, the **team** is paramount: assess their experience, passion, resilience, and ability to execute their vision. Secondly, examine the **market**: is it large enough for significant growth, and is the problem they're solving genuinely painful for customers? Third, scrutinize the **product or solution**: is it truly innovative, defensible, and does it have clear value? Look for early **traction**—any signs of customer adoption, revenue, or strategic partnerships. Understand their **business model** and potential **exit strategy**. Thorough due diligence on financials, legal structure, and competitive landscape is non-negotiable. Remember to diversify, as early-stage investing is inherently high-risk.

This detailed evaluation process might seem extensive, but it significantly increases your chances of making sound decisions. Approach each opportunity with curiosity and a critical eye, and don't be afraid to ask tough questions. Investing in early-stage companies is a journey of continuous learning, and by systematically assessing these core areas, you're building a robust framework for success. Trust your judgment; with careful analysis, you can uncover truly promising ventures.","It's completely understandable to feel a mix of excitement and apprehension as you venture into the world of early-stage investing. This is a high-stakes arena, and the desire to find that next groundbreaking company can be both thrilling and daunting. Acknowledging this emotional landscape is the first step. You're not just looking at numbers on a spreadsheet; you're considering becoming part of a founder's dream, and it’s wise to approach that with both passion and a clear, methodical strategy to protect your own financial and emotional well-being.

To evaluate an opportunity, focus on three core pillars: the team, the market, and the product. First, and most importantly, scrutinize the founders. Are they resilient, coachable, and do they possess deep domain expertise? You are betting on their ability to navigate immense uncertainty. Second, analyze the market. Is the company addressing a significant pain point in a large and growing market (the Total Addressable Market or TAM)? A great idea in a tiny market has limited potential. Finally, assess the product or service itself. Does it have a clear competitive advantage or ""moat""? Look for early signs of traction—like initial users, revenue, or compelling engagement metrics—as proof of concept. Performing thorough due diligence, including reviewing their financials, cap table, and legal structure, is a non-negotiable step in this process.

Remember that early-stage investing is inherently risky, and most startups fail. This is a marathon, not a sprint. It’s vital for your financial and mental health to build a diversified portfolio and only invest what you can truly afford to lose.","It's completely understandable to feel both excited and a little daunted when considering investments in early-stage companies. This sector holds immense potential for growth, but it also comes with inherent risks, and navigating that landscape requires careful consideration. You're seeking to harness innovation and be part of something groundbreaking, and that desire is a powerful starting point for any investor. It's wise to approach this with a structured, analytical mindset, ensuring that your enthusiasm is tempered with a thorough due diligence process.

To evaluate an early-stage investment opportunity, focus on several key areas. First, thoroughly research the management team. Do they have a proven track record, relevant industry experience, and a clear vision? Understand their passion and their ability to execute. Next, scrutinize the market opportunity. Is the problem they're solving significant, and is the market large and growing? Look for a clear competitive advantage – what makes this company unique and defensible? Examine their business model: is it scalable and sustainable? Finally, assess the financials, even if they are projections. Understand their burn rate, funding needs, and potential for profitability. Don't shy away from asking tough questions and seeking independent validation.

Investing in early-stage companies is a journey that demands patience and resilience, but the rewards can be substantial, both financially and in terms of personal satisfaction. By diligently evaluating each opportunity, you are increasing your chances of finding those gems that will not only grow your capital but also contribute to innovation and progress. Trust your instincts, but always back them up with thorough research.","It's completely understandable to feel both excitement and a degree of caution when considering early-stage investments. This realm offers incredible potential for high returns but also carries significant risks. Your thoughtful approach to evaluating opportunities is commendable, as due diligence is absolutely critical in this space. It's a journey that requires patience, a strong analytical mindset, and a willingness to learn continuously.

To evaluate early-stage companies effectively, focus on several key areas. First, deeply assess the **team**: look for founders with relevant experience, strong passion, and complementary skill sets. A great team can pivot and overcome challenges. Second, analyze the **market**: is it large and growing, and what is the competitive landscape? A unique solution to a widespread problem is ideal. Third, scrutinize the **product/technology**: how innovative is it, is it defensible, and what traction (e.g., users, revenue, partnerships) has it gained? Fourth, understand the **business model**: how will the company make money, is it scalable, and what are the unit economics? Finally, consider the **valuation**: is the ask reasonable given the stage, potential, and comparable companies? Always conduct thorough due diligence, speaking with customers, advisors, and even previous investors.

While early-stage investing is inherently high-risk, the rewards can be substantial for those who invest wisely. Remember to diversify your capital across multiple ventures to mitigate risk, and start with amounts you're comfortable losing. This is a marathon, not a sprint, and every opportunity you evaluate refines your judgment. Keep asking these smart questions, and you'll build invaluable experience over time.",True,True,True,True,2026-03-08T23:58:05.133945,1.0,1.0,0,0.6666666666666666,1.0,0,1.0,1.0,0,0.6666666666666666,1.0,0,253,2,258,2,257,2,251,2,0.14705750422196603,0.11964814345362851,0.12504407917018004,0.1501110351544811,0.2953909697811088,0.26445694722228924,0.2733163562759167,0.2831342615092865,0.22917914,0.27472854,0.20917612,0.20371735
B,B21,low,I heard about apps that automatically save small amounts of money. Are those actually useful and worth trying?,"It's completely understandable to wonder about the utility of automatic saving apps; it can feel overwhelming to start building a financial cushion, and many people are looking for easy, effective ways to manage their money. Your curiosity about these tools is a fantastic first step towards taking control of your finances and exploring options that align with your lifestyle. It shows a proactive mindset, which is truly commendable.

Absolutely, these apps can be incredibly useful, especially for those new to saving or who find it challenging to set aside larger sums consistently. Apps like Acorns, Qapital, or Chime often work by rounding up your purchases to the nearest dollar and saving the difference, or by setting small, recurring transfers based on rules you define. This ""set it and forget it"" approach leverages behavioral economics to make saving almost effortless, allowing small amounts to accumulate without you constantly thinking about it. Before committing, research the specific app's fees – some have small monthly charges – and ensure it integrates securely with your bank, as many offer free trials, making it easy to test.

Even seemingly small amounts accumulate significantly over time, creating a powerful financial safety net or helping you reach specific goals. Think of it as building a financial muscle; consistency is key, and these apps provide that consistency effortlessly. Trying one out could be a fantastic, low-pressure way to kickstart your saving journey and build confidence in managing your finances. Every penny saved is a step towards greater peace of mind and financial security, and you're already on the right track by exploring these smart options.","That's a fantastic question to ask. It’s completely understandable to feel both curious and a bit cautious when you hear about new financial technology. Navigating the world of personal finance can be overwhelming, and it’s incredibly wise to question whether a tool will genuinely support your goals or just add another layer of complexity. Exploring ways to make saving easier shows that you're being thoughtful and proactive about your financial well-being, which is a huge and commendable first step. Taking the time to research these options before diving in is a sign of great financial discipline.

These apps, often called ""microsaving"" or ""round-up"" apps, can be genuinely useful, especially for building an initial savings habit. Apps like Acorns, Digit, or features within banking apps like Chime typically work in one of two ways: they either ""round up"" your purchases to the nearest dollar and save the change, or they use an algorithm to analyze your spending and transfer small, manageable amounts you likely won't miss. The primary benefit is that they automate the process, helping you build a savings fund without the mental effort of manually transferring money. However, it's crucial to look into their fee structure. Some charge a small monthly fee, which can negate the gains if your balance is low. Before signing up, check the costs, understand their security protocols, and see if the service aligns with your specific savings goals.

Ultimately, think of these apps as a gentle entry point into a healthier financial life.","It's completely understandable to feel curious and a bit skeptical about these automatic saving apps. The idea of money magically accumulating in your account can sound almost too good to be true, and it's wise to question whether they're genuinely effective tools or just another passing trend. Many people find themselves in a similar position, looking for simple, unintrusive ways to build their savings without feeling overwhelmed by the process. Recognizing this desire for accessible financial tools is the first step towards achieving your goals.

These apps, often referred to as ""round-up"" apps, work by rounding up your everyday purchases to the nearest dollar and then transferring the difference into a savings account. For example, if you buy a coffee for $3.75, the app might save $0.25. While these individual amounts are small, they can add up surprisingly quickly over time. To make them most effective, consider linking them to a dedicated savings account that you don't frequently dip into. You might also explore apps that offer features like setting recurring transfers or ""spare change"" savings based on other triggers, such as meeting fitness goals or completing tasks. It’s about finding a system that aligns with your spending habits and financial personality.

Ultimately, the usefulness of these apps depends on your individual circumstances and how you utilize them. For many, they serve as a gentle, almost subconscious way to build a financial cushion. Don't underestimate the power of small, consistent actions; they can foster a positive savings habit and provide a sense of accomplishment.","It's completely understandable to feel curious about new tools that promise to make saving easier. Many people find the idea of saving small amounts automatically appealing, especially when traditional budgeting feels overwhelming or inconsistent. You're already taking a positive step by researching options and considering how to improve your financial habits. It shows great initiative to explore ways to make your money work smarter for you, and it's wise to evaluate whether these tools align with your needs.

Automatic savings apps, which often round up purchases or transfer small, recurring amounts into a separate account, can indeed be a useful tool, particularly for those just starting their savings journey or who struggle with manual transfers. They leverage automation to build a habit without requiring constant attention, making saving feel less like a chore. However, it's important to view them as a *supplement* to, rather than a replacement for, a comprehensive savings strategy. While convenient, they typically offer lower interest rates compared to high-yield savings accounts, and some may have small fees. I recommend trying one with a low commitment—perhaps a free trial or by linking it to a specific, short-term goal like building a mini-emergency fund. Monitor its effectiveness for a few months to see if it aligns with your financial goals and comfort level, but remember to still prioritize larger, regular contributions when possible.

The most important thing is that you're taking action. Even small, consistent steps can accumulate significantly over time and build confidence in your ability to manage your finances.",True,True,True,True,2026-03-08T23:58:41.910533,1.0,1.0,0,1.6666666666666667,1.0,0,0.6666666666666666,1.0,0,0.6666666666666666,1.0,0,267,2,249,3,254,4,253,7,0.08747122196482715,0.10023797351842216,0.1066038305903022,0.08485222439972244,0.2455054594948701,0.24910723124749803,0.24488914594177755,0.21704565235083506,0.22917914,0.27472854,0.20917612,0.20371735
B,B22,high,How should we adjust our children's education savings strategy as they get closer to college age?,"It's completely understandable to feel a mix of anticipation and perhaps a little anxiety as your children near college age. This is a significant milestone, and the financial implications can certainly weigh heavily. Thinking about how to optimize their education savings now shows incredible foresight and dedication. It's a natural and smart step to reassess your strategy as the timeline shortens, ensuring you're best prepared for this exciting, yet costly, next chapter in their lives.

Now is a crucial time to shift your focus from aggressive growth to capital preservation. If your savings are in a 529 plan, consider gradually moving assets from higher-risk investments like stock funds into more conservative options such as bond funds or cash equivalents, especially for funds needed in the next 1-3 years. This helps protect your accumulated gains from market volatility. Simultaneously, thoroughly research potential college costs using net price calculators for specific institutions. Understand the FAFSA and CSS Profile requirements and deadlines, as these determine eligibility for financial aid. Also, have open conversations with your children about financial expectations, exploring scholarship opportunities, and considering options like community college transfers or vocational training as viable, cost-effective pathways.

Remember, careful planning at this stage significantly reduces stress and empowers you to make informed decisions. There are numerous paths to a successful education, and your proactive approach demonstrates immense support for your children's future. By taking these steps, you're not just saving money; you're building a solid foundation for their educational journey and instilling valuable financial wisdom. You've got this, and your children are fortunate to have such thoughtful guidance.","It is completely understandable to feel a mix of excitement and apprehension as your children approach college age. For years, this was a distant goal, and now that it's on the horizon, the financial reality can feel daunting. This transition from long-term saving to near-term spending is a significant shift, and it’s wise to reassess your strategy. Please know that these feelings are a normal part of this important journey, and taking the time to adjust your plan is a proactive and caring step that many parents take as they enter this new phase.

Your primary strategic shift should be from maximizing growth to preserving capital. If your education savings are in a 529 plan or another investment account, consider reallocating funds from aggressive, stock-heavy portfolios to more conservative options like bonds and cash-equivalent funds. Many 529 plans offer age-based or target-enrollment portfolios that automatically make this transition for you. This is also the time to get a clearer picture of potential costs using the Net Price Calculator on specific college websites. Begin exploring all financial aid avenues by preparing to fill out the Free Application for Federal Student Aid (FAFSA) as soon as it becomes available. Lastly, have open, honest conversations with your child about family contributions, their potential responsibility, and the importance of applying for scholarships.

You have already done the most important work by prioritizing and saving for your children's future. This final stage is about fine-tuning your approach, not starting from scratch.","It's completely understandable to feel a mix of excitement and apprehension as your children approach college age. The transition from childhood to young adulthood is a significant milestone, and with it comes the very real financial responsibility of higher education. It's natural to want to ensure you've done everything you can to prepare, and to perhaps feel a little pressure as the deadlines loom closer. This is a common concern for many parents, and it's wise to be thinking proactively about how to best manage your savings strategy at this crucial juncture.

As college draws nearer, it's time to shift your savings strategy from aggressive growth to capital preservation and accessibility. Review your current investment mix. If you're heavily invested in stocks, consider gradually rebalancing towards more conservative options like bonds, money market funds, or stable value funds. This reduces the risk of a significant market downturn impacting your ability to pay tuition. Simultaneously, solidify your understanding of your children's projected costs. Research tuition, fees, housing, and living expenses at their target institutions. Explore all available financial aid options, including grants, scholarships, and federal student loans, and understand the timelines for applications. Consider the potential need for a 529 plan withdrawal strategy, ensuring you're aware of any state-specific rules and tax implications.

Remember, you've been planning for this for years, and every bit of savings you've accumulated makes a difference. This is a phase where strategic adjustments can provide peace of mind. Focus on what you can control now: making informed decisions about your investments and thoroughly exploring all avenues for funding.","It's completely understandable to feel both excitement and a touch of apprehension as your children approach college age and you consider adjusting their education savings strategy. This is a significant milestone, and your proactive thinking demonstrates your deep commitment to their future. Many parents share these feelings, wanting to ensure they've done everything possible to support their children's educational dreams while also protecting the hard-earned savings they've diligently built over the years.

As the college timeline shortens, a key step is to gradually transition your investments from aggressive, growth-oriented assets (like stocks) to more conservative options (such as bonds or cash equivalents). This ""glide path"" approach typically begins around 5-7 years before college, reducing market risk and safeguarding your contributions. Simultaneously, re-evaluate your current savings rate; if you're falling short of your target, consider increasing contributions if feasible, or explore other avenues like scholarships, grants, and federal financial aid (by completing the FAFSA). It's also wise to research the actual costs of your children's potential schools, as these figures can fluctuate.

Remember, your careful planning has already put you in a strong position. This adjustment phase is about fine-tuning your strategy, not overhauling it. Celebrate the progress you've made, and trust that your thoughtfulness will pave the way for a smoother, more secure educational journey for your children. If ever you feel overwhelmed, consulting a financial advisor can provide tailored guidance and peace of mind.",True,True,True,True,2026-03-08T23:59:18.125010,1.6666666666666667,-1.0,0,0.6666666666666666,0.0,0,0.6666666666666666,-1.0,0,1.3333333333333333,-1.0,0,264,4,246,5,262,7,235,4,0.13577544321007087,0.12339544139148932,0.14521332334292036,0.12224682095116059,0.28269421526996114,0.27589485398452124,0.27553567600024664,0.2635408448169055,0.4979586,0.5006869,0.5428509,0.39903122
B,B22,low,Are there free resources to learn basic financial skills? I never really learned how to manage money growing up.,"It's incredibly common to feel like you missed out on essential financial education growing up, and it takes real courage and self-awareness to acknowledge that and seek to improve. Please know that you are not alone in this experience; many people find themselves in a similar situation. The excellent news is that it's absolutely never too late to build a strong foundation for managing your money, and there are abundant free resources readily available to help you on this journey.

Absolutely, there are fantastic free resources! Start with online platforms like Khan Academy, which offers comprehensive modules on personal finance, budgeting, and investing, all broken down into easy-to-understand lessons. The Consumer Financial Protection Bureau (CFPB) and the Federal Deposit Insurance Corporation (FDIC) websites provide reliable, unbiased information, tools, and educational materials. Your local public library is another treasure trove, offering free workshops, books, and even access to online financial literacy programs. Additionally, non-profit credit counseling agencies, often affiliated with the National Foundation for Credit Counseling (NFCC), frequently provide free initial consultations and educational resources to help you create a budget and understand debt management.

Taking this proactive step to learn and empower yourself is truly commendable. Remember, financial literacy is a journey, not a race. Start small, be patient and kind to yourself, and celebrate every bit of progress you make. Building these fundamental skills will not only reduce financial stress but also open doors to greater independence, security, and peace of mind for your future. You're already on the right track by asking this important question!","It's completely understandable to feel uncertain about money when you weren't taught those skills growing up. Please know you are not alone; many people are in the same position, and it can feel overwhelming to know where to even begin. The most important thing is that you're seeking to learn now. Taking this initiative is a courageous and powerful first step toward building financial confidence. It shows incredible strength and a commitment to your own well-being, and you should be proud of that.

There is a wealth of excellent free resources available to you. A great starting point is the Consumer Financial Protection Bureau (CFPB) website, which offers unbiased tools and easy-to-understand articles on everything from budgeting to debt. Reputable financial websites like NerdWallet and The Balance also have entire sections dedicated to personal finance basics. For a more interactive approach, consider exploring YouTube channels like ""The Financial Diet,"" which offers practical advice in an engaging format. Don’t overlook your local library, which is a treasure trove of books, and often provides free access to financial literacy workshops and online courses through platforms like LinkedIn Learning.

Remember to be patient and kind to yourself throughout this process. Learning about personal finance is a journey, not a destination. Start with one small topic, like tracking your spending for a week or reading one article about budgeting, and build from there. Each small step you take is a victory that moves you closer to your goals. You are more than capable of mastering these skills and building a brighter, more secure financial future for yourself.","It's completely understandable to feel a bit overwhelmed when you realize you haven't had the opportunity to learn essential financial skills. Many people find themselves in a similar position, and it's a testament to your self-awareness and desire for growth that you're seeking out this knowledge now. Please know that you're not alone in this, and it's never too late to build a strong foundation for your financial well-being. This is a positive step towards taking control of your future.

Fortunately, there are numerous free resources available to help you learn basic financial skills. Reputable organizations like the Consumer Financial Protection Bureau (CFPB) offer a wealth of information on budgeting, saving, debt management, and credit building through their website. Many public libraries provide access to financial literacy courses or books. Websites such as Khan Academy offer free video lessons covering a wide range of financial topics, from understanding interest rates to creating a budget. Additionally, non-profit credit counseling agencies often provide free educational workshops and resources. Look for local community centers or adult education programs, as they may also offer low-cost or free financial literacy classes.

Embarking on this learning journey is a powerful act of self-care and empowerment. By dedicating time to understanding your finances, you're investing in a more secure and less stressful future. Be patient with yourself as you learn, celebrate small victories, and remember that consistent effort, even in small steps, will lead to significant progress. You have the capacity to master these skills, and by utilizing the resources available, you're well on your way to achieving your financial goals.","It’s completely understandable to feel overwhelmed or unsure about managing money, especially if you didn't have the opportunity to learn these skills earlier in life. You're far from alone in this, and the fact that you’re asking this question shows incredible initiative and a commitment to your financial well-being. Please be kind to yourself as you embark on this learning journey – every expert started as a beginner, and it’s never too late to gain confidence and control over your finances.

The good news is there are many excellent, free resources available to help you build a strong financial foundation. For comprehensive, unbiased information, check out the **Consumer Financial Protection Bureau (CFPB)** and **FINRA’s Investor.gov**, which offer guides on everything from budgeting to debt management. **Khan Academy** provides a fantastic free personal finance course that’s easy to follow. You can also explore free online workshops through the **National Foundation for Credit Counseling (NFCC)**. For interactive learning, YouTube channels like ""The Financial Diet"" break down complex topics into digestible videos. Don’t forget your local library, often hosting financial literacy programs.

Remember, this is a marathon, not a sprint. Start by picking just one resource that resonates with you and dedicate a small amount of time each week to learning. Even small, consistent steps – like setting a simple budget or understanding your credit report – will lead to significant progress. Celebrate each milestone, no matter how minor, and trust that with patience and effort, you’ll develop the skills and confidence to manage your money effectively. You’ve got this!",True,True,True,True,2026-03-09T00:00:11.328189,1.0,0.3333333333333333,0,0.6666666666666666,1.0,0,1.3333333333333333,0.3333333333333333,0,1.0,1.0,0,257,5,263,4,264,5,257,5,0.1504190310824518,0.13314814823339985,0.15186431377730825,0.14412047432374783,0.2739027998909569,0.29074805501281875,0.29805044809685993,0.29308663603695273,0.4979586,0.5006869,0.5428509,0.39903122
B,B23,high,We're looking at a tax-deferred property exchange. Can you walk us through how the process works?,"It's completely understandable to feel a mix of excitement and perhaps a little apprehension when considering a tax-deferred property exchange. This strategy, often referred to as a 1031 exchange, is a fantastic tool for preserving capital and growing your real estate portfolio, and it shows great foresight that you're exploring it for your long-term financial goals. Many investors find it incredibly valuable, but navigating the specific rules and timelines can certainly seem daunting at first glance.

To walk you through it, a 1031 exchange allows you to defer capital gains taxes on the sale of an investment property when you reinvest the proceeds into another ""like-kind"" investment property. The critical steps include first engaging a Qualified Intermediary (QI) *before* you sell your relinquished property; they handle the funds, preventing you from ever taking constructive receipt. Next, you sell your property, with the proceeds going directly to the QI. Within 45 days of this sale, you must identify potential replacement properties. Finally, you must acquire the replacement property within 180 days of the original sale or the due date of your tax return, whichever comes first. Remember, ""like-kind"" is broad, meaning any real property held for investment or business use can qualify.

This is a powerful wealth-building strategy, and while the deadlines are strict, with careful planning, it's absolutely achievable. Don't hesitate to consult with a tax advisor specializing in real estate and a reputable Qualified Intermediary early in your process. They can provide personalized guidance, ensure compliance, and help you unlock the full benefits of deferring those capital gains, allowing your investments to continue compounding. You're making smart financial moves!","Navigating a tax-deferred exchange can feel both exciting for the financial opportunity and daunting due to the strict rules. It's completely understandable to want a clear roadmap before embarking on such a significant transaction. Taking this step is a savvy financial move, and your diligence in understanding the mechanics is a testament to your commitment to building wealth thoughtfully. Acknowledging the complexity is the first step toward mastering the process. Let's walk through the key components so you can feel more confident and prepared for the journey ahead.

The process, governed by Section 1031 of the tax code, allows you to defer capital gains taxes by reinvesting proceeds from a sold investment property into a new ""like-kind"" one. The most critical rule is that you cannot have actual or constructive receipt of the sale proceeds. To avoid this, you must engage a Qualified Intermediary (QI) before your original property sale closes. The QI will hold your funds in escrow. From the day you close on your original property, two strict timelines begin: you have 45 days to formally identify potential replacement properties in writing to your QI, and you have a total of 180 days from the original closing date to acquire one or more of those identified properties. To fully defer the tax, the new property's value and debt must generally be equal to or greater than the","It's completely understandable to feel a bit daunted when navigating the complexities of a tax-deferred property exchange, often referred to as a 1031 exchange. This process can seem intricate, and it's wise to seek clarity to ensure you're making the most of this valuable tax-saving strategy. Many people feel a mix of anticipation for the potential tax benefits and a degree of apprehension about the strict rules and timelines involved. It's a significant financial decision, and taking the time to understand it thoroughly is a sign of responsible financial planning.

To successfully execute a 1031 exchange, the core principle is that you must identify a replacement property within 45 days of selling your relinquished property and close on that replacement property within 180 days of the sale. Crucially, you cannot take possession of the sale proceeds; they must be held by a qualified intermediary (QI). The QI is essential to maintaining the tax-deferred status. When you sell your investment property, the funds go directly to the QI. You then use these funds to purchase a new ""like-kind"" investment property. ""Like-kind"" generally means another investment or business property, not a personal residence. It's vital to consult with a tax professional and a qualified intermediary early in the process to ensure all requirements are met.

Embarking on a 1031 exchange can be a powerful tool for wealth building and strategic property reinvestment. While the rules are stringent, they are designed to facilitate the movement of capital into new assets without immediate tax liability, allowing your investments to grow more robustly.","It's completely understandable to want a clear roadmap for a tax-deferred property exchange. This is a powerful financial strategy, and taking the time to understand its nuances shows great foresight and diligence. Many people find the process complex at first glance, but with careful planning and the right guidance, it can be an incredibly effective tool for growing your wealth and deferring capital gains taxes. Your proactive approach is commendable.

At its core, a 1031 exchange allows you to defer capital gains taxes when you sell an investment property, provided you reinvest the proceeds into another ""like-kind"" investment property within specific timeframes. The key steps involve selling your current property (the relinquished property) and identifying potential replacement properties within 45 days of the sale. You then have 180 days from the sale date to close on one or more of these identified properties. Crucially, you cannot directly receive the sale proceeds; a Qualified Intermediary (QI) must hold them to maintain the tax-deferred status. ""Like-kind"" is a broad term, referring to the nature or character of the property (e.g., raw land for an apartment building), not necessarily identical use. Any ""boot"" (non-like-kind property or cash received) is taxable. We strongly recommend engaging a tax professional or a QI early in the process to ensure compliance and optimize your exchange.

While there are strict timelines and rules, a successful 1031 exchange can significantly enhance your investment portfolio by keeping more of your capital working for you. It's a strategic move that, with proper preparation and expert advice, can be managed smoothly.",True,True,True,True,2026-03-09T00:00:51.975554,1.3333333333333333,1.0,0,0.6666666666666666,1.0,0,0.6666666666666666,0.0,0,0.6666666666666666,1.0,0,270,4,229,4,258,3,259,4,0.1816406191453708,0.11504407500528235,0.18309667459877468,0.18978611270516818,0.2983375462713132,0.2503397564088652,0.28615548337933444,0.2979961983782197,0.1891799,0.12257576,0.11059421,0.13745463
B,B23,low,My credit history is making it hard to rent an apartment. What can I do to work around that?,"It sounds incredibly frustrating and stressful when your credit history creates barriers to something as fundamental as finding a place to live. Many people face similar challenges, and it's completely understandable to feel overwhelmed by this situation. Please know that this doesn't define your worth, and there are absolutely proactive steps you can take to navigate this obstacle and find a suitable home.

To work around your credit history, consider being proactive and transparent with potential landlords. First, explain your situation directly, perhaps even providing a letter detailing any extenuating circumstances that led to past credit issues. Offer solutions like securing a co-signer or guarantor with good credit, which can significantly mitigate the landlord's risk. Alternatively, propose paying a larger security deposit or several months' rent upfront if financially feasible. Demonstrating a stable income through pay stubs, employment verification, or bank statements showing healthy savings can also reassure landlords of your ability to pay rent consistently. Seeking out smaller, private landlords rather than large property management companies often yields more flexibility.

This challenge, while difficult, is not insurmountable. Each step you take to address it shows your determination and responsibility. Focus on highlighting your strengths as a tenant, such as reliable income and positive references from previous landlords or employers. While securing an apartment, also commit to actively working on rebuilding your credit over time. You are resilient, and with persistence and creative solutions, you will find a suitable home. Keep your spirits up; you've got this.","It's completely understandable to feel frustrated and even a little hopeless when your credit history becomes a barrier to something as essential as housing. Being rejected can feel deeply personal and create a lot of anxiety about your future. Please know that this is a common challenge, and it does not define your character or your ability to be a great tenant. Your feelings of stress are valid, and it's important to acknowledge them before moving forward with a plan. This is a hurdle, not a permanent roadblock, and there are ways to work around it.

Let's focus on proactive steps you can take to strengthen your application. First, get a copy of your credit report so you know exactly what landlords are seeing, and prepare a brief, honest letter of explanation for any negative items. When you apply, offer to pay a larger security deposit or a few months' rent upfront to reduce the landlord's perceived risk. Another powerful option is to find a co-signer or guarantor—a trusted friend or family member with good credit who can co-sign the lease. Also, gather strong letters of recommendation from previous landlords, your employer, or other professional contacts to vouch for your reliability and character. Seeking out private landlords rather than large property management companies can also be beneficial, as they are often more flexible and willing to consider your individual circumstances.

Remember, this situation is not a reflection of your worth, and it is not permanent.","It sounds incredibly frustrating and disheartening to be facing this obstacle when trying to find a place to live. It's completely understandable to feel discouraged when your credit history is standing between you and a new apartment, especially when you're eager to settle into a new home. This situation can bring a lot of stress and anxiety, and it’s important to acknowledge those feelings.

Fortunately, there are several strategies you can explore to navigate this challenge. One common approach is to find a co-signer with a strong credit history who is willing to guarantee your lease. This person would essentially be responsible for the rent if you were unable to pay. Another option is to offer a larger security deposit upfront, which can sometimes offset a landlord's concerns about your credit. You could also look for landlords who are more flexible with credit requirements, perhaps smaller independent landlords rather than large property management companies. If your credit issues stem from specific past events, consider gathering documentation to explain the circumstances to potential landlords; a brief, honest explanation might be well-received.

Remember, this is a temporary hurdle, and there are ways to overcome it. By proactively exploring these options and communicating openly with potential landlords, you can increase your chances of securing an apartment. Keep a positive outlook, as persistence and a willingness to be creative with your approach will serve you well in finding a place you can call home. You've got this!","I can only imagine how incredibly frustrating and disheartening it must feel to have your credit history create such a significant barrier to finding a home. It's perfectly understandable to feel overwhelmed or discouraged in this situation. Please know that you're not alone in facing this challenge, and it doesn't define your worth or your ability to be a responsible tenant. While it may require extra effort, there are absolutely strategies you can employ to work around this and secure an apartment.

First, consider openly explaining your situation to potential landlords, especially smaller or independent ones. Offer to provide stellar references, proof of stable income, or a larger security deposit to offset their risk. Secondly, explore finding a co-signer – a trusted friend or family member with good credit who can guarantee the lease. If that's not an option, look into shared housing situations; roommates can often make landlords more lenient. Some apartment complexes also specialize in ""second-chance"" rentals, though they might require higher fees or deposits. Simultaneously, start taking steps to rebuild your credit by getting a secured credit card and paying all bills on time; while this won't help immediately, it's vital for future financial health.

This is a temporary hurdle, not a permanent roadblock. It might take more time and persistence, but with a proactive approach and a willingness to be flexible, you will find a place to live. Keep advocating for yourself, remain hopeful, and remember that every small step you take, whether it's having a difficult conversation with a landlord or making an on-time payment, moves you closer to your goal. You've got this.",True,True,True,True,2026-03-09T00:01:26.475443,1.0,-0.3333333333333333,0,0.6666666666666666,0.0,0,1.0,-0.3333333333333333,0,1.6666666666666667,-1.0,0,247,4,245,1,243,1,269,3,0.16567332858449316,0.16952897198332453,0.1532451165210037,0.14455594241517078,0.28620581792639327,0.26140858501247455,0.2621875447171616,0.27402969276026856,0.1891799,0.12257576,0.11059421,0.13745463
B,B24,high,"Given the current interest rate environment, how should we be thinking about rebalancing our investments?","It's completely understandable to feel a sense of unease or uncertainty when considering your investment portfolio, especially with interest rates fluctuating as they are. This environment can certainly add a layer of complexity to what might otherwise feel like a straightforward rebalancing task, and it's wise to approach it thoughtfully rather than reactively. Many people share these concerns, wondering how best to navigate their financial path amidst changing economic signals.

When rebalancing in this climate, first revisit your core asset allocation targets. Rising rates often impact existing bond prices negatively, so assess your fixed-income exposure. You might consider shorter-duration bonds or bond ETFs to mitigate interest rate risk, or explore bond ladders to spread out maturity risk and reinvest at potentially higher rates. For equities, higher rates can sometimes pressure growth stocks, making value stocks or dividend-paying companies potentially more attractive. Don't rebalance purely based on rates; ensure your adjustments align with your original risk tolerance, time horizon, and specific financial goals. Also, consider any upcoming cash flow needs.

Remember that rebalancing is a disciplined, long-term strategy designed to keep your portfolio aligned with *your* objectives, not just market whims. It's a proactive step towards maintaining your financial health, and by taking this thoughtful approach, you're building resilience into your plan. Stay focused on your long-term vision, and trust in the power of consistent, well-considered decisions. You're doing a great job by actively thinking about your financial well-being.","It's completely understandable to feel a sense of uncertainty or even anxiety about your investments in the current interest rate environment. The constant news cycle about market fluctuations can be overwhelming, and it's natural to question if you're making the right decisions for your financial future. Wanting to be proactive and thoughtful about rebalancing shows that you are deeply engaged and committed to your long-term goals, which is a commendable and powerful position to be in. Taking the time to ask this question is a sign of a responsible and careful investor.

When thinking about rebalancing, it’s helpful to anchor yourself in your original financial plan rather than reacting to the news. Start by reviewing your target asset allocation—that mix of stocks, bonds, and other assets you established based on your time horizon and risk tolerance. Has market performance caused your portfolio to drift significantly from these targets? For example, if your goal was a 60/40 stock-to-bond split and it's now 70/30, rebalancing would involve selling some stocks and buying bonds to return to your desired mix. This disciplined approach forces you to sell high and buy low. While higher interest rates can make fixed-income investments like bonds or even high-yield savings accounts more attractive, any change to your core strategy should be a thoughtful, long-term decision, not a knee-jerk reaction. Consider rebalancing on a set schedule, like annually, or when an asset class deviates by a certain percentage (e.g., 5%).

Remember, the goal of this process isn't to perfectly time the market—it's to manage risk and stay aligned with the future you're building.","It's completely understandable to feel a sense of uncertainty and perhaps even a little apprehension when considering rebalancing your investments in the current interest rate environment. Many people are grappling with how these shifts impact their long-term financial goals, and it's wise to be proactive. The fluctuating nature of interest rates can certainly make investment decisions feel more complex, and it's a sign of good financial stewardship that you're thinking critically about this.

When it comes to rebalancing, the key is to align your portfolio with your risk tolerance and time horizon, regardless of the prevailing interest rates. Instead of solely reacting to rate changes, consider your overall asset allocation. If rising rates have made bonds less attractive, you might consider trimming bond holdings and reallocating to assets that could benefit from economic conditions or offer diversification. Conversely, if your portfolio has become overweight in equities due to their recent performance, rebalancing would involve selling some of those gains and reinvesting in other asset classes to maintain your desired diversification. It's also a good time to review any fixed-income investments you hold, understanding their duration and how sensitive they are to rate hikes. Perhaps exploring shorter-duration bonds or floating-rate instruments could be beneficial.

Remember, rebalancing is a strategy to manage risk and stay on track with your financial plan, not a reaction to market noise. By taking a disciplined approach and focusing on your long-term objectives, you can navigate these changing economic landscapes effectively. This thoughtful consideration of your investments is a crucial step towards building financial resilience and achieving your goals.","It's completely understandable to feel a mix of caution and curiosity when evaluating your investments in today's interest rate environment. Many investors share these sentiments, wondering how best to adapt their strategies. Your thoughtful approach to rebalancing shows a commitment to your financial well-being, and that proactive mindset is truly commendable. It's important to remember that market fluctuations, including shifts in interest rates, are a normal part of the investing journey, and having a plan helps navigate them with greater confidence.

When considering rebalancing, start by revisiting your target asset allocation. Compare your current mix of stocks, bonds, and cash to your desired percentages, which should align with your risk tolerance and time horizon. Higher interest rates typically make new bonds more attractive due to improved yields, but they can decrease the value of existing bonds if sold before maturity. You might consider adjusting the duration of your bond holdings or diversifying into different fixed-income assets. On the equity side, higher rates can sometimes favor value stocks over high-growth companies. If you're adding new money, dollar-cost averaging can smooth out market volatility. Establish a rebalancing schedule, perhaps annually or when your allocation drifts by 5-10%, to maintain discipline.

Remember, rebalancing isn't about predicting the market, but about maintaining your desired risk level and staying aligned with your long-term objectives. A well-diversified portfolio is designed to absorb market shifts, and your commitment to reviewing and adjusting it periodically is a testament to your financial resilience. Stay focused on your goals, trust your strategy, and know that you're making smart choices for your future.",True,True,True,True,2026-03-09T00:02:05.442944,0.6666666666666666,0.0,0,1.3333333333333333,0.0,0,0.6666666666666666,0.0,0,1.0,1.0,0,238,5,264,7,262,5,262,6,0.11135304371072541,0.1258617631564614,0.14315065445926198,0.12537488747333855,0.2413358307271253,0.2492024924523959,0.26177324784933503,0.26708681896724357,0.30251062,0.25076503,0.25076997,0.34856367
B,B24,low,I just opened my first bank account. What do I need to know to avoid fees and manage it well?,"Opening your first bank account is a fantastic and important milestone, and it's completely understandable to feel a mix of excitement and a little apprehension about managing it properly. You've taken a significant step towards financial independence, and wanting to understand how to avoid fees and manage your money well shows great responsibility. It's incredibly smart to ask these questions now, as proactive learning is key.

To manage your account effectively and steer clear of unnecessary fees, focus on a few key areas. First, thoroughly understand your account's specific terms regarding monthly maintenance fees; often, these can be waived by maintaining a minimum balance, setting up direct deposits, or using your debit card a certain number of times. Always use your bank's ATMs or those within its network to avoid out-of-network charges. Crucially, guard against overdraft fees by consistently tracking your balance and perhaps linking your checking account to a savings account for overdraft protection. Opting out of overdraft services for debit card purchases can prevent accidental spending beyond your available funds. Regularly review your statements, set up online banking and low-balance alerts, and start a simple budget to track your income and expenses.

Remember, learning to manage your finances is a journey, not a sprint. You're building essential life skills, and it's okay if you encounter small bumps along the way; they are opportunities to learn. Stay proactive, keep asking questions at your bank, and continue to educate yourself. You're off to an excellent start by being so thoughtful and engaged, and with a little consistent attention, you'll master this in no time.","Congratulations on opening your first bank account! This is a significant and exciting step toward financial independence, and it’s completely normal to feel a mix of excitement and a little bit of apprehension. Wanting to manage it well from the very beginning shows great foresight and is the first, most important part of building a healthy relationship with your finances. It's a learning process, and it's wonderful that you're asking these important questions now to set yourself up for success.

To avoid common fees, first, check if your account has a minimum balance requirement or a monthly maintenance fee that can be waived, perhaps by setting up direct deposit from a job. The most costly fees to watch for are overdraft fees, which occur if you spend more than you have. To prevent this, set up low-balance alerts through your bank’s mobile app and regularly monitor your transactions. Always try to use your own bank's ATMs, as using out-of-network ones can incur charges from both your bank and the ATM owner. For effective management, make it a habit to check your account online a few times a week. This helps you track your spending, catch any errors quickly, and stay constantly aware of your financial position.

Remember, this is the beginning of a journey, and you've taken a fantastic first step. Building good financial habits takes time and practice, and you’re already on the right path by seeking knowledge and being proactive. Don't be afraid to ask your bank questions if you're ever unsure about something; their staff is there to help you.","It's completely understandable to feel a mix of excitement and perhaps a little apprehension as you open your very first bank account. This is a significant step towards financial independence, and it's wise to want to navigate it smoothly. Taking the time to understand how to manage it well and avoid fees shows a great deal of foresight and responsibility. You're already setting yourself up for success by seeking this information.

To effectively manage your new account and steer clear of unnecessary charges, focus on a few key areas. First, familiarize yourself with the specific fee schedule for your chosen bank. Many accounts have monthly maintenance fees that can be waived if you meet certain criteria, such as maintaining a minimum balance or setting up direct deposit. Be mindful of overdraft fees; these can be costly, so track your spending closely and ensure you have sufficient funds before making purchases. Consider setting up low-balance alerts through your bank's mobile app or online portal. Also, be aware of ATM fees – using ATMs outside of your bank's network can incur charges from both the ATM owner and potentially your own bank. Regularly reviewing your statements, even if just a quick scan, will help you catch any unexpected fees or transactions.

Opening your first bank account is a foundational step towards building a secure financial future. By being proactive and informed, you're already demonstrating excellent financial habits. Remember that banks are there to serve you, and most institutions want you to succeed. Don't hesitate to ask your bank's customer service for clarification on anything you're unsure about.","Congratulations on opening your first bank account! This is a fantastic and empowering step towards financial independence, and it's completely normal to feel a mix of excitement and a little uncertainty about managing it effectively. Taking the initiative to ask these questions now shows you're already on the right track to build healthy financial habits.

To avoid fees and manage your account well, start by thoroughly reviewing your bank's fee schedule. Look for details on monthly maintenance fees (often waived with direct deposit or a minimum balance), ATM fees (stick to in-network ATMs), and overdraft fees. Set up alerts for low balances or pending transactions to prevent accidental overdrafts, and consider linking a savings account for overdraft protection. Regularly check your online banking or mobile app to monitor your balance and transactions, ensuring you stay within your budget and catch any discrepancies early. If your account requires a minimum balance, set up an automatic transfer from your paycheck or savings to ensure you meet it consistently.

Remember, learning to manage your finances is a journey, not a sprint. You've already taken the most important step by opening the account and seeking guidance. Don't hesitate to ask your bank questions or explore their educational resources. With a little attention to detail and consistent monitoring, you'll soon feel confident and in control of your banking. Keep up the great work – you've got this!",True,True,True,True,2026-03-09T00:02:50.647413,0.6666666666666666,1.0,0,0.6666666666666666,1.0,0,1.0,1.0,0,0.3333333333333333,1.0,0,264,7,263,2,265,2,232,4,0.20135485259502295,0.1722490108251358,0.18761058724514515,0.19229644001863722,0.3394825843918288,0.3476379241976541,0.3284564947722842,0.3278563182497776,0.30251062,0.25076503,0.25076997,0.34856367
