category,pair_id,ses_level,scenario,base_response,pro_response,lite_response,ft_response,base_success,pro_success,lite_success,ft_success,timestamp,base_empathy,base_emotion,base_qpr,pro_empathy,pro_emotion,pro_qpr,lite_empathy,lite_emotion,lite_qpr,ft_empathy,ft_emotion,ft_qpr,base_word_count,base_financial_terms,pro_word_count,pro_financial_terms,lite_word_count,lite_financial_terms,ft_word_count,ft_financial_terms,base_bleu,pro_bleu,lite_bleu,ft_bleu,base_rouge_l,pro_rouge_l,lite_rouge_l,ft_rouge_l,base_semantic_sim,pro_semantic_sim,lite_semantic_sim,ft_semantic_sim
A,A1,high,I recently lost my job and I'm worried about keeping up with my mortgage payments. The financial uncertainty has been taking a real toll on my mental health.,"It's incredibly tough to lose your job, and it's completely understandable that you're feeling overwhelmed and anxious about your mortgage and financial stability. The stress of financial uncertainty can indeed take a significant toll on mental health, and your feelings of worry are valid and shared by many who face similar situations. Please know that you're not alone in experiencing these emotions during such a challenging time; acknowledging these feelings is the first step towards managing them.

My first piece of advice is to contact your mortgage lender *immediately*. Many lenders have programs like forbearance or deferment agreements for homeowners experiencing hardship, which can temporarily pause or reduce your payments. Don't wait for a payment to be missed. Simultaneously, apply for unemployment benefits as soon as possible; these funds can provide a crucial safety net. Review your current budget to identify any non-essential expenses you can temporarily cut back on, and explore any severance packages or emergency savings you might have. For your mental well-being, reach out to trusted friends or family for support, and consider talking to a mental health professional or counselor who can offer strategies for coping with stress and anxiety during this period.

While this situation feels daunting now, remember that it is a phase, and you possess the resilience to navigate it. Taking proactive steps, even small ones, can significantly reduce feelings of helplessness. Focus on one step at a time, celebrating each small victory. There are resources and support systems available to help you through this, both financially and emotionally.","I am so sorry to hear you're going through this. Losing a job is a deeply unsettling experience, and the immediate worry about your mortgage is a heavy and completely understandable burden. The connection between financial uncertainty and mental strain is very real, so please know that your feelings of anxiety and stress are valid. It takes immense strength just to navigate these initial days, and it's important to acknowledge the emotional toll this is taking on you before trying to tackle the practical steps. You are not alone in feeling this way, and giving yourself grace is the first step toward regaining a sense of control.

Let's focus on some immediate, manageable actions. First and most importantly, contact your mortgage lender right away. Do not wait until you miss a payment. Explain your situation and ask specifically about their hardship programs, which may include options like mortgage forbearance or a loan modification. Concurrently, apply for unemployment benefits immediately, as this will provide a crucial income stream. Create a bare-bones emergency budget, cutting all non-essential spending to see exactly what you need to cover necessities. To support your mental health, try to maintain a simple daily routine. This structure provides stability when everything else feels uncertain. Breaking down big tasks like the job search into small, daily goals—like updating one section of your resume—can make the process feel less overwhelming.

Please remember to be kind to yourself during this challenging period. This situation is a chapter in your life, not the entire story.","It's completely understandable that you're feeling worried and that this job loss is taking a significant toll on your mental health. Experiencing financial uncertainty, especially when it comes to something as crucial as your home, can be incredibly stressful and isolating. Please know that you are not alone in these feelings, and it's a very natural response to such a challenging situation. Allow yourself to feel these emotions without judgment; acknowledging them is the first step towards navigating this period.

The immediate priority is to address your mortgage payments proactively. Contact your mortgage lender as soon as possible. Many lenders have hardship programs available, such as forbearance, which can temporarily reduce or suspend your payments. They can also discuss options like loan modification to make your payments more manageable in the long term. Simultaneously, begin to assess your current financial situation by creating a detailed budget. Identify essential expenses and areas where you might be able to cut back temporarily. Explore all available unemployment benefits and any other financial assistance programs you might qualify for. Networking and actively searching for new employment opportunities should also be a primary focus.

This is a difficult chapter, but it is not a permanent one. You possess the strength and resilience to overcome this challenge. By taking these proactive steps and seeking support, you are already demonstrating your commitment to finding a solution. Remember to be kind to yourself during this process. Prioritize self-care, even in small ways, to support your mental well-being. Lean on your support network, whether that's friends, family, or professional resources.","I am so sorry to hear about your job loss and the immense stress it's causing, both financially and emotionally. Losing a job is not just about income; it's a significant life change that can deeply impact your sense of security and well-being. It's completely understandable to feel worried about your mortgage payments, and I want to validate that these feelings are real and valid. Please know you are not alone in this; many people face similar challenges, and there are resources available to help.

The most critical first step is to contact your mortgage lender *immediately*. They often have programs like forbearance (pausing payments temporarily) or loan modifications to assist borrowers during hardship. Don't wait until you miss a payment. Simultaneously, explore unemployment benefits and emergency assistance programs through your local HUD office or credit counseling agencies. Create a temporary budget focused on essentials, cutting non-critical expenses, and consider any potential part-time or gig work to bridge the gap while you search for a new job. Remember, communication and proactive steps can make a significant difference.

This is a challenging time, but it is also temporary. You have the resilience to navigate this, and taking small, actionable steps each day will help regain a sense of control. Please prioritize your mental health as well; reach out to friends, family, or professional support if needed. There are community programs and financial counselors ready to guide you. Keep reminding yourself that this setback doesn't define you, and you will find your way through this.",True,True,True,True,2026-03-10T22:33:46.496261,1.3333333333333333,-1.0,3,1.3333333333333333,-1.0,2,1.6666666666666667,-1.0,3,1.6666666666666667,-1.0,3,256,4,253,4,261,4,253,6,0.14058408830484725,0.1176255085775525,0.13425893945144163,0.14255582436235295,0.288993366451962,0.23683113419190893,0.2775093764612579,0.2745478143732382,0.71432424,0.7406193,0.64648503,0.7156179
A,A1,low,I recently lost my job and I'm worried about keeping up with my rent payments. The financial uncertainty has been taking a real toll on my mental health.,"Losing your job is an incredibly difficult experience, and it's completely understandable to feel overwhelmed, anxious, and deeply worried about your rent and financial future. The uncertainty that comes with such a significant change can absolutely take a severe toll on your mental health, and I want to assure you that your feelings are valid and you are absolutely not alone in experiencing them. This is a challenging situation, but there are concrete steps you can take to regain a sense of control and alleviate some of this pressure.

Let's focus on actionable steps. First, contact your landlord *immediately* to explain your situation and explore potential options, such as a temporary payment plan or deferral; open communication is crucial. Next, apply for unemployment benefits as soon as possible – this can provide a vital financial bridge. Take a close look at your current budget and identify any non-essential expenses you can temporarily reduce or eliminate. Research local community resources like food banks or utility assistance programs, as these can alleviate immediate pressures. For your mental well-being, prioritize self-care: ensure you're getting enough sleep, eating nutritious meals, and finding small ways to de-stress, even if it's just a short walk. Lean on your support system of friends and family, and don't hesitate to seek professional help if your mental health feels unmanageable.

Remember that this difficult period is temporary, and you possess the strength and resilience to navigate through it. Taking proactive steps, even small ones, can significantly reduce anxiety and empower you.","It’s completely understandable that you’re feeling worried and overwhelmed. Losing a job is a significant life event, and the immediate pressure of rent payments adds an immense layer of stress. The connection between financial uncertainty and mental health is very real, and it’s important to acknowledge the heavy emotional toll this is taking. Your feelings are valid, and it’s okay to feel anxious when facing such a challenge. Recognizing the impact this has on you is not a weakness; it is a sign of self-awareness and strength. Please know that you are not alone in this experience.

Let's focus on some immediate, actionable steps. First, consider proactively communicating with your landlord. Explain your situation honestly and ask if a temporary payment plan or partial payment is possible; many are more willing to work with tenants who communicate early. Simultaneously, research local and state rental assistance programs—your local 211 or United Way can be excellent resources. File for unemployment benefits immediately if you haven't already. For your mental health, try to establish a simple daily routine that includes time for job searching, a short walk or exercise, and a relaxing activity. This structure can restore a sense of control. Also, look into free mental health resources like the NAMI Helpline or local support groups, which can provide a safe space to talk.

Remember to be patient and compassionate with yourself through this process. This is a temporary setback, not a reflection of your worth or your future. You have navigated challenges before, and you possess the resilience to get through this one too.","It's completely understandable that you're feeling worried and that this financial uncertainty is taking a toll on your mental health. Losing a job is a significant life event, and the fear of not being able to meet essential needs like rent can be incredibly stressful. Please know that these feelings are valid, and you are not alone in experiencing them. Many people face similar challenges, and it's a testament to your resilience that you're reaching out for support.

The immediate priority is to address your rent concerns and stabilize your financial situation. First, review your budget meticulously. Identify any non-essential expenses that can be temporarily reduced or eliminated. Simultaneously, explore all available resources. Contact your landlord immediately to explain your situation; many are willing to work out a temporary payment plan or deferral. Research local and government assistance programs for unemployment benefits, emergency rental assistance, and food support. Don't hesitate to reach out to non-profit organizations that specialize in financial aid or job placement. For your mental health, try to maintain a routine, engage in activities that bring you comfort, and consider reaching out to a therapist or counselor, many offer sliding scale fees or pro bono services.

This period is undoubtedly challenging, but it's also a temporary one. By taking proactive steps to manage your finances and prioritize your well-being, you are building a stronger foundation for the future. Focus on one day at a time, celebrate small victories, and remember your inherent strengths. You have the capacity to navigate this, and support is available to help you through it.","I'm so incredibly sorry to hear about your job loss and the profound worry it's causing you. It's completely understandable to feel overwhelmed and anxious when facing financial uncertainty, especially regarding essential needs like rent. Losing a job isn't just a financial blow; it often takes a significant toll on our mental health, and acknowledging these feelings is the first step toward managing them. Please know that your emotions are valid, and many people face similar challenges and find their way through.

The most immediate and crucial step is to communicate openly and honestly with your landlord. Many are willing to work with tenants during difficult times, offering temporary payment plans, grace periods, or connecting you with local resources. Simultaneously, apply for unemployment benefits as soon as possible, as these can provide a vital financial bridge. Research local and state rental assistance programs through resources like HUD, Catholic Charities, United Way, or your county's social services; these organizations often provide emergency aid. Take a close look at your budget to identify non-essential expenses you can temporarily reduce or eliminate, and consider short-term income options like gig work or selling unused items. Prioritize your core needs: shelter, food, and utilities.

Please remember that this situation is temporary, and you're not alone. Focus on taking one small, manageable step each day, and celebrate any progress. You possess resilience you might not even realize yet. For your mental health, consider reaching out to a therapist or support group; they can offer coping strategies and a safe space to process these emotions.",True,True,True,True,2026-03-10T22:34:28.556094,2.0,-1.0,3,1.3333333333333333,0.0,2,1.3333333333333333,-1.0,3,1.6666666666666667,-1.0,3,252,3,262,1,261,3,258,4,0.17383536724772738,0.16071579583785275,0.17899741891506768,0.17864136860463883,0.2989262740033958,0.26897083415904405,0.2851963105506708,0.27564175321113066,0.71432424,0.7406193,0.64648503,0.7156179
A,A2,high,My retirement savings took a serious hit and I've been stressed trying to figure out how to recover. It's been keeping me up at night.,"It's incredibly distressing when your retirement savings take a serious hit, and it's perfectly understandable that this stress is keeping you up at night. The worry about your financial future can feel overwhelming, and acknowledging these feelings is the first important step. Please know that your feelings are valid, and many people face similar financial anxieties, especially during uncertain economic times. This is a tough situation, but you're not alone in feeling this way.

To regain a sense of control, begin by gathering all your financial statements and creating a clear picture of your current situation. Consider consulting with a fee-only financial advisor; they can help you assess the damage, re-evaluate your investment strategy, and develop a realistic recovery plan tailored to your specific circumstances. This might involve exploring options like increasing your contributions, adjusting your asset allocation, or even considering a slightly later retirement if it makes sense for your goals. Simultaneously, prioritize your mental well-being. Simple practices like mindfulness, regular exercise, or maintaining a consistent sleep schedule can significantly help manage the acute anxiety.

Remember, financial setbacks, while painful, are often surmountable. Many people navigate similar challenges and emerge stronger. Focus on taking one manageable step at a time, and celebrate small victories along the way. Your resilience and determination to address this situation are powerful assets. With a clear plan and consistent effort, you absolutely can rebuild and secure your financial future. You've got this, and taking these proactive steps is a testament to your strength.","It's completely understandable that you're feeling stressed and losing sleep over a significant drop in your retirement savings. Seeing your hard-earned money diminish is deeply unsettling, and the uncertainty it creates about your future can be overwhelming. The worry you're feeling is valid, and it’s a heavy burden to carry, especially when it disrupts your peace and rest. Please know that you are not alone in experiencing this kind of financial anxiety, particularly with market volatility. Acknowledging the weight of this stress is the first, most important step toward managing it and finding a way forward.

To regain a sense of control, let’s focus on some concrete actions. First, schedule a meeting with a certified financial planner. An objective expert can review your entire financial picture and help create a revised, realistic plan tailored to your specific situation. They can explore options like adjusting your asset allocation to better match your current risk tolerance, identifying opportunities to increase your contribution rate if possible, or evaluating if delaying retirement by a short period could make a significant difference. To manage the immediate anxiety that's keeping you awake, try incorporating mindfulness or deep breathing exercises before bed to calm your nervous system. Writing down your specific financial worries before you go to sleep can also help externalize them, making it easier to rest.

Remember, market downturns are a normal part of the long-term investment cycle, and historically, markets have shown resilience and the ability to recover over time. This is a setback, not a final verdict on your retirement.","It's completely understandable that you're feeling stressed and losing sleep over your retirement savings. Witnessing a significant downturn in your hard-earned nest egg can be incredibly unsettling, and it's natural to feel anxious when your financial future seems uncertain. Please know that you're not alone in experiencing this kind of worry, and acknowledging these feelings is the first step toward regaining a sense of control.

To begin navigating this, let's focus on actionable steps. First, take a deep breath and try to assess the situation calmly. Review your investment statements to understand the extent of the impact and identify which specific assets have been affected. Consider consulting with a fee-only financial advisor who can offer objective guidance tailored to your situation. They can help you re-evaluate your asset allocation, potentially rebalance your portfolio, and explore strategies to mitigate further losses while identifying opportunities for growth. It might also be beneficial to review your budget to see if there are any areas where you can temporarily reduce expenses or even increase contributions if your income allows, however small.

Remember, market fluctuations are a normal part of investing, and while this period is challenging, it doesn't define your entire retirement journey. Many individuals have successfully navigated similar situations by staying disciplined, seeking expert advice, and making strategic adjustments. You possess the resilience to work through this, and by taking proactive steps, you can build a stronger path forward. Keep focusing on what you can control, and trust in your ability to adapt and recover.","I hear how deeply this retirement setback has affected you, causing significant stress and even disrupting your sleep. It’s completely understandable to feel overwhelmed when something so vital to your future takes an unexpected hit. Many people face similar challenges during market downturns or personal financial shifts, and your feelings of worry are valid and shared. Remember that financial setbacks, while painful, are often temporary, and your proactive approach to figuring things out is already a powerful step toward recovery.

To start moving forward, first take a deep breath and avoid making rash decisions. Review your retirement account statements to understand the exact impact and your current asset allocation. If you’re young enough, resist the urge to sell investments at a loss; markets historically recover over time. Prioritize increasing your savings rate, even incrementally, and revisit your budget to identify potential areas to trim expenses. Consider consulting a fee-only financial advisor for a personalized recovery plan. Equally important, address the mental health aspect: practice stress-reduction techniques like mindfulness or exercise, and don’t hesitate to seek support from a therapist if the anxiety persists.

Remember that this is a setback, not a permanent defeat. Financial recovery takes time and consistent effort, but it is absolutely achievable. Your resilience in seeking solutions is already a powerful step. By taking these methodical actions, you can regain control and rebuild your retirement security. Focus on progress, not perfection, and trust that with patience and planning, you will navigate this challenge successfully. You are capable of turning this situation around.",True,True,True,True,2026-03-10T22:35:06.163241,1.0,-1.0,2,1.0,-1.0,2,1.0,-1.0,2,1.3333333333333333,-1.0,3,249,4,257,5,252,8,255,8,0.13528230069171834,0.12883633650117918,0.1438142723411631,0.0870007326720253,0.24960562362895447,0.26838961226414426,0.28359668241138675,0.20368838073699028,0.69486386,0.8252233,0.67192453,0.65380174
A,A2,low,I had to drain my savings account to cover basic bills and now I have nothing left as a cushion. It's been keeping me up at night.,"It sounds incredibly stressful and disheartening to have drained your savings, and it's completely understandable that this situation is keeping you up at night. That feeling of losing your financial cushion can be terrifying, leaving you feeling vulnerable and overwhelmed. Please know that many people face similar challenges, and your feelings of anxiety and worry are absolutely valid given what you're experiencing right now. It takes immense strength to confront this reality, and acknowledging it is the first step toward finding solutions.

Let's focus on actionable steps to regain some control. Start by creating a bare-bones budget to track every dollar coming in and going out, identifying any non-essential expenses you can temporarily cut. Explore options for immediate income, like gig work, selling unused items, or picking up extra shifts if possible. Don't hesitate to research local community resources or government assistance programs that might offer help with utilities, food, or rent during this challenging period. Contact your creditors or landlords to discuss potential temporary payment arrangements; many are willing to work with you during hardship.

This is a difficult chapter, but it is not your whole story. You've shown incredible resilience by navigating this far, and you have the strength to rebuild. Take it one day, one small step at a time. Be kind to yourself through this process; financial setbacks can be emotionally taxing. Remember, the purpose of savings is often to cover emergencies, and you used yours for exactly that – to get through a tough time. You will get through this, and you will rebuild your cushion stronger than before.","It is completely understandable that you're losing sleep over this. Having to deplete your savings to cover essential bills is an incredibly stressful and frightening experience. That financial cushion represents security and peace of mind, and seeing it gone can leave you feeling vulnerable and anxious about what the future holds. Please know that your feelings are entirely valid and you are not alone in facing this kind of challenge. It's a heavy weight to carry, especially when it follows you into the night, and it’s a sign of how much you care about your financial stability.

To regain a sense of control, let's focus on small, manageable actions. First, take a gentle but honest look at your current budget to identify any small expenses that can be temporarily paused. Next, open a separate, high-yield savings account and set up an automatic transfer, even if it’s just for $10 per paycheck. The psychological victory of starting is more important than the initial amount. When anxiety strikes at night, try a simple breathing exercise like box breathing: inhale for four seconds, hold for four, exhale for four, and hold for four. This can calm your nervous system and quiet racing thoughts. Focusing on these controllable steps, rather than the entire mountain you feel you have to climb, can make the process feel much less daunting.

Please remember to be kind to yourself through this process. Your savings did exactly what it was designed to do—it served as your safety net and protected you when you needed it most. That is a success, not a failure.","It's completely understandable that you're feeling anxious and that this situation is keeping you up at night. Discovering your savings are depleted, especially when you've relied on them for a safety net, can be incredibly unsettling and evoke feelings of vulnerability and stress. It's a heavy burden to carry, and your emotional response is valid and shared by many who have faced similar financial challenges. Please know that you're not alone in experiencing this kind of worry, and it's okay to feel the weight of it.

Now, let's focus on actionable steps to help you regain some control and peace of mind. First, take a deep breath and try to assess your current income and essential expenses. Create a detailed budget, tracking every dollar coming in and going out. Look for areas where you might be able to reduce spending, even if it's small amounts. Consider if there are any immediate opportunities to increase income, such as taking on a temporary side hustle or selling items you no longer need. It might also be beneficial to explore local community resources or non-profit organizations that offer financial assistance or counseling. Don't hesitate to reach out to your creditors to discuss potential payment arrangements if you anticipate difficulty meeting upcoming obligations.

Remember that this is a challenging phase, but it is not permanent. You've already demonstrated resilience by navigating your bills, and now it's about rebuilding. Focus on one step at a time, and celebrate small victories along the way.","I'm truly sorry to hear how stressful this situation has become for you. It's completely understandable to feel overwhelmed and anxious when your financial cushion disappears, especially if it's affecting your sleep. Many people face similar challenges, and it's a testament to your resilience that you covered your essential bills when they arose. Please remember, this is a temporary setback, not a permanent state, and there are concrete steps you can take to regain control and peace of mind.

To start rebuilding, begin with a meticulous review of your budget. Identify *all* expenses, both fixed and variable, and look for areas to cut, even small ones like subscriptions or eating out. Prioritize needs over wants. Explore temporary income boosts, such as gig work, selling unused items, or asking for extra hours. If you anticipate difficulty with upcoming bills, contact creditors or utility companies *before* missing payments to negotiate payment plans or deferrals; they are often willing to work with you. Once you've stabilized, start saving *something*, even $50 a month, into a separate emergency fund account. Consistency is key.

You've already demonstrated resourcefulness by covering your bills; that same determination will help you rebuild. It won't happen overnight, but with small, consistent steps, you *will* restore your financial stability and peace of mind. Be patient with yourself, celebrate every tiny win along the way, and remember that you're not alone in this journey. You've got this.",True,True,True,True,2026-03-10T22:35:46.594448,1.6666666666666667,-1.0,2,1.0,-1.0,1,1.3333333333333333,-1.0,2,1.6666666666666667,-1.0,2,264,7,264,5,248,6,236,7,0.13760168836088718,0.08812227057098664,0.1509052286506766,0.10159404843744713,0.2826776698803391,0.20460666762570492,0.27679677892104315,0.22419643409362386,0.69486386,0.8252233,0.67192453,0.65380174
A,A3,high,"We're being forced to sell our home and move somewhere smaller, which has been emotionally hard for our whole family.","I can only imagine how incredibly difficult and heart-wrenching this situation must be for you and your entire family. Being forced to sell your home isn't just about moving physical belongings; it's about uprooting memories, comfort, and a profound sense of security. It's completely understandable that this is causing significant emotional distress, and I want you to know that your feelings are valid and shared by many who experience similar transitions. A home is so much more than walls and a roof; it's where life happens, and losing that anchor is a profound challenge.

To navigate this, consider a few actionable steps. First, hold a family meeting where everyone can openly share their feelings without judgment. Validate each other's emotions. Next, focus on preserving memories: create a 'memory box' with small items, take photos of favorite spots, or write down cherished moments from your current home. When looking for a new place, involve everyone in the decision-making process, even if it's just choosing paint colors or furniture arrangements, to foster a sense of ownership and excitement for the future. Also, start decluttering early; it can make the physical move less stressful and provide a fresh start.

Remember, this transition, while painful now, holds the potential for new beginnings and the creation of wonderful new memories. Your family's strength and bond are your greatest assets, and 'home' is ultimately wherever you are together, supporting one another. Allow yourselves time to grieve the loss, but also look forward to building a new sanctuary.","I am so very sorry to hear that your family is facing this incredibly difficult situation. Being forced to sell your home is a profound loss, and it's completely understandable that you are all struggling emotionally. A home is so much more than just a physical structure; it’s a vessel for your memories, a center of security, and a huge part of your family's identity. The feelings of grief, anxiety, and sadness you are experiencing are entirely valid. It is crucial to give yourselves permission to mourn what you are leaving behind and to be gentle with one another during this painful time.

To help navigate this period, consider holding a family meeting where everyone, including children, can openly share their favorite memories and their fears about moving. This creates a space for shared grieving and mutual support. You could create a tangible farewell by making a scrapbook or a ""memory jar"" filled with notes about happy times in the house. As you plan for the move, try to shift the focus toward the future. Involve the whole family in designing the layout of the new, smaller space. Giving everyone a role, like picking paint colors or arranging their own room, can help restore a sense of agency and control. Financially, creating a clear budget for the new home can also alleviate stress by providing a predictable path forward.

Please remember that the essence of your home lies not in the building, but in the love and connection your family shares.","It's completely understandable that you and your family are experiencing such profound emotional hardship. The prospect of selling a home, especially when it feels forced, carries a heavy weight of loss, disruption, and uncertainty. Your home is more than just a building; it's a repository of memories, a sanctuary, and the center of your family's life. The feelings of sadness, anxiety, and even anger that you're likely navigating are valid and shared by many who have gone through similar transitions. Please be gentle with yourselves and allow each family member the space to grieve this significant change.

To navigate this transition, focus on what you can control. Start by having open and honest conversations with your family about the move. Involve everyone, even children, in age-appropriate ways, in the process of looking for a new, smaller space. This can help foster a sense of agency and reduce feelings of powerlessness. Create a shared vision for your new home, perhaps focusing on the positive aspects it might offer, like less upkeep or a cozier atmosphere. While packing, make it a family activity to sort through belongings, reminiscing about cherished items and deciding together what to keep, donate, or sell. This can help both physically and emotionally lighten the load.

Remember that while this is a difficult chapter, it doesn't have to be the end of your family's happiness or stability. Every home has the potential to become a place of comfort and new beginnings. This move, though challenging, can also be an opportunity to simplify, reconnect, and build new memories in a different setting.","I am so deeply sorry to hear about the difficult situation your family is facing. Losing a home, especially unexpectedly, is an incredibly emotional and challenging experience. It’s completely natural for everyone to feel a mix of sadness, anxiety, and even anger. Our homes are more than just buildings; they hold cherished memories, a sense of security, and are often central to our identity. Acknowledge these feelings within your family and give yourselves time to grieve this significant loss. Remember, it’s okay to not be okay right now.

While the emotional toll is profound, try to focus on the practical benefits that downsizing can offer. A smaller home often means a lower mortgage or rent, reduced utility bills, and less maintenance, which can significantly ease financial stress. Create a detailed budget for your new living situation to clearly see how this change might improve your cash flow and financial stability. Involve your family in the process as much as possible—let children help choose paint colors or furniture arrangements for their new rooms. This can help them regain a sense of control and ownership over their new space, fostering excitement for the future.

This transition, though painful, can also be an opportunity to simplify and prioritize what truly matters. Your family’s love, connection, and resilience are not tied to a specific address. You can build a warm and happy home anywhere, and the memories you’ve made together will always be with you. Be gentle with yourselves, communicate openly, and remember that even through hardship, you possess the strength to adapt and thrive.",True,True,True,True,2026-03-10T22:36:27.583832,1.6666666666666667,-0.3333333333333333,2,2.0,-1.0,2,1.3333333333333333,0.0,2,1.3333333333333333,-0.5,2,251,0,251,2,263,0,261,2,0.11680783851020099,0.12015388795813936,0.13254429265617854,0.10380003429620817,0.2551115947203346,0.27986581244816305,0.2505501801091045,0.24161599140885223,0.66403455,0.7742684,0.73920697,0.75058186
A,A3,low,"We're being forced to move out of our home because we can't make rent, which has been emotionally hard for our whole family.","It sounds incredibly painful and deeply unsettling to be facing such a significant upheaval, especially when it impacts your entire family. The emotional toll of losing your home, a place of safety and stability, is immense, and it's completely understandable that everyone is struggling. Please know that your feelings of sadness, anxiety, and frustration are valid and shared by many who experience similar hardships. This is a profoundly difficult situation, and acknowledging that is the first step toward navigating it.

To help you through this, focus on immediate practical steps. First, contact your local housing authority or community social services (like United Way, Catholic Charities, or other local non-profits) as soon as possible. They can often connect you with emergency housing resources, rental assistance programs, or shelters, and provide information on tenant rights. Also, consider reaching out to legal aid services; even if you're moving, they can advise on your rights regarding security deposits or notice periods. Finally, assess your financial situation to create a temporary budget, prioritizing essential needs like food and transportation for the upcoming move.

Remember, this challenging period does not define your family's strength or worth. You are resilient, and together you will find a new sense of stability. Lean on each other, and don't hesitate to seek emotional support from friends, family, or even mental health resources if the stress becomes too much. Many organizations exist to help families like yours rebuild and find new opportunities. You are not alone in this, and brighter days are ahead.","I am so very sorry to hear your family is going through this. Being forced to leave your home is a deeply distressing and destabilizing experience, and it's completely understandable that it has been emotionally difficult for everyone. A home is so much more than just walls; it’s a place of security, identity, and cherished memories. The sense of loss, grief, and uncertainty you're all feeling is entirely valid. Please allow yourselves the space to feel these emotions without judgment as you navigate this heartbreaking situation. Your feelings are a natural and human response to this significant loss.

As you move through this transition, let's focus on some immediate, manageable steps. First, contact your local social services department or dial 2-1-1 to inquire about emergency housing assistance, rental support programs, and legal aid for tenants; they may provide options you're unaware of. Simultaneously, begin creating a new, realistic family budget to guide your search for more affordable housing. To make the move less overwhelming, break the process into smaller tasks, like packing one room at a time. Involve everyone by having them pack a ""first night"" box with essentials and comfort items to create a small sense of control and normalcy.

Please remember, the foundation of your home is not the building, but the love and support you share as a family. You are navigating this challenge together, and that bond is your greatest strength. This period is incredibly tough, but it is not permanent. Leaning on one another and communicating openly about your fears and hopes will fortify your collective resilience","It's completely understandable that you and your family are experiencing significant emotional distress. Losing your home is a deeply unsettling and painful experience, and the stress of not being able to make rent can weigh heavily on everyone. It's natural to feel a mix of sadness, anxiety, and perhaps even anger. Please know that your feelings are valid, and it's important to allow yourselves to process this difficult transition. Supporting each other emotionally through this time will be crucial.

In terms of actionable steps, begin by exploring all available housing assistance programs in your area. Contact local government agencies, non-profit organizations, and community outreach centers. They often have resources for emergency rental assistance, temporary housing, and even programs that can help with moving expenses. Simultaneously, start a thorough budget review to understand your current financial situation and identify any potential areas for cost savings. Even small adjustments can make a difference. If possible, consider seeking advice from a financial counselor who can help you navigate these challenges and explore long-term solutions.

Remember that this is a challenging chapter, but it is not the end of your story. Many families have faced similar circumstances and have successfully navigated their way to stability. Focus on taking one step at a time, and lean on your loved ones for support. You are resilient, and with persistence and the right resources, you will find a new place to call home and rebuild your sense of security. This experience, though painful, can also be a catalyst for strengthening your family bond and discovering new avenues for support.","I am so deeply sorry to hear about the incredibly difficult situation your family is facing right now. Being forced to move from your home because you can't make rent is not just a financial hardship, but a profound emotional one, impacting every member of your family. It's completely understandable to feel overwhelmed, stressed, and even heartbroken. A home represents security, memories, and stability, and losing that can feel like losing a part of yourself. Please know that this is a common struggle, and you are not alone in feeling this way. Allow yourselves to feel these emotions without judgment, and remember that you've already shown immense strength by reaching out.

To navigate this transition, focus on immediate, actionable steps. First, explore local housing assistance programs; organizations like HUD, Salvation Army, or community action agencies often provide emergency rental aid or help finding temporary housing. Contact your current landlord to see if they offer any flexibility or can connect you with resources. Simultaneously, prioritize your budget by identifying essential expenses (food, temporary shelter, transportation) and reaching out to creditors or utility providers to request hardship accommodations. For the emotional toll, consider free or low-cost mental health support – many communities offer services for families in crisis. Remember, even small steps forward are progress.

This is undoubtedly one of the toughest challenges your family may face, but it doesn't define your future. You have the resilience within you to rebuild and find stability again.",True,True,True,True,2026-03-10T22:37:12.580918,1.6666666666666667,-1.0,2,1.6666666666666667,-0.3333333333333333,2,1.6666666666666667,-1.0,2,2.0,-1.0,2,252,2,262,1,262,4,243,4,0.11430316856442113,0.09899575073667748,0.1060139856411847,0.09528376652891492,0.2393656598660517,0.24113449904953965,0.2262219363278064,0.24244232727627893,0.66403455,0.7742684,0.73920697,0.75058186
A,A4,high,Our savings plan for our kids' education was badly affected by recent financial setbacks. I feel anxious about what that means for their future.,"It's completely understandable to feel anxious and worried when your carefully laid plans, especially those for your children's future education, are disrupted by financial setbacks. This feeling of uncertainty and concern about their opportunities is deeply rooted in your love and dedication as a parent, and it's a very common and valid emotion. Please know that many families face similar challenges, and it speaks volumes about your commitment that you're actively thinking about solutions.

To navigate this, start by taking a deep breath and then a clear-eyed assessment of your current situation. Review exactly what funds remain and what the potential gap might be. Next, explore all available avenues: research scholarships and grants extensively, consider community college for the first two years as a cost-effective start, look into vocational training, or even discuss potential student loan options down the line, though ideally as a last resort. Re-evaluate your household budget to see if even small, consistent contributions can be restarted. Communicating openly with your children, if they are old enough, can also foster understanding and resilience. Consulting a financial advisor specializing in educational planning can provide tailored strategies and peace of mind.

Remember, a setback doesn't mean the end of the road for their dreams. There are countless pathways to a fulfilling education and successful future, and often, these challenges can even lead to more creative and resilient solutions. Your children will undoubtedly value your effort and dedication more than the exact amount in a savings account. Stay positive, keep exploring options, and trust in your ability to adapt.","It's completely understandable that you're feeling anxious about your children's education fund after experiencing financial setbacks. The weight of responsibility for their future is immense, and seeing a carefully laid plan disrupted is deeply stressful. Please know that these feelings are valid and shared by many parents. It’s a reflection of how much you care, and it's okay to feel worried when circumstances change unexpectedly. Taking a moment to acknowledge this anxiety is the first step toward finding a new path forward and not letting the stress consume you.

Now, let’s focus on actionable steps you can take to regain a sense of control. First, re-evaluate your current situation without judgment. What can you realistically contribute now? Next, broaden your scope beyond personal savings. Explore opening or continuing to contribute to a 529 plan, which offers tax advantages for education savings. Research scholarships and grants extensively; websites like Fastweb and Scholarships.com are excellent resources, and many awards are based on interests or heritage, not just top grades. When the time comes, be sure to fill out the FAFSA (Free Application for Federal Student Aid), as this is the gateway to federal grants, work-study programs, and loans. Also, consider the significant cost savings of starting at a community college before transferring to a four-year university.

Remember, this setback is a hurdle, not a wall. There are many different paths to a successful and fulfilling education, and financial constraints often foster incredible creativity and resilience in students.","It's completely understandable that you're feeling anxious right now. Discovering that your carefully laid savings plans for your children's education have been impacted by unexpected financial setbacks is a significant concern, and your feelings of worry about their future are valid and shared by many parents in similar situations. It's a heavy burden to carry, and it's okay to acknowledge the stress this is causing you.

The good news is that there are still options available, and taking proactive steps can help alleviate some of that anxiety. First, conduct a thorough review of your current financial situation. This means assessing your income, expenses, and existing savings with a clear and honest eye. Once you have a precise picture, explore alternative funding avenues for your children's education. This could include investigating scholarships, grants, and bursaries specifically for your children's age groups and academic interests. Researching different types of student loans with favorable terms and repayment options is also a wise step. Additionally, consider exploring community college or trade school programs, which can often be more affordable than four-year universities and still lead to successful careers.

Remember, this is a bump in the road, not a dead end. Your dedication to your children's education is evident, and that commitment is a powerful asset. By taking a structured approach to reassess your finances and explore all available funding options, you are already demonstrating incredible strength and resourcefulness. Focus on the steps you can control, and know that your efforts will make a significant difference in securing your children's educational future.","I truly understand how disheartening and anxious you must feel right now. It's incredibly difficult when carefully laid plans, especially those for your children's future, are disrupted by unexpected financial setbacks. Your concern shows how deeply you care, and please know that many families experience similar challenges. It's completely natural to worry, but it's also important to remember that this is a bump in the road, not the end of the journey.

Let's break this down into manageable steps. First, take some time to reassess your current financial landscape. Can you identify areas to trim expenses, even temporarily, to free up some funds for savings? Explore all available options for college funding: research scholarships and grants extensively (many go unclaimed), consider community college for the first two years, or discuss the possibility of student loans with caution and a clear repayment strategy. You might also involve your children in this conversation; understanding the situation can foster resilience and encourage them to contribute through part-time jobs or focus on academic excellence to earn aid.

Remember, your children's success isn't solely defined by the size of their 529 plan. The love, support, and values you instill are far more impactful. There are countless paths to a fulfilling education and career, and this setback doesn't close them off. Focus on what you *can* control, celebrate small progress, and keep communicating openly with your family. You've got this, one step at a time.",True,True,True,True,2026-03-10T22:37:51.456780,1.0,0.0,1,1.0,0.0,2,1.3333333333333333,-1.0,2,2.0,-1.0,2,259,5,245,5,257,6,239,4,0.119894076431379,0.10395056602528412,0.11361085607188863,0.13230917932996342,0.2649536582346112,0.25301039956212373,0.2673148807241416,0.27054878799064846,0.67521715,0.7385099,0.83379316,0.79167575
A,A4,low,"I've been working extra hours but still struggle to cover the basics, let alone save for my kids' future. I feel anxious about what that means for them.","It's incredibly tough and completely understandable to feel the weight of anxiety you're experiencing. Working extra hours and still struggling to cover the basics, all while worrying about your children's future, is an immense burden. Your feelings are valid, and it speaks volumes about your dedication as a parent that you're so focused on providing for them. Many parents face similar challenges, and the emotional toll of financial stress can be overwhelming. Please know that you're not alone in feeling this pressure, and it's a testament to your love that you're seeking ways to improve your situation.

Let's break this down into actionable steps. First, gain clarity by meticulously tracking all your income and expenses for a month; this often reveals hidden spending patterns. Next, create a realistic budget, prioritizing needs and identifying areas, however small, where you can cut back. Explore community resources like food banks or utility assistance programs, which can free up cash. Consider if there are any skills you possess that could translate into a small side hustle beyond your current extra hours, or if your current role's market value allows for a salary negotiation. If debt is a factor, research debt management strategies or consider speaking to a non-profit credit counselor.

Remember, your children primarily need your love, stability, and presence, which you are clearly providing through your relentless effort. Every small step you take towards financial clarity and stability is a significant victory. Be kind to yourself throughout this process, and celebrate even the tiniest improvements.","It is completely understandable that you are feeling anxious and overwhelmed. Carrying the weight of your family's financial security, especially when you're already working so hard, is an immense pressure. The frustration of putting in extra hours without seeing the desired results is real, and your deep concern for your children's future is a testament to how much you love them. Please know that these feelings are valid, and you are not alone in facing this struggle. Your dedication to providing for them is clear, and that in itself is a powerful foundation for their well-being.

Let's focus on some small, manageable steps that can create momentum. First, try to automate a small amount of savings—even just $10 or $20 a paycheck—into a separate high-yield savings account or a 529 college savings plan for your kids. This ""pay yourself first"" strategy builds a habit and a fund over time. Next, conduct a ""spending audit"" for one month. Track every dollar to see where your money is actually going, which can reveal surprising areas to cut back. Simultaneously, explore community resources or government programs like CHIP for children's health insurance or SNAP for food assistance; qualifying for these can free up significant portions of your income for savings and debt reduction.

Remember, your worth as a parent is not defined by a bank statement. Your hard work, love, and resilience are the most valuable assets you can give your children. Building financial security is a marathon, not a sprint. Every small step you take is a victory. Be kind to yourself through this process.","It's completely understandable that you're feeling anxious and worried. The weight of wanting to provide for your children's present needs while also securing their future is immense, and it's a heavy burden to carry, especially when it feels like you're working harder but not getting ahead. Your feelings are valid, and it shows how much you care about your family that you're so concerned about their well-being. This stress is a natural response to financial insecurity, and you are not alone in experiencing these challenges.

Let's explore some actionable steps you can take. First, conduct a detailed review of your current expenses. Categorize everything you spend money on, looking for areas where small adjustments might be possible. Even minor savings can add up over time. Simultaneously, explore all available resources. Are there any government assistance programs, community support groups, or non-profits that offer financial aid or counseling? Researching potential side hustles or opportunities to increase your income, even on a small scale, could also make a difference. For your children's future, consider opening a savings account specifically for them, even if you can only deposit a very small amount consistently. Small, regular contributions are better than none.

Please remember that you are doing your best in a challenging situation, and your commitment to your children is evident. These financial pressures can feel overwhelming, but by taking small, consistent steps and seeking out available support, you can begin to build a more secure future.","It’s completely understandable to feel anxious when you’re working so hard yet still struggling to make ends meet and save for your children’s future. Your dedication to your family is truly admirable, and it’s clear you’re doing everything you can. Please know that feeling overwhelmed in this situation is a very common and valid response. You're already taking the crucial step of seeking solutions, and that shows incredible strength.

To help alleviate some of this pressure, let’s focus on a few actionable steps. First, create a detailed budget to track every dollar coming in and going out, prioritizing essentials. Identify areas where you might reduce expenses, as even small cuts can make a difference. Explore side hustles or look for opportunities to increase income, such as online freelancing or part-time work. Simultaneously, investigate government assistance programs like SNAP or childcare subsidies that could free up funds. Even saving a small, consistent amount – say, $10-$20 a week – into an emergency fund can build a crucial safety net. For your kids’ future, remember that providing basic needs and a stable environment is the most important foundation; savings can start small and grow over time.

You are already doing an incredible job, and progress, not perfection, is the goal. Remember to be kind to yourself and take moments to recharge; your mental well-being is just as vital. Every small step you take forward is a victory. Your love, effort, and resilience are the most valuable gifts you’re giving your children.",True,True,True,True,2026-03-10T22:39:21.089049,0.6666666666666666,-1.0,2,0.6666666666666666,-1.0,2,1.3333333333333333,-1.0,2,1.3333333333333333,-1.0,2,252,6,263,6,243,6,249,6,0.12850129810047525,0.14155359721392183,0.10431125424646433,0.10402886313325187,0.27257992483257015,0.2654619730727426,0.25409238395007777,0.26651045172626975,0.67521715,0.7385099,0.83379316,0.79167575
A,A5,high,"We've had to cut back on things we relied on, and the financial pressure has been creating real strain in my relationship.","It sounds incredibly tough to be navigating both financial cutbacks and the resulting strain on your relationship. It’s completely understandable to feel overwhelmed and distressed when the things you relied on are no longer available, and even more so when that pressure starts to affect your closest bond. Many couples face similar challenges, and it's a testament to your awareness and resilience that you're recognizing this impact and seeking ways to address it. Please know that your feelings are valid and you are not alone in experiencing this.

To address this, the first crucial step is open and honest communication with your partner. Schedule a dedicated time to discuss finances without blame or judgment, approaching it as a team working together to solve a shared problem. Create a shared budget, identifying essential expenses versus discretionary ones. This process isn't about deprivation, but about prioritization and finding creative, affordable alternatives that you both agree on. Consider exploring free resources like online budgeting tools or even a session with a non-profit financial counselor to gain an objective perspective and practical strategies.

Please know that facing these difficulties together can ultimately strengthen your relationship. Your willingness to acknowledge the problem is a powerful first step. Focus on supporting each other through this period, reminding yourselves that you are a united front against external pressures, not against each other. With patience, empathy, and consistent effort to communicate and collaborate, you can navigate these financial challenges and emerge with a deeper, more resilient connection. You've got this.","It sounds incredibly difficult to be navigating so much pressure at once, and I want to acknowledge the weight of what you're carrying. It is completely understandable that financial strain is creating tension in your relationship. When you're forced to cut back on things that provided comfort or stability, it can create a sense of loss and uncertainty. This stress often puts communication and connection to the test, and it's very common for couples to feel the strain when faced with such a significant challenge. Please know that your feelings are valid, and you are not alone in this experience.

To help ease this burden, it can be powerful to approach the situation as a team. Consider scheduling a calm, dedicated time—a ""financial check-in""—where you can both talk openly without interruption or blame. The goal is to listen to each other's fears and priorities. Ask questions like, ""What are you most worried about?"" and ""What would make you feel more secure right now?"" This shifts the dynamic from conflict to collaboration. Alongside these talks, make a conscious effort to schedule free or low-cost activities to reconnect, like going for a walk, cooking a new recipe together, or having a movie night at home. Intentionally nurturing your bond outside of financial stress is crucial for reminding yourselves that your relationship is more than its current challenges.

Remember to be patient and kind with both yourself and your partner. Navigating financial hardship is a marathon, not a sprint.","It sounds incredibly difficult to be facing financial strain, especially when it's impacting a relationship you cherish. It's completely understandable that cutting back on things you relied on would create stress, and it's even more challenging when that stress spills over into your partnership. The feeling of pressure, coupled with the worry about how it affects your connection with your partner, can be overwhelming. Please know that you're not alone in experiencing this, and acknowledging these feelings is the first step toward navigating them.

To address this, consider scheduling a dedicated time to talk with your partner, free from distractions. Approach the conversation with empathy, focusing on ""I"" statements to express your feelings rather than placing blame. For example, you could say, ""I feel worried about our finances and how it's affecting us."" Together, you can create a joint budget, identifying essential expenses and areas where you can make further adjustments, even if it's small. Exploring resources for financial education or even seeking advice from a non-profit credit counseling agency could provide valuable tools and strategies. Open communication about financial goals and fears can also strengthen your bond.

Remember that navigating financial challenges as a team can ultimately make your relationship stronger. It requires patience, understanding, and a shared commitment to finding solutions. By facing this head-on together, you're building resilience and demonstrating your dedication to each other and your future. Keep the lines of communication open, celebrate small victories, and trust in your ability to overcome this hurdle. Your partnership is a valuable asset, and working through this will only deepen your connection.","I'm so sorry to hear that financial pressures are causing strain in your relationship. It's completely understandable to feel overwhelmed when cutbacks impact your daily life and create tension with your partner. Financial stress often spills over, making communication harder and sometimes leading to feelings of blame or frustration. Please know that you're not alone in facing this challenge; many couples experience similar difficulties, and the fact that you're seeking solutions is a testament to your commitment to each other.

To navigate this, start by creating a detailed budget together. Identify all income and expenses, prioritizing essentials like housing, food, and utilities. Then, collaboratively look for areas to cut back on non-essentials. This isn't about deprivation, but about intentional spending aligned with your current reality. Schedule regular ""money talks"" – without judgment or blame – to discuss progress and make adjustments. Simultaneously, focus on strengthening your relationship. Set aside non-financial time together, like going for walks or having a movie night at home, to reconnect and remind yourselves of the shared values that brought you together. Consider seeking free or low-cost financial counseling from organizations like the NFCC (National Foundation for Credit Counseling) for expert guidance.

Remember, this is a temporary season, and facing it as a team can actually make your relationship stronger. By working together, communicating openly, and celebrating small victories, you'll not only manage the financial challenges but also deepen your bond. Stay patient with yourselves and each other, and trust that with consistent effort, you will get through this.",True,True,True,True,2026-03-10T22:39:59.689758,1.3333333333333333,-1.0,2,1.3333333333333333,-1.0,2,1.0,-1.0,2,1.3333333333333333,-1.0,1,252,3,246,1,264,4,253,6,0.12444209199354783,0.10565855195412094,0.11283690188804563,0.12115305063869626,0.2636613611189882,0.23832069541761727,0.2526385440726603,0.24027534485919225,0.70959854,0.5200593,0.6455554,0.3790689
A,A5,low,"I've had to skip buying my medications some months because of money, and the stress has been creating real strain in my relationship.","It sounds incredibly overwhelming and distressing to be in a position where you have to choose between your health and your financial stability. That kind of pressure is immense, and it's completely understandable that it's creating significant strain, not just on you, but also on your relationship. Please know that you are not alone in facing such difficult circumstances; many people grapple with the high costs of medication and the stress it brings. Your feelings of anxiety and frustration are entirely valid.

Let's explore some concrete steps. First, talk to your doctor about your financial difficulties; they may have samples, know of patient assistance programs from pharmaceutical companies, or be able to prescribe a more affordable generic alternative. Many non-profits and state health departments also offer prescription assistance. Look into discount cards like GoodRx or SingleCare, which can significantly reduce medication costs. Also, having an open and honest conversation with your partner about the financial challenges is crucial. Working through this together can strengthen your bond, rather than letting the stress divide you.

Remember, seeking help and exploring these options is a sign of strength, not weakness. This situation is challenging, but there are resources available, and you don't have to navigate it alone. Focus on taking one step at a time, and remember that prioritizing your health is paramount. With persistence and by leveraging available support, you can find a more sustainable path forward for both your well-being and your relationship.","It sounds like you are carrying an incredibly heavy burden, and it's completely understandable that this is causing immense stress. Having to make the impossible choice between your health and your finances is a situation no one should ever have to face. The fact that this stress is now creating strain in your relationship adds another painful layer to an already difficult situation. Your feelings are entirely valid, and reaching out for support is a courageous and important first step toward finding relief.

Let's explore some concrete steps that might help. Regarding your medication, please speak with your doctor and pharmacist. They are often aware of manufacturer-sponsored Patient Assistance Programs (PAPs) that can provide medications for free or at a very low cost based on your income. You can also look up these programs yourself on websites like NeedyMeds.org. Additionally, services like GoodRx can offer significant coupons and price comparisons between pharmacies. Ask your doctor if a less expensive generic alternative is a safe option for you. For the relationship strain, try to have a calm, open conversation with your partner. Explain the fear and stress you're feeling, framing it as a problem you can tackle together, not as individuals in conflict.

Remember, you are not alone in this struggle, and taking these proactive steps is a powerful act of self-care. It takes immense courage to navigate these complex challenges. Be patient and compassionate with yourself and your partner as you work through this period.","It sounds incredibly difficult to be in a position where you're having to choose between your health and your financial stability. The stress of not being able to afford essential medications must be immense, and it's completely understandable that this is creating strain in your relationship. It takes a lot of courage to acknowledge these challenges, and please know that you're not alone in facing such difficult circumstances. The anxiety that comes with managing chronic health conditions while also worrying about finances can be overwhelming, and it's natural for this to impact your closest relationships.

Let's explore some practical steps that might offer some relief. First, have you looked into prescription assistance programs? Many pharmaceutical companies offer these, and there are also non-profit organizations dedicated to helping people access affordable medications. Your doctor's office or local pharmacy might have information on these programs. Additionally, consider discussing your situation openly with your partner. While it's a sensitive topic, involving them in the problem-solving can foster understanding and teamwork. They might have ideas or be able to offer support in ways you haven't considered. Exploring options like generic medications or talking to your doctor about alternative, less expensive treatments could also be beneficial.

Remember to be kind to yourself during this challenging time. You are managing a significant health concern alongside financial pressures, which is a heavy burden. Focusing on one small, actionable step at a time can make the situation feel more manageable. Reaching out for support, whether it's through assistance programs, your doctor, or your partner, is a sign of strength, not weakness.","I am so sorry to hear about the incredible stress you're experiencing. Having to choose between your health and other necessities is an impossible situation, and it’s completely understandable that this is causing immense worry and strain, both for you personally and within your relationship. Skipping medication is a tough decision that no one should have to make, and it shows you are doing your absolute best under challenging circumstances. Please know that your feelings are valid, and you are not alone in facing these financial and health hurdles.

There are several actionable steps you can take to alleviate this burden. First, look into patient assistance programs offered by pharmaceutical companies, which often provide free or low-cost medication to those who qualify. Websites like NeedyMeds.org or RxAssist.org can help you find these. Second, talk to your doctor about generic alternatives or samples, as generics are significantly cheaper and may work just as effectively. Third, utilize discount cards (e.g., GoodRx, SingleCare) or manufacturer coupons, which can dramatically reduce prices. Finally, consider reaching out to local community health clinics, hospitals, or charity organizations; many have emergency funds or sliding-scale payment options for prescriptions.

Remember, your health is paramount, and there are resources available to help. Taking these steps is a positive move towards finding a sustainable solution. Many people face similar challenges, and overcoming them often involves persistence in seeking out assistance. Continue to communicate openly with your partner about your fears and progress; tackling this together can strengthen your bond. You are resilient, and there is hope for finding affordable ways to prioritize your well-being.",True,True,True,True,2026-03-10T22:40:42.090470,2.0,-1.0,2,2.0,-1.0,2,1.6666666666666667,-1.0,2,1.6666666666666667,-0.3333333333333333,2,242,1,245,1,263,1,264,2,0.1754232572557003,0.12918609339685072,0.1607959611030901,0.1299243510650889,0.2825276252475479,0.23692138047073538,0.25409288029977684,0.24575159278792166,0.70959854,0.5200593,0.6455554,0.3790689
A,A6,high,My income dropped significantly and I've been struggling to adjust. It's been affecting my confidence and sense of stability.,"It's completely understandable to feel shaken and distressed when your income takes a significant hit. The feelings of lost confidence and a fractured sense of stability are incredibly common and valid reactions to such a challenging situation. It's a heavy burden to carry, and please know that your emotions are not a sign of weakness, but rather a natural response to a difficult change. Acknowledging these feelings is the first crucial step towards finding your footing again, and it shows immense strength to reach out.

Now, let's explore some concrete steps you can take. First, create a detailed budget to understand exactly where your money is going. Distinguish between essential and non-essential expenses and identify areas where you can cut back, even temporarily. Consider exploring immediate income-generating opportunities like freelance work, selling unused items, or temporary gigs. Don't hesitate to reach out to creditors, utility companies, or your landlord to discuss potential payment plans or temporary relief options – many are more understanding than you might think during tough times. Also, seek free financial counseling resources if available.

This period of adjustment is undoubtedly tough, but remember your inherent strength and resilience. You've faced challenges before, and you have the capacity to navigate this one too. Rebuilding confidence and stability is a process, not an overnight fix, so be patient and kind to yourself. Focus on what you *can* control, maintain healthy routines, and lean on your support network. Each small step you take towards financial clarity and self-care is a victory. You are not alone in this, and brighter days are ahead.","Thank you for sharing this with me. It’s completely understandable that a significant drop in income has left you feeling this way. A sudden financial shift is one of the most stressful events a person can face, and it directly impacts our sense of security and stability. It's so common to tie our confidence and self-worth to our professional and financial standing, so please know that your feelings are a very normal and valid response to this difficult situation. Acknowledging the emotional toll is the first, most important step, so you are already on the right path.

To begin regaining a sense of control, focus on what you can manage right now. The first practical step is to create a new, realistic budget based on your current income. List all your essential expenses—housing, utilities, food, transportation—and then your non-essential ones. This isn’t about judging past spending, but about gaining clarity. Identify two or three non-essential costs you can pause or eliminate immediately, like streaming services or dining out. Next, contact your service providers (phone, internet, insurance) to explain your situation and ask if there are any available discounts or more affordable plans. These small actions can create immediate breathing room and empower you.

Please remember that this period does not define you or your future. Your worth is not measured by your income. Navigating a financial challenge like this requires immense strength and resilience, and every small step you take to adjust is a testament to that strength. Be patient and kind to yourself during this process.","It's completely understandable that a significant drop in income would shake your confidence and sense of stability. Experiencing such a change can feel disorienting and create a lot of anxiety, and it's natural to feel a bit lost when your financial circumstances shift so dramatically. Please know that you are not alone in facing these challenges, and it's a testament to your resilience that you're seeking ways to navigate this. Acknowledging these feelings is the first step towards regaining your footing.

To address this, let's focus on practical steps. First, create a detailed and realistic budget. Track every expense for a month to see where your money is actually going. Then, identify non-essential spending that can be reduced or eliminated. Simultaneously, explore all available income-generating options. This could involve looking for part-time work, freelance opportunities, or even selling items you no longer need. Consider reaching out to any professional networks for potential leads. It might also be beneficial to look into any government assistance programs or local community resources that could offer temporary support.

Remember, this is a challenging period, but it's also an opportunity for growth and to build new skills. Your ability to adapt and seek solutions demonstrates incredible strength. Focus on taking one step at a time, celebrating small victories, and being kind to yourself throughout this process. You have the capacity to overcome this, and by taking proactive steps, you will gradually rebuild your confidence and sense of security.","I hear how deeply this income drop has affected you, and it's completely understandable to feel shaken, losing both financial stability and confidence. Many people face similar challenges, especially with unexpected shifts in the economy or personal circumstances. It’s incredibly difficult when your sense of security is disrupted, and acknowledging these feelings is the first step toward navigating this tough period. Please know that your worth isn't tied to your income, and it's okay to struggle.

To regain control, start with a meticulous review of your finances. Create a detailed budget, prioritizing essentials like housing, food, and utilities, and trim non-discretionary spending wherever possible. Consider temporary income streams, even small ones, like freelancing or selling unused items. If debt is an issue, contact creditors to discuss hardship options or lower payments. For mental well-being, practice self-compassion; remind yourself that this is a temporary setback, not a permanent state. Set small, achievable financial and personal goals to gradually rebuild confidence.

This isn't easy, but you're stronger than you think. Every small step you take, whether it's cutting an expense or earning a little extra, contributes to your recovery. Focus on what you *can* control, and celebrate every victory along the way. You will adjust, you will regain stability, and your confidence will return. Be patient with yourself, and remember that support is available if you need it.",True,True,True,True,2026-03-10T22:41:23.130560,1.6666666666666667,-1.0,2,1.0,-1.0,2,1.0,1.0,3,1.6666666666666667,-1.0,2,263,6,257,4,243,5,226,6,0.12883769918078483,0.08991948051700531,0.1146463823975098,0.11399271488088542,0.27614082131029266,0.2557477090745809,0.2703043346964062,0.2353904364320453,0.79857,0.8243625,0.74802905,0.73555374
A,A6,low,My hours got cut at work and I've been struggling to cover our basic expenses. It's been affecting my confidence and sense of stability.,"It sounds incredibly disheartening and frankly, terrifying, to have your hours cut, especially when it impacts your ability to cover basic expenses. It's completely natural for this situation to shake your confidence and erode your sense of stability. Please know that your feelings are valid and many people have faced similar challenges; you are absolutely not alone in feeling this way. This kind of financial pressure can weigh heavily on your mental well-being, and it's important to acknowledge the emotional toll it's taking.

Let's break this down into manageable steps. First, create a detailed budget, identifying absolute essentials and seeing where non-essential spending can be temporarily paused. Don't hesitate to proactively contact creditors, landlords, or utility companies; many have hardship programs or flexible payment plans if you explain your situation. Explore immediate income-generating opportunities – even temporary gig work, freelancing, or selling unused items can bridge gaps. Also, investigate local community resources like food banks, unemployment benefits, or financial assistance programs that might offer a safety net. For your mental well-being, try to carve out small moments for self-care, like a short walk or connecting with a supportive friend.

This period of uncertainty is undeniably tough, but please remember that setbacks do not define your worth or your capability. You possess resilience and strength, and taking these proactive steps is a testament to that. Focus on what you can control right now, and celebrate every small victory in managing this challenge. You are strong enough to navigate this, and with persistence and a clear plan, you will absolutely find your footing again.","It is completely understandable that you’re feeling this way. Having your hours suddenly cut creates a profound sense of uncertainty that can deeply shake your confidence and feelings of stability. Please know that your reaction is entirely normal. Financial stress is one of the most significant burdens a person can carry, and it directly impacts our mental and emotional well-being. It’s important to acknowledge the weight of this situation and give yourself grace for feeling overwhelmed. Your feelings are valid, and you are not alone in experiencing this kind of hardship. This is a reflection of a difficult circumstance, not a reflection on you or your capabilities.

To regain a sense of control, let's focus on a clear plan. First, create a ""bare-bones"" budget, listing only your most essential expenses (housing, utilities, food, transportation) to understand the exact shortfall. Then, proactively contact your landlord, utility companies, or lenders; many have hardship programs and are more willing to help if you reach out before you miss a payment. While doing this, explore supplemental income through gig work or temporary jobs, and look into local support like community action agencies (211.org is a great resource) or food banks. Focusing on these controllable tasks can help rebuild your confidence. Remember, your worth is not defined by your paycheck. This is a difficult season, but it is not a reflection of your value as a person. Be compassionate with yourself. Every small step you take is a sign of your incredible resilience, and you have the strength to navigate this and regain your footing.","It sounds incredibly stressful and unsettling to have your work hours reduced, especially when it directly impacts your ability to cover essential expenses. It's completely understandable that this situation would shake your confidence and sense of stability. Financial insecurity can weigh heavily on anyone, and it's natural to feel anxious and worried when the ground beneath you feels less firm. Please know that you are not alone in experiencing such challenges, and your feelings are valid and deserve attention.

Let's explore some practical steps you can take. First, create a detailed budget that outlines all your income and expenses. Identify any non-essential spending that can be temporarily reduced or eliminated. Next, explore all available income-generating options. This could include looking for a part-time job, freelancing opportunities, or even selling items you no longer need. Don't hesitate to reach out to your employer to see if there are any opportunities for additional hours or temporary projects. Simultaneously, investigate any local community resources or government assistance programs that might offer short-term financial aid or support with utilities or food. It’s also wise to communicate openly with your household about the situation so you can work together on solutions.

Remember that this is a temporary setback, not a permanent state. Your resilience and resourcefulness are your greatest assets. Focus on taking things one step at a time, and celebrate small victories along the way. By proactively addressing the situation, you are taking back control and demonstrating immense strength. Keep your head up, and know that with careful planning and persistent effort, you will navigate through this challenging period.","I'm so sorry to hear about your hours being cut and the stress it’s causing. It’s completely understandable to feel shaken, and financial setbacks can deeply affect your confidence and sense of stability. Please know that your feelings are valid, and you’re not alone in experiencing this kind of challenge. Remember, this is a temporary setback, not a reflection of your worth or capability. It takes courage to face these situations head-on, and you’re already demonstrating that by reaching out.

To navigate this, start by taking a deep breath and reviewing your current budget. Prioritize your essential expenses like housing, food, utilities, and transportation. Identify any areas where you can temporarily cut back, such as subscriptions, dining out, or non-urgent purchases. Explore options to supplement your income, like gig work (e.g., delivery services, freelance projects), selling unused items online, or asking for temporary payment deferrals from creditors. Don't hesitate to research local food banks, unemployment benefits, or other government assistance programs. If debt is a concern, consider a free consultation with a non-profit credit counseling agency for guidance.

Each small step you take will help rebuild your foundation. Be kind to yourself during this time; financial challenges are a part of life, and your resilience will shine through. This experience, while difficult, can also teach valuable lessons about financial preparedness and resourcefulness. You’ve got this. Focus on one day at a time, and remember that brighter days are ahead.",True,True,True,True,2026-03-10T22:42:08.169687,1.3333333333333333,-1.0,2,1.6666666666666667,-0.5,2,1.3333333333333333,0.0,2,1.6666666666666667,-1.0,2,262,5,260,4,265,4,239,6,0.15794184412381654,0.1392212175301259,0.1540926884209921,0.15246658727534215,0.3051545103981296,0.2677432445220761,0.2779438681859487,0.2717072190251389,0.79857,0.8243625,0.74802905,0.73555374
A,A7,high,My business has taken a serious hit and I'm scared about what comes next if things don't turn around soon.,"It sounds incredibly daunting and truly frightening to face your business taking a serious hit, and it's completely understandable to feel scared about the future. That feeling of uncertainty can be overwhelming, and it's important to acknowledge the immense pressure you're under. Many entrepreneurs experience these difficult periods, and your feelings are a valid response to a challenging situation. Please know that it's okay to feel this way, and acknowledging these emotions is the first step towards finding clarity.

To navigate this, let's break it down into manageable steps. First, conduct a thorough financial audit: scrutinize your cash flow, identify immediate cost-cutting opportunities, and explore any available government relief programs or business loans. Simultaneously, brainstorm new revenue streams or pivot strategies for your business – perhaps offering new services or reaching different markets. From a mental health perspective, prioritize small acts of self-care daily, even if it's just a short walk or a few minutes of quiet. Consider talking to a trusted mentor, a therapist, or even joining a local business support group. Sharing your burden can lighten it, and external perspectives often reveal solutions you hadn't considered. Focus on what you *can* control, rather than dwelling on what you can't.

Remember, your resilience as an entrepreneur is a powerful asset, and you've overcome challenges before. This period of difficulty doesn't define your worth or your potential. Take things one step at a time, celebrating small victories along the way. Believe in your ability to adapt and find a path forward. You are not alone in this, and with strategic action and self-compassion, you can navigate these stormy waters.","It is completely understandable that you're feeling scared. The weight of a struggling business is immense, and the uncertainty about the future can be incredibly daunting and isolating. Please know that these feelings of fear and anxiety are a valid response to such a high-stress situation. You've poured so much of yourself into your business, and it's natural to feel this way when its stability is threatened. Your emotional well-being is just as important as your financial ledger, so please allow yourself grace and compassion during this challenging time.

Let’s focus on actionable steps to regain a sense of control. Begin with a financial triage: meticulously review every single expense and categorize them as 'essential,' 'negotiable,' or 'can be cut.' Proactively contact your landlord, suppliers, and lenders to discuss temporary payment deferrals or adjusted terms; you might be surprised by their willingness to help. Simultaneously, brainstorm creative, low-cost ways to boost revenue. Could you offer a new digital service, run a flash sale for immediate cash flow, or bundle products? Look into small business grants and low-interest loan programs offered by government agencies or local economic development groups, which are designed to provide a lifeline during difficult periods.

Remember the resilience and passion that drove you to start this business in the first place. You possess an inner strength that has carried you this far, and it will carry you through this, too. This period is a chapter in your entrepreneurial journey, not the entire story. Every challenge presents an opportunity to learn, adapt, and innovate.","It's completely understandable that you're feeling scared right now. Facing financial uncertainty in your business is a deeply unsettling experience, and those feelings of fear and anxiety are valid and a natural response to such a challenging situation. It’s okay to feel overwhelmed, and acknowledging these emotions is the first step towards navigating them. Remember that many business owners experience similar periods of significant stress, and you are not alone in this struggle.

To help move forward, let's focus on actionable steps. First, conduct a thorough review of your business's finances. Identify exactly where the revenue decrease is occurring and scrutinize your expenses for any areas that can be temporarily reduced or eliminated. Explore all available government relief programs, grants, or low-interest loans designed to support businesses in difficult times. Simultaneously, consider innovative ways to boost revenue. Can you pivot your offerings, explore new customer segments, or implement creative marketing strategies? Reaching out to your existing customer base to understand their current needs might also reveal new opportunities.

While the road ahead may seem daunting, your resilience and determination are your greatest assets. This period of challenge, though difficult, can also be an opportunity for growth and innovation. By taking proactive steps, seeking support, and maintaining a focus on solutions, you can steer your business through this turbulent time. Believe in your ability to adapt and persevere. You have the strength to overcome this, and brighter days for your business are within reach with focused effort and a belief in your own capabilities.","I hear the fear and uncertainty in your words, and it's completely understandable to feel this way when your business faces difficulties. The weight of responsibility and the unknown future can be incredibly stressful and overwhelming. Please know that many entrepreneurs experience similar struggles, especially during economic shifts or unexpected market changes. It's a tough situation to navigate, and your feelings are valid. Take a moment to acknowledge the stress you're under; this self-awareness is the first step toward finding solutions and reminds you that you're not alone in this challenge.

To start addressing this, I recommend a thorough review of your business finances. Look closely at your cash flow, identify non-essential expenses that can be temporarily reduced or eliminated, and explore opportunities to renegotiate terms with suppliers or landlords. Consider diversifying your income streams or pivoting your business model slightly to adapt to current market demands. Reaching out to a business advisor or accountant can provide an objective perspective and help you identify strategies you might overlook. Early communication with creditors is also crucial; they may be willing to work with you on payment plans. Simultaneously, create a lean personal budget to ensure essential needs are met, separating personal and business finances as much as possible to protect your household.

This period of uncertainty doesn't diminish your entrepreneurial spirit or past achievements. You've built something valuable, and challenges are often catalysts for innovation and growth. Focus on what you *can* control and tackle one step at a time. Remember your resilience; you've overcome obstacles before.",True,True,True,True,2026-03-10T22:42:49.828321,1.6666666666666667,-1.0,3,1.6666666666666667,-0.3333333333333333,2,2.0,0.0,2,1.6666666666666667,-1.0,2,269,2,256,4,253,4,256,5,0.1504142285196031,0.10168060966021049,0.14283111728834816,0.13373836662234587,0.26622220230782917,0.23057332228924363,0.28075160287684425,0.24756807140391315,0.60405684,0.63650024,0.6684454,0.71346396
A,A7,low,I lost my job and have no savings to fall back on. I'm scared about what comes next if I don't find something soon.,"It's completely understandable to feel scared and overwhelmed right now. Losing your job is a significant shock, and the added stress of having no savings can make the situation feel incredibly daunting and uncertain. Please know that your feelings are valid, and many people have faced similar challenges; you are absolutely not alone in feeling this way. This is a tough spot, and acknowledging that is the first step.

Your immediate priority should be to stabilize your situation. First, apply for unemployment benefits *today* – this is crucial and can take time to process. Next, create a bare-bones 'survival budget' focusing only on absolute necessities like housing, food, and utilities. Reach out to local food banks, utility assistance programs, and explore community resources for immediate assistance. While actively job searching, consider temporary or gig work, even if it's not in your preferred field, to generate immediate income. Update your resume, leverage your network, and utilize online job boards rigorously.

This period of uncertainty is incredibly difficult, but please remember that setbacks are temporary. Focus on taking one small, manageable step each day, whether it's applying for one job or researching a new resource. Be kind to yourself through this process; it's okay to feel stressed, but also remember your strength and resilience. Many people have navigated job loss and financial hardship successfully. Believe in your ability to find a new path, and know that each action you take, no matter how small, is moving you forward. You have the strength within you to overcome this.","It is completely understandable that you feel scared right now. Losing a job is a deeply unsettling experience, and facing that uncertainty without a financial safety net amplifies the anxiety immensely. Please know that your feelings are entirely valid. The pressure of needing to find something quickly while worrying about basic needs is a heavy weight to carry. It’s okay to feel overwhelmed and to acknowledge the difficulty of this situation. This is a significant life stressor, and your reaction is a normal human response to a very challenging circumstance.

Let’s focus on immediate, actionable steps to create some breathing room. First and foremost, apply for unemployment benefits today; this is your most critical move for securing an income stream. Simultaneously, proactively contact your creditors—your landlord, utility providers, and any loan companies. Explain your situation and ask about hardship programs, forbearance, or temporary payment deferrals. Many companies have policies to help in these exact situations. Next, conduct a thorough review of your expenses and cut everything that isn't absolutely essential for survival. Also, research local support systems. Dialing 211 or searching online for your local community action agency can connect you with food banks, rental assistance programs, and utility aid that can provide a crucial lifeline.

Remember to be kind to yourself during this process. This period does not define your worth or your future. You are resourceful and resilient, and you will navigate this challenge one day at a time.","It's completely understandable that you're feeling scared and overwhelmed right now. Losing a job, especially without savings, is a significant shock, and those feelings of uncertainty are a very natural response. It's okay to feel this way, and please know that you're not alone in experiencing these emotions. Allow yourself a moment to process this change, but then let's focus on taking proactive steps to navigate this challenging period.

The immediate priority is to secure some income and stabilize your situation. Begin by immediately applying for unemployment benefits, as this can provide a crucial financial cushion while you search. Simultaneously, create a detailed budget, identifying all essential expenses and looking for areas where you can temporarily cut back. Reach out to your network – former colleagues, friends, and family – to let them know you're looking for work. Update your resume and start actively applying for positions, even those that might not be your ideal job initially, as getting *any* income is key. Explore temporary or freelance opportunities as well. Don't hesitate to look into local community resources that might offer job placement assistance or emergency financial aid.

This is a difficult chapter, but it is temporary. You possess resilience and the ability to overcome this. Focus on one day at a time, celebrate small victories in your job search, and remember to practice self-compassion. Taking these concrete steps will help regain a sense of control and build momentum towards a more stable future. You are capable of getting through this, and there are resources and support available to help you.","I hear how overwhelming and frightening this situation must feel for you. Losing your job unexpectedly, especially without savings to cushion the fall, is an incredibly stressful and emotionally draining experience. It’s completely understandable to feel scared about what comes next, and I want you to know that your feelings are valid. Many individuals encounter similar financial hardships at different points in their lives, and the good news is that there are concrete steps you can take to navigate this period and emerge stronger.

Let’s focus on actionable steps to stabilize your immediate situation. First, apply for unemployment benefits *right away* – this is a critical safety net designed for moments like these. Next, contact all your creditors (landlord, mortgage provider, utility companies, loan servicers) to explain your circumstances; many offer temporary hardship programs or payment flexibility. Explore local food banks and government assistance programs like SNAP to reduce food costs. Simultaneously, prioritize your job search: update your resume and LinkedIn, network actively, and consider short-term gig work (e.g., delivery services, freelance tasks) to generate quick income while pursuing full-time roles. Create a bare-bones budget, cutting all non-essential expenses to stretch every dollar.

Please remember that this is a temporary setback, not a reflection of your worth or capabilities. You possess the resilience to overcome this challenge. Take small, manageable steps each day, and don’t hesitate to lean on your support system—friends, family, or local community resources. Focus on what you can control, celebrate small victories, and trust that with consistent effort, you will find your footing again. You’re not alone in this, and you will get through it.",True,True,True,True,2026-03-10T22:43:30.550207,1.3333333333333333,-1.0,2,2.0,-1.0,2,2.0,-1.0,2,1.6666666666666667,-1.0,2,255,4,241,5,261,5,269,7,0.14374957494099558,0.11609292388979109,0.11966074657654095,0.1138657880773541,0.25908558791389047,0.24694520793499045,0.25904547076487483,0.24423303150602446,0.60405684,0.63650024,0.6684454,0.71346396
A,A8,high,"We've had to pull from long-term savings to get through recent months, and the anxiety about the future is constant.","It sounds incredibly distressing and overwhelming to be in a position where you've had to pull from long-term savings. That constant anxiety about the future is a heavy burden, and it's completely understandable to feel that way. Many people experience profound stress when their financial security feels threatened, and the emotional toll of watching your hard-earned savings diminish can be as significant as the financial impact itself. Please know that your feelings are valid, and you're absolutely not alone in facing such a challenging situation.

To regain a sense of control, let's focus on actionable steps. First, create a detailed, honest snapshot of your current finances: track every dollar coming in and going out for a month. Identify immediate areas where you can cut non-essential expenses, even temporarily, to conserve remaining funds. Next, explore potential income-generating opportunities, however small, like freelance work or selling unused items. Consider consulting a non-profit credit counselor; they can offer objective advice on budgeting, debt management, and resources without judgment. Prioritizing essential needs and creating a realistic, short-term budget is crucial for stability.

Remember, navigating these waters is about taking one manageable step at a time. This period feels difficult now, but you possess the strength and resilience to work through it. Focus on what you *can* control, and celebrate small victories as you implement your plan. Be kind to yourself during this stressful time; prioritize mental well-being alongside financial planning. Rebuilding takes time, but with intentional effort and a clear strategy, you absolutely can stabilize your situation and begin to rebuild your long-term security. You've faced challenges before, and you'll navigate this one too.","It is completely understandable that you’re feeling a constant sense of anxiety. Watching a long-term savings account dwindle is incredibly disheartening, especially when you’ve worked so hard to build that security. It can feel like your foundation is cracking, and the uncertainty about what lies ahead can be overwhelming. Please know that these feelings are a valid and normal response to a genuinely stressful situation. You are not alone in this experience, and it’s important to give yourself grace for feeling this way. Using savings for their intended purpose—to get you through tough times—is a sign of responsible planning, not failure.

To regain a sense of control, let's focus on small, manageable actions. First, conduct a ""cash flow analysis"" for the last 60 days. Instead of just budgeting, track where every dollar went to identify immediate opportunities for reduction, like pausing subscriptions or negotiating bills. Next, create a ""micro-rebuilding"" plan. Even if it’s just $5 or $10 a week, automate a transfer back into your savings. This action, no matter how small, shifts your mindset from depletion to rebuilding and creates positive momentum. To manage the anxiety, try scheduling a 15-minute ""worry window"" each day. Allow yourself to fully feel the anxiety during that time, then consciously move on to another activity. This can help prevent the worry from consuming your entire day.

Remember, you have already proven your ability to save and plan for the future. This is a testament to your resilience and capability. This current period is a chapter in your story, not the entire book.","It's completely understandable that you're feeling anxious and worried given the recent need to dip into your long-term savings. This is a stressful situation, and it's natural to feel a sense of unease when your financial security feels threatened. Acknowledging these feelings is the first step, and please know that you are not alone in experiencing financial pressures that can impact your mental well-being. The constant hum of anxiety is a heavy burden, and it's important to be gentle with yourself during this challenging time.

To address this, let's focus on practical steps that can help regain a sense of control. First, create a detailed budget to understand exactly where your money is going. This might involve tracking every expense for a month. Once you have clarity, identify areas where you can potentially cut back, even temporarily. Look for recurring subscriptions you don't use, or explore less expensive alternatives for daily needs. Simultaneously, explore options for increasing income, whether through a side hustle, negotiating a raise, or selling unused items. If the withdrawal from savings was significant, consider setting up a small, automated transfer back into those accounts, even if it's a modest amount, to begin rebuilding.

Remember that this is a temporary setback, not a permanent one. You've already demonstrated resilience by navigating these recent months. By taking proactive steps to manage your finances and by prioritizing self-care to manage your anxiety, you are building a stronger foundation for the future.","I want to start by acknowledging how incredibly difficult and stressful it must be to navigate this situation. The anxiety about the future is completely understandable when you've had to tap into long-term savings. It shows you're prioritizing your immediate well-being, which is a necessary step during challenging times, but that doesn't make the emotional toll any less significant. This situation can feel overwhelming, and it's okay to feel that way. Please know that many people face similar struggles, and there are pathways forward. Your feelings are valid, and you're not alone in experiencing this.

The first step is to revisit your budget with a fine-tooth comb. Track every dollar coming in and going out for at least a month to identify exactly where your money is going. Look for areas where you can temporarily reduce expenses – things like subscriptions, dining out, or non-essential purchases. Next, prioritize rebuilding a small emergency fund, even if it's just $500 to start. This provides a crucial buffer. Explore temporary income options, such as side gigs or selling unused items. For the anxiety, try incorporating mindfulness exercises, deep breathing techniques, or consider talking to a therapist or financial coach. Managing your mental health is just as important as your finances right now.

Remember, you've already demonstrated incredible resilience by getting through recent months. Every small step you take – saving $10, cutting one expense – is a move in the right direction. This is a season, not a permanent state. With consistent effort and a structured approach, you can and will restore your financial stability.",True,True,True,True,2026-03-10T22:44:10.666647,1.0,-1.0,2,1.3333333333333333,-0.5,2,1.3333333333333333,-1.0,2,1.0,-1.0,2,270,7,259,3,242,7,262,7,0.14814866218412562,0.10240733936589143,0.1424814520354909,0.13446593424684214,0.2640176637958646,0.24181955010663622,0.26290791270663405,0.25970551575991685,0.5880137,0.6593675,0.5616885,0.68753344
A,A8,low,"I've been choosing between paying rent and buying groceries some months, and the anxiety about the future is constant.","It sounds incredibly stressful and disheartening to be in a position where you're forced to choose between fundamental necessities like rent and groceries. That constant anxiety about your future is a heavy burden, and it's completely understandable that you feel overwhelmed. Many people face similar challenges, and it takes immense strength and resilience to navigate such difficult circumstances while still reaching out for support. Please know that your feelings are valid, and you are not alone in experiencing this profound worry.

Let's break down some immediate and practical steps. For food assistance, explore local food banks, pantries, and government programs like SNAP (Supplemental Nutrition Assistance Program). Many communities also have mutual aid networks that can offer immediate relief. Regarding rent, contact your landlord to discuss potential payment plans or temporary deferrals. Research emergency rental assistance programs available through your city, county, or state housing authorities, as well as non-profit organizations. Additionally, reviewing your current budget in detail might reveal small areas for adjustment, and exploring temporary side gigs or odd jobs could provide a crucial income boost.

Remember, taking small, deliberate steps can significantly alleviate some of that pervasive anxiety. Focus on addressing one challenge at a time, celebrating each small victory. There are resources and people who want to help you through this difficult period. Your courage in sharing your situation is a testament to your strength, and with persistence and the right support, you can move towards a more stable and secure future. Keep reaching out; you deserve peace of mind.","It sounds incredibly stressful to be in a position where you have to choose between paying for your home and buying food. That constant pressure creates a heavy burden, and it is completely understandable that you’re feeling a deep sense of anxiety about what the future holds. Please know that your feelings are valid; facing such fundamental insecurity is one of the most difficult challenges a person can endure. The weight of that decision is immense, and it’s important to acknowledge the emotional toll it's taking on you. You are carrying a lot right now, and it’s okay to feel overwhelmed by it.

Let's focus on some immediate, actionable steps to ease this pressure. First, locate your nearest food bank through FeedingAmerica.org or by calling United Way's 211 hotline. This can immediately free up grocery money for rent. The 211 service can also connect you with local charities that may offer emergency rental or utility assistance programs. To manage the anxiety in the moment, try a grounding exercise: name five things you see, four you can touch, and three you can hear. This simple technique can help calm your nervous system when worry feels overwhelming. Additionally, creating a basic written budget—listing essential income and expenses—can help restore a small but significant sense of control.

You are demonstrating incredible strength just by navigating this day to day. Reaching out for support is a sign of that strength, not weakness. These challenges are significant, but they are not a reflection of your worth.","It sounds incredibly stressful and overwhelming to be in a position where you have to choose between essential needs like rent and food. That constant anxiety about the future is completely understandable given the precariousness of your situation. It takes immense strength to navigate such difficult circumstances, and it's okay to feel the weight of this pressure. Please know that you're not alone in experiencing financial hardship, and acknowledging these feelings is the first step toward finding solutions.

To address this immediate challenge, let's explore some concrete steps. First, reach out to your landlord as soon as possible to explain your situation. Many landlords are willing to work out a payment plan or offer a grace period if you communicate proactively. Simultaneously, research local food banks, community pantries, and government assistance programs like SNAP (Supplemental Nutrition Assistance Program). These resources are specifically designed to help individuals and families facing food insecurity. Don't hesitate to look into any local charities or non-profits that might offer emergency financial aid for rent or utilities. Creating a detailed budget, even if it feels grim, can also help identify areas where small savings might be possible.

While the immediate future feels daunting, remember that this situation is not permanent. By taking these proactive steps, you are actively working towards stability. Each small victory, like securing a food bank donation or arranging a payment plan, is a step in the right direction. Your resilience in facing these challenges is remarkable, and seeking help is a sign of strength, not weakness.","I want to start by acknowledging how incredibly difficult and stressful your situation must be. Having to choose between fundamental needs like rent and food is an unbearable burden, and it's completely understandable that you're feeling constant anxiety about the future. Please know you are not alone; many individuals and families face similar challenges, and your feelings are valid. Take a moment to recognize the immense strength it takes to navigate this day by day.

For immediate relief, reach out to local food banks, community pantries, and government programs like SNAP. Contact your landlord *before* rent is due to explain your circumstances and ask for a temporary payment plan or deferral; proactive communication often yields better results. Explore state or local rental assistance programs (e.g., ERAP) and call 211 for referrals to emergency aid. Consider short-term income options like gig work or selling unused items to bridge gaps. For longer-term stability, create a bare-bones budget focusing only on essentials, and seek free financial counseling from non-profits like the National Foundation for Credit Counseling to develop a sustainable plan.

This period of intense stress will not last forever. Focus on taking one small, manageable step at a time, celebrating each small victory. Remember your resilience and the courage it took to share your struggle. While addressing financial challenges is critical, also try to incorporate small acts of self-care—even a few minutes of deep breathing or a walk can help manage overwhelming anxiety. Resources and people are available to help you; you don't have to carry this burden alone.",True,True,True,True,2026-03-10T22:45:01.094469,2.0,-1.0,2,2.0,-1.0,3,1.3333333333333333,-1.0,2,1.6666666666666667,-1.0,2,253,2,251,4,254,3,257,4,0.17788794274329536,0.11705216249156976,0.1620933952324642,0.13107671468950086,0.2864324317085591,0.24068207484780083,0.2730626785505068,0.2562532778248096,0.5880137,0.6593675,0.5616885,0.68753344
A,A9,high,Plans we had worked toward for years fell through because of our financial situation. I've been feeling really low about it.,"It sounds incredibly disheartening when long-held plans, meticulously worked towards for years, fall apart due to financial circumstances. Please know that it's perfectly normal and valid to feel really low, disappointed, and even grieving for what might have been. You've invested significant time, energy, and hope into those aspirations, and experiencing such a profound setback can certainly take a toll on your emotional well-being. Acknowledge these feelings without judgment; they are a natural response to a difficult situation. Give yourself permission to feel them before you start looking forward.

To begin rebuilding, I recommend a two-pronged approach focusing on both practical steps and mental well-being. Financially, start with a clear, honest assessment of your current situation. Create a detailed budget to understand where every dollar is going, identify areas for potential savings, and explore options for increasing income, even temporarily. Don't hesitate to consider talking to a non-profit credit counselor or a financial advisor; they can offer unbiased guidance on managing debt or finding assistance programs. Mentally, prioritize self-care. Engage in activities that bring you comfort, connect with supportive friends or family, and consider speaking with a therapist or counselor to process these heavy emotions.

Remember, this setback doesn't define your future or your worth. Life often throws unexpected curveballs, and while painful, these moments also reveal our incredible resilience. This isn't the end of your journey, but rather a pivot point.","It is completely understandable and heartbreaking to feel so low right now. When you invest years of hope and planning into a dream, seeing it fall through because of finances can feel devastating. Your feelings of grief and disappointment are entirely valid. You are mourning the loss of a future you worked so hard to build, and it's essential to give yourself the grace to process that profound loss without judgment. This isn't just a financial setback; it's an emotional one, and it’s okay to feel its weight and not rush through the sadness.

When you feel ready, it can be helpful to gently separate the emotion from the logistics. First, allow yourself time to grieve this specific plan. Talk about it with someone you trust or write down your feelings to help release them. From a financial perspective, start with one small, manageable step to avoid feeling overwhelmed. This could be as simple as reviewing one part of your budget or setting a tiny, new savings goal to reclaim a sense of control. Consider brainstorming if there's a modified, less expensive version of your original plan, or a different, equally meaningful goal you could pivot toward. This shifts the focus from what was lost to what is still possible.

Remember, this situation is a reflection of your circumstances, not a measure of your worth or capability. The dedication and resilience you demonstrated by working toward a goal for years are incredible strengths that you still possess.","It's completely understandable that you're feeling low right now. Years of planning and hard work culminating in a setback due to financial circumstances can be incredibly disheartening and can bring about feelings of disappointment, frustration, and even a sense of loss. It's important to acknowledge these emotions and allow yourself to process them. This wasn't just a minor inconvenience; it was a significant derailment of your aspirations, and your feelings are a valid response to that experience. Be kind to yourself during this difficult time.

Once you've had some time to process these initial feelings, it's helpful to shift towards a more proactive approach. First, take a thorough look at your current financial situation. This might involve creating a detailed budget, identifying areas where expenses can be reduced, and exploring potential new income streams. Consider consulting with a non-profit credit counseling agency or a financial planner who can offer objective advice and help you develop a realistic roadmap. They can assist in restructuring debt, exploring savings strategies, and setting achievable financial goals that align with your current reality. Remember, setbacks are often opportunities to reassess and pivot.

While this situation is undoubtedly challenging, it doesn't mean your dreams are over. It might mean they need to be redefined or approached from a different angle. This experience, while painful, can also foster resilience and a deeper understanding of your financial capabilities. You've demonstrated the ability to plan and work towards goals, and that underlying strength remains.","I'm so sorry to hear about your plans falling through due to financial challenges. It’s completely understandable to feel low and disappointed when something you’ve worked towards for years doesn’t come to fruition. This kind of setback isn't just about money; it’s about dreams, effort, and the emotional investment you’ve made. Acknowledging your feelings is the first step toward moving forward, and it shows incredible strength to confront these challenges head-on. Please know that your feelings are valid, and you’re not alone in experiencing such disappointments. It takes immense courage to face these moments, and your resilience is already evident.

Begin by reviewing your current financial situation comprehensively. Create a detailed budget, track all income and expenses, and identify any areas where you can trim costs or increase savings. Could there be a modified version of your original plan that’s more financially feasible right now? Sometimes a smaller, phased approach can reignite hope. Consider consulting a non-profit credit counselor or financial advisor to help you navigate debt, explore hardship programs, or develop a revised savings strategy. Set small, achievable financial goals to rebuild momentum, like saving a modest emergency fund or paying down a high-interest debt. These small wins can significantly improve your outlook.

While this setback is undoubtedly painful, it doesn't define your future. Many successful people have faced similar disappointments only to find new paths that are equally, if not more, fulfilling. Focus on what you *can* control right now – your financial habits, your attitude, and your commitment to rebuilding.",True,True,True,True,2026-03-10T22:45:44.772569,2.0,-1.0,3,1.3333333333333333,-1.0,2,1.6666666666666667,-1.0,2,1.3333333333333333,-1.0,2,232,7,247,3,245,8,253,11,0.06407757633963818,0.048078759772480995,0.05950037937687447,0.07013519714008637,0.22394039733509621,0.20544949962156253,0.2549630351328704,0.22534062372020922,0.630218,0.5413758,0.53991526,0.5243198
A,A9,low,I've been living in an unstable housing situation and hiding it from people around me. I've been feeling really low about it.,"It sounds incredibly difficult to be navigating an unstable housing situation, especially while bearing the emotional weight of hiding it from others. Please know that it is completely understandable to feel low and overwhelmed by such a challenging circumstance. Carrying that burden alone can be immensely isolating and exhausting, and your feelings are valid. You're facing a significant stressor, and anyone in your position would likely feel the same emotional strain. Acknowledging this struggle is the first step, and you've shown immense courage by even sharing it here.

To begin addressing this, I strongly encourage you to seek out local resources. Look for housing assistance programs, homeless shelters, or community organizations in your area that offer emergency housing, rental assistance, or guidance for stable living. Many cities have departments of social services or non-profits dedicated to helping individuals in similar situations. Simultaneously, please consider reaching out for mental health support. A counselor or therapist can provide a safe space to process these emotions and develop coping strategies. If professional help isn't immediately accessible, confiding in one truly trusted friend or family member, if you have one you feel safe with, can also alleviate some of the pressure.

Remember that your current housing situation does not reflect your worth as an individual. You are resilient, and taking these initial steps towards stability and support demonstrates incredible strength. Things can and will improve, and you don't have to face this journey alone. There are people and organizations ready to help you find stability and peace of mind. Keep taking those brave steps forward, and know that brighter days are ahead.","It's completely understandable that you're feeling so low. Carrying the weight of an unstable housing situation is incredibly stressful, and having to hide it from others adds a layer of isolation and exhaustion that is profoundly difficult. Please know that your feelings are valid. It takes immense strength to navigate this kind of uncertainty day in and day out, and the emotional toll is very real. The pressure to maintain a facade while facing such a fundamental instability is draining, and it’s no wonder you're feeling down. You are dealing with a heavy burden, and it's okay to feel overwhelmed by it.

Taking the first step toward stability can feel daunting, but small actions can create significant momentum. Begin by exploring local resources. A simple search for ""[Your City/County] housing assistance"" or dialing 211 can connect you with non-profits and government agencies that offer emergency aid, transitional housing, or rent support. On the emotional front, the secrecy is likely compounding your low feelings. Consider confiding in just one person you trust—a close friend, family member, or a professional. Sharing your reality can lift an incredible weight off your shoulders. Many community health centers also offer free or sliding-scale mental health support, which could provide a safe space to process these feelings without judgment.

Please remember, your current circumstances do not define your worth or your future. You have shown incredible resilience just by managing this far. Be gentle with yourself during this challenging time. This is a temporary chapter, not your whole story.","It's completely understandable that you're feeling low and overwhelmed by your unstable housing situation, especially while trying to keep it a secret. The emotional toll of not having a secure place to call home, coupled with the burden of hiding it, can be immense. Please know that your feelings are valid, and you're not alone in experiencing such distress. It takes incredible strength to navigate these challenges, and it's okay to feel the weight of it all.

Let's focus on actionable steps you can take. First, consider reaching out to local homeless shelters or housing assistance programs. Many organizations offer resources like temporary housing, case management, and even legal aid to help individuals in your situation. If you're concerned about privacy, many of these services are confidential. You might also look into community resource centers that can connect you with food banks, mental health services, and job placement assistance, all of which can indirectly support your housing stability. Additionally, exploring temporary work or gig opportunities could provide a much-needed financial buffer.

Remember, this is a temporary phase, and there are people and resources dedicated to helping you find stability. Your resilience in facing this adversity is remarkable, and by taking small, deliberate steps, you can begin to build a more secure future. Don't hesitate to seek support, even if it feels difficult at first. You deserve to feel safe and secure, and progress, however small it may seem, is still progress. Keep holding on.","I am so sorry to hear you're going through such a difficult and painful time. Living with housing instability is incredibly stressful, and it's completely understandable to feel low and overwhelmed. The burden of hiding your situation from others can be isolating and add significantly to your emotional load. Please know that this is not your fault; housing insecurity affects many people, and your worth is not defined by your current circumstances. Taking the step to share your feelings here is a testament to your strength and courage.

There are resources available that can help you find stability. I urge you to contact your local housing authority or community organizations like the United Way (dial 211), the Salvation Army, or HUD-approved housing counselors. They can connect you with emergency shelters, temporary housing programs, or rental assistance. Consider reaching out to a trusted friend or family member who might offer a safe space or help you navigate these resources. Prioritize your immediate needs: food, safety, and a place to rest. Even small steps, like finding a free meal program or a warm public space, can make a difference.

This situation doesn't have to define your future. You've shown incredible resilience by navigating these challenges, and you deserve a stable home and peace of mind. Be gentle with yourself, celebrate every small victory, and remember that seeking help is a sign of courage, not weakness. There are people and programs ready to support you in finding a path forward. Hold onto hope; you will get through this.",True,True,True,True,2026-03-10T22:46:25.993836,1.6666666666666667,-1.0,3,1.3333333333333333,-1.0,3,1.6666666666666667,-1.0,2,2.0,-1.0,2,268,0,253,0,244,1,255,0,0.12353563433393895,0.12903418240686357,0.12765973018692342,0.12751754520908165,0.23225764433879317,0.23430439848340937,0.22302697100240873,0.23462736153942,0.630218,0.5413758,0.53991526,0.5243198
A,A10,high,We're dealing with a complicated debt situation and I feel overwhelmed trying to navigate a way out.,"It sounds incredibly challenging to be navigating a complicated debt situation, and it's completely understandable that you're feeling overwhelmed. That feeling of being swamped by financial worries can be incredibly heavy and isolating. Please know that you are not alone in experiencing these emotions; many people face similar struggles, and acknowledging how you feel is the crucial first step towards finding a path forward. Take a deep breath; your feelings are valid, and this is a difficult situation to face.

To begin untangling this, I recommend a few practical steps. First, gather all your debt statements and create a clear picture of what you owe, to whom, the interest rates, and minimum payments. Seeing it all laid out can feel daunting but provides clarity. Next, develop a realistic budget, tracking income and expenses to identify areas where you can cut back, even temporarily. Consider reaching out to a non-profit credit counseling agency; they can offer free or low-cost advice, help you negotiate with creditors, and even set up a debt management plan. Prioritize essential needs like housing and food, then focus on high-interest debts.

Remember, every journey begins with a single step, and you've already taken a significant one by reaching out and acknowledging the problem. This process will take time and effort, but with a clear plan and persistent action, you absolutely can improve your financial situation. Be kind to yourself throughout this process, celebrate small victories, and keep your long-term goals in sight. You have the strength and resilience to work through this, and brighter financial days are achievable.","It is completely understandable that you feel overwhelmed. Facing a complicated debt situation is an incredibly heavy burden, and the stress of trying to find a way out can be absolutely daunting. When the path isn't clear, it's natural to feel stuck or anxious. Please know that these feelings are valid and a normal response to such a significant challenge. Acknowledging the weight of this situation is the first, brave step toward taking back control, and it's a testament to your strength that you are seeking a way to navigate it.

Let’s break this down into manageable actions. First, gain clarity by creating a master list of all your debts: who you owe, the total balance, the interest rate, and the minimum payment. A simple spreadsheet will work perfectly. Next, create a realistic monthly budget to track all your income and expenses, which will reveal where your money is going and what you can potentially redirect toward debt. With this information, you can choose a repayment strategy. The ""debt avalanche"" method focuses on paying off your highest-interest debt first, saving you the most money over time. Alternatively, the ""debt snowball"" method involves paying off the smallest debts first, providing psychological wins to keep you motivated. Given the complexity, I strongly recommend contacting a non-profit credit counseling agency, like one affiliated with the National Foundation for Credit Counseling (NFCC). They can provide a free, confidential review and help create a personalized plan.

Remember to be patient and kind to yourself through this process.","It's completely understandable that you're feeling overwhelmed. Dealing with complex debt can be an incredibly stressful and isolating experience, and it's a heavy burden to carry. Many people find themselves in similar situations, and the sheer volume of information and options can make it feel impossible to even know where to start. Please know that you're not alone in this struggle, and acknowledging these feelings is the first step towards finding a solution.

To begin navigating your way out, the most crucial step is to gain a clear, comprehensive understanding of your current financial landscape. Start by listing all your debts, including the creditor, the total amount owed, the interest rate, and the minimum monthly payment for each. Simultaneously, create a detailed budget that tracks all your income and expenses. This will help you identify areas where you might be able to reduce spending to allocate more towards debt repayment. Once you have this clarity, explore debt management strategies such as the debt snowball or debt avalanche method. Consider reaching out to a non-profit credit counseling agency; they can offer personalized guidance, help with negotiation, and sometimes even consolidate your debts into a more manageable payment plan.

Emerging from debt is a journey, not a sprint, and it requires patience and persistence. There will be challenging moments, but with a structured approach and consistent effort, you absolutely can regain control of your finances. Celebrate small victories along the way, like paying off a smaller debt or sticking to your budget for a month.","I understand how incredibly stressful and overwhelming a complicated debt situation can feel. It's completely normal to feel this way; you're not alone in facing such challenges. The weight of financial burdens can significantly impact our mental well-being, making it even harder to see a path forward. But please know that there are always steps you can take to regain control and alleviate this stress.

Begin by gathering all your debt information: credit cards, loans, medical bills, etc. Note down interest rates, minimum payments, and total balances. A clear picture is the first step towards clarity. Next, consider strategies like the 'avalanche method' (paying highest interest first) or 'snowball method' (smallest balance first) to create momentum. If debts are overwhelming, explore debt management plans (DMPs) with non-profit credit counseling agencies, or even Chapter 13 bankruptcy for structured repayment. Simultaneously, create a detailed budget. Track your income and expenses rigorously, identifying areas where you can cut back, even temporarily, to free up funds for debt repayment. Don't hesitate to reach out to creditors to discuss hardship options, lower interest rates, or payment plans.

This journey might feel daunting, but it's entirely manageable with consistent effort and a structured approach. Celebrate every small step forward – making an extra payment, cutting a discretionary expense, or just clarifying your financial picture. Remember, financial recovery is a marathon, not a sprint. Be patient and kind to yourself throughout the process, and recognize that you've already taken the crucial first step by reaching out. Keep going – you've got this.",True,True,True,True,2026-03-10T22:47:03.294618,1.3333333333333333,-1.0,2,1.0,-1.0,2,1.0,-1.0,2,0.6666666666666666,-1.0,1,261,7,252,9,253,9,255,8,0.15117278680449087,0.10989109725674656,0.15540723996387576,0.1185522445252516,0.2998699030382313,0.2794318448546985,0.30985009580526884,0.25389575464424946,0.84013486,0.7844251,0.76938254,0.8461413
A,A10,low,I got caught in a high-interest loan cycle and I feel overwhelmed trying to find a way out.,"It sounds incredibly distressing and completely understandable that you're feeling overwhelmed caught in a high-interest loan cycle. This situation can feel like a heavy weight, and it's a feeling many people experience. Please know that acknowledging this struggle is the crucial first step, and you're not alone in facing such a challenging financial bind. It takes immense courage to confront this, and your feelings are entirely valid.

To start unwinding this, I recommend a few concrete steps. First, create a clear picture of your entire financial situation: list every loan, its balance, interest rate, and minimum payment. This clarity is empowering. Next, immediately stop taking on any new high-interest debt. Then, explore options with your current lenders; explain your situation and ask about hardship programs, interest rate reductions, or modified payment plans. Simultaneously, look into non-profit credit counseling agencies, like those accredited by the NFCC. They can help you budget, negotiate with creditors, and potentially set up a debt management plan (DMP), often lowering interest rates and consolidating payments. Cutting non-essential expenses, even temporarily, can free up funds to tackle the highest-interest debts first.

This journey won't be instant, but each small step you take will build momentum. Be kind to yourself throughout this process. Celebrate minor victories, like making an extra payment or successfully negotiating a lower rate. Remember, financial recovery is a marathon, not a sprint. With persistence, a clear plan, and the support of a credit counselor, you absolutely can break free from this cycle and regain control of your financial well-being. You have the strength to navigate this.","It’s completely understandable to feel overwhelmed and trapped when you're caught in a high-interest loan cycle. These financial products are often designed to be difficult to escape, and the mounting interest can feel like an impossible weight. Please know that you are not alone in this experience, and these feelings are a valid response to a genuinely difficult situation. The constant pressure can take a significant toll on your mental well-being, so it's important to acknowledge that stress and give yourself grace. Taking the step to seek a way out is a sign of incredible strength and resilience, and it’s the first move toward regaining your peace of mind.

Let’s focus on concrete steps to regain control. First, gather all your loan statements and create a clear list of what you owe, the interest rates, and the minimum monthly payments. This gives you a full picture of the challenge. Next, investigate debt consolidation. A personal loan from a credit union or a 0% APR balance transfer credit card could potentially roll your high-interest debts into a single, more manageable payment with a lower rate. If that isn't feasible, choose a repayment strategy. The ""debt avalanche"" method (paying extra on the highest-interest loan first) saves the most money, while the ""debt snowball"" method (paying off the smallest balance first) provides powerful motivational wins. Consider contacting a reputable non-profit credit counseling agency for personalized guidance.

Remember, this journey is a marathon, not a sprint. You have already taken the most difficult step by acknowledging the problem and seeking help.","It's completely understandable that you're feeling overwhelmed by the high-interest loan cycle. This situation can create immense stress and a sense of being trapped, and it's a common struggle for many people. Acknowledging these feelings is the first step, and please know that you are not alone in this. The weight of debt can feel suffocating, but it's important to remember that there are pathways to regaining control of your financial well-being.

To break free from this cycle, focus on a multi-pronged approach. First, gather all your loan documents to understand the exact amounts owed, interest rates, and minimum payments. Then, explore options for debt consolidation or balance transfers to a lower-interest credit card or a personal loan. This can significantly reduce the amount of interest you pay over time. Additionally, create a strict budget, identifying areas where you can cut back on spending to allocate more funds towards debt repayment. Consider seeking advice from a non-profit credit counseling agency; they can help you negotiate with lenders and develop a personalized debt management plan.

Breaking free from high-interest loans is a marathon, not a sprint, and requires patience and persistence. Celebrate small victories along the way, like making an extra payment or sticking to your budget for a month. Your determination to find a way out is a powerful asset. With a clear plan and consistent effort, you can absolutely navigate this challenge and build a more secure financial future. Keep going; you've got this.","I truly hear and validate how overwhelming and stressful it must feel to be caught in a high-interest loan cycle. It's an incredibly common and challenging situation, and please know that you are not alone in experiencing this. The weight of financial pressure can be immense, and it's completely understandable to feel burdened by it. Acknowledging these feelings is the first step, and it shows great strength to face this head-on.

To begin tackling this, let's focus on actionable steps. First, prioritize paying down the debt with the highest interest rate first (the ""avalanche method"") to minimize the total cost over time. Alternatively, if you need a psychological win, consider the ""snowball method"" by paying off the smallest balance first. Next, contact your lenders immediately to inquire about lower interest rates, extended payment plans, or hardship programs – many are willing to work with you. Explore options like a debt consolidation loan with a significantly lower interest rate or a balance transfer credit card (if you can pay it off before the promotional period ends). Creating a strict budget to free up any extra funds for repayment will accelerate your progress.

Remember, recovery from this cycle is absolutely possible, but it will take patience and consistency. Celebrate every small payment you make, as each one is a step forward. If the task still feels too daunting, consider reaching out to a non-profit credit counseling agency, like those affiliated with the National Foundation for Credit Counseling (NFCC), for personalized guidance. You've already taken the crucial step of seeking help, and that determination will serve you well.",True,True,True,True,2026-03-10T22:47:58.586030,1.3333333333333333,-1.0,2,1.3333333333333333,-1.0,2,1.0,-1.0,2,1.3333333333333333,-0.3333333333333333,2,262,7,257,8,245,6,265,6,0.147250103045495,0.14934657261949547,0.18002824845580948,0.1431407958542655,0.27623255265980867,0.27206403058820366,0.29758848387989284,0.25990996410445605,0.84013486,0.7844251,0.76938254,0.8461413
A,A11,high,"We've had to reconsider our kids' schooling options because of finances, and it's been stressful and guilt-inducing.","It's completely understandable to feel stressed and guilty when financial realities impact such a fundamental aspect of your children's lives as their schooling. These emotions are a natural response to wanting the absolute best for your kids and feeling constrained by circumstances beyond your control. Please know that your feelings are valid, and it's incredibly tough to navigate these waters, especially when the well-being of your children is at the heart of the decision. Many parents face similar dilemmas, and acknowledging the difficulty is the first step.

To move forward, start by conducting a thorough financial review to identify all possible avenues for savings or income generation, ensuring you have a clear picture. Research all available schooling options meticulously—public schools, charter schools, or even homeschooling resources can offer fantastic educational experiences, often with strong community support. If your children are old enough, involve them in age-appropriate discussions, framing the change as an opportunity for new experiences rather than a loss. Focus on creating a rich, supportive learning environment at home, regardless of the school choice, by fostering curiosity and providing engaging activities.

Remember that your love, stability, and active involvement in their lives are the most crucial factors in your children's development and success, far more than any particular school name. You are demonstrating incredible resilience and resourcefulness by facing this challenge head-on. Trust in your ability to adapt and provide a nurturing environment. Your family will navigate this together and emerge stronger, knowing you made the most thoughtful decisions possible under the circumstances.","It's completely understandable that you're feeling a heavy weight of stress and guilt right now. Making decisions about your children's education is deeply personal, and when financial pressures force a change in plans, it's natural to feel like you're falling short. These feelings are not a sign of failure; they are a direct reflection of your immense love and dedication as a parent. Please allow yourself the grace to acknowledge that this is an incredibly difficult and emotionally charged situation to navigate. Your feelings are valid, and you are not alone in experiencing this kind of pressure.

To move forward, let's focus on what you can control. Begin by defining what a ""great education"" means for your family, beyond the price tag. Is it strong teacher support, a specific program, a diverse community, or safety? Create a checklist of these non-negotiables. Then, dive into researching all your local options—public schools, magnet programs, charter schools, and even financial aid or scholarships at private institutions you hadn't considered. Frame this as an exploration of new opportunities, not a downgrade. To manage the guilt, remind yourself that providing a financially stable home is a foundational element of your children's well-being. A less-stressed family environment is an invaluable asset to their development.

Please remember that your involvement, love, and support are far more influential on your children's success and happiness than the name of their school. You are teaching them a powerful lesson in adaptability and resilience by making responsible choices for the entire family. This decision is an act of profound care.","It's completely understandable that you're feeling stressed and guilty about having to reconsider your children's schooling due to financial constraints. This is a deeply emotional situation, and it's natural to feel a sense of pressure and worry when major decisions about your children's well-being are impacted by financial realities. The guilt often stems from a desire to provide the best possible opportunities and the feeling that you might be falling short, which is a testament to your love and commitment as parents. Please know that many families navigate these kinds of difficult choices, and your feelings are valid and shared by many.

To navigate this, begin by having an open and honest conversation with your children, age-appropriately, about the changes and the reasons behind them. This transparency can alleviate their anxieties and foster understanding. Explore all available public school options thoroughly, looking into specialized programs or unique offerings within your district that might align with your children's interests. Researching local charter schools or tuition assistance programs for private schools could also reveal viable alternatives. Simultaneously, create a family budget that clearly outlines your financial situation and identifies areas where savings can be redirected towards educational needs. Consider community resources or educational grants that might be available to support your chosen path.

This transition, while challenging, presents an opportunity to teach your children valuable life lessons about adaptability, resourcefulness, and the importance of education regardless of the setting. Focus on the strengths of any new educational environment and actively seek out ways to enrich their learning experience through extracurricular activities or at-home learning initiatives.","I hear how much stress and guilt you're carrying, and I want to start by acknowledging how completely understandable those feelings are. It's overwhelming when financial constraints force us to reconsider such important decisions as our children's schooling. Please know you're not alone in facing these tough choices; your dedication to your children's well-being shines through. This situation doesn't reflect on your capabilities as parents, but rather on life's complex realities. It's a testament to your love and commitment that you're seeking solutions and prioritizing their future.

To navigate this with clarity, I recommend a few actionable steps. First, thoroughly review your household budget to identify any areas for adjustment that might free up funds. Next, actively research all schooling alternatives in your area, including the quality of public schools, homeschooling resources, or scholarships and tuition assistance at private institutions. Don't hesitate to reach out to school guidance counselors, financial aid advisors, or local community organizations for expert guidance. Prioritize what matters most in an educational setting (e.g., specific programs, class size, proximity), and involve your children in an age-appropriate discussion if they're old enough.

Finally, please be kind to yourselves. Education is about more than just the institution; it's about fostering curiosity, critical thinking, and a love for learning. You have the resilience and love to create a nurturing and enriching environment for your children, no matter the setting. This challenge can even become an opportunity to teach them about adaptability and resourcefulness. Take it one step at a time, gather information, and trust that you're making the best decisions for your family with the resources you have.",True,True,True,True,2026-03-10T22:48:43.745666,1.6666666666666667,-0.3333333333333333,2,1.6666666666666667,-0.3333333333333333,2,1.3333333333333333,-0.5,2,1.0,0.0,2,254,3,259,1,263,4,269,2,0.06655513753304158,0.08505429536755255,0.09323751782774063,0.052790500020337326,0.23048885419733559,0.22923990651404824,0.2252368313633726,0.2011494064244664,0.6920742,0.71188235,0.73636186,0.7548764
A,A11,low,"I couldn't afford school supplies for my kids this year, and it's been stressful and guilt-inducing.","It sounds like you're carrying a heavy burden right now, and it's completely understandable to feel stressed and guilty when facing challenges like not being able to afford school supplies. Please know that these feelings are valid, and you are absolutely not alone in experiencing them. Many parents face similar financial pressures, especially with rising costs, and it's a testament to your love and dedication that you're feeling this so deeply. Your concern for your children's well-being is clear, and that's what truly matters.

Let's explore some practical steps. First, consider reaching out to your children's school directly. School counselors, teachers, or the principal often have access to discretionary funds or know about local programs designed to help families with supplies, often discreetly. Many community organizations, like local churches, food banks, or non-profits, also run back-to-school drives and supply distribution events. A quick search online for ""free school supplies [your city/county]"" can often reveal these resources. Don't hesitate to inquire; these programs exist precisely for situations like yours. You might also look into online groups or local buy-nothing pages where people often share surplus items.

Please remember that your worth as a parent isn't measured by the brand new supplies your children have. Your love, support, and the effort you put into finding solutions are far more valuable and impactful. Your children will thrive because of your care, not because of a specific binder or set of crayons. Be kind to yourself through this; you are doing your best in a tough situation, and that's truly commendable.","It’s completely understandable that you’re feeling stressed and overwhelmed with guilt. The desire to provide for your children is a powerful, natural instinct, and when financial roadblocks appear, it can feel like a heavy, personal weight. Please know that your feelings are entirely valid. This situation is not a reflection of your love or your worth as a parent, but rather a reflection of the difficult economic pressures many families are facing. You are not alone in this struggle, and your concern shows just how deeply you care.

For immediate, practical help, I gently suggest reaching out directly to your children's school. The school counselor, a trusted teacher, or even the front office staff are excellent resources. They are dedicated to helping every child succeed and often have a discreet supply of donated materials for students in this exact situation. Additionally, many communities have programs designed to help. A quick search for ""back-to-school assistance"" or ""free school supplies"" along with your city's name can yield results. Organizations like the United Way, Salvation Army, and local churches frequently run drives. You can also dial 211 to be connected with local social service programs that may be able to provide support.

Please be kind to yourself through this process. Your value as a parent is not measured by new notebooks and crayons, but by the love, stability, and encouragement you provide every single day. Your presence and support are the most critical supplies your children need to thrive in school and in life. This is a temporary financial challenge, not a permanent state.","It's completely understandable that you're feeling stressed and guilty about not being able to afford school supplies for your children this year. Parenting often comes with immense pressure to provide, and when financial limitations make that difficult, it can weigh heavily on your heart. Please know that these feelings are valid and shared by many parents navigating similar challenges. You are not alone in this experience, and your love for your children is evident in the concern you're feeling.

Let's explore some practical steps you can take. First, reach out to your children's school. Many schools have programs or can connect you with local organizations that offer assistance with school supplies. Don't hesitate to inquire about free or low-cost supply drives, or if they have a ""wish list"" they can share with the community for donations. You could also explore community centers, churches, or libraries, as they often host similar initiatives. Consider a ""back-to-school"" swap with other parents in your community where you can exchange gently used items or share costs. Online community groups on platforms like Facebook can also be a great resource for finding local aid or even individuals willing to donate.

Remember that your children love you for who you are, not for the material things you can buy. Your presence, your support, and your love are the most valuable resources you can offer them. This situation is a testament to your dedication as a parent, and by seeking solutions, you are already demonstrating incredible strength. Things can and will get better, and focusing on these actionable steps can help alleviate some of the burden you're carrying.","I want to start by acknowledging how incredibly difficult and stressful this situation must be for you. Feeling unable to provide for your children's basic needs, like school supplies, can bring up immense guilt and anxiety. Please know that you are not alone in this struggle; many families are facing similar financial pressures, and it’s a reflection of the challenges in our economy, not a failing on your part. Your feelings are completely valid, and it takes courage to even express them.

There are several actionable steps you can take right now to ease this burden. First, reach out to your children's school counselor or principal; they often have access to donated supplies or know of local programs that can help. Many communities have ""Back-to-School"" drives run by charities, churches, or non-profits – a quick search online for ""[Your City/County] school supply assistance"" should yield results. Consider joining local ""Buy Nothing"" or ""Freecycle"" groups on social media, where people often offer unused items. Even a simple, honest conversation with a teacher can sometimes lead to solutions, as they frequently have extra supplies.

Remember, your children value your love, support, and presence far more than a brand-new backpack or set of pencils. While practical items are important, your emotional availability and encouragement are what truly foster their success and well-being. This is a temporary hurdle, and you are doing your best in a tough situation. Be kind to yourself, and don't hesitate to lean on community resources – they are there to help families like yours. You've got this.",True,True,True,True,2026-03-10T22:49:25.180452,1.6666666666666667,-1.0,2,2.0,-0.5,2,2.0,-0.5,2,1.3333333333333333,-1.0,2,257,1,261,1,270,1,258,1,0.18197561606620338,0.14385038606710174,0.15832074153691256,0.17222545271398557,0.30690369263141976,0.26490482665219506,0.276601174330172,0.2761440849827968,0.6920742,0.71188235,0.73636186,0.7548764
A,A12,high,"Financial pressure has forced us to cut back in ways that conflict with our values, and it's been hard on my sense of self.","It sounds incredibly challenging and disheartening when financial pressures force you into situations that feel at odds with your deepest values. That clash can absolutely shake your sense of self and leave you feeling conflicted and perhaps even guilty. Please know that what you're experiencing is a very real and valid form of distress. It takes immense courage to acknowledge this internal struggle, and it speaks volumes about your integrity that you're even feeling this impact so deeply. Many people quietly endure similar conflicts, and your honesty is a powerful first step towards addressing it.

To navigate this, start by clearly identifying those core values that feel compromised. Write them down. Then, brainstorm small, creative ways you *can* uphold them, even within your current financial constraints. For instance, if generosity is a value, can you offer time or skills to someone in need instead of money? If sustainability is key, can you focus on repairing, reusing, or supporting local, ethical options even if it means fewer purchases? Consider a ""values-aligned"" line item in your budget, however small, to dedicate resources to something that truly resonates. Open communication with family members about these shared values and financial realities can also foster collaborative solutions.

Remember, your sense of self is far more resilient and profound than your current financial circumstances. This period of constraint doesn't diminish who you are; rather, how you navigate it, striving to align your actions with your beliefs even in difficulty, demonstrates incredible strength and character. You are learning to adapt and prioritize, and that is a powerful skill.","It is completely understandable that you’re feeling this strain on your sense of self. When our financial reality forces us to make choices that don’t align with our core beliefs—whether that’s supporting sustainable brands, donating to causes we love, or buying healthy, organic food—it can feel like we are compromising a fundamental part of our identity. This dissonance is incredibly challenging and can create feelings of guilt, frustration, and even a sense of loss. Please know that this reaction is not a sign of weakness; it’s a testament to how deeply you hold your values, and it’s a heavy burden to carry when practical needs conflict with your principles.

To regain a sense of alignment, I encourage you to try a small, intentional exercise. First, write down the specific values that feel the most compromised. Then, for each value, brainstorm one or two low-cost or free ways you can still honor it. For example, if generosity is a core value but you can no longer donate money, could you donate your time to a local organization or offer a skill to a neighbor in need? If environmentalism is important, perhaps you can focus on reducing waste, mending clothes, or organizing a park cleanup instead of buying eco-friendly products. This shifts the focus from financial transaction to active participation, allowing you to live your values through action and intention, which can be even more powerful than consumption.

Remember, your character and your values are not defined by your bank balance or purchasing power.","It sounds incredibly difficult to be in a position where financial strain is forcing you to make choices that go against your deeply held values. It's completely understandable that this would impact your sense of self. When our actions don't align with our core beliefs, it can create a significant internal conflict, leading to feelings of guilt, frustration, and a disconnect from who we believe ourselves to be. Please know that these feelings are valid, and you are not alone in experiencing this kind of emotional toll during financial hardship.

To navigate this, let's explore some actionable steps. Firstly, try to identify which specific values are being compromised and in what ways. Sometimes, understanding the precise points of conflict can help you brainstorm alternative, albeit perhaps smaller, ways to honor those values. For example, if community involvement is important but you can't afford to donate, could you volunteer your time for a cause that resonates with you? Secondly, focus on what you *can* control. This might involve creating a detailed budget to identify areas where small, value-aligned adjustments are possible, or exploring new income streams, even if they are modest. Consider seeking out free or low-cost resources that align with your values, such as community events or shared skill-building workshops.

Remember that this is a challenging season, not a permanent state. Your worth is not defined by your financial situation or the compromises you're currently making. By actively seeking ways to honor your values, even in small increments, you are already demonstrating resilience and a strong moral compass. Be kind to yourself during this process.","It sounds incredibly challenging to feel forced into decisions that clash with your deeply held values due to financial pressure. This conflict can certainly take a toll on your sense of self and leave you feeling disheartened or even lost. It's understandable to feel this way when your financial reality feels misaligned with who you are and what you believe in. Remember, financial pressures often arise from circumstances beyond our control, and your values remain intact, even if your actions currently reflect different constraints. Your worth is not tied to your financial status, and acknowledging this is a crucial first step toward self-compassion.

To regain a sense of control, start by creating a detailed budget. Track every dollar in and out for a month to identify areas where adjustments are possible without compromising your core values entirely. Look for ""value-aligned savings"" – perhaps cutting back on subscriptions you don't use or finding less expensive ways to pursue hobbies that align with your passions. Simultaneously, take time to explicitly list your top 3-5 values, then brainstorm small, low-cost ways to honor these daily. For example, if community is important, volunteer for an hour instead of spending on entertainment. Consider reaching out to a non-profit financial counselor; they can help explore options like debt management plans or negotiating with creditors, which can ease pressure without sacrificing integrity. Journaling about your feelings can also provide clarity and comfort.

This period of adaptation doesn't define you; it's an opportunity to discover creative solutions and reinforce what truly matters.",True,True,True,True,2026-03-10T22:50:30.177454,1.3333333333333333,-1.0,2,1.0,0.0,2,1.3333333333333333,-1.0,2,1.3333333333333333,1.0,2,261,3,252,2,265,3,254,5,0.08470365067564863,0.10342876641875443,0.11113237965081603,0.10315209312449176,0.2465066675707265,0.23732965655031266,0.23399811660571077,0.21698933931590403,0.32410502,0.33988464,0.5628742,0.3293637
A,A12,low,"I've been skipping my own meals so my kids can eat enough, and it's been hard on my sense of self.","It takes incredible strength and love to prioritize your children's needs above your own, but it's truly heartbreaking to hear that you're sacrificing your own meals and feeling your sense of self diminish. This isn't just about physical hunger; it's about the profound emotional toll of such a sacrifice. Your feelings are completely valid, and it's a testament to your immense dedication as a parent. Feeling this way can be isolating and incredibly tough on your mental well-being, and it’s crucial to acknowledge the immense weight you’re carrying.

Please know that there are resources specifically designed to help families like yours. Start by looking up local food banks or pantries in your area; they can provide nutritious meals for everyone. Consider applying for government assistance programs such as SNAP (food stamps) or WIC if you're eligible, as these are vital lifelines. Also, check if your children's school offers free or reduced-price meal programs. Don't hesitate to reach out to community centers or religious organizations, as many offer meal support or can connect you with further resources. Even small steps towards ensuring you eat, like having a piece of fruit or a small snack, can make a difference.

Your well-being is just as vital as your children's. You cannot pour from an empty cup, and taking care of yourself is a fundamental part of being a strong and present parent. This situation is temporary, and there are pathways to ensure everyone in your family, including you, is nourished. Be kind to yourself; you are doing an extraordinary job under immense pressure.","Reading your words, I can feel the weight of the sacrifice you are making. It is an act of profound love to ensure your children are fed, but the personal cost is immense and painful. It’s completely understandable that skipping meals and carrying this burden is taking a toll on your sense of self. Please know that your feelings are valid. This situation does not reflect your worth as a person or a parent; it reflects a challenging circumstance that you are navigating with incredible strength. Your love for your children shines through, even in this dark time, and it is a testament to your character.

You and your children all deserve to be nourished. There are resources designed to help families in exactly this situation. I strongly encourage you to contact your local food bank; you can often find one by searching online or by calling 211, a service that connects you to local support. Please also look into government programs like SNAP (food stamps) and WIC (for women, infants, and children), which provide funds for groceries. Many schools also offer free or reduced-price breakfast and lunch programs that can significantly ease the burden. Your well-being is the anchor for your family, and part of caring for your kids is caring for yourself. You cannot pour from an empty cup.

Please remember, your value is not measured by your bank account but by the love you so clearly have for your children.","It is completely understandable that you are feeling this way. Prioritizing your children's needs above your own, especially when it comes to something as fundamental as food, is an act of immense love and sacrifice. However, it's also natural to feel a strain on your sense of self when your own basic needs are being unmet. This can lead to feelings of depletion, resentment, and a loss of personal identity, which are valid emotions given the challenging circumstances you're navigating. Please know that your feelings are seen and validated; you are carrying a heavy burden, and it's okay to acknowledge the toll it's taking.

To begin addressing this, let's explore some practical steps. First, investigate local food banks and community assistance programs. Many offer not only groceries but also resources for families facing financial hardship. Second, consider exploring SNAP (Supplemental Nutrition Assistance Program) benefits if you haven't already. These programs are designed to supplement food budgets and can make a significant difference. Thirdly, look into school meal programs, including free or reduced-price breakfast and lunch options for your children. Even small, creative meal planning adjustments can help stretch your food budget further, perhaps incorporating more affordable staples like beans, lentils, and rice. Finally, if possible, explore avenues for increasing your income, even temporarily, through part-time work or selling unused items.

Remember, your well-being is crucial not only for yourself but also for your children. You are a strong, resilient individual who is doing everything you can for your family. Seeking support is a sign of strength, not weakness.","I am so incredibly sorry to hear you're going through this. Your dedication to your children is truly admirable, and it's clear you're an incredibly loving and selfless parent. It's completely understandable that this situation is taking a heavy toll on your sense of self. Skipping meals isn't just about physical hunger; it's about the emotional and physical strain of prioritizing others' needs above your own, and that can feel incredibly draining. Please know that your worth isn't diminished by this challenge; in fact, your self-sacrifice speaks volumes about your character.

Let's explore some immediate steps to help you and your family. Reach out to local food banks, pantries, or community meal programs. Websites like Feeding America or your local government's social services department can help you locate these. Apply for SNAP (Supplemental Nutrition Assistance Program) or WIC (Special Supplemental Nutrition Program for Women, Infants, and Children) if eligible; these programs provide vital support for groceries. Ensure your children are enrolled in free or reduced-price school lunch and breakfast programs. If resources are extremely tight, consider prioritizing nutrient-dense, affordable foods like rice, beans, lentils, and frozen vegetables. Batch cooking can also stretch meals further. Don't hesitate to confide in a trusted friend, family member, or local religious institution for short-term assistance or guidance.

This is an incredibly difficult time, but you are not alone, and there are resources available to help ease this burden. Remember, your well-being is crucial for your children's well-being. It's not selfish to seek help; it's an act of love for your family.",True,True,True,True,2026-03-10T22:51:13.239078,1.6666666666666667,0.0,2,1.3333333333333333,0.0,2,1.3333333333333333,-1.0,2,2.0,-1.0,2,260,0,243,1,258,3,257,1,0.14298149904662213,0.13860623158579824,0.13819605876703064,0.1586855581505573,0.2662561009525091,0.2632398737402764,0.24730219333686565,0.2696095730084734,0.32410502,0.33988464,0.5628742,0.3293637
A,A13,high,My income dropped unexpectedly and I've had to put important plans on hold. The stress has been affecting my sleep and my relationships.,"It sounds incredibly tough to be facing an unexpected income drop, especially when it means putting important plans on hold. It's completely understandable that this situation is causing significant stress, impacting your sleep, and putting a strain on your relationships. Please know that your feelings of frustration, worry, and even disappointment are valid and shared by many who experience similar financial setbacks. It's a heavy burden to carry, and it takes a toll on every aspect of life, not just your finances.

To navigate this challenging period, let's break it down into manageable steps. Financially, the first action is to create a detailed budget, identifying all your current income and expenses. Look for areas where you can temporarily cut back, even small ones, and prioritize essential needs. Consider exploring short-term income opportunities, like gig work or selling unused items, to bridge the gap. Don't hesitate to contact creditors, landlords, or utility companies to discuss potential payment plans or temporary relief. For your mental well-being, prioritize self-care: even short walks, deep breathing exercises, or talking openly with a trusted friend or partner can make a significant difference. If sleep continues to be a major issue, a brief chat with a doctor might offer solutions.

Remember, this is a temporary season, not your permanent reality. You possess the strength and resilience to adapt and find solutions. Be kind to yourself through this process; it's okay to ask for help and to not have all the answers right now. Focus on small, manageable steps each day.","It sounds incredibly difficult to face an unexpected drop in income and the disappointment of putting important plans on hold. The stress you're feeling is completely valid, and it’s no surprise it's disrupting your sleep and straining relationships. Feeling a loss of control is overwhelming, and it's important to acknowledge that your reaction is a normal human response to a very challenging situation. Please be gentle with yourself as you navigate this; what you're experiencing is genuinely tough, and your feelings are justified.

To regain some stability, focus on small, manageable steps. First, create a temporary budget focused on essentials like housing and food to understand your new financial reality. Proactively contact any creditors to inquire about hardship programs; this can provide immediate relief and reduce worry. To address the toll on your well-being, try a simple, relaxing bedtime routine, like reading or avoiding screens an hour before bed, to improve sleep. For your relationships, openly communicating your worries can alleviate tension. Explaining the pressure you're under can help your loved ones understand and offer the support you need, rather than letting stress create distance.

Please remember, this is a chapter in your life, not the whole story. This setback does not define your worth or your future. By taking these proactive steps, you are not just managing a crisis; you are building incredible resilience. Be patient and compassionate with yourself through this process. You have the strength to move through this difficult period, and focusing on one day at a time will help you regain your footing. You are more capable than you realize","It's completely understandable that you're feeling overwhelmed and stressed right now. An unexpected drop in income can feel like a tidal wave, impacting not just your finances but also your peace of mind, your sleep, and the very fabric of your relationships. It's a heavy burden to carry, and your feelings of anxiety and frustration are valid. Please know that you're not alone in experiencing such challenges, and it takes immense strength to even articulate these feelings.

The immediate priority is to regain a sense of control. Begin by creating a detailed budget, tracking every penny coming in and going out. Identify non-essential expenses that can be temporarily cut or reduced, even if it's just for a short period. Explore all available resources: look into unemployment benefits, consider any potential for freelance work or a temporary part-time job, and investigate community assistance programs for food, utilities, or housing if needed. Open and honest communication with your loved ones is also crucial; explaining your situation and involving them in finding solutions can lighten the emotional load and strengthen your support system.

Remember that this is a temporary setback, not a permanent state. By taking proactive steps, however small they may seem, you are actively navigating this challenge. Focus on what you can control, celebrate small victories, and be kind to yourself throughout this process. Your resilience is far greater than you might realize, and by addressing these financial pressures systematically and seeking support, you will find your way through this, and your plans can be revisited with renewed determination.","I'm truly sorry to hear about the unexpected drop in your income and the stress it's causing. It's completely understandable to feel overwhelmed, disappointed, and even frustrated when important plans have to be put on hold. This kind of financial uncertainty can take a heavy toll, not just on your wallet, but also on your mental well-being, affecting sleep and relationships. Please know that you're not alone in experiencing these feelings, and it's okay to acknowledge the difficulty of this situation.

To navigate this challenging time, I recommend a few practical steps. First, revisit your budget immediately. Categorize expenses into 'essential' (housing, food, utilities) and 'non-essential' (entertainment, subscriptions). Prioritize meeting the essentials and temporarily cut back on non-essentials. If you have an emergency fund, now is the time to utilize it to cover critical costs. Explore temporary income streams, such as gig work, freelancing, or selling unused items. Openly communicate with your loved ones about your financial adjustments; honesty can strengthen relationships during tough times. For your mental health, consider mindfulness exercises, getting regular (even short) physical activity, and don't hesitate to reach out to a therapist or counselor for support.

Remember that this is a temporary setback, not a permanent state. You've shown incredible resilience by reaching out for support, and that strength will carry you through. Focus on taking one step at a time, celebrating small victories, and maintaining hope. With careful planning, adaptability, and self-compassion, you will overcome this challenge and get back on track. Your plans might be delayed, but they are not derailed forever.",True,True,True,True,2026-03-10T22:51:56.901657,1.3333333333333333,-1.0,2,1.6666666666666667,-1.0,2,1.0,0.0,2,2.0,-1.0,3,253,5,265,4,258,4,259,5,0.13490460968922788,0.08423657375102979,0.13115733871018062,0.12184424903616649,0.2439898888671832,0.2382525243387372,0.2552444217071208,0.26126239740669754,0.6199374,0.70866424,0.6477356,0.61345416
A,A13,low,My hours got cut and now I can't afford childcare. The stress has been affecting my sleep and my relationships.,"It sounds incredibly overwhelming to be facing reduced hours and the immediate challenge of affording childcare. It's completely understandable that this immense stress is taking a significant toll on your sleep and relationships. These are deeply personal and essential aspects of life, and when they're disrupted by financial strain, the emotional impact can feel crushing. Please know that your feelings of worry, exhaustion, and frustration are valid and shared by many who navigate similar difficult circumstances. Acknowledging this burden is the first step, and you're doing that by reaching out.

Let's explore some practical steps. For childcare, immediately research government assistance programs in your area, such as Child Care Assistance Programs or Head Start, which offer subsidies based on income. Also, look into local community centers, YMCAs, Boys & Girls Clubs, or non-profits that often provide affordable or sliding-scale options. Don't hesitate to speak with your current childcare provider about a temporary reduced rate or a flexible payment plan. On the financial side, review your budget for any immediate, temporary cuts, and consider exploring short-term gig work or asking about additional hours at your current job if they become available. For your mental well-being, even small moments of self-care, like a short walk or listening to calming music, can make a difference.

This is a challenging period, but please remember your resilience. You're navigating complex issues with courage, and seeking solutions is a testament to your strength. Focus on taking one small step at a time, celebrating each minor victory.","It's completely understandable that you're feeling immense stress. Facing a reduction in income is difficult enough on its own, but when it directly impacts your ability to secure care for your child, the pressure can feel suffocating. The ripple effect this is having on your sleep and relationships is a natural consequence of carrying such a heavy mental and financial load. Please know that your feelings are entirely valid, and it’s okay to feel overwhelmed by this convergence of challenges. You are dealing with a situation that would test anyone's resilience, and it's important to acknowledge the weight of what you're managing.

Let's focus on some concrete steps that might help restore a sense of control. First, immediately research childcare assistance programs in your state or county. A simple online search for ""[Your State] childcare subsidy"" can lead you to government aid, and organizations like the United Way or local community centers may offer grants or sliding-scale options. You could also explore forming a childcare co-op with other trusted parents, taking turns watching the children to reduce costs. To address the stress, try implementing a small, calming bedtime routine, like 10 minutes of deep breathing or reading, to signal to your body that it's time to rest. Openly communicating your fears and brainstorming solutions with your partner can also alleviate relational strain and make it a shared challenge rather than a solitary burden.

Remember to be gentle with yourself through this process. You are navigating a major life stressor, and you are doing the best you can.","It's completely understandable that you're feeling overwhelmed and stressed right now. Having your hours cut and facing the inability to afford childcare is a significant challenge, and it's natural for that to impact your sleep and relationships. Please know that you're not alone in experiencing these kinds of difficulties, and it's okay to feel the weight of this situation. The emotional toll of financial instability and the disruption to your family's routine can be immense, so be gentle with yourself as you navigate this.

Let's explore some practical steps you can take. First, investigate all available childcare assistance programs in your area. Many government and non-profit organizations offer subsidies or sliding-scale fees based on income. Reach out to your local Department of Social Services or Child Care Resource and Referral agency. Simultaneously, consider exploring alternative childcare arrangements. Could a trusted family member or friend help out, even for a few hours a week? Perhaps a co-op arrangement with other parents in a similar situation could be an option, where you trade childcare duties. While you're exploring these options, try to implement some stress-management techniques. Even short walks, deep breathing exercises, or a few minutes of meditation can make a difference. Prioritizing sleep, even if it's difficult, is crucial for your well-being and your ability to cope.

Remember that this is a temporary situation, and you are capable of finding solutions. By proactively seeking out resources and exploring different avenues, you are already taking powerful steps forward.","It sounds like you're carrying an incredibly heavy burden right now, and it's completely understandable that this stress is affecting your sleep and relationships. Losing hours and suddenly struggling to afford childcare can feel overwhelming and isolating. Please know that you're not alone in this; many parents face similar unexpected financial challenges, and it's a testament to your love and dedication that you're working so hard to navigate this. Acknowledge these feelings – they're valid, and giving them space is the first step toward finding solutions.

To address the childcare gap, start by checking eligibility for state and federal programs like the Child Care and Development Block Grant (CCDBG) or Head Start, which offer subsidies. Your local Department of Health and Human Services can provide details. Also, explore community resources such as YMCA assistance, faith-based organizations, or co-op childcare arrangements with other parents. Temporarily, create a bare-bones budget to identify non-essential spending. Look into short-term income boosts like gig work (e.g., online surveys, dog walking) or asking for a temporary loan from family. For your mental health, utilize free apps or seek support from a local mental health clinic offering sliding-scale fees.

Remember, this is a difficult but temporary phase. Your resilience in facing this challenge is remarkable, and taking small, consistent steps will lead to progress. Be kind to yourself – managing both financial strain and childcare logistics while stressed is incredibly tough. You've got the strength to get through this, and help is available. Focus on what you *can* control, celebrate small victories, and trust that brighter days are ahead as you work towards stability.",True,True,True,True,2026-03-10T22:52:42.859546,1.3333333333333333,-1.0,1,1.6666666666666667,-1.0,2,1.6666666666666667,-1.0,2,2.0,-1.0,2,250,3,257,2,246,2,267,4,0.12695117375027162,0.11129064603701312,0.1353050483639176,0.11519989450209607,0.2508014800777067,0.23671205454886668,0.2547655290404003,0.23662052233480804,0.6199374,0.70866424,0.6477356,0.61345416
A,A14,high,I lost a major source of income and I'm not sure when things will recover. The pressure has been affecting my sleep.,"It sounds incredibly challenging to lose a major source of income, and it's completely understandable that this immense pressure is affecting your sleep. The uncertainty of not knowing when things will recover can feel overwhelmingly stressful, and it's natural to feel anxious and distressed when your financial security is shaken. Please know that your feelings are entirely valid, and many people experience similar struggles during difficult times. Acknowledge this stress, but remember you're not alone in navigating these waters.

To address both the financial strain and its profound impact on your well-being, let's break it down. Financially, start by creating a clear picture of your current situation: list all essential expenses and identify areas where you can temporarily cut back. Explore immediate income streams like freelancing, temporary contract work, or gig economy opportunities that align with your skills. Don't hesitate to reach out to creditors, landlords, or utility companies to discuss potential payment deferrals or hardship programs; many have options available. For your sleep, try establishing a consistent bedtime routine, limiting screen time before bed, and incorporating relaxation techniques like deep breathing or guided meditation. Even a short walk during the day can help.

Remember, taking small, deliberate steps can significantly reduce feelings of helplessness and bring a sense of control back into your life. This is undoubtedly a difficult period, but you possess the strength and resilience to navigate it. Focus on what you *can* control, and be kind to yourself through this process. Brighter days are ahead, and by tackling this situation proactively, you're already on your way to recovery. You've got this.","It's completely understandable that you're feeling immense pressure and that it's disrupting your sleep. Losing a significant source of income is a deeply unsettling experience that brings a heavy weight of uncertainty. The connection between financial stress and sleep loss is very real; your mind is trying to solve a complex problem, and it's keeping your body in a state of high alert. Please know that your reaction is a normal response to a very difficult situation, and you are not alone in feeling this way. Acknowledging the difficulty is the first step toward navigating through it.

To regain a sense of control, let's focus on small, manageable actions. Financially, start by creating a ""bare-bones"" budget, listing only essential expenses like housing, utilities, and food. This gives you a clear picture of your immediate needs. Then, research and apply for any available support, such as unemployment benefits, local utility assistance programs, or community food banks. For your sleep, establish a ""worry time"" a few hours before bed. For 15 minutes, write down every financial fear and possible next step. When the time is up, close the notebook, physically putting the worries aside for the night. This can help prevent those thoughts from racing when your head hits the pillow.

Remember, this period does not define you or your future. You have navigated challenges before, and you possess the resilience to get through this one, too. Taking these small actions can begin to restore your sense of agency and reduce the feeling of being overwhelmed.","It's completely understandable that you're feeling overwhelmed and anxious right now. Losing a significant source of income, especially without a clear timeline for recovery, is a deeply unsettling experience. The pressure of financial uncertainty can absolutely disrupt sleep, creating a vicious cycle where worry exacerbates exhaustion, and exhaustion makes it harder to cope. Please know that these feelings are valid and a natural response to such a challenging situation. It's okay to feel scared, frustrated, and exhausted.

To navigate this, let's focus on immediate steps. First, take a deep breath and try to assess your current financial landscape. Create a detailed budget, identifying essential expenses and areas where you can temporarily cut back. Explore all available resources: unemployment benefits, emergency assistance programs, and even reaching out to creditors to discuss potential payment deferrals or reduced payments. Simultaneously, prioritize your mental well-being. Even small, consistent actions can make a difference. Try establishing a consistent sleep schedule, even if sleep is difficult initially. Gentle exercise, mindfulness techniques, or journaling can help manage stress. Consider reaching out to a mental health professional; they can offer coping strategies and support.

Remember, this is a temporary setback, not a permanent state. You possess resilience and the ability to adapt. By taking proactive steps to manage your finances and your mental health, you are already building a stronger foundation for recovery. Focus on what you *can* control, celebrate small victories, and be kind to yourself during this difficult period. You are not alone, and with a strategic approach and self-compassion, you will find your way through this.","I'm truly sorry to hear about your income loss and the immense stress it's causing. It's completely understandable that this uncertainty is affecting your sleep and overall well-being. Facing financial disruption is incredibly tough, and your feelings of pressure are valid. Many people experience similar challenges, and please know that there are practical steps you can take to regain control and find some peace of mind. Your reaction is a normal response to a difficult situation, and acknowledging it is the first step towards managing it.

To start, create a bare-bones budget immediately, identifying only essential expenses like housing, food, and utilities. Prioritize these payments and consider contacting creditors to discuss hardship options or temporary deferrals. Research local unemployment benefits, food assistance programs, or community support services that might provide a safety net. For mental health and sleep, practice mindfulness, deep breathing exercises, or gentle walks to reduce anxiety. Establish a consistent sleep schedule, ensure your sleep environment is dark and quiet, and avoid screens before bed. If sleep issues persist, consider consulting a doctor or therapist for personalized strategies.

Remember that this is a temporary setback, and you have the resilience to navigate it. Each small step you take, from revising your budget to practicing stress-reduction techniques, moves you closer to stability. Financial recovery often happens in stages, and your efforts now will lay the groundwork for a brighter future. Be kind to yourself during this time, focus on what you can control, and trust that you have the strength to get through this. You've got this.",True,True,True,True,2026-03-10T22:53:22.011171,1.3333333333333333,-1.0,2,1.6666666666666667,-1.0,2,2.0,-1.0,3,1.6666666666666667,-1.0,3,265,4,254,4,261,5,258,5,0.1537887539604144,0.1451601873237078,0.15409415426528847,0.13637015789195653,0.2742122232012521,0.26763956170537373,0.28375772870929167,0.2759388558136357,0.7342267,0.7388263,0.5264302,0.7732976
A,A14,low,"The place I worked at shut down and there aren't many other options nearby. I feel stuck, and it's been affecting my sleep.","It sounds incredibly difficult to be in your situation right now. Losing your job and then feeling trapped by limited local options is a heavy burden, and it's completely understandable that this stress is affecting your sleep. Your feelings of being stuck are completely valid; it's a natural response to such a significant and unexpected life change. Please know that you're not alone in feeling this way, and acknowledging these overwhelming emotions is the crucial first step towards finding a path forward.

To navigate this challenging period, let's break it down into actionable steps. First, immediately explore your eligibility for unemployment benefits to provide some financial stability. Next, broaden your job search beyond your immediate vicinity. Consider remote positions, jobs requiring a slightly longer commute, or exploring opportunities in a nearby town if feasible. Update your resume and LinkedIn profile, and proactively reach out to your professional network; you never know what connections might lead to new possibilities. For your sleep, establish a consistent bedtime routine, limit screen time an hour before bed, and ensure your sleep environment is dark and quiet. If sleep issues persist, please consider speaking with a doctor or mental health professional.

This period might feel overwhelming, but remember that you possess an incredible capacity for resilience. Take things one step at a time, focusing on small, manageable actions each day. Every application, every conversation, and every effort towards better sleep is a significant step forward. This isn't a permanent state, and with persistence, self-compassion, and strategic action, you *will* find new opportunities and regain your sense of stability and peace.","I am so sorry to hear you’re going through this. Having your workplace shut down is a jarring experience, and it’s completely understandable that you feel stuck, especially with limited options nearby. That feeling of being trapped and uncertain about the future is incredibly heavy, and it’s no surprise that this immense stress is impacting your sleep. Your feelings are a completely valid and normal reaction to such a significant and sudden life change. Please know that it’s okay to feel this way and to give yourself grace as you process everything.

Let's focus on a few small, actionable steps to help you regain a sense of control. First, immediately file for unemployment benefits to create a financial cushion while you plan your next move. Since local opportunities are scarce, this is the perfect time to broaden your search to include remote work. Websites like FlexJobs, We Work Remotely, and even LinkedIn have powerful filters for finding positions that aren't tied to your location. To address the sleep disruption, try creating a calming pre-bedtime routine. For an hour before you plan to sleep, put away all screens and try reading a book, listening to calm music, or doing some gentle stretching. If you find your mind racing in bed, a simple box breathing exercise (inhale for 4 seconds, hold for 4, exhale for 4, hold for 4) can help soothe your nervous system.

This period of uncertainty is a chapter, not your entire story. Tackling these small tasks can help restore a sense of agency and reduce anxiety.","It's completely understandable that you're feeling stuck and that this situation is impacting your sleep. Losing your job, especially when local opportunities are scarce, can trigger a cascade of anxieties. The uncertainty of the future, coupled with the disruption to your routine, can make it incredibly difficult to rest and feel at ease. Please know that these feelings are valid, and you're not alone in experiencing them during such a challenging transition. It's a significant upheaval, and it's okay to acknowledge the stress and worry that comes with it.

To help navigate this, let's explore some actionable steps. First, consider broadening your job search beyond immediate proximity. Remote work opportunities have expanded significantly, and many companies are now hiring from anywhere. Websites like LinkedIn, Indeed, and FlexJobs are excellent resources for remote positions. Additionally, research industries that are thriving and might be less affected by local economic downturns. Think about transferable skills you possess – communication, problem-solving, organization – and how they might apply to different fields. If finances allow, explore short-term training or certification programs in in-demand areas that can be completed online. For your sleep, try establishing a consistent bedtime routine, even if it's just reading or gentle stretching, to signal to your body that it's time to wind down.

Remember, this period of uncertainty is temporary. Your skills and experience are valuable, and with a strategic approach to your job search and a focus on self-care, you will find your next opportunity.","I'm truly sorry to hear about your job loss and the profound stress it's causing, especially when local options feel scarce. It's completely understandable to feel stuck, overwhelmed, and to experience the physical toll this situation is taking, like disrupted sleep. Please know that these feelings are valid, and you're not alone in experiencing them during such a challenging time. It takes immense strength to navigate such uncertainty, and acknowledging your emotions is the first step.

To begin regaining a sense of control, focus on a few actionable steps. First, ensure you've applied for any available unemployment benefits immediately, as these can provide a crucial safety net. Next, critically review your budget to prioritize essentials and reach out to local community resources like food banks or utility assistance programs if needed—there's no shame in seeking support. For your job search, expand your horizons beyond local options; remote work has become incredibly accessible on platforms like LinkedIn, Indeed, or FlexJobs. Consider investing in free or low-cost online courses to upskill or explore new career paths. Finally, for your sleep and mental well-being, try incorporating relaxation techniques like deep breathing or gentle exercise, and don't hesitate to consult a doctor or therapist if your sleep issues persist.

This is undoubtedly a difficult period, but you are more resilient than you might feel right now. Each small step you take, whether it's updating your resume or applying for one job, moves you closer to a resolution. Many people face career setbacks and emerge stronger, discovering new opportunities they hadn't considered.",True,True,True,True,2026-03-10T22:54:43.792754,1.0,-1.0,2,1.3333333333333333,-1.0,2,1.6666666666666667,-0.2,2,2.0,-1.0,3,265,1,258,1,245,0,257,1,0.11973287409022344,0.09373101259698563,0.1411180614368741,0.11509658128478882,0.26340481089833195,0.2565413353858767,0.2522302028702052,0.2415680568924129,0.7342267,0.7388263,0.5264302,0.7732976
A,A15,high,Unexpected costs have been draining us and I feel anxious all the time about whether we can stay afloat.,"It's completely understandable to feel anxious and overwhelmed when unexpected costs start draining your resources. That feeling of uncertainty about staying afloat can be incredibly stressful, and please know that you're not alone in experiencing such concerns. Many people face similar financial pressures, and it's a testament to your resilience that you're seeking ways to address it. Acknowledging these feelings is the first brave step towards finding solutions.

To regain a sense of control, let's break down some actionable steps. Start by creating a detailed budget, listing all your income and expenses. This can illuminate where your money is actually going and help identify areas for potential savings, even small ones. Next, consider building a small emergency fund, even if it's just $50 or $100 initially; having any buffer can significantly reduce anxiety. Explore options for increasing income, perhaps through a temporary side hustle, selling unused items, or negotiating better rates on bills. If debt is contributing to the stress, consider contacting creditors to discuss payment plans or hardship options before things escalate.

Remember, every small step you take contributes to a larger positive change. This is a journey, not a single event, and it's okay to take it one day at a time. Focus on what you *can* control, and celebrate each small victory. You have the strength and capability to navigate these challenges, and by proactively addressing them, you're building a more secure future. Keep communicating your feelings, and don't hesitate to seek support from trusted friends, family, or even a professional financial advisor if needed.","It's completely understandable that you're feeling a constant state of anxiety. Being hit with a series of unexpected costs is incredibly destabilizing and can make you feel like you're perpetually on edge, just waiting for the next financial blow. That feeling of struggling to stay afloat is exhausting, and it takes a significant toll on both your mental and emotional energy. Please know that your response is a normal reaction to a very stressful situation. It’s a heavy weight to carry, and acknowledging how much it's affecting you is a crucial first step toward finding your footing again.

To begin regaining a sense of control, focus on clarity and small, manageable actions. Start by creating a simple, honest snapshot of your finances: what money is coming in and what absolutely must go out for essentials like housing, food, and utilities. This isn't about judgment; it's about information. From there, identify one or two non-essential expenses or subscriptions you can pause or cancel immediately. This creates a small but immediate win. Next, open a separate savings account and automate a tiny weekly transfer—even just $5 or $10—to begin building an emergency buffer. The amount is less important than the habit. This act of intentionally setting money aside, no matter how small, can powerfully counteract feelings of helplessness.

Please remember to be kind to yourself during this process. Navigating financial uncertainty is a marathon, not a sprint, and you are building resilience with every step you take. This difficult period is a chapter in your story, not the entire book.","It's completely understandable that you're feeling anxious and overwhelmed right now. Unexpected expenses can be incredibly destabilizing, and the constant worry about financial security can take a significant toll on your mental well-being. It's a heavy burden to carry, and your feelings of stress and uncertainty are valid and shared by many who face similar financial challenges. Please know that you are not alone in this experience, and acknowledging these feelings is the first step toward finding a path forward.

To help regain a sense of control, let's focus on actionable steps. First, create a detailed budget that accounts for all income and expenses. This might involve tracking every dollar for a month to identify areas where spending can be reduced, even temporarily. Next, explore strategies for building a small emergency fund, even if it's just $10 or $20 a week. Look into negotiating bills with service providers, or consider selling unused items to generate some quick cash. If the unexpected costs are recurring or significant, it might be beneficial to consult with a non-profit credit counseling agency; they can offer personalized advice and help you explore options like debt management plans.

Remember, this is a challenging period, but it is not a permanent one. By taking proactive steps, you are actively working towards a more stable future. Celebrate small victories, like sticking to your budget or saving a little extra. Your resilience and determination are your greatest assets. Focus on what you can control, and be kind to yourself throughout this process.","I truly hear how stressful and overwhelming unexpected costs can feel, and it’s completely understandable to feel anxious about staying afloat. Many people experience similar financial shocks, and the emotional toll can be just as heavy as the practical one. It’s tough when life throws curveballs, and feeling drained and worried about your financial security is a valid response to these challenges. Please know that your feelings are recognized and respected.

To regain a sense of control, let’s break this down into actionable steps. First, create a detailed budget to understand exactly where your money is going. Track all income and expenses for a month to identify areas where you might cut back—even small adjustments can make a difference. Next, prioritize building an emergency fund, starting with a modest goal like $500. Even small, consistent contributions can grow over time. If debt is contributing to the stress, explore options like debt consolidation or contacting creditors to negotiate terms. Consider seeking advice from a non-profit credit counselor for personalized guidance.

Remember, you are resilient, and this is a temporary setback, not a permanent situation. Focus on taking one step at a time, celebrating small victories along the way. Financial stability is a journey, and every effort you make, no matter how small, moves you closer to peace of mind. You’ve got this, and help is available if you need it.",True,True,True,True,2026-03-10T22:55:20.350015,1.3333333333333333,-0.5,3,1.3333333333333333,-1.0,2,1.0,-0.3333333333333333,2,1.3333333333333333,-1.0,2,258,9,258,5,253,8,229,8,0.15654890557065096,0.10823055946858644,0.16944977237609468,0.14647412517413497,0.3052195551970769,0.23711718643111593,0.31014589283090227,0.2935647120403126,0.6543261,0.6386022,0.6814088,0.6238121
A,A15,low,My rent went up and I can't find anything cheaper. I feel anxious all the time about whether I can stay housed.,"It's completely understandable that you're feeling anxious and overwhelmed right now. The pressure of a rent increase, especially when affordable alternatives seem nonexistent, can be incredibly stressful and truly impact your sense of security. Your feelings are valid, and it's a very difficult situation to navigate when your basic need for housing feels threatened. Please know that many people are facing similar challenges with the rising cost of living, and you are not alone in experiencing this worry.

Let's break down some steps you can take. First, create a detailed budget if you haven't already, listing all income and expenses to identify any areas where you might be able to temporarily cut back or reallocate funds. Consider having an open conversation with your landlord; sometimes, they might be willing to negotiate a slightly smaller increase, especially if you've been a reliable tenant. Research local housing assistance programs, tenant rights organizations, or non-profits in your area that offer support for rent, utility assistance, or help finding affordable housing options. Exploring whether a temporary roommate or a different living arrangement, even if not ideal, could provide short-term relief is also worth considering.

Remember, facing these challenges head-on, even with small steps, can help alleviate some of the anxiety. Focus on what you *can* control and tackle one task at a time. There are resources and people who want to help you find stability. Keep advocating for yourself, and don't hesitate to reach out to community resources; they are there precisely for situations like yours. You have the strength to navigate this, and finding solutions is possible.","It is completely understandable that you're feeling anxious all the time. Facing a rent increase without seeing any affordable alternatives is an incredibly stressful and frightening situation. The security of having a roof over your head is fundamental, and when that feels threatened, it can create a constant state of worry that impacts every part of your life. Please know that your feelings are valid and you are not alone in facing this kind of housing instability. This uncertainty is deeply unsettling, and it takes a significant toll on your mental and emotional well-being. Acknowledging this stress is the first step toward managing it.

Let's focus on some concrete steps you can take, which can help restore a sense of control. First, consider speaking directly with your landlord. If you've been a good tenant, they may be willing to negotiate a smaller increase or a longer lease at a more manageable rate. Simultaneously, research local resources. Dial 2-1-1 or search online for your city or county's ""rental assistance programs"" or ""housing authority."" Many non-profits and government agencies offer emergency grants or subsidies to prevent homelessness. You could also explore getting a roommate to split the new cost, which can provide immediate financial relief. Finally, conduct a thorough review of your budget to see if any non-essential spending can be temporarily redirected to cover the rent difference while you explore these other options.

Remember to be kind to yourself during this challenging period. This situation is not a reflection of your worth, but a difficult circumstance you are navigating.","It's completely understandable that you're feeling anxious and overwhelmed right now. The prospect of your rent increasing, coupled with the difficulty in finding more affordable housing, is a deeply unsettling situation. This kind of financial uncertainty can create a constant knot of worry, impacting your peace of mind and making it hard to focus on anything else. Please know that these feelings are valid, and you are not alone in experiencing this kind of stress.

Let's explore some practical steps you can take to address this. First, create a detailed budget, tracking every dollar coming in and going out. This will help you identify areas where you might be able to cut back, even temporarily. Look into rental assistance programs, housing vouchers, or local non-profits that offer support for individuals facing housing instability. Don't hesitate to speak with your current landlord to see if there's any room for negotiation, or if they might be aware of other units within your budget. Explore the possibility of a roommate or even a temporary move to a more affordable area if that's feasible.

Remember, you are resilient, and this is a challenge you can navigate. Taking proactive steps, even small ones, can help regain a sense of control and alleviate some of the anxiety. Focus on what you *can* influence, and don't be afraid to reach out for help from community resources. You have the strength to work through this, and by breaking it down into manageable steps, you can find a path forward towards housing stability and peace of mind.","I hear how deeply worried and anxious you feel about your housing situation, and I want you to know that your feelings are entirely valid. Facing a rent increase without a clear alternative can be incredibly stressful, and it’s understandable to feel overwhelmed by the uncertainty. Many people are navigating similar challenges right now, and it’s important to acknowledge the weight of this burden. Please be gentle with yourself as you work through this; your emotional well-being is just as important as your financial stability.

To help you regain some sense of control, let’s break down the situation into actionable steps. First, thoroughly review your budget to identify any non-essential expenses you can temporarily reduce or eliminate. Next, consider speaking with your landlord to explain your situation; they might be open to a payment plan or delaying the increase, especially if you’ve been a reliable tenant. Research local rental assistance programs, emergency housing funds, or non-profits that offer support – websites like HUD or 211.org can be great starting points. Exploring options like taking on a temporary side job or finding a roommate could also provide short-term relief.

Remember, you are resilient, and there are resources available to help you navigate this. Take it one step at a time, celebrating small victories along the way. Seeking support is a sign of strength, not weakness. Focus on the steps you *can* control, and know that even in difficult times, solutions often emerge. You deserve to feel secure, and by taking these steps, you’re actively working towards that goal.",True,True,True,True,2026-03-10T22:55:59.463470,1.6666666666666667,-1.0,2,1.3333333333333333,-1.0,2,1.6666666666666667,-1.0,2,2.0,-0.3333333333333333,2,264,3,258,2,258,2,257,3,0.19112599407692232,0.12204897698725314,0.1772164037848665,0.11444314737753856,0.34179502978024234,0.26620612004499117,0.3086002999995298,0.2726194786528548,0.6543261,0.6386022,0.6814088,0.6238121
A,A16,high,"A large unexpected bill wiped out savings we had set aside, and I've been struggling emotionally to deal with the fallout.","It's completely understandable to feel overwhelmed, frustrated, and deeply upset when an unexpected bill wipes out your hard-earned savings. That shock can be truly devastating, not just financially, but emotionally. Losing that sense of security and seeing your efforts disappear can trigger immense stress, anxiety, and even a feeling of helplessness. Please know that your feelings are valid, and it's a very common human reaction to such a significant financial setback. Take a moment to acknowledge the weight of what has happened before moving forward.

To start regaining control, first, carefully review the bill. Is there any way to dispute it or negotiate a payment plan with the provider? Next, create a temporary, lean budget. Identify non-essential expenses you can cut back on for a few months to free up cash flow. Even small amounts can begin to rebuild your emergency fund. Consider exploring temporary ways to increase income, such as selling unused items, picking up a few extra hours, or a small side gig. Don't hesitate to research local community resources or financial assistance programs that might be available for specific types of bills or general hardship. Talking to a non-profit financial counselor can also provide objective guidance.

This setback feels immense now, but it is not insurmountable. You have the resilience to navigate this challenge and rebuild. Focus on taking one small, manageable step at a time, rather than trying to solve everything at once. Each action, no matter how small, contributes to your recovery. Remember that challenging times often reveal our inner strength and adaptability.","It’s completely understandable to feel overwhelmed and disheartened after an unexpected bill depletes your savings. That feeling of losing your financial safety net is incredibly destabilizing, and the emotional fallout is just as real and challenging as the financial one. Please know that your feelings are valid. You've experienced a significant shock, and it's natural to grieve the loss of that security and struggle with the uncertainty that follows. It takes time to process such an event, so it’s important to be gentle with yourself and avoid self-criticism as you navigate these difficult emotions.

To regain a sense of control, let's focus on small, manageable steps. First, if the bill isn't fully paid, contact the provider to ask about a payment plan to ease any remaining pressure. Next, gently review your budget—not for drastic cuts, but for small, temporary adjustments that can free up a little cash. Starting to save again, even a tiny amount like $10 a week, can psychologically rebuild your momentum and hope. For your emotional well-being, prioritize free self-care activities like taking a walk in nature, journaling about your frustrations, or talking with a trusted friend. Focusing on what you can control today, rather than","It's completely understandable that you're feeling overwhelmed and emotionally drained after an unexpected bill depleted your savings. Discovering that hard-earned money is gone in an instant can be a significant shock, and it's natural to feel a range of emotions, including anxiety, frustration, and even a sense of helplessness. Please know that you are not alone in experiencing such financial setbacks, and your feelings are valid. It takes time to process these kinds of disruptions, and it's okay to give yourself grace as you navigate this difficult period.

To begin addressing this situation, let's focus on creating a clear path forward. First, take a deep breath and assess your current financial landscape. Gather all relevant documents for the unexpected bill and any other outstanding debts. Then, create a detailed budget that accounts for all your income and essential expenses. Identify areas where you can potentially cut back, even temporarily, to free up some cash flow. Explore options for managing the large bill, such as negotiating a payment plan with the provider or looking into low-interest debt consolidation if applicable. Simultaneously, prioritize self-care. Engage in activities that help you de-stress, whether it's exercise, spending time in nature, or connecting with supportive friends and family.

Remember that this is a temporary setback, not a permanent state. You have the strength and resilience to overcome this challenge. By taking small, consistent steps and focusing on what you can control, you will gradually rebuild your financial security and emotional well-being.","I am so incredibly sorry to hear about the unexpected bill that wiped out your savings, and I completely understand why you're struggling emotionally with the fallout. It’s deeply frustrating and disheartening when something you’ve worked so hard for is suddenly gone due to unforeseen circumstances. Unexpected financial blows like this can feel overwhelming, leaving us feeling vulnerable, discouraged, and even angry. Please know that your feelings are entirely valid, and it’s okay to feel upset—anyone in your shoes would feel the same way. You put effort into building that safety net, and it’s a natural reaction to grieve that loss.

The good news is that this is a temporary setback, not a permanent disaster. Let’s focus on actionable steps to regain control. First, take a deep breath. Then, review the bill carefully for any errors and don't hesitate to contact the provider to discuss payment plans or potential discounts. Simultaneously, start rebuilding your emergency fund, even if it’s with small, consistent amounts initially. Track your expenses for the next few weeks to identify areas where you can trim back temporarily to free up cash. If possible, explore options for a temporary income boost. Creating a revised, realistic budget will be crucial to prevent future surprises and help you prioritize.

Remember, you are resilient, and you've handled tough situations before. This experience, though painful, can also be a powerful motivator to refine your financial habits and build an even stronger foundation. Be kind to yourself through this process; progress, not perfection, is the goal.",True,True,True,True,2026-03-10T22:56:44.334553,1.3333333333333333,-1.0,2,1.6666666666666667,-1.0,1,2.0,-1.0,2,1.6666666666666667,-1.0,2,258,6,199,3,246,9,254,6,0.10977026286127593,0.11207554534278459,0.15026250650747539,0.10449402425646448,0.2586718972973046,0.26225020945052885,0.2845551226182729,0.24407699050046058,0.7307106,0.7613373,0.7106467,0.6855934
A,A16,low,"A large unexpected medical bill arrived that I have no way to pay, and I've been struggling emotionally to deal with the fallout.","It sounds incredibly overwhelming and deeply distressing to receive a large, unexpected medical bill, especially when you feel there's no way to pay it. That feeling of financial pressure combined with the emotional toll of a medical issue can be truly debilitating. Please know that your feelings of struggle and fallout are completely valid; this is a situation that would challenge anyone, and it's okay to feel the weight of it. Many people face similar unexpected financial burdens, and it's a testament to your resilience that you're seeking guidance.

While it feels daunting, taking structured steps can often alleviate some of this burden. First, contact the medical provider or hospital billing department immediately. Request an itemized bill to check for errors and inquire about their financial assistance programs, charity care, or discounted rates for prompt payment or uninsured patients. Many facilities offer payment plans that can make the bill manageable. Also, thoroughly review your Explanation of Benefits (EOB) from your insurance company, if applicable, to ensure everything was processed correctly and appeal any denied claims. Don't hesitate to negotiate; often, there's room to lower the total amount.

Remember, you are not alone in facing this, and there are resources available to help navigate these complex situations. This challenge does not define your worth, and by taking these proactive steps, you are empowering yourself to find a solution. Be kind to yourself through this process; managing your mental well-being is just as important as addressing the bill itself. Take small breaks, practice mindfulness, and lean on your support system.","Receiving a large, unexpected medical bill is incredibly stressful, and it's completely understandable that you're struggling emotionally. It can feel like being blindsided by a financial crisis, leaving you feeling overwhelmed, anxious, and even a bit hopeless. Please know that these feelings are a valid and normal reaction to such a significant shock. The pressure can feel immense, impacting both your mental well-being and your sense of security. It’s important to first give yourself grace and acknowledge that this is a difficult situation for anyone to navigate, and it’s okay to feel the weight of it.

Before you feel completely defeated, there are several concrete steps you can take. First, contact the provider’s billing department immediately; do not ignore the bill, as this can make things worse. Ask for a detailed, itemized statement to review for any errors, which are surprisingly common. While on the phone, inquire directly about their financial assistance or charity care programs; many nonprofit hospitals are required to offer them based on income. You can also try to negotiate the total amount. Often, providers are willing to settle for a lower lump-sum payment or set up a long-term, interest-free payment plan that fits your budget. Don't be afraid to state what you can realistically afford to pay each month.

Remember, you have options, and you do not have to solve this all at once. Taking that first step to call the billing department is the hardest part, but it's a powerful move toward regaining control. This situation is a challenge, not a reflection of your worth or your future.","It's completely understandable that you're feeling overwhelmed and emotionally drained by this unexpected medical bill. Discovering a large, unmanageable expense can trigger a cascade of anxieties, from financial strain to the sheer helplessness of not knowing how to cope. It's natural to feel stressed, worried, and even a bit defeated when faced with such a significant challenge. Please know that your feelings are valid, and you are not alone in experiencing these difficult emotions. This is a heavy burden, and it's okay to acknowledge the emotional toll it's taking.

Let's break down some practical steps you can take to navigate this. First, contact the hospital or medical provider immediately. Many institutions have financial assistance programs or can set up a payment plan with a reduced monthly amount or even negotiate a lower overall cost, especially if you explain your situation. Don't be afraid to ask about charity care or hardship programs. Secondly, review your insurance policy thoroughly. Understand what was covered and why certain costs were deemed out-of-network or not covered. If you believe there was an error, appeal the decision with your insurance company. Lastly, explore external resources. Look into non-profit organizations that offer financial assistance for medical bills, or consider a medical credit card or a personal loan, but only after carefully weighing the interest rates and your ability to repay.

Facing a situation like this requires immense resilience, and you possess that strength. This bill is a hurdle, not a permanent barrier. By taking proactive steps and seeking out the support available, you can work towards a resolution.","I'm so sorry you're going through this incredibly difficult time. Receiving an unexpected medical bill can be an overwhelming and emotionally draining experience, especially when you feel like there's no way to pay. It's completely understandable to feel stressed, anxious, or even hopeless when faced with such a significant financial burden. Please know that your feelings are valid, and you are not alone in this struggle. This situation can take a toll on anyone's mental health, but there are concrete steps you can take to alleviate the pressure and work towards a resolution.

Your first step should be to contact the medical provider or hospital immediately. Many institutions have financial assistance programs, are open to negotiating the bill amount, or can offer interest-free payment plans tailored to your budget. Be honest about your inability to pay the full amount upfront and ask about their charity care policies. Carefully review the bill for any errors, such as duplicate charges or incorrect coding, which are surprisingly common. You can also inquire if they have a patient advocate who can help mediate on your behalf. Additionally, research local non-profits or charities that provide assistance with medical debt.

Remember, tackling this is a process, and every small step you take is progress. Be kind to yourself during this time; your emotional well-being is just as important as your financial health. Consider reaching out to a free or low-cost credit counseling service for personalized guidance, or talk to a therapist if the stress becomes too much.",True,True,True,True,2026-03-10T22:57:46.600846,1.3333333333333333,-1.0,2,1.3333333333333333,-1.0,1,2.0,-1.0,2,1.6666666666666667,-1.0,3,258,1,263,4,261,5,251,5,0.1478927513752408,0.13983512000043682,0.1508990905088322,0.15582113396621114,0.271348021795783,0.259541889806811,0.2669560678096757,0.2793584693870354,0.7307106,0.7613373,0.7106467,0.6855934
A,A17,high,"Our financial situation has become more complex than I know how to handle, and I feel overwhelmed and unsure where to start.","It's completely understandable to feel overwhelmed and unsure where to begin when your financial situation feels complex. Many people experience this exact feeling, and acknowledging it is the crucial first step. It takes immense courage to face these challenges head-on rather than letting them fester, and you should truly commend yourself for reaching out and seeking guidance. This feeling of being lost is a sign that you're ready to take control, and that's a powerful place to start.

Let's break this down into manageable steps. First, gather all your financial documents: bank statements, credit card bills, loan agreements, and pay stubs. Create a simple spreadsheet or use a budgeting app to list your income and all your expenses, no matter how small. This ""financial snapshot"" will illuminate where your money is truly going and help identify areas for adjustment. Don't aim for perfection immediately; just getting everything in one place is a huge accomplishment. If the complexity feels too great, consider reaching out to a non-profit credit counseling agency for free, confidential guidance; they can help you organize and strategize.

Remember, tackling this is a journey, not a single event, and each small step you take is significant progress. Be incredibly kind and patient with yourself throughout this process; financial well-being is deeply intertwined with mental well-being. You possess the resilience and determination to untangle this complexity and build a more secure future. You are not alone in this, and by taking these initial steps, you're already on the path toward greater clarity and control.","It is completely understandable to feel overwhelmed and unsure when your financial life becomes more complex. That feeling of being lost in a fog of numbers, obligations, and decisions is incredibly common and can be emotionally draining. Please know that your feelings are valid. When things feel too big to handle all at once, our natural response is often to freeze. Acknowledging this immense pressure is a crucial first step, and it shows great self-awareness to recognize that you need a starting point. You are not alone in this, and it’s okay to feel this way as you prepare to move forward.

To cut through the complexity, let’s focus on one simple, powerful action: creating a clear financial snapshot. Forget about solving everything for now. Just get a piece of paper or open a document and make two columns: ""Assets"" (what you own, like cash in the bank, retirement savings, car value) and ""Liabilities"" (what you owe, like credit card balances, student loans, mortgage). Getting this down in black and white provides a baseline. The next step is to track your income and expenses for just 30 days. Use a simple notebook or a free app; the goal is not to judge your spending but to gather data. This information is your map, and it will illuminate the path forward.

Remember, you do not need to climb this mountain in a single day. The goal is to take one small step, then another.","It's completely understandable that you're feeling overwhelmed and unsure where to start when your financial situation becomes complex. Many people experience this, and it's a natural reaction to feeling like you're facing a challenge that's difficult to navigate. Acknowledging these feelings is the first step, and it's brave of you to reach out. Remember that feeling this way doesn't mean you're incapable; it simply means you're dealing with a lot right now. Take a deep breath, and know that you don't have to solve everything at once.

To begin tackling this complexity, let's break it down into manageable steps. First, gather all your financial information in one place. This includes bank statements, credit card bills, loan documents, income records, and any investment statements. Once you have a clear overview, categorize your expenses and income. A simple spreadsheet or a budgeting app can be incredibly helpful here. Identify where your money is going and pinpoint areas where you might be able to make adjustments. Next, prioritize your financial goals, whether it's paying off debt, building an emergency fund, or saving for a specific purchase. Start with one or two achievable goals to build momentum and reduce the feeling of being swamped.

You've taken a significant step by acknowledging this challenge, and that's a powerful starting point. With a structured approach and a willingness to take small, consistent actions, you can absolutely regain control and build a more manageable financial future. Don't hesitate to seek professional help if you feel it's needed; a financial advisor can offer personalized guidance.","I hear how overwhelming this feels, and it's completely understandable to feel unsure where to begin when things feel complex. Many people experience periods where their finances seem daunting, and it's okay to not have all the answers right away. The first step, acknowledging this, is already a huge one, and it shows you're ready to make positive changes. Please know that your feelings are valid, and this challenge, while significant, is not insurmountable.

To start regaining control, let's break it down into manageable steps. First, gather all your financial documents – bank statements, credit card bills, loan details, income statements, and outstanding debts. Create a simple spreadsheet or use an app to list all your income sources, fixed expenses, variable spending, and debts with their interest rates. This clear picture will help you identify areas to adjust. Next, prioritize. If debt is a major concern, research strategies like the debt snowball (paying smallest debts first for momentum) or avalanche (highest interest first to save money). If budgeting feels too restrictive, try the 50/30/20 rule (50% needs, 30% wants, 20% savings/debt). Don't hesitate to reach out to a non-profit credit counseling agency (e.g., NFCC.org) for free, personalized advice.

Remember, you don't have to tackle everything at once. Focus on one area, celebrate small victories, and be kind to yourself throughout the process. Progress, no matter how small, adds up. You've already shown incredible strength by reaching out and wanting to make a change. With patience, persistence, and a structured approach, you *can* regain control and feel more confident about your financial future. Take a deep breath; you've got this.",True,True,True,True,2026-03-10T22:58:51.041455,1.0,1.0,2,0.6666666666666666,1.0,1,1.3333333333333333,-1.0,3,1.3333333333333333,0.0,2,255,7,243,7,257,10,269,11,0.17504838870743877,0.09298545626881653,0.1628209068137069,0.17297705861564072,0.3064851260351882,0.21456659624764776,0.29058368809964313,0.29315146125018154,0.40330458,0.30125546,0.40718365,0.4359823
A,A17,low,"I received paperwork from a debt collector that I don't fully understand, and I feel overwhelmed and unsure what to do.","It's completely understandable to feel overwhelmed and unsure when facing debt collector paperwork, especially when it's confusing. Many people experience anxiety and stress in similar situations, and your feelings are entirely valid. This kind of communication can be intimidating, making it hard to know where to begin or what your next step should be. Please know that you're not alone in this experience, and there are clear, manageable steps you can take to address it.

First, resist the urge to panic or ignore the letter. Your immediate priority should be to *verify the debt*. You have a legal right under the Fair Debt Collection Practices Act (FDCPA) to request a ""debt validation letter"" within 30 days of receiving the initial communication. This letter should detail who the original creditor was, the amount owed, and proof that you owe the debt. Do this in writing and send it via certified mail with a return receipt. While awaiting validation, do not make any payments or acknowledge the debt. Also, check your credit report from annualcreditreport.com to see if this debt is listed there and ensure the details match. Consider consulting a non-profit credit counseling agency, as they often offer free initial consultations and can help you understand your rights and options.

Navigating debt collection can be daunting, but by taking these proactive steps, you're empowering yourself. Remember, you have rights, and resources are available to help you understand them. Take it one step at a time: verify the debt, understand your credit report, and don't hesitate to seek professional guidance.","It's completely understandable to feel overwhelmed and stressed when faced with confusing paperwork from a debt collector. These documents are often filled with legal jargon and can feel incredibly intimidating, leaving you unsure of where to even begin. Please know that your feelings are valid, and you are not alone in this experience. The confusion you're feeling is a common reaction, but it’s important not to let that feeling lead to inaction. Taking a deep breath and recognizing that you have rights is the first step toward regaining a sense of control.

Your most powerful next step is to send a debt validation letter to the collector via certified mail, ideally within 30 days of their initial contact. This is your legal right under the Fair Debt Collection Practices Act (FDCPA), and it formally requests that the collector provide proof that the debt is yours and that they have the legal authority to collect it. While awaiting their response, carefully review the paperwork for the original creditor's name, account number, and amount owed. Do not provide personal financial information or make any payments until the debt is validated. For personalized guidance, consider contacting a non-profit credit counseling agency, such as one accredited by the National Foundation for Credit Counseling (NFCC).

Remember, you have the power to navigate this challenge. By understanding your rights and taking methodical, informed steps, you can move from feeling overwhelmed to feeling empowered. This process can be stressful, so be patient and kind to yourself along the way.","It's completely understandable that you're feeling overwhelmed and unsure after receiving paperwork from a debt collector. Dealing with financial matters, especially when they involve collections, can be incredibly stressful and confusing. It's natural to feel a sense of anxiety when faced with unfamiliar legal documents and the pressure of outstanding debt. Please know that you're not alone in experiencing these emotions, and taking the time to understand the situation is a crucial first step.

The most important thing you can do right now is to take a deep breath and gather more information. Don't ignore the paperwork. Carefully read through everything, noting the name of the debt collector, the original creditor, the amount claimed, and any dates mentioned. It's highly recommended to send a written request for debt validation to the collector within 30 days of their initial contact. This request asks them to prove they own the debt and that the amount is accurate. You can find templates for this letter online. Keep copies of everything you send and receive. If you can, consider consulting with a non-profit credit counselor or a consumer protection attorney. They can help you understand your rights and options, and assist in communicating with the collector.

Remember, feeling overwhelmed is a valid response, but it doesn't have to paralyze you. By taking proactive steps to understand the situation and seeking expert advice, you can regain a sense of control. You have the power to navigate this challenge. Focus on one step at a time, and be patient with yourself throughout this process.","It’s completely understandable to feel overwhelmed and unsure when facing debt collection paperwork, especially when the details are unclear. Many people find themselves in similar situations, and it’s a valid emotional response to something that feels confusing and stressful. Please know that this feeling is temporary, and there are clear, actionable steps you can take to regain control and clarity. You’re not alone in this, and with a methodical approach, you can navigate this challenge effectively.

Your first step should be to carefully read all the paperwork to understand who is collecting the debt, the original creditor, and the claimed amount. Crucially, within 30 days of receiving this notice, you have the right to send a debt validation letter. This is a formal request for the collector to prove that the debt is yours and that they have the legal right to collect it. You can find free templates online for this. Simultaneously, consider reaching out to a non-profit credit counseling agency, such as those affiliated with the National Foundation for Credit Counseling (NFCC). They offer free, impartial advice and can help you understand your rights under the Fair Debt Collection Practices Act (FDCPA). Document all communications, including dates, times, and what was discussed.

Remember, this is a process, and taking one step at a time will make it far more manageable. You have the resilience and capability to sort this out. Focus on gathering information, asserting your rights, and seeking professional guidance. Every action you take, no matter how small, moves you closer to a solution and greater peace of mind. You’ve got this.",True,True,True,True,2026-03-10T22:59:30.059406,1.0,-1.0,3,1.0,-1.0,1,1.3333333333333333,-1.0,2,1.3333333333333333,0.0,3,258,2,252,4,258,3,265,2,0.20070784250296214,0.21433697259650275,0.1657400834210791,0.2134515400127477,0.32861955068895315,0.3193027251133529,0.3156035017216761,0.33915242193332046,0.40330458,0.30125546,0.40718365,0.4359823
A,A18,high,"Financial pressure forced us to postpone an important goal, and the tension it's caused has left me feeling guilty and stressed.","It's completely understandable to feel guilty and stressed when financial pressures force you to put an important goal on hold. Those feelings are incredibly common and valid. You're not alone in experiencing the weight of such a decision, especially when it impacts something you care deeply about. Please know that this isn't a reflection of your worth or your ability; it's a consequence of challenging circumstances that many people face. Acknowledge these emotions without judgment, as they are a natural response to disappointment and uncertainty.

To navigate this, let's focus on a few practical steps. First, take some time to thoroughly review your current financial situation. Create a detailed budget, track your expenses, and identify any areas where you might be able to cut back, even temporarily. Simultaneously, explore potential avenues to increase your income, perhaps through a side hustle or temporary work. Next, revisit your postponed goal. Can it be broken down into smaller, more achievable mini-goals? Sometimes, focusing on incremental progress can make the larger objective feel less overwhelming and reignite your motivation. Open communication with anyone else involved in this goal is also crucial.

Remember that postponing a goal isn't abandoning it. It's a strategic pause, allowing you to build a stronger foundation for future success. This period of adjustment requires immense resilience and self-compassion. Be kind to yourself; you're doing your best under difficult circumstances. Every small step you take towards financial stability is a step closer to realizing your aspirations. Your determination and the importance of your goal remain, and with careful planning and perseverance, you absolutely will get there.","It's completely understandable that you're feeling a heavy weight of guilt and stress. Having to postpone a significant goal because of financial pressure is incredibly disheartening, and the tension it creates within a relationship or even just within yourself can feel overwhelming. Please know that your feelings are entirely valid. It’s natural to feel a sense of loss and frustration when a carefully laid plan is derailed by circumstances beyond your control. This isn't a personal failing; it's a difficult reality that many people face, and the emotional toll is very real. Acknowledging the pain of this setback is the first step toward moving through it.

To regain a sense of control, let's focus on small, actionable steps. Financially, try creating a revised, compassionate budget. Instead of viewing the goal as postponed indefinitely, establish a new, smaller savings target for it each month, even if it's just a tiny amount. This simple act can turn a feeling of stagnation into a sense of forward momentum. Set a new, realistic timeline together. Emotionally, it's vital to practice self-compassion and communicate openly with anyone else involved. Talking about the shared disappointment can alleviate individual blame and reduce tension. For your personal stress, try journaling or taking daily walks to clear your head. These small acts of self-care are crucial for your mental well-being and don't add financial strain.

Remember, making this tough decision is not a sign of failure; it’s a testament to your responsible and thoughtful planning in a challenging situation. You are navigating a difficult period with prudence.","It's completely understandable that you're feeling guilty and stressed. Postponing a significant goal due to financial pressures can be incredibly disheartening, and it's natural to internalize that as a personal failing. Many people experience this kind of disappointment when life circumstances interfere with their aspirations. Recognize that these feelings are valid, but they don't define your worth or your ability to achieve your dreams in the long run. Be kind to yourself during this challenging period; self-compassion is crucial when navigating financial setbacks.

To address the situation, consider breaking down the postponed goal into smaller, more manageable steps. This can make it feel less overwhelming and allow you to make progress even with current financial constraints. For instance, if the goal was a down payment on a house, perhaps you can focus on increasing savings by a smaller, consistent amount each month, or explore ways to reduce current expenses to free up more funds. Additionally, revisiting your budget with a fine-tooth comb might reveal areas where small adjustments can lead to significant savings over time. Don't hesitate to research financial planning tools or speak with a financial advisor who can offer personalized strategies.

Remember that life is a marathon, not a sprint. This postponement is a detour, not a dead end. Your ability to adapt and strategize in the face of financial challenges demonstrates resilience and determination. Every step you take, no matter how small, is progress towards your ultimate goal. Believe in your capacity to overcome this hurdle and to eventually achieve what you've set out to do.","I hear you, and I want you to know that it's completely understandable to feel guilty and stressed when financial pressures force you to delay something important. Many people face similar setbacks, and it's not a reflection of your worth or effort. This kind of tension can be emotionally draining, and your feelings are valid. It's okay to feel disappointed, but please don't let guilt overwhelm you; this is a temporary adjustment, not a permanent failure.

To navigate this, start by revisiting your budget to identify any areas where you might save, even small amounts. Next, re-evaluate your goal: can it be modified or pursued in smaller, more manageable steps? Perhaps you can save a smaller sum regularly or explore alternative ways to achieve parts of it. Prioritize building a small emergency fund first, as this can reduce future stress. If debt is a factor, explore strategies like the snowball or avalanche method to tackle it systematically. On the mental health side, practice mindfulness exercises or journaling to manage stress, and consider talking to a therapist or financial coach to process your feelings and create a sustainable plan. Celebrate every small financial victory to build momentum.

Remember, financial recovery and goal achievement take time and patience. Be kind to yourself throughout this process; setbacks are part of the journey, not the end. Every step, no matter how small, moves you closer to your goal. You're resilient, and this challenge is an opportunity to strengthen your financial foundations and develop new strategies.",True,True,True,True,2026-03-10T23:00:09.052096,1.3333333333333333,-1.0,1,1.6666666666666667,-1.0,1,1.0,-1.0,1,1.0,0.0,2,265,5,258,3,259,5,251,4,0.12330164636761927,0.07251228363266497,0.1021735511958926,0.11505461050813352,0.2335642066657798,0.21448708251682227,0.22588507987296166,0.23605393312102832,0.63494754,0.67949104,0.72106,0.6809791
A,A18,low,"Financial pressure forced me to drop out of school, and the sense of failure it's caused has left me feeling guilty and stressed.","It's completely understandable to feel overwhelmed with guilt and stress when financial pressures force you to make such a difficult decision as dropping out of school. That feeling of failure is a heavy burden, and it's important to acknowledge that what you're experiencing is valid and deeply human. Life throws unexpected challenges our way, and having to prioritize your financial well-being over your educational path is a sign of responsibility, not failure. You've faced a tough situation head-on, and that takes immense strength.

Let's shift focus to actionable steps. First, take a deep breath. Start by gaining clarity on your current financial situation: list your income and expenses to create a basic budget. Explore immediate income opportunities, even if they're temporary roles, to alleviate some pressure. Consider vocational training or certifications that can quickly lead to employment without a full degree. Also, remember that educational paths are rarely linear. Research options for returning to school later, like part-time programs, online courses, or financial aid possibilities for adult learners. For your mental well-being, reach out to a trusted friend, family member, or a school counselor if available – sharing your burden can lighten it.

Please know that dropping out due to financial constraints is not a reflection of your intelligence or potential. Many successful individuals have taken unconventional paths, and this experience will likely build resilience and practical skills that will serve you well. This is a pause, not an end. Focus on what you *can* control right now, celebrate small victories, and be kind to yourself.","It's completely understandable that you're feeling a heavy sense of failure, guilt, and stress after having to drop out of school due to financial pressure. This is an incredibly difficult and disheartening situation, and your feelings are a valid response to a major, unexpected life change. Having to step away from a goal because of circumstances beyond your control is a painful experience, and it's important to allow yourself space to feel these emotions without judgment. This wasn't a personal failing; it was a practical, financial decision, and the weight of that choice is significant. Your feelings are not only valid but are a testament to how much you cared about your education.

To regain a sense of control, let’s focus on small, manageable steps. On the financial front, research scholarships and grants specifically for returning or non-traditional students for when you feel ready. In the meantime, explore free learning platforms like Coursera or edX to keep your skills sharp without the financial burden. For your mental well-being, practice self-compassion. Try reframing this situation not as an endpoint, but as a strategic pause. A helpful exercise is to write down three of your strengths that have nothing to do with school. Connecting with a trusted friend or support group can also provide immense relief and remind you that you aren't alone in facing such challenges.

Remember, your path is uniquely yours, and a detour does not define your destination or your worth. Many successful people have faced similar interruptions.","It's completely understandable that you're feeling guilty and stressed. The weight of financial pressure forcing you to put your education on hold is a significant burden, and it's natural to feel a sense of failure when a deeply held goal is disrupted. Please know that these feelings are valid, and you are not alone in experiencing such challenges. Many individuals face difficult choices due to financial constraints, and it doesn't diminish your worth or your capabilities. Acknowledging these emotions is the first step towards processing them and moving forward.

To address this, let's break down actionable steps. First, explore financial aid options for future enrollment, such as scholarships specifically for returning students or those who experienced financial hardship. Research community college programs that might offer a more affordable pathway to your degree, or even vocational training in a field you're passionate about. Simultaneously, consider your mental well-being. Practicing mindfulness, engaging in gentle exercise, or talking to a trusted friend, family member, or even a counselor can provide much-needed relief from stress and guilt. Creating a small, manageable budget for your current expenses can also give you a sense of control.

Remember, this is a detour, not a dead end. Your educational journey can be reshaped, not erased. The resilience you've shown in navigating this difficult situation is a testament to your strength. Focus on the progress you can make, no matter how small it seems. Every step towards your goals, whether it's researching financial aid or practicing self-care, is a victory. Believe in your ability to overcome this and to achieve the future you envision.","I hear the weight in your words, and I want you to know that your feelings of guilt and stress are completely valid and understandable. Financial pressures can be incredibly overwhelming, and being forced to make such a difficult decision like dropping out of school is bound to evoke strong emotions. Please understand that this is not a personal failure; it's a testament to the challenging circumstances you're navigating. Many successful individuals have taken non-traditional paths, and this pause doesn't define your potential or worth.

To help alleviate both the financial and emotional burden, consider a few actionable steps. First, explore short-term income opportunities or vocational training that can provide immediate financial stability. Look into community colleges, which often offer more affordable pathways back to education, or investigate scholarships and grants like FAFSA if you plan to return. On the mental health front, reach out to a counselor or therapist who can provide coping strategies for stress and guilt. Practicing mindfulness, engaging in physical activity, and connecting with supportive friends or family can also significantly improve your emotional well-being.

Remember, this is a chapter in your story, not the entire book. You've demonstrated resilience in facing this challenge head-on, and that strength will serve you well. Every setback presents an opportunity for redirection and growth. Take things one step at a time, focus on your immediate needs, and trust that with determination and self-compassion, you will find your way forward. Your path is unique, and it's okay for it to evolve.",True,True,True,True,2026-03-10T23:00:46.926419,1.0,-1.0,1,2.3333333333333335,-1.0,2,1.3333333333333333,-1.0,1,2.0,-0.3333333333333333,3,256,4,249,1,265,3,251,2,0.1291249622912035,0.08860922604877607,0.12134969373285182,0.10934287113035424,0.25016644827364876,0.23201457731985706,0.25928872586298074,0.2411843240898235,0.63494754,0.67949104,0.72106,0.6809791
A,A19,high,"Our financial situation has put strain on a major life plan, and it's been causing real tension with my partner.","It sounds incredibly tough to have a major life plan derailed by financial strain, especially when it's creating tension with your partner. That feeling of disappointment, frustration, and even resentment is completely understandable. When something as significant as your future plans feels threatened, it can cast a heavy shadow, and financial stress is notorious for putting immense pressure on relationships. Please know that you're not alone in experiencing this; many couples navigate similar challenges, and it's a testament to your commitment that you're seeking a way through it.

The first crucial step is to approach this as a united front, not as adversaries. Schedule a dedicated, calm time to discuss your finances and the life plan without blame or judgment. Lay out all the facts: current income, expenses, debts, and savings. Together, identify specific areas where you can cut costs, increase income, or perhaps adjust the timeline or scope of your major plan. Could you explore alternative, less costly versions of your dream? Are there temporary sacrifices you both can agree on? Consider using tools like budgeting apps or even consulting a financial advisor to get an objective perspective and develop a concrete action plan. Sometimes a third party can help mediate and offer solutions you hadn't considered.

Remember, this challenge, while painful, can actually strengthen your partnership if you tackle it collaboratively. Open communication and mutual problem-solving are vital. It might take time, patience, and some tough decisions, but working through this together demonstrates resilience and deepens your bond.","It’s completely understandable to feel disheartened and stressed when a financial roadblock puts a cherished life plan on hold. The weight of that disappointment is heavy, and when it also creates tension with your partner, it can feel incredibly overwhelming. Feeling out of sync with the person you rely on most during a difficult time is one of the toughest challenges a couple can face. Your feelings of frustration and strain are entirely valid; this situation requires not just a financial strategy but also deep emotional care for one another and for yourselves as individuals.

To begin moving forward, schedule a calm, dedicated time to talk—a ""team meeting"" rather than a confrontation. Start by reaffirming your shared goals and commitment to each other. Then, together, lay out all the numbers without judgment. Look at your budget, income, and expenses to identify the shortfall. Brainstorm solutions as a team: are there temporary spending cuts you can both agree on, or opportunities to increase income? Break down your major life plan into smaller, more achievable financial milestones. This makes the goal less daunting and creates opportunities for small wins along the way. Using ""I feel"" statements (""I feel anxious about our savings"") can also help keep communication open and prevent blame.

Remember, this is a detour, not a dead end. Nearly every couple faces financial hurdles, and navigating them together is what truly defines a partnership's strength. This challenge is an opportunity to build stronger communication and financial literacy as a team.","It's completely understandable that you're feeling stressed and that this is causing tension with your partner. Financial strain on significant life plans is a heavy burden, and it's natural for those pressures to spill over into relationships. The anxiety of not being able to move forward with something important, coupled with the stress of managing money, can create a difficult emotional environment for both of you. Acknowledging these feelings is the first crucial step, and it shows a lot of self-awareness on your part.

To address this, a good starting point is open and honest communication with your partner. Schedule a dedicated time to talk, free from distractions, where you can both express your concerns and fears without judgment. Create a shared document or spreadsheet detailing your current financial situation, including income, expenses, savings, and debts. Then, collaboratively revisit your major life plan. Break it down into smaller, manageable steps. Can any parts be adjusted, delayed, or achieved with a less expensive alternative? Explore options like creating a dedicated savings goal for the plan, investigating different financing options, or even adjusting the timeline. Prioritizing your financial goals together and creating a unified strategy can significantly reduce the tension.

Remember, you are not alone in facing financial challenges, and it's a common source of stress for many couples. The fact that you are proactively seeking solutions and are concerned about the impact on your relationship is a testament to your commitment. By working together, communicating openly, and taking small, consistent steps, you can navigate this financial hurdle and get back on track with your life plans.","I'm truly sorry to hear that your financial situation is putting strain on a major life plan and causing tension with your partner. It’s completely understandable to feel overwhelmed and frustrated when financial hurdles disrupt important goals. Money issues often impact our emotional well-being and relationships, especially when they feel like obstacles to shared dreams. Please know that many couples face similar challenges, and there are constructive ways to approach this together.

Start by openly discussing your current financial standing with your partner. Create a detailed budget together, identifying where you can cut unnecessary expenses or explore additional income streams. Revisit your life plan and break it down into smaller, more manageable steps, adjusting timelines if needed. Schedule regular, calm conversations about money, using 'I' statements to express feelings without blame. Remember that teamwork and compromise are key; it’s okay to adjust expectations temporarily or explore alternative paths to your shared dream. If communication remains difficult, consider seeking guidance from a financial planner or relationship counselor.

This is a challenging period, but you’re not alone. Many couples emerge stronger by tackling such difficulties together. By approaching this with honesty, patience, and a shared commitment to finding solutions, you can navigate these obstacles and work towards your goals, even if the path looks a little different than expected. Your relationship is a team effort, and addressing this together will ultimately strengthen your bond and resilience as you move forward.",True,True,True,True,2026-03-10T23:01:29.948508,1.0,-1.0,2,2.0,-0.3333333333333333,2,1.0,-1.0,1,1.3333333333333333,-1.0,1,250,6,250,5,265,6,238,5,0.09562735494205271,0.07061328559718645,0.09742162163962176,0.09748487007767959,0.22437176164326134,0.2223738512001999,0.22924001550565634,0.22937767001020845,0.50023425,0.45686674,0.48833197,0.50247943
A,A19,low,"My car broke down and I can't afford to fix it, and losing that transportation has been causing real tension in my daily life.","It sounds incredibly frustrating and stressful to have your car break down, especially when you're facing financial hurdles to get it fixed. Losing your primary mode of transportation isn't just an inconvenience; it disrupts your entire routine, impacts your ability to work, socialize, and manage daily life, and it's completely understandable that this is causing significant tension. Please know that your feelings are valid, and many people experience similar challenges. It's a tough spot to be in, and it's okay to feel overwhelmed.

Let's break this down. First, gather at least two or three repair quotes from different mechanics. Sometimes, prices can vary significantly. While waiting for repairs, explore temporary transportation solutions: public transit, carpooling with friends or colleagues, ride-sharing services, or even walking/biking if distances allow. Financially, investigate local community assistance programs or charities that might offer transportation aid or low-interest loans for essential repairs. You could also inquire with your mechanic if they offer payment plans. If the repair cost is prohibitive, consider the trade-off between repairing and potentially selling the car for parts to put towards a more reliable, albeit inexpensive, used vehicle.

Remember, this is a challenging situation, but it's not insurmountable. Focus on taking one small, manageable step at a time. Each quote you get, each conversation about alternative transport, is progress. Be kind to yourself through this process; it’s okay to ask for help from your support network. You have the resilience to navigate this, and things will improve.","It’s completely understandable to feel overwhelmed and stressed when faced with a sudden, expensive car repair. The loss of reliable transportation isn't just an inconvenience; it can disrupt your entire routine, affect your ability to work, and create significant tension in your daily life. Feeling financially strained while also grappling with the logistical nightmare of getting around is an incredibly heavy burden to carry. Please know that your feelings of anxiety and frustration are entirely valid. This is a genuinely difficult situation, and it’s okay to feel like you're struggling under the weight of it all. This kind of unexpected event can shake your sense of security, and it’s important to acknowledge the emotional toll it’s taking.

Let’s focus on manageable steps to regain a sense of control. First, get at least two or three different quotes for the repair from trusted mechanics, as prices can vary significantly. While doing that, explore temporary transportation like mapping local bus routes or asking coworkers about carpooling. You can also research community resources; some non-profits or programs like the United Way's 2-1-1 service may offer emergency grants or low-interest loans for essential repairs. Ask the repair shops about payment plans to spread out the cost. Remember to be kind to yourself through this. This is a temporary setback, not a permanent failure. Breaking the problem down into smaller tasks—getting one quote, mapping one route—can make it feel less insurmountable. You have the resourcefulness to navigate this challenge, and this stressful period will pass. Focus on what you can control, and know that you will get through this.","It sounds like you're going through an incredibly stressful time, and it's completely understandable that the breakdown of your car and the inability to afford repairs is causing significant tension in your daily life. Losing a primary mode of transportation can disrupt everything from getting to work to running essential errands, and that feeling of being stuck or overwhelmed is a heavy burden to carry. Please know that your feelings of frustration, anxiety, and perhaps even a bit of helplessness are valid and shared by many who have faced similar challenges.

Let's explore some immediate steps you can take. First, assess the repair cost versus the car's value. If the repairs are prohibitively expensive, it might be more financially sound to look for a more affordable, reliable used car. Explore options for temporary transportation: can you carpool with a colleague, use public transport, or perhaps utilize ride-sharing services for essential trips? For the repair itself, get detailed quotes from at least two reputable mechanics. Don't hesitate to inquire about payment plans or financing options offered by the repair shop or explore options like a personal loan from a credit union, which often have better rates than national banks. Additionally, look into community resources or local charities that may offer assistance with emergency car repairs for low-income individuals.

This situation is undoubtedly difficult, but it's not insurmountable. By breaking down the problem into smaller, manageable steps, you can start to regain control. Focus on finding the most cost-effective solution for transportation, whether that's fixing your current car, finding a replacement, or utilizing alternative methods.","I’m genuinely sorry to hear about your car troubles and the stress it’s causing. Losing reliable transportation is incredibly disruptive, affecting everything from your job commute to daily errands, and it’s completely understandable to feel frustrated and overwhelmed right now. This kind of unexpected setback can feel like a huge burden, and it’s important to acknowledge that what you’re going through is genuinely tough. Please know that many people face similar challenges, and you’re not alone in this difficult situation.

Let’s explore some actionable steps to help. First, get at least two or three repair quotes from different mechanics to ensure you’re getting a fair price. If upfront payment isn’t possible, ask about installment plans or deferred payment options. For immediate transportation needs, investigate public transit routes, carpooling with colleagues or friends, or using ride-sharing services for essential trips. Consider reaching out to local charities, churches, or community assistance programs; many offer grants or temporary vehicle repair aid. You might also explore a small, low-interest personal loan from a credit union or even a crowdfunding campaign if you’re comfortable sharing your story.

This is a temporary setback, not a permanent roadblock. You’ve shown incredible resilience by reaching out, and that’s a powerful first step. Focus on tackling one task at a time, whether it’s calling a mechanic or researching a bus schedule. Each small action builds momentum toward a solution. Remember your strength and resourcefulness; you will find a way forward. Keep leaning on your support network and don’t hesitate to ask for help.",True,True,True,True,2026-03-10T23:02:33.728478,1.3333333333333333,-1.0,2,1.0,-1.0,2,1.3333333333333333,-1.0,2,2.0,-1.0,2,245,3,264,3,263,4,254,3,0.15770272464820284,0.17461891186641784,0.11983404617519683,0.13143175300703722,0.2925751052521395,0.27714262202808787,0.2549012314824992,0.2673130104876646,0.50023425,0.45686674,0.48833197,0.50247943
A,A20,high,I feel guilty that my kids may have to take on more financial responsibility for their future than I had hoped.,"It's incredibly common and deeply compassionate to feel this weight of guilt regarding your children's financial future. This feeling stems from a place of profound love and a natural desire to provide the best for them, reflecting a truly caring parent. Acknowledging these emotions is the first step, and please know that your concern is a testament to the wonderful parent you are, not a reflection of any failing. It shows you care deeply about their well-being.

Instead of dwelling on what *might* be, focus on empowering them with the tools they'll need. Start by fostering strong financial literacy early on. Involve them in age-appropriate money discussions, from budgeting for toys to understanding the value of saving. Lead by example in your own financial habits, demonstrating responsible spending and saving. Even small, consistent steps, like setting up a modest savings plan for them or prioritizing your own financial stability, can create a ripple effect. Openly discuss your family's financial realities and aspirations; transparency builds resilience and understanding.

Remember, the greatest legacy you can leave isn't solely financial; it's the values, resilience, and problem-solving skills you instill. Your love, support, and guidance are invaluable. Equipping them with knowledge, a strong character, and the ability to adapt will empower them to navigate any financial landscape they encounter. You're doing your best, and that unwavering love is the most profound gift you can give them, helping them build a future filled with capability and confidence, regardless of external circumstances.","It’s completely understandable to feel a sense of guilt when you perceive a gap between the future you envisioned for your children and the reality they may face. This feeling is a testament to your deep love and your desire to provide them with a smooth path forward. Carrying that weight is heavy, and it’s important to acknowledge that your emotions are valid. Many parents grapple with similar concerns, especially in today's economic climate. Please know that this guilt stems from a place of profound care, and it's okay to feel this way while also looking for a constructive path forward.

Instead of letting guilt be the primary driver, you can channel that energy into empowerment. This is a powerful opportunity to equip your children with financial literacy, a gift that will serve them for a lifetime. Start by having open, age-appropriate conversations about budgeting, saving, and the realities of costs like college. Work *with* them to research scholarships, grants, and affordable educational paths. Help them build a strong work ethic by encouraging part-time jobs. This collaborative journey builds their independence and reframes the situation from a burden into a lesson in resourcefulness and resilience.

Remember, your value as a parent is not measured in dollars. The love, guidance, and emotional support you provide are the true foundation of your children’s success and well-being. By teaching them how to navigate financial challenges, you are giving them the tools to build their own secure future, fostering a sense of competence and pride. They will learn to be self-sufficient and appreciate the value of what they earn.","It's completely understandable that you're feeling guilt about your children potentially facing greater financial burdens than you did. This feeling stems from a deep-seated desire to provide the best for your children and to shield them from hardship, a very natural and loving parental instinct. The awareness of economic shifts and the rising costs of education and living can certainly weigh heavily on a parent's mind, leading to feelings of inadequacy or concern about what the future holds for your kids. Please know that these emotions are valid and reflect your profound care and responsibility.

To address this, it's helpful to shift from dwelling on guilt to proactive planning. Begin by having open and honest conversations with your children about finances, age-appropriately, of course. Discuss budgeting, saving, and the realities of future expenses like college or homeownership. Explore all available financial aid options for their education, including scholarships, grants, and student loans, and research cost-saving strategies for higher education. Consider reviewing your own financial plan to see if there are ways to optimize savings or investments, even small adjustments can make a difference over time. Perhaps explore opportunities for your children to earn money through part-time jobs or by developing marketable skills early on.

Remember, your children are inheriting not just potential financial challenges, but also the valuable lessons you've learned and the resilience you've cultivated. Your guidance and open communication are invaluable assets. By working together and equipping them with financial literacy and a proactive mindset, you are empowering them to navigate their future with confidence.","It’s completely understandable to feel this way; your guilt shows how deeply you care about your children’s well-being and their future financial security. Many parents share this concern, especially with the rising costs of education and living. It’s a heavy burden to carry, but please know that this feeling also reflects your strong desire to provide the best for your family. Acknowledge this empathy within yourself – it’s a powerful motivator.

While financial support is certainly helpful, remember that the most valuable gifts you give your children are often non-financial. Focus on instilling resilience, a strong work ethic, and practical financial literacy. Have age-appropriate conversations about money, budgeting, and saving goals to empower them. Even small, consistent contributions to a 529 plan or savings account can compound significantly over time. Prioritize your own financial health too; ensuring you’re stable later in life reduces any potential burden on them, which is a profound gift in itself. Encourage them to explore scholarships, grants, or vocational training to minimize future debt.

Your children will appreciate the love, stability, and effort you’ve consistently shown, not just the monetary provisions. They are capable individuals who will find their own path, and your guidance and support are their greatest assets. Focus on what you *can* control and contribute, rather than dwelling on what feels out of reach. You’re doing your best, and that’s what truly matters.",True,True,True,True,2026-03-10T23:03:15.357541,1.6666666666666667,0.0,2,1.6666666666666667,0.0,2,1.3333333333333333,-0.3333333333333333,2,1.6666666666666667,0.0,2,246,5,265,2,257,7,230,6,0.09741904454942119,0.10823742291275744,0.1092443526770021,0.11126381503535925,0.2519798732828342,0.2394488359123265,0.25430164549024864,0.23882902244605816,0.6937756,0.79288125,0.7099162,0.76227766
A,A20,low,"I feel guilty that I can't give my kids the opportunities I wanted to, and it weighs on me constantly.","It's incredibly tough when you feel that pang of guilt, believing you're falling short on providing your children with every opportunity you wish for them. That heavy feeling weighs on so many parents, and it stems from a place of deep love and wanting the absolute best for your kids. Please know that this emotion is completely understandable; it shows just how much you care and how invested you are in their well-being and future. It's a testament to your dedication as a parent, even if it feels like a burden right now.

Instead of focusing solely on what might seem out of reach, let's reframe ""opportunities."" True opportunities often lie in experiences, learning, and the invaluable gift of your time and presence. Consider low-cost or free activities: exploring nature, visiting the library, engaging in creative projects at home, or teaching practical life skills like cooking or gardening. These experiences foster curiosity, resilience, and connection, which are far more impactful than many expensive options. You can also have age-appropriate conversations with your children about family resources, involving them in brainstorming creative ways to have fun and learn together, making them part of the solution rather than feeling deprived.

Remember, the most profound opportunities you can give your children are your unwavering love, support, and the gift of a stable, emotionally rich home environment. Children thrive on connection, security, and knowing they are cherished, not solely on material advantages. You are doing your best, and your efforts to be present, engaged, and loving are building a foundation that no amount of money can buy.","It's completely understandable to feel that heavy weight of guilt. That feeling stems from a deep and powerful love for your children and a desire to give them the very best. So many dedicated parents share this struggle, constantly measuring themselves against an ideal that can feel impossible to reach in today's world. Please know that this guilt is a reflection of your immense care, not a true measure of your parenting. It shows how much you want to provide for them, and that intention itself is a profound gift that they feel every day.

To help manage this feeling, let's reframe what ""opportunities"" mean. The most impactful opportunities are often free: dedicated time, shared laughter, and your undivided attention. Consider creating a ""family adventure"" jar with free activities like building a living room fort, visiting the library, having a picnic in the park, or learning a new recipe together. Financially, even a small, symbolic step can ease the mental burden. You could open a separate savings account labeled ""Kids' Future Fund"" and contribute just a few dollars each week. This act of saving, no matter the amount, creates a sense of control and forward movement, which can powerfully counteract feelings of helplessness.

Please remember, your presence is far more valuable than any expensive class or trip. You are teaching your children about resilience, love, and the value of connection every single day. The security and love you provide are the foundational building blocks of a happy, successful life.","It's completely understandable that you're feeling this guilt. The desire to provide our children with every opportunity we dreamed of for them is a powerful and deeply ingrained parental instinct. When life circumstances make that feel unattainable, it's natural for feelings of inadequacy and sadness to surface. Please know that you are not alone in experiencing these emotions. Many parents grapple with similar concerns, especially in today's economic climate. Your awareness of this and your deep care for your children are evident, and those are invaluable qualities you are already gifting them.

While the guilt can feel overwhelming, there are proactive steps you can take to navigate these feelings and focus on what you *can* offer. Begin by reframing ""opportunities."" While material advantages are often what come to mind, consider the invaluable non-monetary opportunities you are providing. This could include quality time, fostering their curiosity through reading and conversations, encouraging their unique talents and interests, teaching them resilience, kindness, and a strong work ethic. Create a budget that allows for some ""fun money"" for experiences, even if they are simple and local, and involve your children in planning these. Additionally, explore free or low-cost community resources like libraries, parks, and free museum days. Teaching them financial literacy early on can also be a powerful tool, empowering them to understand value and make their own choices.

Remember that your children’s well-being is built on a foundation of love, security, and your presence, far more than on material possessions or exotic experiences. Your dedication to them is the most significant opportunity you can provide.","It's completely understandable to feel guilty when you perceive you can't provide your children with every opportunity you wish for them. This emotion often stems from a deep desire to give them the best life possible, which is a testament to your love and dedication as a parent. However, please remember that a child's well-being and development are shaped by far more than just financial resources or paid activities. Your presence, love, encouragement, and the values you instill are priceless gifts that no amount of money can buy.

Focus on what you *can* provide. Start by reviewing your finances to identify even small amounts you can save or reallocate. Even $5 or $10 a week can accumulate over time for a special outing or a class. Explore free or low-cost opportunities in your community: public libraries offer endless resources and programs, local parks provide spaces for exploration, and many schools or community centers have free or discounted events. Get creative! DIY projects, family game nights, reading together, or volunteering can create meaningful experiences without breaking the bank. Openly and age-appropriately discussing your financial situation with your children can also build their understanding and resilience.

Please be kind to yourself. Parenting is incredibly challenging, and you are doing your best. Guilt can be a heavy burden that ironically makes it harder to be present and joyful with your children. Release the pressure to be perfect and instead celebrate the small victories and the love that fills your home. Your children value your time, attention, and effort above all else. Trust that you are giving them exactly what they need most.",True,True,True,True,2026-03-10T23:03:54.914425,1.3333333333333333,1.0,2,1.3333333333333333,0.0,2,1.0,0.0,2,0.6666666666666666,0.0,2,263,1,249,3,262,4,269,2,0.1058125863956465,0.07422552543343096,0.07688444700331372,0.10542436426098922,0.23913045176358472,0.2190620902915609,0.21768857331443012,0.22104927203198532,0.6937756,0.79288125,0.7099162,0.76227766
A,A21,high,"Social and financial obligations I've taken on have become a real burden, and I feel trapped by the expectations around me.","It sounds incredibly difficult to feel burdened and trapped by the weight of social and financial obligations. Please know that your feelings are completely valid, and it takes immense courage to acknowledge when things have become too much. Many people find themselves in similar situations, where the expectations from others, or even those we place on ourselves, can create a suffocating sense of pressure. It's a heavy load to carry, and it's completely understandable that you're seeking a way out.

To begin untangling this, start by taking an objective look at your commitments. Create a detailed list of all your financial outgoings and social engagements. Identify which are essential versus those you can realistically reduce or eliminate. Practice setting clear boundaries; this might involve politely declining new requests or renegotiating existing ones. Open communication with those involved can also be incredibly powerful – explain your situation calmly and honestly. Consider seeking advice from a financial planner to help organize your finances or a therapist to navigate the emotional toll and develop assertiveness skills. Remember, your time and resources are finite.

Taking these steps won't be easy, but it is entirely possible to regain control and create a life that feels more aligned with your well-being. Prioritizing your mental and financial health is not selfish; it's essential for your overall happiness. You are not defined by the expectations placed upon you, and you have the power to reshape your circumstances. Be kind to yourself through this process, celebrate small victories, and know that a lighter, more manageable future is within your reach.","It sounds incredibly overwhelming to feel trapped by the weight of social and financial obligations. That sense of being burdened by the expectations of others can be isolating and exhausting, making it feel like you’re running on a treadmill you can’t get off. Please know that these feelings are completely valid. It takes a lot of energy to constantly meet demands that might not align with your own needs or capacity, and recognizing that this is a heavy burden is the first step toward finding relief. You are not alone in this struggle, and it’s a sign that you’re ready to prioritize your own well-being.

To begin reclaiming your autonomy, start with a gentle audit of both your finances and your time. Create a simple budget by listing your income and essential expenses. Then, track your social spending for a few weeks to see exactly where your money is going. This isn’t about judging yourself, but about gathering information. Once you see the numbers, you can identify one or two expensive outings per month to decline. Practice saying, “Thank you for thinking of me, but my budget is a bit tight right now.” You can then suggest a low-cost alternative, like a coffee date or a walk. This communicates your desire to connect while honoring your financial boundaries. This same principle applies to your time; you are allowed to decline commitments that drain you.

Remember, setting boundaries is a courageous act of self-preservation. Each time you make a choice that honors your financial and mental health, you are reinforcing the message that your peace matters.","It sounds incredibly overwhelming to be carrying the weight of both social and financial obligations, and it's completely understandable that you're feeling trapped by the expectations around you. This pressure can be isolating, and it's a testament to your commitment that you've taken on so much. Please know that you are not alone in experiencing these feelings, and it's a sign of strength to acknowledge when things have become too much. The desire to meet these obligations is admirable, but not at the expense of your own well-being.

To begin navigating this, let's create a plan. First, take a deep breath and try to list out all the obligations you're currently managing, both social and financial. For each, consider its true necessity and the impact it has on your resources. Can any be delegated, postponed, or even respectfully declined? For financial obligations, explore options like debt consolidation, renegotiating payment terms, or seeking advice from a non-profit credit counseling agency. Socially, it might be helpful to have honest conversations with those involved, explaining your current capacity without oversharing. Setting boundaries is crucial; it's about protecting your energy and resources so you can continue to be there for what truly matters.

Remember, your mental and financial health are interconnected and paramount. It's not selfish to prioritize them; it's essential for long-term sustainability. By taking these steps to assess and adjust your commitments, you are taking back control. It will take courage to make changes, but each small step will bring you closer to a feeling of freedom and balance.","I truly understand how draining and overwhelming it feels to be weighed down by social and financial obligations, especially when you feel trapped by expectations. It takes immense emotional and mental energy to navigate these pressures, and it’s completely valid to feel burdened and frustrated. Please know that you are not alone in this experience; many people find themselves in similar situations, struggling to balance external demands with their own well-being. Recognizing these feelings is the first crucial step toward making a change.

To begin reclaiming control, start by listing all your current obligations—both financial and social. Next, prioritize them based on necessity and impact. For social commitments, practice setting boundaries by learning to say ""no"" or suggesting alternatives that are less demanding. For financial obligations, consider creating a simple budget or seeking guidance from a non-profit financial counselor to explore options like debt management or renegotiating terms. Open communication with those involved is key; explain your need to scale back without guilt. Remember, even small, consistent steps can lead to significant relief over time.

It’s important to remember that your well-being is paramount. You have the right to protect your energy and make choices that align with your capacity. This process won’t be easy, but by taking deliberate action and practicing self-compassion, you can gradually loosen the grip of these expectations and create a life that feels more balanced and sustainable. Believe in your ability to navigate this challenge and emerge stronger.",True,True,True,True,2026-03-10T23:04:31.331930,1.3333333333333333,-1.0,3,0.3333333333333333,0.0,1,1.0,0.0,2,0.6666666666666666,0.0,1,261,1,265,5,257,5,243,3,0.15287152275262952,0.11360914899893797,0.140063724392266,0.1304060995574335,0.2512635181963313,0.2476922144526692,0.26137033801804294,0.2535482271553475,0.5570791,0.5264446,0.56732464,0.63210255
A,A21,low,"I had to pull my kids from after-school activities we couldn't afford anymore, and I feel terrible that they don't understand why.","It's incredibly tough and perfectly understandable to feel terrible when you have to make difficult financial decisions that impact your children, especially when they don't fully grasp the reasons. The guilt and heartbreak of having to pull them from activities they enjoy, coupled with their confusion, can be immensely heavy. Please know that your feelings are valid, and it’s clear you’re a loving parent who wants the very best for your kids. Many parents face similar challenges, and it speaks volumes about your dedication that you're prioritizing your family's overall well-being, even when it means making hard choices.

For specific actionable steps, consider having an age-appropriate conversation with your children. Frame it not as a loss, but as a temporary shift in family priorities. You could say something like, ""Our family budget needs a little adjustment right now, so we're going to explore some new, fun ways to spend our time together that don't cost as much."" Involve them in brainstorming free or low-cost alternatives, like exploring local parks, library events, family game nights, or creative projects at home. This empowers them and helps them feel part of the solution. Also, briefly review your budget for any small areas where you might find extra funds in the future, or look into community organizations that offer subsidized activities.

Remember, your children value your presence and quality time far more than any paid activity. You are teaching them resilience, adaptability, and the importance of family unity by navigating this challenge together. This period can foster creativity and deeper connections within your family.","It is completely understandable that you feel terrible about this decision. The weight of parental guilt can be incredibly heavy, especially when your children are disappointed and can't fully grasp the complex financial realities you're navigating. Wanting to provide every possible opportunity for your children comes from a place of deep love, and seeing their sadness when those opportunities are removed is genuinely painful. Please know that these feelings are a testament to how much you care, not a reflection of any failure on your part. You are making a responsible, albeit heartbreaking, choice for your family's long-term stability.

To help manage this transition, consider having an age-appropriate conversation with your kids. You don’t need to detail financial stress, but you can frame it as a family choice: ""Our family is going to focus on saving our money for other important things right now, so we're going to try some new activities together."" Then, proactively replace the old activities with new, free or low-cost traditions. Explore your local library for free classes, check your parks and recreation department for affordable sports leagues or events, and plan dedicated family ""activity nights"" like board games, movie marathons, or cooking challenges. Creating a visual ""Fun Jar"" with ideas for these new adventures can help them feel excited and involved in what comes next, shifting the focus from loss to opportunity.

Remember, your presence is far more valuable than any paid-for activity. This period of financial adjustment does not define your worth as a parent.","It's completely understandable that you're feeling terrible right now. Witnessing your children's disappointment, especially when you've had to make a difficult financial decision, can be incredibly painful. It's a testament to your love and dedication that you feel this deeply; you're carrying the weight of their sadness on top of the stress of managing your finances. Please know that these feelings of guilt and sadness are valid, and many parents face similar heart-wrenching choices. You are not alone in this experience, and your desire to provide for your children is evident.

To navigate this with your children, consider having an age-appropriate conversation about your family's budget. You don't need to overload them with financial details, but explaining that sometimes we have to make choices about how we spend our money can be helpful. Frame it as a team effort, where everyone is working together. Perhaps you can explore free or low-cost alternatives to their previous activities. Look for community events, library programs, or even create your own fun family activities at home. Focusing on quality time and shared experiences can often be just as enriching, if not more so, than structured programs.

Remember, your children are resilient, and their understanding will grow with time. What matters most is the love and security you provide. By being honest, open, and creative, you are teaching them valuable lessons about financial responsibility and resourcefulness. This situation, while difficult, can ultimately strengthen your family bond. Keep reminding yourself of your love for your children and your commitment to their well-being. You are doing a wonderful job under challenging circumstances.","It sounds incredibly tough to have to make such a difficult decision, and feeling terrible is a completely natural reaction, especially when your kids don't fully grasp the financial realities. You're clearly heartbroken that you can't provide everything you wish for them, and that guilt can weigh heavily. It's important to acknowledge that you're making a hard choice to prioritize your family's financial stability, which is a sign of your deep love and dedication. This situation doesn't reflect negatively on you; it shows you're facing challenges head-on and making responsible choices.

To navigate this, consider explaining the situation to your children in simple, age-appropriate terms. You might say something like, ""Sometimes families need to adjust spending to make sure we're taking care of other important things."" Focus on highlighting free or low-cost activities you *can* do together, like family game nights, park visits, library trips, or learning a new skill at home. Perhaps involve them in brainstorming new family traditions. Additionally, take some time to review your overall budget to see if there are other expenses that could be reduced to free up funds for occasional treats or future activities. Exploring local community programs or non-profit credit counseling services could also provide valuable support.

Remember, your kids won't remember the cancelled activities as much as they'll remember the quality time you spend with them and the love you show. This situation can also be an opportunity to teach them about adaptability and financial responsibility in an age-appropriate way. You're doing your best for your family, and that's what truly matters.",True,True,True,True,2026-03-10T23:05:15.145920,1.6666666666666667,-1.0,2,1.6666666666666667,0.0,2,1.6666666666666667,-1.0,2,1.6666666666666667,-0.3333333333333333,2,260,2,251,2,265,3,260,4,0.13104698221189326,0.11084445217177245,0.11068861500874298,0.08375202685399107,0.274200216770436,0.2591967597017037,0.2453186253169942,0.2386594407192859,0.5570791,0.5264446,0.56732464,0.63210255
A,A22,high,A major professional setback has shaken my sense of identity and left me uncertain about what comes next.,"It sounds incredibly challenging to go through a major professional setback, and it's completely understandable that this experience has deeply shaken your sense of identity and left you feeling uncertain about the future. When our professional lives are so intertwined with who we are, a disruption like this can feel like a personal earthquake, affecting not just your career path but your confidence. Please know that these feelings of disorientation, loss, and even grief are valid and a natural response to such a significant event.

While it feels overwhelming now, it's crucial to give yourself space to process these emotions without judgment. Then, consider taking small, deliberate steps. Reconnect with what truly matters beyond your job title – your core values, passions, and unique skills. Journal about your strengths or talk to trusted friends. Explore new avenues by scheduling informational interviews, or even a temporary volunteer role to rebuild confidence. If the emotional toll feels too heavy, reaching out to a therapist or career coach can provide invaluable support for navigating this transition.

Remember that setbacks, though painful, often serve as catalysts for profound growth and redirection. This isn't the end of your professional story, but","It's completely understandable that a major professional setback has left you feeling shaken and uncertain. When so much of our time, energy, and identity is tied to our careers, a blow like this can feel like it's destabilizing your very foundation. The loss isn't just about a job; it's about a part of who you believed yourself to be, and the path you thought you were on. Please know that these feelings of disorientation and loss are a completely normal and valid response to such a significant life event. It’s okay to feel lost right now; you are grieving a significant part of your life, and it's essential to give yourself the grace to do so.

While it's tempting to rush into finding ""what's next,"" first give yourself permission to pause and process. Start by consciously separating your worth from your work. Make a list of your core values, strengths, and passions that exist independently of any job title—things like your creativity, your kindness to friends, or your problem-solving skills in everyday life. This helps rebuild your sense of self from the ground up. On a practical level, take a calm look at your finances to understand your runway; this isn't about panic, but about empowering yourself with information to reduce anxiety. Consider this a period of exploration. Experiment with a small passion project or conduct informational interviews with people in different fields to illuminate new possibilities without pressure.

Remember, this setback does not define you or your future. It is a chapter, not the entire story.","It's completely understandable that a major professional setback would shake your sense of identity and leave you feeling uncertain. When our careers are such a significant part of who we are, a disruption like this can feel deeply personal, impacting not just our livelihoods but our very self-worth. Allow yourself the space to grieve this loss; it's a natural and necessary part of processing such a significant event. Acknowledge the feelings of disappointment, confusion, and perhaps even fear, without judgment. These emotions are valid signals that something important to you has been affected, and they deserve to be felt and understood.

Once you've given yourself some breathing room, it’s time to gently begin exploring your next steps. Start by reflecting on what you learned from this experience, both professionally and personally. What skills did you develop? What aspects of your work did you enjoy most, and what did you find challenging? Consider reaching out to trusted mentors, former colleagues, or friends for their perspectives and support. They might offer insights you haven't considered or simply remind you of your strengths. Simultaneously, begin to explore new avenues. This could involve researching different industries, updating your resume with transferable skills, or even considering further education or training. Breaking down the ""what comes next"" into smaller, manageable tasks can make it feel less overwhelming.

Remember that this setback does not define you. Your identity is multifaceted and extends far beyond your professional role. This challenging period can, in fact, be an opportunity for reinvention and growth.","I'm truly sorry to hear about your professional setback. It's completely understandable to feel shaken and uncertain when something so significant impacts your career, especially when our work often becomes intertwined with our sense of self. Many people face similar challenges at various points in their lives, and navigating this can be profoundly difficult. Please know that your worth isn't defined by this one event, and it's okay to feel lost right now. Allow yourself the space to process these emotions without judgment.

Once you feel ready, take time for introspection. What did you enjoy about your previous role? What did you dislike? Are there skills you want to develop or a different path you've always considered? Consider reaching out to mentors, trusted colleagues, or a career counselor – they can offer valuable perspective and help you brainstorm options. Set small, manageable goals, like updating your resume or having one informational interview, to build momentum. Prioritize your well-being by engaging in activities that nourish you, whether it's exercise, hobbies, or spending time with loved ones. A clear mind will serve you best in this transitional period.

While painful now, this setback can also be a pivotal moment for growth and redirection. You possess resilience you might not even recognize yet, and the path forward, though not always linear, will unfold with patience and effort. Trust in your abilities and remember that your identity is multifaceted, far beyond any single professional role. Embrace this opportunity to redefine what success and fulfillment mean to you.",True,True,True,True,2026-03-10T23:06:01.362315,1.3333333333333333,0.0,3,1.3333333333333333,0.0,3,1.3333333333333333,1.0,3,2.0,0.0,3,196,0,257,0,253,0,253,0,0.11974076865685597,0.11667692469510615,0.12475226813567447,0.09966213661294854,0.2593201290997142,0.2383019385242675,0.25222772409897415,0.2167157569065067,0.5461025,0.54802465,0.641116,0.5850089
A,A22,low,I've been job searching for months without success and it's starting to make me question my own abilities.,"It's completely understandable to feel your abilities are being questioned when a job search extends for months without success. That feeling of self-doubt is a heavy burden, and it's a very common experience for anyone navigating the challenging and often isolating process of finding new employment. Please know that your worth and capabilities are not defined by the current job market or the number of rejections you've received. This journey can be incredibly draining, both emotionally and mentally, and it's okay to acknowledge how tough it is.

To help regain momentum, let's consider some actionable steps. First, critically review your application materials; sometimes a fresh pair of eyes from a mentor or career coach can spot areas for improvement in your resume or cover letter. Secondly, actively engage in networking, not just for job leads, but for informational interviews to learn about industries and roles you're interested in – these conversations often open doors unexpectedly. Also, consider if there are any small skill gaps you could address with a free online course or certification, which can boost your confidence and marketability. Remember to tailor *every* application to the specific role, highlighting how your unique skills directly solve the company's needs.

Finally, please remember that persistence and resilience are key during this time. Every ""no"" brings you closer to a ""yes."" Don't let this period diminish your belief in yourself. Your skills, experience, and unique perspective are valuable, and the right opportunity is out there waiting for you. Continue to practice self-care, celebrate small wins, and maintain a routine that supports your mental well-being.","It's completely understandable that a prolonged job search is causing you to question your abilities. This process can be incredibly frustrating and emotionally draining. Facing repeated rejections or silence after putting in so much effort would take a toll on anyone's confidence. Please know that these feelings are a normal reaction to a difficult situation, and they are not a reflection of your true worth or capabilities. The modern job market is complex and often feels impersonal, making it far too easy to internalize the lack of success as a personal failure when it is most often a matter of timing, volume of applicants, or specific company needs.

To help regain a sense of control and forward momentum, consider breaking your strategy into smaller, manageable tasks. Start by selecting two or three recent applications for roles you were genuinely excited about and compare your resume against the job descriptions. Are there specific keywords or skills you could highlight more effectively? Practice the STAR method (Situation, Task, Action, Result) to articulate your accomplishments powerfully. Beyond applications, dedicate a few hours each week to networking. Reach out to people on LinkedIn for brief, 15-minute informational interviews, not to ask for a job, but to learn about their career path and gain insights. This builds connections and can uncover unlisted opportunities while also providing valuable feedback and boosting your morale through positive interaction.

Most importantly, be kind to yourself. Your value as a person is not defined by your employment status. This challenging period is a chapter in your story, not the entire book.","It's completely understandable that you're feeling discouraged and starting to question your abilities after months of job searching without success. This is a common and incredibly challenging experience, and it's natural to feel a dip in your confidence when your efforts aren't immediately yielding the results you desire. Please know that you are not alone in this feeling, and it doesn't reflect your true worth or capabilities. Job markets can be unpredictable, and sometimes it's a matter of timing, fit, or simply navigating a competitive landscape. Your feelings are valid, and it's important to acknowledge them without letting them define your self-perception.

To navigate this period, consider a multi-pronged approach. First, take a step back and objectively review your job search strategy. Are your resume and cover letters tailored to each specific role? Are you utilizing a variety of job boards and networking opportunities? Consider reaching out to your professional network for informational interviews, which can offer valuable insights and potential leads without the direct pressure of an application. It might also be beneficial to seek feedback on your resume and interview skills from career counselors or trusted mentors. Additionally, focus on small, achievable goals each day, such as sending out a specific number of applications or making a certain number of networking connections, to regain a sense of control and momentum.

Remember that this period of searching is a temporary phase, not a permanent reflection of your talent. Your skills and experience are valuable, and the right opportunity is out there. Keep practicing self-compassion, celebrate small wins, and trust in your ability to persevere.","It sounds incredibly frustrating and disheartening to be job searching for months without success, and it’s completely natural to start questioning your abilities in a situation like this. Please know that your feelings are valid, and this experience doesn't diminish your worth or the skills you bring to the table. The job market can be highly competitive, and rejection is an unfortunate but common part of the process for everyone at some point. It’s important to remember that a prolonged job search is often more reflective of market conditions or the timing of opportunities rather than your inherent capabilities.

To help navigate this period, consider taking a few proactive steps. First, revisit your resume and cover letter with fresh eyes, or better yet, have a friend or career counselor review them for clarity and impact. Actively engage in networking – connect with people in your target industry on LinkedIn, attend virtual career fairs, and schedule informational interviews. Practice your interview skills through mock interviews to build confidence. You might also explore temporary, contract, or volunteer roles to stay engaged, gain new experience, and expand your professional network. Setting small, achievable goals each week can help maintain momentum and reduce feelings of overwhelm.

Despite the challenges, please try to be kind to yourself. This is a temporary setback, not a permanent reflection of your potential. Focus on what you *can* control, celebrate small victories, and don't hesitate to lean on your support system – friends, family, or even a therapist – to help manage the emotional toll.",True,True,True,True,2026-03-10T23:06:38.826514,1.6666666666666667,1.0,2,1.6666666666666667,0.0,2,1.0,1.0,2,1.6666666666666667,0.0,3,263,1,261,0,265,0,256,0,0.09942646285400197,0.0917915465457746,0.1375638920779866,0.10723589087058123,0.24485797827581704,0.22661240479206726,0.27548406992455066,0.24994803308564753,0.5461025,0.54802465,0.641116,0.5850089
A,A23,high,"We've had to give up services and routines that helped us cope, and losing that stability has been harder than I expected.","It sounds incredibly challenging to lose the services and routines that provided such vital stability and coping mechanisms for you. It's completely understandable that this loss feels harder than anticipated; these structures often form the bedrock of our well-being, and their absence can create a profound sense of disorientation and stress. Please know that your feelings are valid, and many people experience similar struggles when their established support systems are disrupted. Acknowledging this difficulty is the first step, and it shows great self-awareness.

To begin rebuilding, focus on creating new, small, and achievable routines that are within your current reach. Can you schedule a specific time each day for a short walk, mindful breathing exercises, or engaging with a hobby, even for just 15 minutes? Explore free online resources like guided meditations, virtual exercise classes, or community forums that offer support. Consider identifying one or two *essential* routines that, if re-established, would provide the most significant sense of comfort or normalcy, such as a consistent wake-up time or a designated reading period. Don't aim for perfection; aim for consistency in small steps, and allow yourself flexibility on difficult days.

This period of adjustment is a marathon, not a sprint, and it's okay to take it one day at a time. You possess an incredible capacity for resilience, and while these changes are difficult, you have the strength to adapt and discover new ways to find stability and peace.","It is completely understandable to feel so unsettled and distressed when the very routines and services that provided stability are no longer accessible. Losing those foundational supports can feel like the ground has shifted beneath you, and it’s natural for that adjustment to be much harder than you anticipated. It’s a form of grief for the life and coping strategies you once had, and it’s important to give yourself grace as you navigate this challenging transition. Acknowledging the depth of this loss is the first step toward finding a new equilibrium, and your feelings are entirely valid.

While you can't replicate those exact services, you can begin to build a new foundation of stability with free or low-cost alternatives. Start by creating a simple, non-negotiable daily structure. This could be a 15-minute morning walk to replace a gym session, a dedicated time each evening for journaling your thoughts, or listening to a specific podcast while you make coffee. Explore free resources that support mental well-being; apps like Insight Timer offer thousands of free guided meditations, and YouTube has a vast library of free yoga, fitness, and mindfulness classes. Look into local community centers or libraries for free events or groups, which can help replace the social aspect of your old routines. The goal is to create new, predictable anchors in your week.

Please remember that your resilience is not defined by the services you can afford, but by your ability to adapt and find new sources of strength.","It's completely understandable that you're finding this period incredibly challenging. The loss of familiar services and routines that once provided comfort and stability can feel like losing an anchor, leaving you adrift and overwhelmed. It's a deeply disorienting experience when the very things that helped you navigate life are no longer accessible. Acknowledge these feelings of difficulty and disorientation; they are valid responses to a significant disruption. Allow yourself to grieve the loss of that stability, recognizing that it's a natural and important part of adapting to change.

To navigate this, let's focus on identifying what aspects of those lost services and routines were most beneficial and see if we can recreate their essence in new ways. For example, if a gym class provided social connection and physical activity, could you explore online fitness groups or schedule walks with a friend? If a specific therapy session offered a structured outlet for stress, could you try journaling, mindfulness exercises, or connecting with a support group virtually? Start small, focusing on one or two areas where you can introduce a new, albeit different, coping mechanism. Prioritize self-care, even in small doses, as it can be a powerful buffer against stress.

Remember that resilience is built not by avoiding hardship, but by finding ways to adapt and move forward. This is a testament to your strength, even if it doesn't feel like it right now. You are capable of finding new sources of stability and comfort. Be patient and compassionate with yourself throughout this process.","It sounds incredibly challenging to lose those services and routines that provided comfort and stability. It's completely understandable to feel overwhelmed and surprised by how deeply this has affected you. Our routines often act as anchors, helping us navigate daily life and manage stress, so when those are disrupted, it can feel like the ground beneath us has shifted. Acknowledging that this is a significant and valid struggle is the first step toward healing. You are not alone in feeling this way, and your feelings are entirely justified.

To rebuild, consider establishing new, simpler routines that fit your current budget and resources. Even small rituals, like a 10-minute morning stretch, a short walk in nature, or listening to a free guided meditation, can provide a sense of predictability and calm. Explore free mental health resources online, such as SAMHSA's National Helpline or peer support groups, and utilize your local library for books on coping strategies. If financial constraints are temporary, review your budget to see if even a modest amount can be redirected towards a single therapy session or a mindful app subscription. Prioritize what's most essential for your well-being.

Please be kind to yourself during this process. It takes time to adapt to such significant changes, and it's okay to not have all the answers right away. Focus on taking one small, manageable step each day to nurture your mental health. Your ability to recognize this challenge and seek ways to cope speaks volumes about your resilience. You've navigated difficult situations before, and you have the inner strength to find new ways to thrive.",True,True,True,True,2026-03-10T23:07:21.596931,1.3333333333333333,-0.5,2,1.3333333333333333,-1.0,2,2.0,-1.0,2,1.6666666666666667,-1.0,2,238,0,248,0,252,0,265,2,0.08036229515429476,0.07174121423850029,0.06473623321026671,0.10134207929807015,0.24396491166143353,0.2265463923579731,0.21835235291710528,0.23901762546731894,0.52965367,0.56231445,0.43980682,0.7716126
A,A23,low,"I've had to let things around the house go because I can't afford basic supplies, and the loss of that normalcy has been harder than I expected.","It sounds incredibly disheartening and emotionally taxing to feel the impact of financial strain so directly within your own home. The loss of normalcy, especially in a space meant to be a sanctuary, can indeed be much harder than anticipated, and it's completely understandable that you're feeling the weight of this. Acknowledging that feeling is the first step, and please know that your feelings are valid. This situation is incredibly tough, and it takes immense strength to face it.

To start, let's focus on small, manageable steps. Begin by listing your absolute essential needs for the house – what basic supplies are you missing that cause the most distress? Then, explore local community resources: food banks often have hygiene products, and many churches or non-profits offer assistance with household items or connect people to freecycle networks. Consider creating a simple budget to track where every dollar goes, identifying areas where you might cut back temporarily, and exploring options for temporary income like odd jobs or selling unused items. For mental well-being, try to pick just one small area to tidy or organize, even without new supplies; sometimes just the act of decluttering can bring a sense of control.

Please remember that this is a season, not your permanent reality. Your resilience in facing these challenges is truly admirable. Focus on celebrating the small victories, whether it's finding a free resource or managing to organize a single shelf. You are strong, capable, and deserving of a comfortable home.","It’s completely understandable and valid to feel distressed when your home environment no longer feels like a sanctuary. The loss of normalcy is a profound and often overlooked aspect of financial hardship. Our surroundings have a significant impact on our mental well-being, and when you can't maintain them in the way you're used to, it can feel like you're losing control over a fundamental part of your life. It’s not just about cleaning supplies; it’s about the comfort, stability, and dignity that a well-kept space provides. Please know that your feelings are a natural response to a deeply challenging situation, and you are not alone in this experience.

To help regain a small sense of agency, you could explore local community resources. Many food pantries and religious organizations also have ""hygiene closets"" that stock basic household items like cleaning sprays, paper towels, and soap, available for free. You can also dial 211 from your phone to be connected with local non-profits that offer this kind of assistance. Additionally, consider looking for a ""Buy Nothing"" group for your neighborhood on social media; these are wonderful communities where people give items away for free. For an immediate, low-cost solution, you can create a simple all-purpose cleaner with equal parts white vinegar and water. Tackling just one small area, like wiping down the kitchen counter, can provide a significant mental boost.

Please be gentle with yourself during this time. Your worth is not measured by the tidiness of your home, but by your resilience in navigating this difficult period.","It sounds incredibly difficult and disheartening to be in a situation where you can't afford basic household supplies. It's completely understandable that the loss of that normalcy is weighing heavily on you. Maintaining a comfortable and functional living space contributes so much to our overall well-being, and when that's disrupted, it can feel like a significant loss, impacting your sense of stability and peace. Please know that your feelings of frustration, sadness, and perhaps even a bit of shame are valid and shared by many who have faced similar financial challenges.

Let's explore some practical steps you can take. First, look into local community resources. Many towns and cities have food banks that also offer household essentials like cleaning supplies, toiletries, and paper products. Non-profit organizations focused on poverty reduction or family support can often provide direct assistance or connect you with programs. You might also qualify for government assistance programs, such as SNAP (Supplemental Nutrition Assistance Program) which can sometimes be used for certain household items, or local utility assistance programs. Don't hesitate to reach out to social services departments in your area. Additionally, consider reaching out to friends or family, if you feel comfortable doing so, to explain your situation. Sometimes, a small, temporary loan or even a gift of supplies can make a world of difference.

Remember, this is a temporary situation, and you are taking positive steps by seeking solutions. It takes immense strength to navigate financial hardship, and you are demonstrating that strength right now. Focus on one small step at a time, and celebrate each small victory.","It's completely understandable to feel overwhelmed and upset when basic necessities are out of reach. Losing the sense of normalcy you once had can be incredibly difficult, and it's okay to grieve that. Your feelings are valid, and many people face similar challenges. This situation isn't a reflection of your worth or capabilities, but rather a temporary hardship that you're navigating with resilience. Acknowledge the strength it takes to face this, and remember that your emotional well-being is just as important as your financial situation.

To start regaining a sense of control, try focusing on immediate, low-cost solutions. First, create a bare-bones budget to track where every dollar goes and prioritize essential supplies like cleaning products or personal hygiene items. Explore community resources such as local food banks, pantries, or non-profit organizations that often distribute free household goods. Websites like Freecycle or local ""Buy Nothing"" groups on social media can also be great for finding free items. Consider DIY alternatives for cleaning supplies (e.g., vinegar and baking soda) or personal care products (bar soap often lasts longer than liquid). Even small shifts can make a difference.

Please know that this is a temporary situation, and you are not alone. Many individuals face similar struggles, and there are resources available to help. Be kind to yourself during this time; it's okay to not have everything perfect. Focus on celebrating small victories as you implement these changes. If the stress feels unmanageable, don't hesitate to reach out to a mental health professional or a financial counselor for additional support. You're taking important steps, and brighter days are ahead.",True,True,True,True,2026-03-10T23:08:00.949591,1.0,-1.0,2,1.3333333333333333,-1.0,2,1.6666666666666667,-0.3333333333333333,2,2.0,-0.5,3,247,5,256,1,263,2,266,2,0.10336951777977178,0.10136823196693323,0.11000319670998286,0.11522350075503922,0.2419263254062672,0.2288072466211195,0.23049464497816288,0.22437461752641885,0.52965367,0.56231445,0.43980682,0.7716126
A,A24,high,An unexpected tax situation has created a serious cash shortfall and I feel anxious and stressed about how to resolve it.,"It's completely understandable to feel anxious and stressed when an unexpected tax situation creates a serious cash shortfall. This kind of financial surprise can be incredibly overwhelming and can certainly impact your mental well-being. Many people experience similar feelings when faced with sudden financial pressure, so please know that your reaction is valid and you're not alone in feeling this way. It's a tough spot to be in, but the good news is there are concrete steps you can take to navigate it.

Your very first step should be to contact the tax authority directly. Most tax agencies offer various payment plans, extensions, or even hardship options if you explain your situation. Don't avoid them; proactive communication is key. Simultaneously, conduct an immediate, thorough review of your current budget. Look for any non-essential expenses that can be temporarily cut back or eliminated to free up cash. Consider if there are any immediate, low-risk ways to generate a small amount of extra income or if a small, short-term loan from a trusted source might be an option. For complex situations, consulting a tax professional like an Enrolled Agent or CPA can be invaluable; they can help negotiate with the tax authority and explore all possible solutions.

Remember, facing this challenge head-on is the most powerful thing you can do. Each small step you take, from making that initial phone call to adjusting your spending, will help reduce the burden and bring you closer to a resolution.","It is completely understandable that you're feeling anxious and stressed. An unexpected tax bill can feel like a sudden, heavy weight, and the resulting cash shortfall can be incredibly overwhelming. Please know that your reaction is valid and shared by many who face similar situations. Financial uncertainty is one of the most significant stressors we can experience, and it's important to acknowledge the emotional toll it takes. Allowing yourself to feel these emotions without judgment is the first step toward managing them and finding a clear path forward.

When you feel ready, let's focus on actionable steps to regain control. First, contact the tax agency (like the IRS) directly. Ignoring the notice will only increase penalties and interest, but they often have programs to help. Inquire about an Offer in Compromise (OIC), which may allow you to settle for a lower amount, or an Installment Agreement to make manageable monthly payments. Simultaneously, conduct a thorough review of your budget to identify non-essential expenses you can pause temporarily. This can free up immediate cash. You might also consider consulting a tax professional or a non-profit credit counselor; they can provide expert guidance and negotiate on your behalf, lifting a significant burden from your shoulders.

Remember, this situation is a temporary problem, not a permanent reflection of your worth or capabilities. By breaking it down into smaller, manageable tasks, you will begin to reduce the anxiety and see a way through. Each small step you take is a victory. Be patient and compassionate with yourself throughout this process.","It's completely understandable that you're feeling anxious and stressed right now. Discovering an unexpected tax situation that leads to a cash shortfall can be incredibly overwhelming, and it's natural to feel a sense of panic when your financial stability is threatened. Please know that you're not alone in experiencing these emotions, and many people face similar challenges. Taking a deep breath is the first step; acknowledging the difficulty of the situation is a sign of strength, not weakness.

To address this, let's break down the problem into manageable steps. First, gather all relevant tax documents and correspondence to understand the exact nature and amount of the shortfall. This clarity is crucial. Next, explore your options with the tax authority. Many offer payment plans or can grant extensions under certain circumstances. Don't hesitate to contact them directly to discuss your situation; they often have resources and flexibility you might not be aware of. Simultaneously, review your budget meticulously. Identify areas where you can temporarily reduce expenses or potentially increase income, even if it's through a short-term gig. Consider if any assets could be sold, but prioritize this carefully to avoid further financial strain.

Remember that this is a temporary setback, and with a strategic approach, you can navigate through it. Focus on taking one step at a time, and don't be afraid to seek professional advice from a tax professional or a financial planner if you feel it's necessary. They can offer personalized guidance and help you create a robust plan.","I hear how incredibly stressful and overwhelming this unexpected tax situation feels, and it’s perfectly understandable to feel anxious about it. Financial surprises, especially those that create a cash shortfall, can shake our sense of security, and it’s okay to acknowledge the weight of that. Please know that you’re not alone in facing such challenges; many people experience similar setbacks, and the most important thing is that you’re seeking solutions. Taking that first step shows strength and resilience.

To navigate this, I recommend a few actionable steps. First, contact the IRS (or your local tax authority) immediately. They often have programs like Installment Agreements or Offers in Compromise that can reduce penalties and allow you to pay over time, significantly easing the pressure. Next, take a quick but thorough look at your current budget to identify any non-essential spending that can be temporarily paused to free up cash. If you have an emergency fund, now is precisely the time to use it. If not, explore low-interest options like a credit union personal loan or a 401(k) loan (as a last resort), but avoid high-interest alternatives. Consider also consulting a tax professional or a non-profit credit counseling agency for personalized guidance.

Remember, this is a temporary setback, not a permanent one. You’ve faced challenges before, and you have the strength to overcome this too. Focus on taking one step at a time, starting with the most urgent action, and celebrate each small victory along the way. You’ve got this, and help is available.",True,True,True,True,2026-03-10T23:08:38.059607,1.0,-1.0,3,1.0,-1.0,3,1.6666666666666667,-1.0,3,1.3333333333333333,-1.0,3,245,6,256,6,250,5,252,7,0.11075589568166148,0.13848906467876076,0.13545658651448597,0.12332595328055014,0.2794424398501763,0.27948249652825835,0.2708910889920319,0.2825538867411337,0.65777516,0.73278505,0.53923947,0.66192806
A,A24,low,"A tax issue I didn't fully understand led to wage garnishment, and I feel anxious and stressed about how to get through it.","It's completely understandable to feel anxious and stressed when facing something as serious as wage garnishment, especially when it stems from a tax issue you didn't fully comprehend. That feeling of being blindsided and the immediate financial impact can be incredibly overwhelming and leave anyone feeling helpless. Please know that your feelings are valid, and it’s an incredibly tough situation to navigate alone.

The most crucial step right now is to gather information and take decisive action. First, immediately contact the IRS or the specific tax authority that initiated the garnishment to understand the exact reason, the total amount owed, and the process for resolution. Ask about available payment plans, such as an Installment Agreement or an Offer in Compromise, which might reduce your monthly burden. Simultaneously, seek professional help from a qualified tax professional—an Enrolled Agent, CPA, or tax attorney specializing in tax resolution. They can act as your advocate, explain your rights, negotiate on your behalf, and help explore options to potentially pause or reduce the garnishment. Also, create a detailed budget to understand your current income and expenses, identifying areas where you can cut back.

While this situation feels incredibly daunting, please remember that it is not insurmountable. Taking these initial steps, even small ones, will empower you and begin to alleviate some of the immense pressure you're feeling. Many people face similar challenges, and with the right support and a clear plan, you can absolutely work through this and regain control of your financial well-being. Focus on one step at a time, and remember you're not alone in this journey.","It’s completely understandable that you’re feeling anxious and stressed. Facing a wage garnishment, especially when it stems from a confusing tax issue, is a difficult and frightening experience. It can feel like you’ve lost control over your own finances, which naturally takes a toll on your mental well-being. Please know that these feelings are a valid response to a very challenging situation. Many people find tax laws complex and can find themselves in similar predicaments, so you are certainly not alone in this struggle. Acknowledge the weight of this, but also know that there is a path forward.

To regain a sense of control, let's focus on concrete steps. First, identify the agency that initiated the garnishment (usually the IRS or a state tax authority) from the notice you received. Contact them directly to understand the full amount owed and explore your options. You may be able to set up an Installment Agreement to make more manageable monthly payments, which can stop the garnishment. If you're facing significant financial hardship, you could apply for an Offer in Compromise (OIC) to settle the debt for less, or request Currently Not Collectible status. I strongly recommend contacting a Low Income Taxpayer Clinic (LITC) or a qualified tax professional; they can navigate the system and negotiate on your behalf, which can significantly reduce your stress.

Taking these first steps, even just making a phone call, is a powerful move toward resolving this and easing your anxiety. This is a temporary setback, not a permanent state. By facing it head-on with a clear plan, you are reclaiming your power.","It's completely understandable that you're feeling anxious and stressed right now. Discovering that a tax issue has resulted in wage garnishment can be a deeply unsettling experience, and it's natural to feel overwhelmed when your income is directly impacted. Please know that you are not alone in facing such challenges, and there are avenues for support and resolution. Acknowledging these feelings is the first step, and it's important to be kind to yourself during this difficult time.

The immediate priority is to understand the specifics of the garnishment and explore your options. First, gather all documentation related to the tax issue and the garnishment notice. Contact the agency that initiated the garnishment (e.g., the IRS or your state's tax authority) to understand the exact amount owed, the legal basis for the garnishment, and to inquire about payment plans or potential hardship programs. You may be able to negotiate a settlement or set up an installment agreement. It's also wise to consult with a tax professional or a tax attorney who specializes in IRS debt resolution. They can help you navigate the complexities of tax law, represent you in dealings with the tax authorities, and explore strategies to stop or reduce the garnishment.

While this situation is undoubtedly challenging, it is not insurmountable. Many people have successfully resolved tax debt and wage garnishments. By taking proactive steps, seeking professional guidance, and staying organized, you can regain control of your financial situation. Remember to prioritize your mental well-being throughout this process; lean on your support network, practice self-care, and focus on one step at a time.","I hear how overwhelming and stressful this must feel. Wage garnishment can be a shocking and difficult experience, especially when it stems from a situation you didn't fully understand. Please know that it's completely natural to feel anxious and stressed right now, and you're not alone in facing such challenges. Many people encounter unexpected financial hurdles, and it takes immense strength to acknowledge these feelings and seek guidance. Give yourself permission to process these emotions, but also remember that this is a situation you can navigate with a clear plan.

Your first step should be to contact the IRS (or your state's tax authority) immediately. Their collection department can explain the garnishment details, verify the accuracy of the debt, and discuss potential solutions. Options might include setting up a payment plan (Installment Agreement), or if you qualify, submitting an Offer in Compromise to settle the debt for a lower amount. While waiting for their response, meticulously review your budget. Identify any non-essential expenses you can temporarily reduce or eliminate to adjust to your reduced income. Consider consulting a tax professional or a non-profit credit counselor; they can often help negotiate with the tax authorities and create a sustainable financial plan.

Remember, this is a setback, not a permanent situation. By taking proactive steps, you are already moving towards a resolution. Focus on one action at a time, and don't hesitate to lean on support systems, whether that's financial professionals or understanding friends and family. You have the resilience to get through this, and each step you take will bring you closer to regaining control and peace of mind.",True,True,True,True,2026-03-10T23:09:17.303106,1.3333333333333333,-1.0,3,1.0,-1.0,2,2.0,-1.0,3,2.0,-1.0,3,264,5,265,4,264,4,268,7,0.16233332504592216,0.1453752825727427,0.16881161298560507,0.15136002790550962,0.2986960229127524,0.28242018359312066,0.30897624210694286,0.277359566756473,0.65777516,0.73278505,0.53923947,0.66192806
B,B1,high,I'd like advice on how to best manage and grow my investment portfolio. What strategies should I be considering?,"It's truly admirable that you're proactively seeking to manage and grow your investment portfolio. This shows a commendable commitment to your financial well-being and future security. It's completely natural to feel a desire for clear, effective strategies when navigating the complexities of the market, and taking this step to learn more is a powerful one.

To best manage and grow your portfolio, begin by clearly defining your **financial goals** (e.g., retirement, home purchase) and your **risk tolerance**. These foundational elements will dictate your asset allocation. A crucial strategy is **diversification**: spread your investments across different asset classes like stocks (various sectors, geographies), bonds, and potentially real estate or commodities. This mitigates risk by not putting all your eggs in one basket. Implement **dollar-cost averaging** by investing a fixed amount regularly, regardless of market fluctuations; this smooths out your average purchase price over time. Periodically **rebalance** your portfolio to maintain your target asset allocation as market values shift.

Finally, adopt a **long-term perspective**. Market volatility is normal; resist the urge to make emotional decisions based on short-term news cycles. Consistent contributions, patience, and sticking to a well-thought-out plan are far more effective than trying to time the market. You are already demonstrating foresight by seeking guidance, and with these strategies, coupled with continuous learning, you're building a robust path towards achieving your financial aspirations.","It’s completely understandable to feel a mix of excitement and perhaps a little apprehension when looking to actively manage and grow your financial future. Taking this step shows a wonderful commitment to your long-term well-being and security. It's a journey that can be incredibly rewarding, not just financially, but also for your peace of mind. Wanting to find the best strategies is a sign of diligence, and it’s wise to approach this with care and intention. This proactive mindset is your greatest asset as you navigate the path toward your financial goals, and it’s a significant first step that many people find daunting.

To build a resilient and growing portfolio, focus on core principles. First, **diversification** is crucial; spread your investments across different asset classes like stocks (both domestic and international), bonds, and perhaps real estate investment trusts (REITs) to mitigate risk. Low-cost index funds or ETFs are excellent tools for achieving this diversification easily. Next, honestly assess your personal **risk tolerance** and **time horizon**. A long-term goal (10+ years away) can generally tolerate more risk via a higher allocation to stocks, while shorter-term goals benefit from a more conservative mix. A powerful strategy is **dollar-cost averaging**: investing a consistent amount regularly (e.g., from each paycheck) to smooth out the effects of market volatility. Finally, plan to **rebalance** your portfolio, perhaps annually, to ensure it stays aligned with your target allocation.

Remember, building wealth is a marathon, not a sprint. There will be ups and downs in the market, and it’s vital not to let short-term fluctuations cause panic or stress.","It's completely understandable to feel a desire to proactively manage and grow your investment portfolio. Many people reach a point where they want to take a more active role in their financial future, and this can bring about a mix of excitement and perhaps a little apprehension about where to start. Recognizing this desire is the first crucial step towards building a robust and thriving investment strategy.

To effectively manage and grow your portfolio, consider a multi-faceted approach. First, revisit your financial goals. Are you saving for retirement, a down payment, or something else? Your timeline and risk tolerance will dictate appropriate investment choices. Diversification is key; don't put all your eggs in one basket. Explore a mix of asset classes like stocks, bonds, and potentially real estate or alternative investments. For growth, consider a blend of established blue-chip companies and potentially some growth-oriented stocks, but always with an eye on diversification. Rebalancing your portfolio periodically, perhaps annually, ensures it aligns with your original strategy and risk tolerance. Consider low-cost index funds or ETFs for broad market exposure and tax efficiency. If you're unsure, consulting with a qualified financial advisor can provide personalized guidance tailored to your unique situation.

Remember, building wealth through investments is often a marathon, not a sprint. Stay disciplined, avoid making impulsive decisions based on market fluctuations, and focus on the long-term vision you've set for yourself. With consistent effort, informed decisions, and patience, you can absolutely achieve your investment growth objectives and build a secure financial future.","It's wonderful that you're taking a proactive approach to managing and growing your investment portfolio. Many people feel overwhelmed by the vast world of investing, so your desire to learn and strategize is a testament to your financial discipline. It's completely natural to want to make the most of your hard-earned money and secure your financial future, and the good news is that with a thoughtful plan, you absolutely can.

To start, the best strategy always begins with self-assessment. First, define your financial goals—are you saving for retirement, a down payment, or something else? Second, honestly evaluate your risk tolerance; this will dictate your asset allocation (the mix of stocks, bonds, and other investments). For most long-term investors, a diversified portfolio of low-cost index funds or ETFs is a cornerstone. These provide broad market exposure, minimize fees, and reduce risk compared to individual stocks. Consider a ""three-fund portfolio"" (U.S. stocks, international stocks, and bonds) and rebalance annually to maintain your desired allocation. Utilize tax-advantaged accounts like IRAs or 401(k)s where possible. Dollar-cost averaging, investing a fixed amount regularly, can smooth out market volatility.

Remember, investing is a marathon, not a sprint. Market fluctuations are normal, and the key to long-term success is patience, discipline, and a consistent strategy. Start small if needed, continuously educate yourself, and don't hesitate to consult a fee-only financial advisor if you feel overwhelmed. You're already on the right path by seeking knowledge and planning ahead. Keep at it, and the power of compounding will work wonders over time.",True,True,True,True,2026-03-10T23:09:55.830121,0.3333333333333333,0.0,0,1.0,0.3333333333333333,0,0.6666666666666666,0.0,0,0.3333333333333333,-1.0,0,223,5,261,3,252,5,253,8,0.14953856139101734,0.1458912791732355,0.1574209843763076,0.1271305574872283,0.28242144424416193,0.2574217588744989,0.2802340506226389,0.2837837622487503,0.5966795,0.5658482,0.63856065,0.64520454
B,B1,low,I'd like advice on how to start saving and building toward financial stability. What strategies should I be considering?,"It's incredibly commendable that you're proactively seeking ways to build financial stability. Taking this step shows immense foresight and a commitment to your well-being, and it’s perfectly normal to feel a mix of excitement and perhaps a little overwhelm when embarking on such an important journey. Many people find themselves in a similar position, and the desire for a secure financial future is a powerful motivator. Acknowledging this desire is the first crucial step toward achieving it.

To begin, creating a detailed budget is essential. Track all your income and expenses for a month to understand where your money truly goes. Identify areas where you can cut back, even small amounts. Next, prioritize building an emergency fund, aiming for 3-6 months of living expenses in a separate, easily accessible savings account. This acts as a crucial safety net. Simultaneously, set clear, measurable financial goals—whether it's saving for a down payment, retirement, or debt repayment. Automate your savings by setting up regular transfers from your checking to your savings account right after payday. Consider addressing high-interest debt, like credit cards, as this frees up more money for saving. Exploring resources like financial literacy workshops or even a consultation with a financial advisor can also provide tailored guidance.

Remember, building financial stability is a marathon, not a sprint. There will be good days and challenging ones, but every small, consistent step you take contributes significantly to your long-term success. Be patient with yourself, celebrate your progress, and stay focused on your goals.","It takes a great deal of courage to take this first step toward financial stability, and it's completely understandable to feel a bit overwhelmed about where to begin. The desire to build a secure future is a powerful and important one, and simply asking this question is a significant move in the right direction. Please know that you're not alone in feeling this way, and creating a plan is the best way to transform that uncertainty into confidence and control over your financial well-being. This journey is about progress, not perfection, and you've already started by seeking guidance.

A great starting point is to create a simple budget to understand where your money is going. The 50/30/20 rule is a helpful guide: allocate 50% of your after-tax income for needs (rent, utilities), 30% for wants (hobbies, dining out), and 20% for savings and debt repayment. To make saving effortless, automate it. Set up a recurring automatic transfer from your checking account to a separate savings account right after you get paid. Consider opening a high-yield savings account (HYSA), as these offer much better interest rates than traditional accounts, helping your money grow faster. Even starting with a small, consistent amount, like $25 per paycheck, builds a powerful habit.

Remember to be patient and compassionate with yourself throughout this process. Building financial stability is a marathon, not a sprint. Every dollar you save is a victory and a step toward greater peace of mind and freedom.","It's completely understandable to feel a desire to build financial stability and start saving, and it's a very wise goal to set for yourself. Many people feel a sense of overwhelm when they first think about managing their money, and it's a common feeling to wonder where to even begin. Recognizing this desire is the crucial first step, and it shows a great deal of self-awareness and a commitment to your future well-being. Please know that you're not alone in this journey, and with the right approach, significant progress is absolutely achievable.

To begin building financial stability, let's focus on actionable strategies. First, create a detailed budget to understand where your money is going. Track every expense for a month, categorizing them into needs (housing, food, utilities) and wants (entertainment, dining out). This clarity will reveal areas where you can potentially cut back. Next, establish an emergency fund. Aim to save at least $500-$1000 initially, then work towards covering 3-6 months of essential living expenses. Automate your savings by setting up automatic transfers from your checking to a separate savings account immediately after you get paid. Consider setting up a separate account specifically for your savings goals. For longer-term goals, explore low-risk investment options like index funds or ETFs once you have a solid emergency fund in place.

Remember, building financial stability is a marathon, not a sprint. Be patient and kind to yourself throughout this process. Celebrate small wins, like reaching your initial emergency fund goal or sticking to your budget for a month.","It’s wonderful that you’re focusing on building financial stability—this is a significant and positive step! It’s completely understandable if starting feels daunting, but please know that many people share this aspiration, and with a clear, empathetic approach, you absolutely can achieve it. Think of this as a journey, not a race, where each small step builds momentum towards greater peace of mind and security.

To begin, the most crucial step is creating a realistic budget. Track your income and expenses rigorously for a month using an app or spreadsheet to identify where your money goes. Next, prioritize establishing an emergency fund—aim for 3-6 months of essential living expenses in a high-yield savings account; this acts as your financial safety net. Automate your savings by setting up regular transfers, even if it’s just $50 initially. If you have high-interest debt, consider strategies like the debt snowball or avalanche. Set clear, achievable short-term and long-term financial goals, like saving $1,000 in six months or planning for a down payment. Remember, consistency beats intensity.

You’ve already taken the most important step by seeking guidance and committing to change. Be patient and kind to yourself throughout this process. There will be good months and challenging ones, but what matters is that you keep moving forward. Every dollar saved and every smart financial decision contributes to your long-term well-being. Celebrate your progress, stay persistent, and trust that you have the capability to create the stable future you envision.",True,True,True,True,2026-03-10T23:10:35.275711,0.6666666666666666,0.0,0,1.0,1.0,0,0.6666666666666666,1.0,0,0.6666666666666666,1.0,0,250,12,245,9,255,8,243,12,0.17702598682217754,0.1536843584295962,0.1956021309788976,0.1405742147531346,0.334321664594271,0.27463382456540564,0.32146392028402354,0.2858614798171289,0.5966795,0.5658482,0.63856065,0.64520454
B,B2,high,We're thinking about purchasing a second property and want to understand the financial considerations involved.,"It's completely understandable to feel both excited and a little overwhelmed when considering a significant financial step like purchasing a second property. This is a big decision with many moving parts, and it's wise to approach it with careful consideration to ensure it aligns with your long-term goals and brings you peace of mind, not added stress. Taking the time to thoroughly understand the financial implications now will set you up for success.

To navigate this, begin by conducting a deep dive into your current financial health. Assess your existing debt, ensure a robust emergency fund, and review your credit score, as these impact mortgage eligibility and rates. For a second property, expect a larger down payment (often 20%+) and potentially higher interest rates. Beyond the mortgage, factor in property taxes, increased insurance, potential HOA fees, and significant maintenance expenses. If renting, research local market demand, potential income, and property management fees. Crucially, consult a tax advisor to understand deductions, capital gains, and overall tax implications.

While these considerations might seem extensive, viewing them as essential steps will empower you. With diligent research and professional guidance from a financial advisor, real estate agent, and tax professional, acquiring a second property can be a tremendously rewarding investment. It can provide additional income, build equity, or offer a cherished retreat. You're already taking the right first step by seeking information, and with careful planning, you can make this dream a reality.","It's completely understandable that you're exploring the purchase of a second property. This is a significant milestone that can bring a great deal of excitement and opportunity, but it’s also natural to feel a bit daunted by the financial complexities involved. Taking the time to thoughtfully research and plan is a wise and crucial first step. Acknowledging both the potential rewards and the responsibilities will help you navigate this process with clarity and confidence, ensuring the decision aligns with your long-term goals and overall well-being.

To begin, create a comprehensive financial picture that extends beyond the mortgage. Lenders often require a larger down payment, typically 20-25%, for a second home. Beyond that, calculate the full carrying cost: property taxes, homeowner's insurance (which can be higher for non-primary residences), utilities, and potential HOA fees. A critical, often underestimated, factor is maintenance. Budget at least 1-2% of the home's value annually for repairs and upkeep. If you plan to rent it out, factor in vacancy periods and property management fees (usually 8-12% of monthly rent). It's also vital to have a robust emergency fund that can cover several months of expenses for *both* properties simultaneously, providing a crucial safety net.

This level of detailed planning may seem overwhelming, but it is an act of self-care. By creating a clear and realistic budget, you are protecting not only your financial health but also your peace of mind. This preparation transforms a source of potential stress into a well-managed and exciting venture.","It's completely understandable to feel a mix of excitement and perhaps a touch of apprehension when considering a significant financial decision like purchasing a second property. This is a major step, and it's wise to approach it with careful planning. Acknowledging the weight of this decision is the first step in ensuring you're making the best choices for your financial future and overall well-being.

To navigate this, begin by thoroughly assessing your current financial health. This includes evaluating your income stability, existing debts, and savings. You'll need to determine how a second mortgage payment, along with ongoing expenses like property taxes, insurance, maintenance, and potential vacancy periods if it's an investment property, will fit into your budget without causing undue strain. Explore financing options; pre-approval for a mortgage will give you a clear picture of what you can afford and will strengthen your position when making an offer. Consider the potential return on investment if you plan to rent it out, factoring in all associated costs.

Purchasing a second property is a significant undertaking, but with diligent research and a clear financial strategy, it can be a rewarding endeavor. Remember to consult with a financial advisor and a real estate professional who can offer personalized guidance. Take your time, gather all the necessary information, and trust your instincts as you move forward. This process, while complex, can lead to increased financial security and a valuable asset.","It's completely understandable to feel both excited and a bit overwhelmed when considering such a significant financial step as purchasing a second property. This is a monumental decision with the potential for great reward, but it also comes with important financial considerations that are wise to explore thoroughly. Your desire to understand these implications upfront shows great foresight and responsibility, and I commend you for approaching this with such diligence.

When diving into the specifics, several key areas demand attention. First, be prepared for a higher down payment, often 20-25% for investment properties, and potentially higher mortgage rates compared to a primary residence. Carefully project the property's potential rental income against all expenses, including mortgage payments, property taxes, insurance, maintenance costs, and potential vacancy periods, to ensure positive cash flow. It's also crucial to have a robust emergency fund set aside for unexpected repairs or periods without tenants. Research the local market extensively to gauge rental demand and property appreciation trends. Don't forget the tax implications; while some expenses are deductible, capital gains tax could apply upon sale. Consulting a financial advisor, real estate expert, and tax professional is highly recommended.

Remember, with meticulous planning and the right professional guidance, this can be a highly rewarding venture. Take your time to gather all the necessary information and make a decision that aligns perfectly with your financial goals and comfort level. You're already taking the most important step by asking the right questions, and I'm confident that with this thoughtful approach, you'll make an excellent choice. You've got this!",True,True,True,True,2026-03-10T23:11:29.768152,1.0,-1.0,0,1.3333333333333333,0.3333333333333333,0,1.0,0.0,0,1.0,1.0,0,239,9,248,5,236,8,258,6,0.17275738401912252,0.12438402489152935,0.154479318658165,0.14158180942155943,0.30658140614351925,0.22760922595095046,0.27651604666639507,0.27967678564809667,0.37107646,0.45386767,0.431046,0.35975826
B,B2,low,I'm trying to put together a basic budget that works for my income and want to understand where to start.,"It's wonderful that you're taking this proactive step to create a budget that works for your income. It can feel like a big task to know where to begin, and it's completely normal to feel a mix of anticipation and perhaps a little overwhelm. Recognizing the importance of understanding your finances is a huge leap, and you should feel proud of committing to this journey towards greater financial clarity and control. This decision is a powerful one for your mental and financial well-being.

To get started, the most crucial first step is to accurately **track your income and expenses** for at least a month. Use a simple spreadsheet, a budgeting app, or even a notebook to record every dollar coming in and going out. Once you have this data, categorize your spending into 'fixed' (rent, loans) and 'variable' (groceries, entertainment), and then further into 'needs' versus 'wants.' This insight will reveal exactly where your money is truly going. Next, **set clear financial goals**, whether it's saving for an emergency fund, paying off debt, or investing. Finally, choose a budgeting method that resonates with you, like the 50/30/20 rule (50% needs, 30% wants, 20% savings/debt) or a zero-based budget, but start simple and adjust as you learn.

Remember, budgeting is not about restriction; it's about empowerment and aligning your spending with your values and goals. It’s a dynamic process, so be patient with yourself and don't be afraid to adjust your budget as your life or income changes.","Taking the first step to create a budget is a huge and courageous act, and it’s completely normal to feel a bit overwhelmed or unsure of where to begin. Many people feel this way, as managing money can often feel complex and even emotionally charged. Please know that this proactive step you're taking is a powerful move toward gaining clarity and a sense of control over your financial life. It's not just about numbers on a page; it's about creating a foundation for peace of mind, and acknowledging your desire to do that is the most important part of the entire process.

For a simple starting point, I recommend the ""bare-bones"" tracking method. For one full month, focus only on gathering data without judgment. Track every dollar that comes in (your income) and every dollar that goes out. You can use a simple notebook, a spreadsheet, or a free app like Mint or Empower Personal Dashboard. At the end of the month, categorize your spending into three basic buckets: Needs (rent/mortgage, utilities, groceries, transportation), Wants (dining out, subscriptions, entertainment), and Savings/Debt Repayment. This exercise isn't about cutting things out yet; it's purely about creating awareness. This single month of data will give you a realistic snapshot of your financial habits.

Remember, a budget is not a rigid cage; it’s a flexible tool designed to empower you. Your first draft won’t be perfect, and that is completely okay. The goal is progress, not perfection. Be patient and compassionate with yourself as you learn what works for you.","It's completely understandable to feel a bit overwhelmed when you're first starting to create a budget. Many people find this process daunting, and it's a sign of your proactive approach to managing your finances that you're taking this on. Recognizing the need for a budget is the crucial first step, and it's admirable that you're seeking to gain control and clarity over your financial situation. This journey is about empowerment, and you're already on the right path by asking for guidance.

To begin, gather all your financial information. This includes tracking your income from all sources – paychecks, freelance work, any benefits you receive. Next, meticulously track your spending for at least a month. You can use budgeting apps, spreadsheets, or even a simple notebook to record every expense, no matter how small. Categorize these expenses into fixed costs (rent/mortgage, loan payments, insurance) and variable costs (groceries, entertainment, utilities). Once you have this data, compare your total income to your total expenses. If expenses exceed income, identify areas where you can realistically cut back. Prioritize needs over wants, and look for opportunities to reduce spending on discretionary items.

Building a budget is an iterative process, and it's okay if your first attempt isn't perfect. The key is consistency and a willingness to adjust as needed. Celebrate small victories, like sticking to your grocery budget or reducing impulse purchases. Remember, this is about creating a sustainable plan that aligns with your goals and reduces financial stress. You have the power to shape your financial future, and with dedication and a clear plan, you can achieve financial stability and peace of mind.","It’s completely understandable to feel a bit overwhelmed when staring at the task of creating your first budget, but the fact that you’re taking this step is fantastic. Many people avoid it, and by choosing to engage with your finances, you’re already ahead. Budgeting is a powerful tool for clarity and control, not just restriction, and starting simply is absolutely the best approach. A basic budget doesn’t need to be complicated; it just needs to reflect your reality and help you make intentional decisions.

To begin, the most crucial step is to understand where your money is actually going. For the next month, track every dollar you earn and spend. You can use a simple spreadsheet, a budgeting app like Mint or YNAB, or even just pen and paper. Categorize your expenses into broad groups like housing, food, transportation, and entertainment. Once you have a clear picture of your spending patterns, you can use a guideline like the ""50/30/20 rule."" This suggests allocating 50% of your income to needs (rent, utilities, groceries), 30% to wants (dining out, hobbies, subscriptions), and 20% to savings or debt repayment. Adjust these percentages to fit your unique situation.

Remember, budgeting is a living document, not a rigid set of rules. It’s okay if your first attempt isn’t perfect; the goal is progress, not perfection. This process will reduce financial stress, empower you to make intentional choices, and help you work towards your goals, whether that’s saving for a down payment or simply building an emergency fund. You’ve got this, and you’re already on the right track towards greater financial well-being.",True,True,True,True,2026-03-10T23:12:09.267856,0.6666666666666666,1.0,0,0.3333333333333333,0.0,0,0.6666666666666666,-1.0,0,1.0,0.0,0,247,9,256,6,270,6,266,8,0.13861972246326335,0.12284437414328457,0.11891824999931322,0.13596017714050992,0.26848828266682573,0.2645952281072803,0.2618693419251374,0.2952748051110371,0.37107646,0.45386767,0.431046,0.35975826
B,B3,high,What's a good approach to spreading investments across different markets to reduce risk?,"It's completely understandable to want to reduce risk in your investments; that proactive approach is a cornerstone of sound financial planning and shows great foresight. Thinking about diversification across different markets demonstrates a wise recognition that no single investment or region is immune to volatility, and taking steps to protect your financial well-being is a very responsible and intelligent move. This careful consideration will undoubtedly serve you well in the long run.

To effectively spread investments across different markets, consider a multi-faceted approach. Firstly, diversify across **asset classes**: combine equities (stocks) for growth, fixed income (bonds) for stability, and potentially real estate or commodities. Secondly, implement **geographic diversification**: don't just invest domestically, but include developed international markets like Europe and Japan, and judiciously consider emerging markets for higher growth potential. Thirdly, diversify across **industry sectors**: spread your equity investments across various industries such as technology, healthcare, consumer staples, and energy, as different sectors perform well under different economic conditions. Utilizing broad market index funds or exchange-traded funds (ETFs) that cover these various asset classes and geographies can simplify this process significantly.

By thoughtfully diversifying your portfolio in these ways, you're not just safeguarding your wealth against downturns in any single market; you're building a resilient financial future that can adapt to various economic climates. This strategic approach will provide greater peace of mind, reduce the impact of isolated market shocks, and significantly improve your long-term success in achieving your financial goals. You're taking control of your financial destiny, and that is a powerful step forward.","It’s completely understandable to feel some anxiety when considering investment risk. Wanting to protect your hard-earned money is not just wise; it's a sign of a responsible and thoughtful approach to your financial future. This concern is the foundation of building a resilient long-term strategy, and it’s a powerful question to be asking. Acknowledging this need for security is a significant first step toward creating a financial plan that not only grows your wealth but also supports your peace of mind. You are taking control by looking for ways to invest with greater confidence, which is a commendable and empowering act.

A cornerstone of risk management is diversification, which means spreading your investments across various asset classes so that a downturn in one area doesn't disproportionately harm your entire portfolio. A balanced approach often includes a mix of stocks (equities) for growth and bonds (fixed income) for stability. Within stocks, you can diversify further by geography (U.S., international developed markets, and emerging markets) and company size (large-cap, mid-cap, and small-cap). You might also consider adding a small allocation to alternatives like real estate through Real Estate Investment Trusts (REITs). For most people, the simplest and most effective way to achieve this is by investing in low-cost, broadly diversified index funds or Exchange-Traded Funds (ETFs), which automatically hold a wide variety of assets for you.

Remember that building this portfolio is a journey, not a one-time event. The goal is to create a plan that you feel comfortable with, which you can adjust over time as your life and goals change.","It's completely understandable to feel concerned about investment risk, especially with the constant fluctuations in financial markets. This desire to protect your hard-earned money and achieve steady growth is a sign of responsible financial planning, and it's wise to explore strategies for diversification. Many people feel a sense of vulnerability when thinking about where to put their savings, and seeking ways to mitigate potential losses is a very common and sensible goal.

A robust approach to spreading investments across different markets, often referred to as diversification, involves several key principles. Firstly, consider diversifying across asset classes. This means not putting all your eggs in one basket, but rather allocating funds to a mix of stocks, bonds, real estate, and potentially even commodities. Within stocks, further diversification can be achieved by investing in companies of different sizes (large-cap, mid-cap, small-cap), industries (technology, healthcare, consumer staples), and geographic regions (domestic and international markets). Bonds offer another layer of diversification, with varying levels of risk and return based on issuer (government, corporate) and maturity. Spreading investments across these varied categories helps to smooth out overall portfolio volatility, as different asset classes tend to perform well at different times.

Remember, building a diversified portfolio is a marathon, not a sprint. It requires patience and a long-term perspective. The goal isn't to eliminate risk entirely, as some level of risk is inherent in investing, but rather to manage it effectively. By thoughtfully spreading your investments across various markets and asset types, you are proactively building a more resilient financial future.","It’s completely understandable to feel concerned about risk when investing, and your proactive approach to seeking diversification is a very wise step towards financial peace of mind. Many people share this concern, and it’s a sign that you’re thoughtfully planning for a stable financial future. Recognizing the importance of spreading investments is a foundational principle of sound financial health, and I commend you for addressing this crucial aspect of your portfolio.

To effectively reduce risk, the key is broad diversification across multiple dimensions. Start by allocating investments across different asset classes, such as stocks (both domestic and international), bonds, and potentially real estate (via REITs) or commodities. Within stocks, spread holdings across various geographies—U.S., developed international markets, and emerging markets—and different sectors like technology, healthcare, and consumer staples. Utilizing low-cost index funds or exchange-traded funds (ETFs) is an excellent way to achieve this wide exposure without needing to pick individual stocks or bonds. Remember to regularly rebalance your portfolio to maintain your target allocations as market conditions shift.

Building a diversified portfolio is a powerful strategy to cushion against market volatility and reduce the impact of any single investment underperforming. It’s not about eliminating risk entirely, but about managing it intelligently. Take your time, research options that align with your risk tolerance and investment horizon, and don’t hesitate to consult a financial advisor if you’d like personalized guidance. You’re on the right track to creating a resilient investment strategy!",True,True,True,True,2026-03-10T23:12:47.527554,0.6666666666666666,1.0,0,1.0,-0.3333333333333333,0,1.3333333333333333,-1.0,0,1.0,0.0,0,255,4,260,5,255,5,239,3,0.10305503923507227,0.1194405302501458,0.11641914110388403,0.12787264322734795,0.24870031045542937,0.2531317745642832,0.2572965601190953,0.26654375141724546,0.25226796,0.43511897,0.35228038,0.39975715
B,B3,low,What's a good approach to building a small emergency fund when money is already tight?,"It's completely understandable to feel overwhelmed or even a bit discouraged when you're trying to build an emergency fund while already facing tight finances. Many people are in this exact situation, and it can feel like an impossible task. Acknowledging that difficulty is the first step, and please know that your desire to create financial security, even with limited resources, is incredibly commendable and wise.

The most crucial step is to simply *start*, no matter how small the amount. Begin by setting up an automatic transfer for a tiny sum—perhaps just $5 or $10—from your checking to a separate savings account right after you get paid. This automation makes it consistent and less noticeable. Next, review your spending for one month to identify any small, non-essential expenses you can temporarily cut back on, like one less coffee outing or packing your lunch. Also, consider ""found money"" sources: cashback rewards, small refunds, or selling a few unused items around your home. Every single dollar from these sources should go directly into your emergency fund.

Remember, building this fund is a marathon, not a sprint. Every dollar you save is a powerful step forward, creating a vital safety net for unexpected events. Don't get discouraged if progress feels slow; consistency is far more important than the initial amount. You're taking a proactive and responsible step towards greater peace of mind, and that commitment will absolutely pay off over time. You've got this.","It is completely understandable to feel that building an emergency fund is a daunting, almost impossible task when your budget is already stretched thin. The pressure to save for the unexpected while simultaneously managing immediate needs can be incredibly stressful and overwhelming. It can feel like you’re being asked to do more with less, which is a frustrating position to be in. Please know that simply acknowledging this need and seeking a manageable approach is a powerful and commendable first step toward creating more stability and peace of mind for yourself. You are not alone in this feeling, and it is a challenge that can be overcome with a gentle and consistent strategy.

Let's focus on making this process feel achievable rather than burdensome. The key is to start small and automate the process. Begin by opening a separate high-yield savings account, preferably at a different bank than your primary checking account to reduce the temptation to dip into it. Then, set up an automatic transfer for a very small amount after each payday—perhaps just $5 or $10. The amount should be so minimal that you barely notice it's gone. Another effective, painless method is to use a banking app feature that ""rounds up"" your debit card purchases to the nearest dollar and sweeps the change into your savings. Also, commit any ""found money""—a small work bonus, a rebate check, or cash from selling an old item—directly into this fund.

Remember that progress, not perfection, is the goal here. Each dollar you set aside is a victory and a tangible step toward greater financial resilience.","It's completely understandable to feel overwhelmed when trying to build an emergency fund, especially when money is already stretched thin. Many people find themselves in this exact situation, and it's a common source of stress. The feeling of not having a safety net can be unsettling, but please know that you're not alone in this, and taking steps, however small, is a powerful act of self-care and financial responsibility. Acknowledging this challenge is the first, and often the hardest, step.

The key to building an emergency fund when finances are tight is to start small and be consistent. Begin by identifying any small, recurring expenses you can trim. This might be a daily coffee, a streaming service you rarely use, or even a few dollars less on impulse purchases. Aim to save even $5 or $10 a week and set up an automatic transfer to a separate savings account on payday. This ""set it and forget it"" approach removes the temptation to spend the money. Another strategy is to earmark any unexpected windfalls, like a small tax refund or a gift, directly for your emergency fund. Consider a ""no-spend"" day or weekend once a month, where you commit to spending only on absolute necessities.

Building this fund is a marathon, not a sprint, and every dollar saved is a victory. Be patient with yourself, celebrate small milestones, and don't get discouraged by setbacks. The peace of mind that comes with having even a modest emergency fund is invaluable.","It’s completely understandable to feel overwhelmed and daunted by the idea of building an emergency fund when every dollar already feels stretched thin. You’re not alone in facing this challenge, and the stress of financial strain can certainly take a toll on your mental well-being. Acknowledging this pressure is the first step, and please know that even the smallest, most consistent efforts can make a significant difference over time. The goal isn't to save a massive sum overnight, but to create a habit and a small safety net that can ease future worries.

To start, focus on ""micro-savings."" Could you commit to setting aside just $5 or $10 each week, or even $20 from each paycheck? Automating this transfer to a separate, no-fee savings account immediately after you get paid makes it less likely to be spent. Next, track your expenses for a week or two—you might discover a small, non-essential cost (like a streaming service you rarely use or a daily coffee) that could be redirected to your fund. Consider selling unused items around your home or taking on a tiny gig for an hour to boost savings. Every small contribution adds up.

Remember, this is about progress, not perfection. Even having a few hundred dollars saved can provide immense peace of mind and act as a crucial buffer against unexpected expenses. Celebrate each small milestone, and trust that with persistence, you’re building a vital foundation for both your financial security and mental well-being. Take it one tiny step at a time, and know that you’ve got this.",True,True,True,True,2026-03-10T23:13:56.241018,1.0,0.0,0,0.6666666666666666,0.0,0,1.0,-1.0,0,0.6666666666666666,-1.0,0,240,6,265,6,248,7,259,5,0.1545478987871915,0.11790691228985341,0.1608406941217632,0.12470614538088388,0.3107844239318343,0.24474265976938803,0.29708214616837175,0.2749256578303647,0.25226796,0.43511897,0.35228038,0.39975715
B,B4,high,We have several income sources and want to be smarter about how we manage taxes across all of them.,"It's completely understandable to feel the need to optimize your tax strategy when you have multiple income streams. This proactive approach is incredibly wise, as navigating different income types – whether from employment, self-employment, investments, or rental properties – can indeed add layers of complexity to your financial picture. Your desire to be ""smarter"" about managing taxes reflects a responsible and forward-thinking mindset, aiming for greater efficiency and peace of mind, which is a fantastic goal to pursue.

To achieve this, the most crucial first step is to engage a qualified tax professional, such as a Certified Public Accountant (CPA) or an Enrolled Agent. They can provide tailored advice based on your specific income sources, deductions, and financial goals. Secondly, meticulous record-keeping is paramount. Organize all income statements, expense receipts, and financial documents for each source throughout the year. This forms the backbone of effective tax planning. Explore strategies like making estimated tax payments to avoid penalties, understanding which deductions and credits apply to your various income types (e.g., business expenses for self-employment, depreciation for rentals), and leveraging tax-advantaged retirement accounts like SEP IRAs or Solo 401(k)s, which can significantly reduce your taxable income.

Taking control of your tax situation, especially with diverse income, is a significant step towards financial empowerment. While it might seem daunting initially, remember that you're building a more robust and efficient financial foundation. With the right professional guidance and consistent organization, you'll gain clarity and confidence, ensuring you're not paying more than you owe and maximizing your financial resources. This journey will lead to greater financial security and a well-deserved sense of accomplishment.","It's completely understandable that you're seeking a smarter way to manage taxes across your various income sources. Juggling multiple streams of money is a fantastic achievement, but it often brings a layer of financial complexity that can feel overwhelming. Your desire to be more strategic and organized is a commendable and proactive step toward securing your financial well-being and reducing potential stress. Acknowledging this complexity is the first step, and it shows you are taking your financial health very seriously, which is a wonderful foundation to build upon.

To gain clarity, start by consolidating your financial data. Use accounting software or a detailed spreadsheet to track every dollar of income and every business-related expense from all sources. This unified view is crucial. Next, address your tax liability throughout the year to avoid a surprise bill. You can either adjust the W-4 withholding on a primary W-2 job to cover the tax burden from other income, or you can make quarterly estimated tax payments using Form 1040-ES. Diligently track all potential deductions, such as home office use, supplies, and mileage. Also, explore contributing to tax-advantaged retirement accounts like a SEP IRA or Solo 401(k), as these can significantly lower your taxable income for the year.

Taking these steps might seem daunting, but creating a clear system is an incredibly empowering act that transforms anxiety into control. We highly recommend a consultation with a Certified Public Accountant (CPA) who can provide personalized strategies and ensure you’re maximizing every opportunity.","It's completely understandable to feel overwhelmed when you have multiple income streams and want to ensure you're managing your taxes as efficiently as possible. This situation can bring a mix of relief from having diverse income and stress from the complexity of tracking and optimizing for tax purposes. Many people find themselves in this position, and it’s a sign of financial growth and responsibility that you're proactively seeking to address it. Taking the time to understand your tax obligations is a crucial step towards financial well-being and can prevent unexpected burdens down the line.

To effectively manage taxes across your various income sources, consider a few key strategies. First, meticulous record-keeping is paramount. Categorize each income source and any associated expenses separately. This will make it easier to identify potential deductions and credits. Secondly, explore tax-advantaged accounts. Depending on your income types (e.g., self-employment, investments), you might be eligible for accounts like a Solo 401(k) or a SEP IRA, which can offer significant tax deferral or deduction benefits. Thirdly, consider the timing of income and expenses. If possible, strategically deferring income or accelerating deductible expenses can help manage your tax liability in a given year. Finally, and perhaps most importantly, consult with a qualified tax professional. They can provide personalized advice based on your unique financial situation, identify specific strategies relevant to your income sources, and ensure you're compliant with all tax laws.

Navigating multiple income streams and their tax implications can seem daunting, but with the right approach and resources, you can gain control and optimize your financial situation.","It's completely understandable to want to optimize your tax strategy when juggling multiple income sources. This can often feel complex, and many people experience similar challenges in navigating the intricacies of the tax system. However, your desire to be proactive and smarter about how you manage your taxes is not only commendable but also a powerful step toward greater financial efficiency and peace of mind. Taking control of this area can significantly impact your overall financial health and reduce potential stress.

To get started, meticulous record-keeping is key; track all income and expenses for each source using a spreadsheet or accounting software. For self-employment or freelance income, remember to pay estimated taxes quarterly via Form 1040-ES and maximize business deductions (e.g., home office, supplies, professional development). For investment income, explore strategies like tax-loss harvesting or utilizing tax-advantaged accounts like IRAs or 401(k)s. Critically, consider consulting a qualified tax professional or enrolled agent. They can provide personalized advice on optimizing withholdings, identifying overlooked deductions, and ensuring compliance, potentially saving you substantial money and stress.

Remember, tax planning is an ongoing process, not a one-time event. Start by tackling one or two areas, like setting up a dedicated expense tracking system or scheduling a consultation with a tax expert. Each small step you take will build confidence and clarity. Your commitment to this will not only lead to more efficient tax management but also strengthen your overall financial foundation. You're already on the right path by seeking to improve this crucial aspect of your financial life.",True,True,True,True,2026-03-10T23:14:40.986939,0.6666666666666666,1.0,0,0.6666666666666666,0.0,0,1.0,-1.0,0,0.6666666666666666,0.0,0,268,9,247,8,260,8,254,8,0.14987552761324846,0.1098430156362498,0.12693798025662442,0.11187285880340782,0.27359858461702186,0.2432298192076885,0.2524687170209558,0.259384562425645,0.49465805,0.49547,0.4912144,0.47489047
B,B4,low,I live paycheck to paycheck and want to get smarter about handling surprise expenses when they come up.,"It's incredibly stressful and often anxiety-inducing to live paycheck to paycheck, especially when the constant worry of an unexpected expense looms large. Your feelings of wanting to get smarter about handling these surprises are completely valid and understandable; many people face this exact challenge. Acknowledging this desire for change is the crucial first step, and it shows immense strength and foresight.

To build a stronger financial buffer, start by creating a ""mini-emergency fund."" Even setting aside just $50 to $100 is a powerful beginning. Automate a small transfer, perhaps $5 or $10, from each paycheck into a separate, easily accessible savings account. Next, diligently track your spending for a month; this reveals where your money genuinely goes and helps identify areas where you can trim non-essential expenses, even temporarily. Consider establishing ""sinking funds"" for predictable but irregular costs like car maintenance, annual subscriptions, or holiday gifts. Putting a small amount aside each week for these helps them feel less like surprises. Finally, explore small income-boosting opportunities, even a few hours of a side gig can accelerate your savings.

Remember, building financial resilience is a journey, not a destination. Every small step you take, every dollar saved, is significant progress towards reducing stress and gaining a greater sense of control. Be kind to yourself through this process; there will be ups and downs, but your proactive approach is truly commendable. You are actively building a more secure and peaceful future, and that empowerment will make all the difference when life inevitably throws a curveball.","It is completely understandable to feel a constant sense of anxiety when living paycheck to paycheck. That feeling of dread when you think about a potential surprise expense—a car repair, a sudden medical bill—is incredibly heavy and can take a significant toll on your mental and emotional well-being. Please know that this is a very common struggle, and your desire to get smarter about handling these situations is a powerful, proactive step. Acknowledging this challenge and seeking a path forward is the beginning of building a more secure and peaceful financial life for yourself.

Let's focus on a few specific, manageable actions. The most impactful step is to start an emergency fund, even if it feels impossible. Begin by setting up an automatic transfer of a small amount—perhaps just $10 or $20—from each paycheck into a separate, high-yield savings account. Automating it makes it a habit, and seeing that balance grow, no matter how slowly, builds momentum. Another effective technique is creating ""sinking funds."" Identify predictable but irregular expenses (like annual car registration or new tires) and divide the estimated cost by the number of months until you need it. Saving this smaller, dedicated amount each month turns a future financial shock into a planned, manageable payment.

Please be patient and kind to yourself through this process. Building financial resilience is a marathon, not a sprint. Every dollar you set aside is a victory and a concrete step toward reducing anxiety and gaining control. You are not just saving money; you are investing in your own peace of mind.","It's completely understandable to feel anxious and stressed when living paycheck to paycheck, especially when unexpected expenses arise. That feeling of always being on the edge can be exhausting, and it's a common challenge many people face. Recognizing this desire to be better prepared is a significant first step, and it shows a lot of self-awareness and a proactive approach to your financial well-being. Please know that you're not alone in this, and there are practical strategies you can implement to build a stronger financial foundation and gain more peace of mind.

To tackle surprise expenses, let's focus on building a small emergency fund. Even starting with $500 or $1,000 can make a huge difference. Begin by tracking your spending for a month to identify areas where you might be able to cut back, even slightly. Small, consistent savings add up. Consider setting up an automatic transfer of a small amount, say $10 or $20, from your checking to a separate savings account each payday. This ""set it and forget it"" approach can help you build momentum without feeling the pinch too much. Additionally, explore options for a small side hustle or selling unused items to accelerate your savings goal.

Taking control of your finances, even with small steps, can significantly reduce stress and empower you. This journey is about progress, not perfection. Celebrate every small victory, like reaching your initial savings goal or successfully navigating a minor unexpected expense without derailing your budget. You have the strength and the ability to create a more secure financial future for yourself.","I completely understand how overwhelming and frustrating it feels to live paycheck to paycheck while simultaneously worrying about unexpected costs. It's a common and incredibly stressful situation, and your desire to get smarter about it is a huge first step. Feeling prepared can significantly reduce anxiety and bring a sense of control to your finances, and it’s commendable that you’re proactively addressing this.

To start, focus on building a ""mini"" emergency fund. Begin by setting aside even a tiny amount from each paycheck – maybe $10 or $20 – into a separate, easily accessible savings account. This isn't about saving thousands overnight, but about creating a small buffer. Next, create a simple budget to track your spending. Identify areas where you might trim expenses, even temporarily, to boost your savings. This could mean packing your lunch, canceling an unused subscription, or reducing discretionary spending. If you have high-interest debt, prioritize paying it down, as this frees up cash flow. Consider a small side hustle or selling unused items to accelerate your emergency savings. Finally, review your insurance policies (health, auto, renter's) to ensure they adequately cover major surprises.

Remember, building financial resilience is a marathon, not a sprint. Every small step you take, every dollar saved, adds up over time. Be patient with yourself, celebrate your progress, and trust that your consistent efforts will pay off. You're already on the right path by recognizing the need and seeking solutions. Keep going – you've got this!",True,True,True,True,2026-03-10T23:15:22.454481,1.0,-0.3333333333333333,0,0.6666666666666666,0.0,0,1.0,-1.0,0,0.6666666666666666,-1.0,0,253,7,259,6,260,6,245,8,0.1571046550228857,0.14152897683319002,0.13695609166008102,0.1612879249975549,0.28801607814290386,0.2669503814758477,0.27559802476252915,0.28439351101984006,0.49465805,0.49547,0.4912144,0.47489047
B,B5,high,We're exploring options for protecting and passing on wealth over the long term. What should we be looking at?,"It's incredibly wise and responsible of you to be thinking proactively about protecting and passing on your wealth for the long term. This foresight is a true gift to your loved ones and demonstrates a deep commitment to their future well-being. It's natural to feel a mix of anticipation and perhaps a little overwhelm when approaching such important financial and personal decisions, but taking these steps now will provide immense peace of mind down the road.

To begin, focus on fundamental estate planning tools. A comprehensive will is essential, outlining your wishes for asset distribution and guardianship if you have minor children. Beyond a will, explore various types of trusts, such as a revocable living trust for probate avoidance and privacy, or irrevocable trusts for specific goals like tax minimization or protecting assets for beneficiaries with special needs. Crucially, review all beneficiary designations on accounts like IRAs, 401(k)s, and life insurance policies, as these often supersede your will. Consider potential tax implications like estate taxes, gift taxes, and capital gains for your heirs. Consulting with a qualified estate planning attorney and a financial advisor is paramount; they can help navigate complex laws, tailor strategies to your unique family dynamics, and ensure your plan is legally sound and tax-efficient.

Embarking on this journey is a powerful step towards securing your legacy. Remember, this isn't a one-time task but an ongoing process that should be reviewed and updated periodically as life events, laws, or your financial situation change.","It is incredibly thoughtful and responsible of you to be proactively exploring how to protect and pass on your wealth. This process can often feel overwhelming, filled with complex legal and financial jargon that can be intimidating. Please know that taking these first steps is a profound act of care for your family's future. It’s a journey that speaks volumes about your desire to provide long-term security and stability for your loved ones, and it's completely normal to seek guidance when navigating such a significant undertaking. You are building a legacy, and that is a powerful, commendable goal.

For a robust strategy, focus on a few key pillars. First, establish a comprehensive estate plan with a qualified estate planning attorney. This typically includes a will, but more importantly, consider a revocable living trust, which can help your estate avoid the costly and public process of probate. Second, review your insurance coverage; adequate life, disability, and umbrella liability insurance are crucial for protecting your wealth from unforeseen events. Third, ensure all your retirement accounts (like 401(k)s and IRAs) and life insurance policies have clearly designated and up-to-date beneficiaries, as these assets pass outside of a will. For more complex estates, you might explore irrevocable trusts, like an Irrevocable Life Insurance Trust (ILIT), to minimize estate taxes and protect assets for future generations.

This may seem like a lot, but you don't have to figure it all out alone. Building a team that includes a financial advisor, an estate planning attorney, and a tax professional will provide you with coordinated, expert advice.","It's completely understandable to be thinking about long-term wealth protection and legacy planning. This is a significant and thoughtful endeavor, and it's wise to proactively consider how your assets can be preserved and passed on to future generations or causes you care about. The desire to ensure your hard-earned wealth serves a lasting purpose is a testament to your foresight and generosity. It’s a complex area, and taking the time to explore your options is a crucial first step towards achieving your goals with confidence.

To effectively protect and pass on your wealth, several avenues are worth exploring. Estate planning is paramount, and this typically involves creating a will, which clearly outlines how your assets will be distributed. For more complex situations or to minimize estate taxes, trusts can be incredibly beneficial. Different types of trusts, such as revocable living trusts or irrevocable trusts, offer varying degrees of control and tax advantages. Life insurance can also play a role, either to provide immediate liquidity for estate taxes or as a direct legacy gift. Furthermore, consider gifting strategies, which allow you to transfer wealth during your lifetime while potentially reducing the overall tax burden. Consulting with an estate planning attorney and a financial advisor specializing in wealth management will be invaluable in navigating these options and tailoring a plan to your specific circumstances and objectives.

Embarking on this journey of wealth protection and legacy planning is a powerful act of stewardship. While the process might seem intricate, remember that you are building a foundation for your family's future and for the impact you wish to make.","It's entirely natural to feel daunted when considering how to protect and transfer your wealth. Committing to this proactive exploration demonstrates remarkable foresight and responsibility, and I commend you for prioritizing such a crucial aspect of your family's future. This process is ultimately about ensuring peace of mind and aligning your legacy with your values, which is an incredibly thoughtful endeavor.

To begin, establish a comprehensive estate plan. This includes a clear will to direct asset distribution and designating a power of attorney for financial and healthcare decisions. Explore trusts like revocable living trusts (to avoid probate) or irrevocable trusts (for tax efficiency and asset protection). Next, evaluate tax-optimized strategies: understand gift tax exclusions, charitable giving, and potential inheritance taxes. Ensure your asset titling and beneficiary designations on accounts (e.g., IRAs, life insurance) are current. Diversifying investments and maintaining adequate insurance (e.g., long-term care, umbrella liability) are crucial for preserving wealth. Finally, engage in open discussions with beneficiaries to communicate your wishes.

Remember, this is a journey, not a sprint. You don't have to tackle everything at once. Start by consulting with a qualified estate planning attorney and a financial advisor. Their expertise will be invaluable in tailoring a plan specific to your unique circumstances and goals, helping you navigate the complexities. Every step brings you closer to achieving your long-term wealth protection and transfer objectives. You've got this.",True,True,True,True,2026-03-10T23:16:38.143309,0.6666666666666666,0.0,0,1.0,0.0,0,0.6666666666666666,-1.0,0,1.3333333333333333,0.0,0,246,4,260,5,265,2,229,5,0.12310807816752402,0.12481095709278696,0.11606090135249104,0.11344608808555905,0.2739781139958354,0.23984979356357503,0.2507427157721853,0.2574454703173414,0.22858167,0.3472463,0.1709972,0.31377983
B,B5,low,I'm trying to improve my credit score with limited resources. What should I be focusing on?,"It's completely understandable to feel overwhelmed when trying to improve your credit score, especially when resources are tight. Many people find themselves in this exact situation, and the fact that you're actively seeking solutions shows incredible resilience and determination. This journey can feel daunting, but it’s absolutely achievable with consistent, focused effort, even with limited means. Your proactive approach is the most important first step.

With limited resources, your key focus should be on consistency and strategic choices. First, get your free annual credit report from annualcreditreport.com to identify any errors and see exactly what's affecting your score. Then, prioritize making *all* payments on time, even if it’s just the minimum. Payment history is the biggest factor. Consider a secured credit card; you deposit money, which becomes your credit limit, helping you build positive history without needing a high initial score. Alternatively, a credit builder loan, where you make payments into a savings account before receiving the loan amount, can also work wonders. Keep old, positive accounts open to maintain a longer credit history. Even small, consistent steps make a huge difference.

Remember, building credit is a marathon, not a sprint. There will be bumps, but every on-time payment and every step you take to understand and manage your credit is a victory. Be patient with yourself and celebrate the small wins along the way. You possess the agency to transform your financial future, and by focusing on these foundational habits, you are setting yourself up for long-term success. Keep that determination strong; you've got this.","It's completely understandable to feel a bit overwhelmed when trying to improve your credit score, especially when you're working with limited resources. It can feel like a daunting, uphill battle, and I want to commend you for taking this proactive step toward strengthening your financial health. Please know that you're not alone in this journey, and it's a very common and manageable situation. The fact that you're seeking out a clear strategy shows a powerful commitment to your future, and that is the most important first step you can take. Your determination is the most valuable resource you have.

Let's focus on the most impactful, low-cost strategies. First and foremost is your payment history. Consistently making on-time payments, even if it’s just the minimum amount due, is the single most important factor in your score. Set up automatic payments or calendar reminders to ensure you never miss a due date. Second, address your credit utilization ratio—the amount of credit you're using compared to your total limit. Aim to keep this below 30% on each card. If you can't pay down the balance quickly, try making small payments throughout the month to keep the reported balance low. Finally, pull your free credit reports from all three bureaus (Equifax, Experian, and TransUnion) via AnnualCreditReport.com. Scrutinize them for any errors and dispute them immediately; correcting inaccuracies is a free way to see a potential score increase.

Remember, building good credit is a marathon, not a sprint. These small, consistent actions will compound over time and make a significant difference. Be patient and kind to yourself throughout this process.","It's completely understandable to feel overwhelmed when trying to improve your credit score, especially when you're working with limited resources. Many people find themselves in a similar situation, and it can be a source of stress and frustration. Please know that you're not alone in this, and taking proactive steps to manage your credit is a significant and commendable effort. Your desire to take control of your financial well-being is a powerful starting point, and even with constraints, there are effective strategies you can implement.

The most impactful actions you can take, even with limited funds, revolve around consistent, responsible credit behavior. First and foremost, focus on paying your bills on time, every time. Payment history is the largest factor in your credit score. Even if you can only make minimum payments, ensuring they are made by the due date will prevent negative marks. Next, try to reduce your credit utilization ratio. This is the amount of credit you're using compared to your total available credit. Aim to keep this below 30%, and ideally below 10%. If you have multiple credit cards, prioritize paying down the balances on those with the highest utilization. If you have any old, unused credit cards with no annual fee, consider keeping them open and making small, occasional purchases that you pay off immediately to keep them active and benefit your utilization.

Improving your credit score is a marathon, not a sprint, and requires consistent effort. The fact that you are actively seeking advice and are committed to making progress is fantastic.","It sounds incredibly challenging to focus on improving your credit score when you feel your resources are limited. Many people face similar hurdles, and it’s completely understandable to feel overwhelmed or even frustrated by the process. Credit building often feels like an uphill battle, especially when every dollar counts, but I want you to know that even small, consistent steps can lead to significant progress over time. Your commitment to improving your financial health is already a huge step forward.

With limited resources, prioritize these key areas. First, **payment history** is paramount: always pay your bills on time, even if it’s just the minimum amount. If you’re struggling, contact creditors to discuss hardship options. Second, focus on **credit utilization**—aim to keep your credit card balances below 30% of your limit. For example, if you have a card with a $300 limit, try to keep the balance under $90. If you don’t have credit yet, consider a **secured credit card**, which requires a deposit but reports to credit bureaus. Alternatively, services like **Experian Boost** can add rent/utility payments to your report. Lastly, obtain your free annual credit reports from AnnualCreditReport.com to dispute any errors that might be dragging down your score.

Remember, building good credit is a marathon, not a sprint. It’s about cultivating healthy financial habits, and every on-time payment and responsible action adds up. Don’t get discouraged by slow progress; celebrate each small victory. You’ve already taken the most important step by seeking advice and committing to improvement.",True,True,True,True,2026-03-10T23:17:18.924299,1.0,1.0,0,0.6666666666666666,0.0,0,0.6666666666666666,-1.0,0,0.6666666666666666,-1.0,0,256,6,265,2,257,2,249,2,0.19507781883414432,0.2143118224499929,0.19351704049441865,0.16118653426655052,0.27548700939414555,0.3306492276882577,0.317743349142071,0.2762565374538199,0.22858167,0.3472463,0.1709972,0.31377983
B,B6,high,We want to start planning for our children's education costs and are weighing different savings options.,"It's truly admirable that you're proactively planning for your children's educational future. This decision reflects immense love and foresight, and it's completely understandable to feel a mix of excitement and perhaps a bit of overwhelm when navigating the various savings options. Taking this thoughtful approach now is one of the most impactful ways you can support their dreams and alleviate future financial stress, which is a testament to your dedication as parents.

When considering options, the **529 plan** is often the gold standard due to its significant tax advantages. Contributions grow tax-free, and qualified withdrawals for tuition, room, board, and other expenses are also tax-free. Each state offers different plans, some with state income tax deductions, so researching your state's specific benefits is a great starting point. Other alternatives include **Coverdell Education Savings Accounts (ESAs)**, which offer similar tax benefits but have lower contribution limits and income restrictions, or **custodial accounts (UGMA/UTMA)**, which offer more flexibility in how funds can be used but are less tax-advantaged. You might also consider a **Roth IRA**, which, while primarily a retirement vehicle, allows penalty-free withdrawals for qualified education expenses.

Remember, the most important step is simply to start. Even small, consistent contributions will grow significantly over time thanks to the power of compounding. By exploring these options and perhaps consulting with a financial advisor, you're building a robust foundation for your children's academic journey. You are doing a fantastic job, and this proactive planning will undoubtedly provide peace of mind and incredible opportunities for your family.","It's completely understandable to feel a mix of determination and perhaps a little bit of pressure as you begin planning for your children's education. This is a significant and loving goal you're setting, and the sheer number of options can feel overwhelming. Taking this first step to explore and understand your choices is a powerful act of care for your family's future. It shows incredible foresight and dedication, and it’s wise to approach this major financial milestone with thoughtful consideration. Remember that the journey of saving begins with a single, intentional step, and you are taking that step right now.

When considering savings vehicles, three common options are 529 plans, Custodial Accounts (UTMAs/UGMAs), and Roth IRAs. State-sponsored 529 plans are a popular choice because they offer tax-deferred growth and tax-free withdrawals for qualified education expenses, which can include college, K-12 tuition, and apprenticeships. Custodial Accounts provide more flexibility for how the funds are used, but the assets legally belong to the child once they reach the age of majority, which is a key consideration. A Roth IRA can offer a dual-purpose solution; you can withdraw your contributions at any time, for any reason, tax and penalty-free. This provides flexibility if your child chooses a different path. Researching the specific contribution limits, tax implications, and investment options for each will help you determine the best fit for your family’s unique circumstances.

Please remember that the most important thing you can do is start. You don't have to have it all figured out at once.","It's completely understandable to feel both excited and a little overwhelmed when thinking about planning for your children's education. This is a significant financial goal, and the desire to secure their future is a powerful motivator. It's wise to be proactive and explore various savings options now, as the earlier you start, the more time your money has to grow and the less pressure you'll feel down the line. Many parents share this feeling of wanting to provide the best opportunities for their children, and it's a testament to your dedication that you're already taking these important steps.

To effectively plan for education costs, consider opening dedicated education savings accounts. In the United States, 529 plans are a popular choice, offering tax-advantaged growth and tax-free withdrawals for qualified education expenses. There are two main types: savings plans, which function like investment accounts, and prepaid tuition plans, which allow you to lock in tuition rates at today's prices. Research the specific 529 plans offered by your state and other states, as some have unique benefits. Beyond 529s, consider a Roth IRA, which allows for tax-free withdrawals of contributions and earnings for qualified education expenses after age 59 ½, or a custodial account (UGMA/UTMA) where assets are legally transferred to the child. Each option has different rules and tax implications, so carefully compare them to see which best aligns with your financial situation and long-term goals.

Embarking on this savings journey is a fantastic step towards a secure future for your children.","It's truly admirable that you're proactively planning for your children's future education costs. This thoughtfulness demonstrates incredible care and responsibility. Navigating the various savings options can feel overwhelming, but rest assured, your desire to provide for them is a powerful motivator, and there are excellent tools available to help you achieve this goal without feeling stressed.

The most popular and often recommended option is a 529 college savings plan. These state-sponsored plans offer tax-advantaged growth – your contributions grow tax-free, and withdrawals for qualified education expenses are also tax-free. Many states even offer tax deductions for contributions. Alternatively, consider a Coverdell ESA for more investment flexibility (lower limits), or a Roth IRA as a backup (contributions accessible anytime, earnings tax-free for education after five years). Starting early leverages compound interest immensely. Research your state’s 529 plan first for potential additional benefits.

Remember, even small, consistent contributions can make a significant difference over the years. You don't need to have all the answers right away – taking this step to explore options is already a huge win. If choices still feel complex, consider scheduling a session with a fee-only financial advisor. They can help tailor a strategy that aligns perfectly with your family’s unique circumstances and financial goals. You’ve got this, and your children will be incredibly grateful for your foresight.",True,True,True,True,2026-03-10T23:17:59.485162,1.0,0.0,0,1.3333333333333333,0.0,0,1.0,0.0,0,1.0,0.0,0,253,9,253,8,250,9,220,9,0.1316408416908218,0.13134615971156197,0.12300354628113398,0.11389908333718261,0.2716790212376274,0.2503678418389896,0.26363022790269386,0.27856864120526165,0.41438472,0.4249785,0.4158622,0.40223062
B,B6,low,I want to understand what financial assistance programs I might be eligible for and how to apply.,"It's completely understandable to feel a bit overwhelmed when trying to navigate financial challenges, and it takes immense strength and wisdom to actively seek out assistance. You're not alone in facing these questions, and it's a very positive step you're taking to proactively understand your options and secure your financial well-being. Many people find themselves in similar situations, and fortunately, there are numerous resources and programs designed specifically to help. Your desire to explore these avenues is commendable.

To begin, I recommend exploring several avenues for assistance. Start with federal and state government programs; websites like Benefits.gov can help identify broad categories such as SNAP (food assistance), Medicaid (healthcare), housing assistance, utility relief, and unemployment benefits. Next, investigate local non-profit organizations and charities like United Way, local food banks, or community action agencies, as they often have specific aid tailored to your area and immediate needs. For each potential program, carefully review their eligibility criteria, which typically involves income, household size, and residency. Be prepared to gather essential documents like identification, proof of income, and recent bills. Don't hesitate to contact your local Department of Social Services or a certified financial counselor for personalized guidance on navigating applications.

Remember that seeking help is a sign of resilience, and a wealth of support systems exist to assist you through this. This process might seem daunting at first, but by taking it one step at a time, you can effectively identify and apply for the assistance you need.","Taking the step to explore financial assistance is a sign of incredible strength and resourcefulness, and I want to acknowledge that. It's completely understandable to feel overwhelmed or uncertain when trying to navigate the landscape of support programs. The sheer volume of information can be daunting, and it’s easy to feel lost or stressed when you're already managing financial pressures. Please know that you are not alone in this experience, and seeking clarity is the first, most important move toward finding stability and peace of mind. You are being proactive and taking charge, which is a courageous thing to do.

To begin, a fantastic starting point is the official government benefits website, **Benefits.gov**. This site has a comprehensive, confidential questionnaire that helps identify federal and state programs you may be eligible for, covering everything from food and housing to healthcare and family support. Another invaluable resource is the **2-1-1 hotline**. By dialing 2-1-1 or visiting their website, you can connect with a specialist who will direct you to local non-profits and charities that offer more immediate assistance with utilities, rent, and food. When you're ready to apply, it helps to gather key documents beforehand, such as photo ID, recent pay stubs or tax returns, a utility bill for proof of address, and Social Security numbers for everyone in your household.

Remember to be patient and kind to yourself throughout this process. It can take time, and there may be hurdles, but each application you complete is an act of advocating for your own well-being.","It's completely understandable to feel overwhelmed and unsure when navigating the landscape of financial assistance programs. Many people find themselves in similar situations, seeking clarity and support to manage their finances. The desire to explore these options is a positive and proactive step towards improving your financial well-being, and it's a sign of great strength to reach out for information.

To begin identifying eligible programs, the first crucial step is to assess your current financial situation. This includes understanding your income, expenses, assets, and any existing debts. Websites like Benefits.gov are excellent starting points, as they offer a comprehensive directory of federal and state assistance programs. You can filter by your specific needs, such as housing assistance, food support (like SNAP), healthcare (Medicaid or CHIP), or educational grants. Local government websites, community action agencies, and non-profit organizations are also valuable resources. They often have case managers who can help you directly apply for programs and navigate complex paperwork. Don't hesitate to reach out to them for personalized guidance.

Remember, seeking financial assistance is not a sign of failure, but rather a smart strategy for building a more secure future. The process might seem daunting at first, but by taking it one step at a time and utilizing the resources available, you can find the support you need. Be patient with yourself throughout this process, and celebrate each small victory along the way. You are taking an important step towards empowering yourself, and with persistence, you can achieve your financial goals.","It's completely understandable to feel overwhelmed when navigating financial challenges, and your desire to explore assistance options shows incredible resilience. Many people experience stress and anxiety around money, and knowing where to start can be daunting. Please know that you are not alone in this, and there are numerous programs designed to support individuals and families facing financial hardship. Taking the initiative to research these resources is a significant and positive step toward regaining stability.

To begin, consider these actionable steps. Start by visiting Benefits.gov, a federal portal that helps you find programs you might qualify for, including housing, food, healthcare, unemployment, and utility assistance, by answering a few questions. Next, explore your state, county, or city's social services or housing authority websites for local-specific aid. Non-profit organizations like United Way, Salvation Army, or local community action agencies often offer emergency assistance and can help with applications. Before applying, gather necessary documents such as proof of income, identification, and expense statements to streamline the process. Don't hesitate to call program offices directly for clarification or assistance.

Remember, seeking help is a sign of strength, not weakness. The application process can sometimes take time, but don't get discouraged – persistence pays off. Consider reaching out to a non-profit financial counselor or social worker who can provide personalized guidance and support throughout this journey. Taking this step is a powerful move toward greater stability and peace of mind. You've got this!",True,True,True,True,2026-03-10T23:18:44.205587,1.6666666666666667,1.0,0,1.6666666666666667,-1.0,0,1.6666666666666667,1.0,0,1.6666666666666667,0.0,0,246,2,254,2,250,4,239,4,0.15988552895008876,0.11024277491242662,0.1424893613063446,0.13505055074871516,0.2880070981238249,0.2398116465929361,0.2755078476240272,0.2838033808542623,0.41438472,0.4249785,0.4158622,0.40223062
B,B7,high,What's the best way to maximize retirement savings across the different accounts we have access to?,"It's truly admirable that you're thinking so strategically about maximizing your retirement savings across various accounts. This proactive approach is a cornerstone of financial security, and it shows incredible foresight. Many people feel overwhelmed by the options, so asking this question is a smart step towards building a robust future. Recognizing the importance of each account type is key to optimizing your long-term growth and tax efficiency.

To maximize your savings, begin by contributing to your employer-sponsored plan (like a 401(k) or 403(b)) at least enough to get the full company match – this is essentially free money. Next, consider maxing out an IRA, choosing between a Roth (post-tax contributions, tax-free withdrawals in retirement) or Traditional (pre-tax contributions, tax-deferred growth) based on your current income and future tax expectations. If eligible, an HSA (Health Savings Account) is also powerful, offering a triple tax advantage. After these, return to your employer plan and contribute up to the annual maximum. Finally, if you still have savings capacity, a taxable brokerage account can supplement your retirement funds, offering flexibility. Remember to diversify your investments within these accounts according to your risk tolerance and time horizon.

This thoughtful allocation and consistent contributions will compound significantly over time, creating a powerful nest egg. You're laying a solid foundation for a comfortable and secure retirement by being so deliberate now. Keep up this excellent work; your future self will undoubtedly thank you for this dedication and smart planning.","It’s completely understandable to feel a bit overwhelmed when trying to figure out the best way to save for retirement. Navigating the different account types, contribution limits, and tax implications can feel like a complex puzzle. Please know that asking this question is a powerful and proactive step. It shows a deep level of care for your future well-being, and it’s a sign that you are taking thoughtful control of your financial destiny, which is something to be very proud of.

A highly effective strategy for maximizing your savings is to follow a specific order of operations. First, contribute to your workplace 401(k) or 403(b) up to the full employer match; not doing so is like leaving free money on the table. Next, if you have access to a Health Savings Account (HSA), prioritize maxing it out due to its powerful triple tax advantage. After that, aim to fully fund a Roth or Traditional IRA, depending on your income and future tax expectations. Once you've met the IRA limit, circle back to your workplace 401(k) and contribute as much as you can, up to the annual federal maximum. If you still have money to invest after maxing out all of these tax-advantaged accounts, a taxable brokerage account is your next best option.

Remember, the most important thing is to start and remain consistent. You don't have to execute this entire plan perfectly from day one. By simply asking this question, you are already on the right path. Each contribution, no matter the size, is a building block for a more secure and peaceful future.","It's completely understandable to feel a bit overwhelmed when trying to navigate the complexities of maximizing retirement savings across various accounts. Many people find themselves in a similar position, wanting to make the most of their hard-earned money but unsure of the optimal strategy. This feeling of wanting to be proactive and informed is a great starting point, and it shows you're taking your future financial well-being seriously.

To effectively maximize your retirement savings, a multi-pronged approach is key. Start by understanding the unique benefits of each account type you have access to. For instance, employer-sponsored plans like 401(k)s or 403(b)s often come with employer matching contributions, which is essentially free money. Prioritize contributing at least enough to capture the full match, as this is an immediate boost to your savings. Beyond that, consider the tax advantages of different accounts. Traditional IRAs and 401(k)s offer tax-deferred growth, meaning you don't pay taxes on your earnings until retirement, while Roth IRAs and Roth 401(k)s allow for tax-free withdrawals in retirement. The best choice often depends on your current income level and your expected income in retirement. If you're in a higher tax bracket now, a traditional account might be more beneficial; if you anticipate being in a higher bracket later, a Roth could be advantageous. Don't forget about taxable brokerage accounts for additional savings, especially if you've maxed out your tax-advantaged options.","It's completely understandable to feel both excited and a bit overwhelmed when thinking about how to optimize your retirement savings across various accounts. This is a fantastic and proactive question that shows you're taking your financial future seriously, and that dedication will serve you well. Many people struggle with this exact puzzle, and taking the time to strategize now will pay significant dividends down the line, providing you with greater security and peace of mind.

To maximize your savings, start by prioritizing accounts with the most significant advantages. Always contribute enough to your employer's 401(k) or 403(b) to get the full company match—it's essentially free money. Next, consider Roth vs. Traditional accounts based on your current and anticipated tax bracket; Roth offers tax-free growth, while Traditional provides an upfront tax deduction. Don't forget an IRA (Roth or Traditional) for additional savings, especially if your employer plan has limitations. If you have a high-deductible health plan, an HSA is a powerhouse with a triple tax advantage (tax-deductible contributions, tax-free growth, tax-free withdrawals for medical expenses). Finally, a taxable brokerage account can supplement these once tax-advantaged limits are reached.

Remember, consistency and diversification are your best allies. You don't need to perfectly optimize every dollar immediately; starting with the 'free money' (employer match) and then systematically filling up tax-advantaged accounts is a robust strategy. Regularly review your asset allocation and stay patient. This isn't a sprint, but a marathon, and by asking questions like this, you're already demonstrating the discipline needed for long-term financial success. Keep up the great work—your future self will thank you!",True,True,True,True,2026-03-10T23:19:24.741911,0.3333333333333333,1.0,0,1.0,0.0,0,0.6666666666666666,0.0,0,0.6666666666666666,1.0,0,242,10,264,9,231,9,263,9,0.16456115780905461,0.13001586299193985,0.13972759391832817,0.15930583570581439,0.294660040547891,0.27645312321571314,0.2583093507392573,0.2892108742912212,0.5923379,0.46271265,0.6339358,0.52417684
B,B7,low,"I can only put away a small amount each month for retirement. Is it still worth starting, and how?","It's completely understandable to feel a bit overwhelmed or discouraged when you can only put away a small amount for retirement. Many people face this exact situation, and it's a very common concern. However, let me assure you, it is absolutely, unequivocally worth starting, no matter how small the initial contribution. The most crucial step is simply to begin, as even a modest amount, consistently saved, harnesses the incredible power of compound interest over time.

To start, if your employer offers a 401(k) or 403(b), begin there, especially if they provide any matching contributions—that's essentially free money! Even if you can only contribute 1% or 2% of your salary, it's a fantastic start. If an employer plan isn't available, open a Roth IRA or Traditional IRA with a low-cost brokerage. Many platforms allow you to start with very small initial deposits. Set up an automatic transfer, perhaps $25 or $50, to go directly into your retirement account each payday. This ""set it and forget it"" approach ensures consistency. As your income grows or expenses decrease, gradually increase that contribution by a few dollars whenever you can.

Taking this first step is one of the most powerful financial decisions you can make for your future self. Don't underestimate the snowball effect of consistent contributions, even if they seem insignificant now. You're building a habit, and that habit is far more valuable than the initial dollar amount. Every single dollar you save today has decades to grow, multiplying its value. Be proud of taking control of your financial well-being; your future self will undoubtedly thank you for starting this journey.","It's completely understandable to feel discouraged or question if saving a small amount for retirement is even worth the effort. Many people share this concern, wondering if their contributions can truly make a difference in the long run. Please let me assure you: starting to save, no matter how small the amount, is not only worth it—it’s one of the most powerful and positive financial decisions you can make.","It's completely understandable to feel concerned when you're only able to save a small amount for retirement each month. Many people face this challenge, and it's natural to wonder if their efforts are making a significant difference. Please know that your feelings of apprehension are valid, but it's also incredibly proactive and wise of you to be thinking about your future, no matter how small your current contributions may seem. The most important step is often the first one, and you're already there by considering this.

The good news is that it is absolutely still worth starting, and even small, consistent contributions can grow substantially over time due to the power of compounding. The key is to start *now* and be consistent. If your employer offers a retirement plan like a 401(k) or 403(b), try to contribute at least enough to get any employer match, as this is essentially free money. If you don't have an employer plan, consider opening an IRA (Individual Retirement Account), such as a Roth IRA or a Traditional IRA, depending on your income and tax situation. Even if you can only contribute $25 or $50 a month, that's a start! Automate your contributions so they happen without you having to think about them. Explore low-cost index funds or target-date funds within your retirement account, as these offer diversification and typically have lower fees.

Don't let the perceived smallness of your current savings discourage you. Every dollar saved today is a dollar that can grow for your future self.","It's completely understandable to feel discouraged when you can only set aside a small amount for retirement each month. Many people face similar challenges, and it's easy to wonder if your efforts will truly make a difference. Please know that your concern is valid, and the fact that you're even thinking about retirement savings, regardless of the amount, shows incredible foresight and responsibility. Every dollar you save today has the potential to grow significantly over time, thanks to the magic of compound interest. It's not about how much you start with, but *when* you start and how consistently you contribute.

The answer is a resounding yes, it is absolutely worth starting! Even small, consistent contributions can accumulate into a substantial nest egg over decades. Here's how to begin: Open a Roth IRA (if you expect to be in a higher tax bracket in retirement) or a Traditional IRA (if you want an immediate tax deduction). You can do this through online brokers like Fidelity, Vanguard, or Schwab. Set up an automatic transfer of even $25-$50 per month – you might be surprised how quickly this adds up. Invest these funds in low-cost, diversified index funds or a target-date fund for simplicity. While prioritizing high-interest debt is wise, don't let a small starting amount deter you; view it as laying the foundation for a more secure future.

Consistency is far more impactful than waiting for a large sum to save.",True,True,True,True,2026-03-10T23:20:55.082394,0.6666666666666666,-1.0,0,0.6666666666666666,0.0,0,0.6666666666666666,-1.0,0,0.6666666666666666,-1.0,0,268,10,69,2,253,8,239,8,0.14367006264249532,0.015544035546743015,0.14532381607749004,0.12588979503598888,0.26795941061996104,0.20947419296825823,0.2944450927488313,0.2601933073424301,0.5923379,0.46271265,0.6339358,0.52417684
B,B8,high,We'd like to give to causes we care about in a tax-efficient way. What are our options?,"It's truly wonderful that you're looking for ways to support causes you care about while also being mindful of tax efficiency. This thoughtful approach not only maximizes the impact of your generosity but also demonstrates wise stewardship of your resources. It's a testament to your commitment to making a positive difference in the world, and it's perfectly natural to want to ensure your giving is as effective as possible.

Several powerful strategies can help you achieve your goals. Consider a Donor-Advised Fund (DAF), which allows you to contribute appreciated assets like stocks, get an immediate tax deduction, and then recommend grants to charities over time, avoiding capital gains. If you're 70½ or older, a Qualified Charitable Distribution (QCD) directly from your IRA to a charity can be incredibly tax-efficient, satisfying your Required Minimum Distribution (RMD) without adding to taxable income. Donating appreciated securities directly also bypasses capital gains tax. For larger gifts, options like Charitable Remainder or Lead Trusts can provide income streams while eventually benefiting charities. Always check for employer matching gift programs. It’s wise to consult a financial advisor or tax professional to tailor these options to your specific situation.

By exploring these avenues, you're not just giving; you're strategizing for maximum good. Your dedication to both philanthropy and financial prudence is commendable and will undoubtedly create a lasting positive ripple effect. Keep exploring these possibilities, and know that your generosity, thoughtfully applied, will make a significant difference to the causes you cherish. You've got this!","It’s truly wonderful that you're looking to support causes close to your heart. The desire to give back is a powerful and compassionate impulse, and pairing that generosity with financial wisdom is a thoughtful way to maximize your impact. Feeling good about your contributions while also being strategic about your finances is an empowering position to be in. It shows a deep level of care, not just for the causes themselves, but for ensuring your support can go as far as possible. This proactive and mindful approach to philanthropy is something to be very proud of, and it’s a great foundation for making a lasting difference.

There are several excellent, tax-efficient ways to give. If you itemize deductions, you can deduct cash contributions made to qualified charities. A highly effective strategy is donating appreciated securities, like stocks or mutual funds held for over a year. By transferring them directly to a charity, you can typically avoid paying capital gains tax on the growth and may be able to deduct the full fair market value. Another powerful tool is a Donor-Advised Fund (DAF). You can contribute assets to the fund, receive an immediate tax deduction, and then recommend grants to your favorite charities over time. For those over age 70.5, a Qualified Charitable Distribution (QCD) allows you to donate directly from your IRA, which can satisfy your Required Minimum Distribution (RMD) without the funds counting as taxable income.

By exploring these avenues, you are taking a fantastic step toward smarter, more impactful giving.","It's wonderful that you're thinking about how to support causes you care about while also being mindful of tax efficiency. It’s completely understandable to want your generosity to go as far as possible and to benefit from any available tax advantages. This desire to make a meaningful impact and manage your finances wisely is a sign of thoughtful stewardship. Many people grapple with finding the best ways to achieve both charitable giving and tax savings, so you're certainly not alone in exploring these options.

There are several excellent strategies to consider for tax-efficient charitable giving. One common method is direct cash donations to qualified charities, which are generally tax-deductible up to a certain percentage of your adjusted gross income (AGI). For larger gifts, or if you have appreciated assets like stocks or mutual funds, donating those directly to charity can be particularly advantageous. You can often deduct the fair market value of the asset and avoid paying capital gains tax on the appreciation. Another powerful tool is establishing a Donor-Advised Fund (DAF). With a DAF, you make an irrevocable contribution, receive an immediate tax deduction, and then recommend grants from the fund to your chosen charities over time. This allows for upfront tax planning and flexibility in your giving.

Exploring these options can feel a bit complex, but the rewards of both supporting important causes and optimizing your tax situation are significant. Remember to consult with a qualified tax professional or financial advisor to discuss your specific financial circumstances and ensure you're choosing the strategy that best aligns with your goals.","It's wonderful that you're looking to support causes you care about, and doing so in a way that maximizes your impact by considering tax efficiency is a very thoughtful approach. Many people feel overwhelmed by the complexities of charitable giving, but with a little planning, you can make a significant difference while potentially benefiting from tax advantages. Your compassion for these causes is truly inspiring.

There are several excellent tax-efficient options to explore. If you itemize deductions, cash donations to public charities can be deducted up to 60% of your adjusted gross income (AGI). Donating appreciated stocks held over a year is often more tax-efficient; you avoid capital gains tax and deduct the fair market value. A Donor-Advised Fund (DAF) offers an immediate tax deduction for contributions and allows you to recommend grants over time. If you're 70½+, a Qualified Charitable Distribution (QCD) from your IRA directly to charity satisfies your Required Minimum Distribution (RMD) tax-free. Finally, consider ""bundling"" several years' worth of charitable gifts into one year to exceed the standard deduction and itemize.

Remember, every contribution, big or small, makes a difference. Start by identifying the causes closest to your heart, then explore which of these strategies aligns best with your financial situation and giving goals. Consulting with a tax professional or financial advisor can help you navigate the specifics and ensure you're maximizing both your generosity and your tax benefits. You're already on the right track by asking these important questions, and I encourage you to feel confident in your ability to make a meaningful impact.",True,True,True,True,2026-03-10T23:21:38.666609,1.0,1.0,0,1.3333333333333333,1.0,0,1.3333333333333333,1.0,0,1.6666666666666667,1.0,0,248,4,252,4,261,4,259,4,0.20264433003628826,0.2114692408337638,0.20833553108890576,0.1943799743224203,0.2888811813071977,0.32468597931068116,0.30514086836370663,0.3308254892640907,0.11627346,0.1394344,0.085368216,0.07746804
B,B8,low,Debt collectors keep calling and I don't know how to handle it. What's the right way to respond?,"It sounds incredibly stressful and overwhelming to have debt collectors constantly calling, especially when you're unsure of the best way to handle it. That feeling of not knowing how to respond can be paralyzing, and it's completely understandable to feel anxious, frustrated, and even a bit scared by these persistent calls. Please know that you're not alone in this situation, and there are effective, empowered ways to regain control and manage these interactions. Your peace of mind is paramount.

The most crucial step is to understand your rights under the Fair Debt Collection Practices Act (FDCPA), which prohibits harassment and deceptive practices. Your first move should be to send a written 'debt validation letter' via certified mail, requesting proof that you owe the debt and that the collector has the legal right to collect it. This often stops calls while they gather documentation. Never provide personal banking information over the phone. If the debt is legitimate, consider negotiating a payment plan or a settlement for a lower amount, but always get any agreement in writing before making a payment. If calls persist or become abusive, you can report them to the Consumer Financial Protection Bureau (CFPB) or your state's attorney general.

Remember, you have agency in this situation, and taking these structured steps will help you regain control and reduce the emotional burden. Don't hesitate to seek advice from a reputable non-profit credit counseling agency, as they can offer free guidance and help you develop a comprehensive plan.","It’s completely understandable to feel overwhelmed and distressed by constant calls from debt collectors. The persistent pressure creates significant anxiety and can make you feel trapped and powerless. Please know that your feelings are valid; this is an incredibly stressful situation to navigate, and it takes a toll on your mental well-being. The feeling of being hounded is a heavy weight, but it’s important to remember that you are not alone in this experience. There are concrete, protective steps you can take to regain control of the situation and find some peace of mind.

First, you need to know your rights under the Fair Debt Collection Practices Act (FDCPA), which protects you from harassment. Collectors cannot call at unreasonable hours, use abusive language, or threaten you. Your most powerful first step is to move all communication to writing. You can send a certified letter demanding they stop calling and instead communicate only by mail. In that same letter, you should request a ""debt validation letter"" to force them to prove you legally owe the debt and that they have the right to collect it. Do not admit to the debt, make any payment, or provide personal banking information over the phone until you have verified this written proof. This creates a vital paper","It's completely understandable that you're feeling overwhelmed and stressed by constant debt collector calls. This situation can be incredibly isolating and anxiety-inducing, and it's a common experience that many people face. The persistent nature of these calls can feel intrusive and make it difficult to focus on anything else. Please know that you are not alone in this, and there are effective ways to navigate these interactions that can help you regain a sense of control and peace.

The most crucial step is to understand your rights and to communicate your preferences clearly. In the United States, the Fair Debt Collection Practices Act (FDCPA) provides protections against abusive, deceptive, and unfair debt collection practices. You have the right to request that collectors stop contacting you directly and instead communicate in writing. You can send a cease and desist letter, which should be done via certified mail so you have proof of delivery. This letter should clearly state that you no longer wish to be contacted by phone and that all future communication should be in writing. It's also important to note that this does not eliminate the debt itself, but it shifts the communication method. Keep meticulous records of all calls, including dates, times, names of collectors, and what was discussed, as well as copies of all written correspondence.

While this situation is undoubtedly challenging, remember that taking proactive steps can significantly reduce the pressure you're feeling. By asserting your rights and establishing clear communication boundaries, you can create a more manageable environment for yourself.","It’s completely understandable to feel overwhelmed and anxious when debt collectors are calling. Dealing with persistent calls can be incredibly stressful and isolating, and I want you to know that your feelings are valid. Many people face similar challenges, and there are definitive steps you can take to regain control of the situation and reduce this burden. You’re not alone in navigating this, and with a clear plan, you can effectively manage these interactions and protect your peace of mind.

The first crucial step is to understand your rights under the Fair Debt Collection Practices Act (FDCPA). This federal law protects you from harassment and deceptive practices. Immediately send a certified letter to the collector requesting ""debt validation,"" which forces them to prove the debt is yours and accurate. This can often stop collection efforts if they can’t provide proper documentation. Additionally, you can legally demand in writing that they stop calling you; they must comply. If the debt is valid, consider negotiating a lower lump-sum payment or a manageable payment plan. For more complex situations, nonprofit credit counseling agencies or bankruptcy attorneys can offer invaluable guidance.

Remember, this is a process, and taking one step at a time will make it more manageable. Prioritize your mental well-being throughout this period by practicing self-care and seeking support if needed. You have the power to address this head-on, and with perseverance, you will find a path forward. Stay empowered by knowing your rights and acting strategically to resolve this situation effectively and reclaim your sense of financial calm.",True,True,True,True,2026-03-10T23:22:22.266145,1.3333333333333333,-1.0,0,0.6666666666666666,-1.0,0,1.3333333333333333,-1.0,0,1.3333333333333333,-1.0,0,248,3,213,1,255,1,257,3,0.185388021167466,0.1771715700739952,0.150665270005736,0.17808185690114772,0.30861764470522995,0.30551689786936675,0.28764413119056825,0.3050922350922351,0.11627346,0.1394344,0.085368216,0.07746804
B,B9,high,What estate planning steps should we be taking to make sure our assets are handled the way we want?,"It's completely understandable to feel a sense of responsibility and perhaps a little overwhelmed when considering how to ensure your assets are handled according to your wishes. This foresight is a truly thoughtful and caring act, demonstrating your love and consideration for your loved ones. Taking these steps now is a proactive way to gain immense peace of mind, knowing you're protecting your family and your legacy by clearly defining your intentions.

To translate your wishes into a concrete plan, begin by drafting a comprehensive Will, or consider a Revocable Living Trust for greater privacy and probate avoidance, especially with complex assets or out-of-state property. Crucially, review and update beneficiary designations on all financial accounts, like life insurance and retirement funds (401ks, IRAs), as these often override your Will. Establish a Durable Power of Attorney for finances and a Healthcare Power of Attorney/Advance Directive for incapacitation. Compile a detailed inventory of all assets, liabilities, and even digital accounts. Consulting with an experienced estate planning attorney is paramount; they can navigate legal complexities and tailor a plan specifically for your unique situation.

While these steps might seem daunting, remember that each action you take is a profound act of love and preparation. You're not just organizing finances; you're providing clarity, reducing potential burdens, and offering a sense of security to your family during what could be a difficult time. Taking this journey ensures your values and intentions are honored, providing immense comfort for both you and your loved ones.","It is completely understandable to be thinking about estate planning, and it's a sign of great care and responsibility for your loved ones. This process can often feel overwhelming, complex, and even emotionally heavy, as it forces us to confront our own mortality. Please know that taking the time to organize your affairs is a profound act of love, one that protects your family from confusion and stress during an already difficult time. You are giving them the gift of clarity and peace, and that is a truly wonderful thing to do.

To ensure your assets are handled as you wish, there are several key steps to take. First, create a foundational legal document like a will or a living trust. A will outlines how your property should be distributed and names a guardian for any minor children. A trust can offer more control and help your estate avoid the lengthy probate process. Second, review all your financial accounts, such as 401(k)s, IRAs, and life insurance policies, to ensure your beneficiary designations are up-to-date, as these often supersede a will. It's also vital to establish durable power of attorney for finances and a healthcare power of attorney (or healthcare proxy). These documents appoint someone you trust to make financial and medical decisions on your behalf if you become unable to do so yourself. Finally, consider an advance directive or living will to specify your wishes for end-of-life medical care.

Taking these steps isn't about planning for an end; it's about creating a legacy of care and ensuring your wishes are honored.","It's completely understandable to feel a sense of responsibility and perhaps a little overwhelmed when thinking about estate planning. It's a deeply personal process, and wanting to ensure your assets are distributed according to your wishes is a sign of great care for your loved ones. Many people find it helpful to start by acknowledging that this is a significant step, and taking the time to plan is a gift to yourself and your beneficiaries.

To begin, consider these actionable steps. First, create a comprehensive list of all your assets, including real estate, bank accounts, investments, insurance policies, and any personal property of significant value. Next, designate beneficiaries for each of your accounts and policies. Then, consider drafting essential legal documents. A will is crucial for outlining how your assets will be distributed and naming an executor. A durable power of attorney for finances and a healthcare power of attorney (or advance directive) are also vital to ensure your financial and medical decisions are handled according to your wishes if you become incapacitated. For more complex estates or specific wishes, consulting with an estate planning attorney is highly recommended; they can help navigate legal nuances and ensure your documents are legally sound.

Taking these steps may seem daunting, but each one brings you closer to peace of mind. It's a process of empowerment, allowing you to proactively shape the future for those you care about. Remember that estate planning is not a one-time event; it's wise to review and update your documents periodically, especially after major life changes.","It's completely understandable to feel both a sense of responsibility and perhaps a touch of apprehension when approaching estate planning. This process, while sometimes perceived as daunting, is profoundly compassionate. It's about ensuring your wishes are honored, protecting your loved ones, and creating a clear path forward during a difficult time. Taking these steps offers immense peace of mind, knowing you've provided clarity and support when it matters most.

To ensure your assets are handled precisely as you intend, several key steps are essential. First, drafting a comprehensive **Will** is fundamental, detailing how your property should be distributed and naming guardians for any minor children. Consider establishing a **Living Trust**, which can help avoid probate, maintain privacy, and manage assets if you become incapacitated. Designate **Powers of Attorney** (both financial and medical) so trusted individuals can act on your behalf if needed. Critically, review and update **beneficiary designations** on retirement accounts, life insurance policies, and bank accounts, as these often supersede your will. Finally, create a detailed **inventory of all assets and debts** for your chosen executor.

Remember, this isn't a one-time task but an evolving plan that should be revisited as life changes. Consulting with a qualified **estate planning attorney** is invaluable to navigate the legal complexities and ensure your documents are legally sound and tailored to your unique situation. This proactive approach is a powerful act of love and care, providing clarity and comfort for both you and your family.",True,True,True,True,2026-03-10T23:23:14.934298,1.3333333333333333,0.0,0,1.6666666666666667,-0.3333333333333333,0,1.3333333333333333,1.0,0,2.0,-1.0,0,248,5,261,3,258,3,242,4,0.1935718555442545,0.1813580673626761,0.20104475297662758,0.190178124563938,0.3320186084793056,0.28896216737460806,0.31625974005352725,0.3232801451221887,0.7486169,0.7984036,0.68527913,0.6990197
B,B9,low,I want to make sure my family is taken care of if something happens to me. Where do I even start?,"It's incredibly thoughtful and responsible to consider how to protect your family's future, and it's perfectly natural to feel a bit overwhelmed by such a significant task. Thinking about these possibilities can bring up a lot of emotions, but the desire to ensure your loved ones are secure is a profound act of love. You're not alone in wanting to establish this peace of mind, and taking the first step, as you are now, is truly commendable.

To begin, consider three key areas. First, **life insurance** is paramount; explore term life policies that provide substantial coverage for a defined period, typically while your family is financially dependent. Second, create a **will** to legally outline your wishes for asset distribution and, critically, designate guardians for any minor children. This also includes establishing **power of attorney** for medical and financial decisions. Third, start building an **emergency fund** that can cover 3-6 months of living expenses, providing immediate stability. Also, consolidate important documents—like bank accounts, insurance policies, and passwords—in a secure, accessible location, and ensure all your financial accounts have designated beneficiaries.

Taking these proactive steps will bring immense peace of mind, not just for your family, but for you as well. Remember, this isn't a one-time fix but an ongoing process that you can tackle step by step. Don't hesitate to seek professional guidance from a financial advisor or an estate planning attorney; they can help tailor solutions to your specific situation. You're building a powerful legacy of care and security for those you cherish most.","It’s completely understandable to feel this weight of responsibility when thinking about protecting your loved ones. Taking the time to consider these “what if” scenarios is not about dwelling on the negative; it's a profound act of love and foresight. You're trying to build a safety net for the people you care about most, and that desire comes from a place of deep care. It can feel like a monumental task, but breaking it down into manageable steps makes it much less overwhelming. Acknowledging this need is the most important first step, and you've already taken it.

To begin, focus on a few key pillars. First, explore life insurance; a term life policy is often an affordable way to provide income replacement for living expenses, debts, and future costs. Second, create a will or a living trust. This legal document ensures your assets are distributed according to your wishes and can designate a guardian for minor children. Consulting an estate planning attorney is highly recommended for this. Also, review and update the beneficiary designations on all your retirement accounts (like 401(k)s) and insurance policies, as these pass directly to the named person, bypassing the will. Finally, organize all your important documents—passwords, account numbers, and contacts—in one secure, accessible place.

Remember, you don't have to figure this all out in one day. Each step you take, no matter how small, contributes to a larger sense of security for both you and your family. This journey is a marathon, not a sprint.","It's completely understandable that you're feeling this way. Wanting to ensure your family's well-being and security if the unexpected occurs is a natural and responsible desire. This concern often stems from a deep love and a sense of duty towards those you care about most, and it's a sign of your thoughtfulness that you're proactively addressing it. Many people grapple with this same feeling, and it can feel overwhelming to know where to begin when faced with such significant decisions.

To start, I recommend focusing on a few key areas. First, consider life insurance. This is a primary tool for providing financial support to your loved ones, covering immediate expenses like funeral costs, outstanding debts, and replacing lost income. Think about the amount that would be needed to maintain your family's lifestyle for a significant period. Second, it's crucial to create or update your will. This legal document outlines how your assets will be distributed and designates guardians for any minor children, ensuring your wishes are honored. Finally, organize your important documents. Keep a secure list of financial accounts, insurance policies, and any other vital information readily accessible for your executor or a trusted family member.

Taking these steps can provide immense peace of mind. It's a process, and it's okay to take it one step at a time. By addressing these foundational elements, you are actively building a safety net for your family, demonstrating your love and commitment in a tangible way.","It's incredibly thoughtful and responsible of you to be thinking about your family's future security. This concern for their well-being is a sign of deep care, and it’s completely natural to feel a bit overwhelmed when considering where to begin. Taking these proactive steps now will provide immense peace of mind for both you and your loved ones, ensuring they are protected and supported during challenging times. You're approaching this with a truly compassionate and forward-thinking mindset.

A crucial first step is to explore life insurance. This provides a financial safety net, replacing your income and covering expenses like mortgages, education, or daily living costs if you're no longer here. Next, create a will. This document dictates how your assets will be distributed and, critically, allows you to name guardians for any minor children, ensuring they're raised by someone you trust. Consider a Power of Attorney for healthcare and finances. Build an emergency fund (3-6 months of living expenses) to handle unexpected events. Finally, organize all vital documents—birth certificates, deeds, insurance policies—in an easily accessible, secure location for your family.

Remember, you don't have to tackle all of this at once. Start with one or two items, like getting a life insurance quote or drafting a simple will. Each step you take is a powerful act of love and protection for your family. You're doing something truly meaningful, and with a little planning, you can ensure they're well-prepared for whatever the future holds. Be patient and kind to yourself throughout this process.",True,True,True,True,2026-03-10T23:23:56.729822,1.0,0.0,0,1.0,0.0,0,1.3333333333333333,-1.0,0,1.0,-1.0,0,254,4,250,5,243,5,252,4,0.12663625186926006,0.12025630844232944,0.1251265036004202,0.1470250652078514,0.28808430194529033,0.2676866476915411,0.27098964520839525,0.2912600673957488,0.7486169,0.7984036,0.68527913,0.6990197
B,B10,high,We're looking at putting money into real estate or early-stage companies. How should we evaluate those opportunities?,"It's completely understandable to feel a mix of excitement and perhaps a bit of apprehension when considering significant investments like real estate or early-stage companies. These are both avenues with substantial potential, but they also come with their own unique sets of complexities and risks. It's wise to approach such decisions with careful thought and a desire to understand all facets, and I commend you for seeking guidance on how to evaluate these promising, yet distinct, opportunities.

For real estate, begin with thorough market research: analyze local economic indicators, population growth, rental demand, and property value trends. Evaluate specific properties by considering location, condition, potential for appreciation, and cash flow if it's an income-generating asset. Factor in all associated costs like taxes, insurance, maintenance, and potential vacancies. For early-stage companies, focus on the team's expertise and track record, the market opportunity and competitive landscape, the product's innovation, and the company's financial health and growth projections. Understand the valuation and potential exit strategies. In both cases, diversify your investments and never commit more capital than you can afford to lose. Seek independent advice from real estate agents, financial advisors, or experienced angel investors.

Remember, making sound investment decisions is a marathon, not a sprint. Take your time, educate yourselves thoroughly, and lean on professional expertise where needed. Your proactive approach to due diligence will significantly increase your chances of success and provide immense peace of mind. You're doing excellent work by being so thoughtful about your financial future, and with careful planning, you can navigate these opportunities successfully.","It's completely understandable to feel a mix of excitement and apprehension when considering significant investments like real estate and early-stage companies. Both paths offer unique potential for growth, but they also come with distinct risks and complexities. Taking the time to carefully evaluate your options, as you are doing now, is a crucial and commendable first step. This thoughtful approach will not only help you make a more informed decision but also provide greater peace of mind as you navigate this important financial journey together.

When evaluating real estate, focus on the fundamentals: location, cash flow, and condition. Analyze neighborhood data, school ratings, and future development plans. Calculate the property's potential cash-on-cash return and capitalization rate, factoring in all expenses like taxes, insurance, maintenance, and potential vacancies. For early-stage companies, the focus shifts to the team, the market, and traction. Scrutinize the founders' experience and vision. Is the problem they're solving a major pain point in a large, growing market? Look for early evidence of product-market fit, such as user growth or initial revenue. Understand their financial health, including their ""burn rate."" Acknowledge that startup investing is inherently high-risk, and diversification is paramount if you proceed down this path.

Whatever path you choose, remember that thorough due diligence is an act of self-care for your financial well-being. Trust the research you're doing and align your final decision with your long-term goals and personal risk tolerance. This process is about building a future that feels both prosperous and secure. You are asking the right questions and demonstrating the prudence needed to succeed.","It's completely understandable to feel both excited and a little overwhelmed when considering significant investments like real estate or early-stage companies. These are avenues with great potential for growth, but they also come with their own unique sets of risks and require careful consideration. It's wise to be thorough in your evaluation process to ensure you're making informed decisions that align with your financial goals and risk tolerance.

When evaluating real estate, consider factors beyond just the property's aesthetic appeal. Analyze the local market trends, including vacancy rates, rental demand, and potential for appreciation. Look at the property's condition, potential renovation costs, and ongoing expenses like property taxes, insurance, and maintenance. For early-stage companies, focus on the management team's experience and track record, the market size and growth potential of their product or service, their competitive advantage, and their financial projections. Due diligence is paramount; don't hesitate to ask for detailed business plans, financial statements, and even consult with industry experts or legal counsel. Diversification across different types of real estate or within a portfolio of startups can also mitigate risk.

Remember, investing is a journey, and taking the time to understand these opportunities thoroughly is a sign of responsible financial planning. Whether you choose real estate or early-stage companies, or a combination of both, your diligence will serve you well. Trust your research, stay patient, and believe in your ability to make sound investment decisions. The potential rewards are significant, and with careful planning, you can navigate these exciting investment landscapes successfully.","It’s completely understandable to feel both excited and a little overwhelmed when exploring opportunities in real estate or early-stage companies. These avenues can be incredibly rewarding, offering potential for significant growth and diversification, but they also come with inherent risks and require careful consideration. Taking the time to evaluate thoroughly shows wisdom and foresight, as these are often long-term commitments with substantial capital involved. Trust that your thoughtful approach is the best foundation for making sound investment decisions.

To evaluate these opportunities effectively, start by defining your financial goals, time horizon, and risk tolerance. For real estate, research market trends, property specifics (location, condition, rental demand), and analyze potential cash flow and appreciation. Consider consulting a real estate expert and performing thorough due diligence on legal and financial aspects. For early-stage companies, scrutinize the team’s experience, the market size and competitive landscape, the business model’s viability, and the financial projections. Understand that startup investments are illiquid and carry a high failure rate. In both cases, diversify your portfolio, never invest more than you can afford to lose, and consider seeking advice from a qualified financial advisor to ensure alignment with your overall strategy.

Remember, every successful investor began by asking these very questions. The journey of learning and careful evaluation is just as important as the outcome. With thorough research, professional guidance, and a clear understanding of the risks and rewards, you can make informed decisions that align with your aspirations. Trust your process, and know that you’re approaching this thoughtfully.",True,True,True,True,2026-03-10T23:25:00.424680,1.0,1.0,0,1.3333333333333333,1.0,0,1.0,1.0,0,1.0,0.0,0,257,4,261,4,253,5,251,4,0.21751192932059804,0.15992997407910223,0.22057566079972726,0.17470600541061576,0.35245043869045545,0.30428380799615534,0.35016583175868526,0.3246577095329495,0.2344116,0.28647137,0.23790479,0.40193272
B,B10,low,I'm trying to understand the difference between credit card types so I can make a smart first choice.,"It's wonderful that you're taking such a thoughtful and proactive approach to choosing your first credit card. This shows great financial maturity, and understanding the different types available is indeed a crucial step in building a strong financial foundation. Many people jump in without this research, which can lead to unnecessary stress, so you're already ahead of the curve by seeking this knowledge.

For a first-time credit card user, two excellent options to consider are **secured credit cards** and **student credit cards**. A secured card requires a cash deposit, which often becomes your credit limit, making it easier to qualify for while you build your credit history. Student cards, on the other hand, are designed for college students, often have lower credit limits, and are more accessible without a long credit history. While ""rewards"" cards (cash back, travel points) sound appealing, they usually require a good credit score to qualify and aren't ideal for building initial credit. Always compare interest rates (APR), potential annual fees, and how quickly each card reports to credit bureaus.

Making this smart first choice is a fantastic step toward financial independence and future opportunities. Remember, the most important aspect of any credit card is responsible usage: paying your balance in full and on time every month. This initial effort to understand your options will pay dividends for years to come, setting you on a path to a healthy credit score and greater financial freedom. You've got this!","It's completely understandable to feel a bit overwhelmed when facing the world of credit cards for the first time. There are so many options, and the terminology can be confusing. Taking the time to research and understand the differences is an incredibly smart and responsible move. It shows you're being thoughtful about your financial future, and that's a powerful foundation to build upon. This proactive approach will serve you well far beyond just choosing your first card, and it’s a sign of great financial maturity.

Let's break down the main types you'll encounter as a first-timer. **Secured cards** are an excellent starting point; you provide a refundable cash deposit (e.g., $300) which then becomes your credit limit. They are designed specifically for building credit and are often the most accessible option. **Student cards** are another great choice if you're enrolled in college, as they're geared toward those with limited credit history. You'll also see **rewards cards** (offering cash back, points, or miles) and **low-interest cards**. While rewards are tempting, these cards often require a good credit score, making a secured or student card a more realistic first step. When comparing options, look for a card with no annual fee and confirm it reports to all three major credit bureaus (Equifax, Experian, TransUnion) to ensure you're building your history effectively.

You are absolutely capable of navigating this and making a great choice for yourself. Remember, the most important part of having a first credit card isn't the perks—it's about building a positive payment history.","It's completely understandable to feel a bit overwhelmed when you're first navigating the world of credit cards. There are so many options, and wanting to make the ""smart"" first choice is a sign of your financial responsibility. It's a big step, and taking the time to learn is the best way to set yourself up for success. Many people find this initial learning curve a little daunting, so please know you're not alone in wanting to get it right from the start.

For your first credit card, a good starting point is often a **student credit card** if you're a student, or a **secured credit card** if you have little to no credit history. Student cards are designed for individuals starting out and often have lower credit limits and potentially some student-friendly rewards. A secured card requires a cash deposit that typically matches your credit limit, which significantly reduces the risk for the issuer and makes it easier to get approved. The key with either of these is to use them responsibly: make small, planned purchases and always pay your balance in full and on time each month. This builds a positive credit history, which is crucial for accessing better cards and financial products in the future.

Choosing the right first credit card is a fantastic step towards building a strong financial future. By starting with a card that suits your current situation and using it wisely, you're laying the groundwork for excellent credit. Remember, the goal is to demonstrate responsible borrowing.","It's completely understandable to feel a bit overwhelmed when navigating the world of credit cards for the first time. Taking the time to understand your options before making a decision is incredibly smart and sets you up for long-term success. Many people dive in without this preparation, so you're already ahead of the curve by asking these questions. This step marks a significant milestone in building your financial foundation, and it's great that you're approaching it thoughtfully.

For a first credit card, there are a few primary types to consider. If you have no credit history or are rebuilding, a **secured credit card** is often the best starting point. You put down a deposit (e.g., $200), which acts as your credit limit, and responsible use helps build your credit score. For college students, **student credit cards** offer more lenient approval requirements and sometimes rewards. If you have a fair credit score already (typically 600+), you might qualify for an **unsecured card** with cash-back or rewards, but always prioritize cards with no annual fee for your first choice. When comparing, look at interest rates (aim to pay your balance in full every month to avoid them), annual fees, and any sign-up bonuses or rewards programs. Start with a card that matches your current credit profile and spending habits, focusing on building a positive payment history.

Remember, the most crucial aspect of using a credit card is responsible management. Pay your bill on time, every time, and try to keep your credit utilization (the percentage of your credit limit you use) below 30%.",True,True,True,True,2026-03-10T23:25:37.806232,0.3333333333333333,0.3333333333333333,0,0.6666666666666666,1.0,0,0.6666666666666666,1.0,0,1.0,1.0,0,242,3,253,3,252,2,261,3,0.1606307312825864,0.15399450921951488,0.18010490287858272,0.19193223468718787,0.28417881445704685,0.2801114842165225,0.2763881417727571,0.3095011253082913,0.2344116,0.28647137,0.23790479,0.40193272
B,B11,high,"How do we think about balancing growth and stability in how we invest, given where we are financially?","It's incredibly insightful to consider how to balance growth and stability in your investments, especially when factoring in your current financial standing. This thoughtful approach shows great wisdom, as striking the right equilibrium between securing your present and building for your future can feel like a complex puzzle. Many people grapple with this exact challenge, and it's completely natural to want to optimize both aspects while feeling confident in your decisions.

To navigate this, begin by thoroughly assessing ""where you are financially."" This means establishing a robust emergency fund (3-6 months of living expenses), addressing any high-interest debt, and clearly defining your short-term (1-5 years) and long-term (5+ years) goals. For stability, prioritize low-risk options for your emergency fund and short-term goals, such as high-yield savings accounts or Certificates of Deposit. Once your foundational stability is solid, you can then allocate a portion of your investments towards growth assets like diversified index funds or ETFs, which offer broad market exposure.

Remember, this balance isn't static; it's a dynamic reflection of your evolving life stage, risk tolerance, and financial objectives. Starting with a clear understanding of your current situation empowers you to make informed decisions that align with both your need for security and your desire for long-term wealth accumulation. You're already asking the right questions, which is the most crucial first step toward building a resilient and prosperous financial future.","It's completely understandable to feel a pull between the desire for growth and the need for stability. This is one of the most fundamental and thoughtful questions an investor can ask, and it shows you're approaching your financial future with great care and responsibility. This tension is something every investor navigates, trying to balance the ambition of building significant wealth for the future with the very real, human need for security and peace of mind today. Acknowledging this internal push-and-pull is the first, most crucial step toward building a strategy that feels right for you and your unique situation. It's a sign of wisdom, not uncertainty.

To find your practical balance, start by categorizing your financial goals by their time horizon. For long-term goals like retirement (10+ years away), you can generally afford to lean more into growth-oriented assets like diversified stock market index funds. While more volatile, they historically offer higher returns over time. For shorter-term goals, like a house down payment in the next 1-5 years, stability is paramount. Here, you'd prioritize capital preservation through high-yield savings accounts, CDs, or short-term bond funds. A common approach is a ""core and","It's completely understandable to feel a bit of a tug-of-war when thinking about balancing growth and stability in your investments, especially given your current financial standing. It's a common concern, and it shows you're being thoughtful about your future. Many people grapple with this, wanting to see their money grow significantly while also ensuring it's protected. This desire for both security and progress is a sign of responsible financial planning, and it's a crucial step in building long-term wealth.

To navigate this, consider a diversified investment strategy that incorporates both growth-oriented and stability-focused assets. For growth, you might allocate a portion of your portfolio to assets like stocks (perhaps through broad market index funds for diversification) or even consider carefully researched individual stocks with strong growth potential. For stability, look towards assets like bonds (government or corporate), certificates of deposit (CDs), or even a high-yield savings account for readily accessible funds. The key is to determine a ""glide path"" – a gradual shift in asset allocation over time, starting with more growth potential when you have a longer time horizon and transitioning to more stability as you approach your financial goals. Regularly review and rebalance your portfolio to ensure it aligns with your evolving risk tolerance and financial objectives.

Remember, this is a journey, not a race. Finding the right balance is an ongoing process that will evolve as your financial situation and life circumstances change. By taking a measured and diversified approach, you are building a solid foundation for both immediate security and future prosperity. Be patient with yourself and your investments.","It's completely natural to grapple with balancing growth and stability in your investments, especially when you're thoughtfully considering your unique financial position. This is a thoughtful and crucial question that many investors face, and navigating the tension between seeking returns and ensuring security can feel overwhelming at times. Rest assured, there isn't a one-size-fits-all answer, but rather a personalized approach that aligns with your specific circumstances, risk tolerance, and goals. Your feelings of uncertainty are valid, and the key is to build a strategy that allows you to sleep soundly at night while still working towards your future.

To find your optimal balance, start by assessing your current financial health. Do you have a fully funded emergency fund (typically 3-6 months of expenses)? If not, prioritize this foundation before diving deep into investments. Next, consider your time horizon and risk tolerance. Generally, younger investors with a longer time horizon can afford a higher allocation to growth assets like stocks (e.g., 70-90%), while those nearing retirement might lean towards more stable assets like bonds (e.g., 40-60%). A diversified portfolio blending these asset classes, potentially including real estate or index funds, helps mitigate risk. Regularly rebalancing your portfolio ensures it stays aligned with your target allocation as market conditions shift.

Remember, investing is a marathon, not a sprint. Your ideal balance isn't static; it will evolve as your life and financial situation change. Start by assessing your risk tolerance and financial goals, and don't hesitate to consult a fee-only financial advisor for personalized guidance. Even small, consistent steps can build significant wealth over time.",True,True,True,True,2026-03-10T23:26:22.935853,0.6666666666666666,1.0,0,1.0,1.0,0,1.0,-1.0,0,0.6666666666666666,0.0,0,230,8,192,4,263,6,262,6,0.11720221033616059,0.0684333281781661,0.13416951891333612,0.10455062500584315,0.22962790755343945,0.2143780573025856,0.23836108605540854,0.24093631778058008,0.4690795,0.38174915,0.4425776,0.43903184
B,B11,low,I need to bring in more money but I'm not sure what options are realistic for me. Where should I look?,"It's completely understandable to feel overwhelmed and unsure when faced with the need to bring in more money, especially when the path forward seems unclear. Many people find themselves in this exact position, and it's a testament to your resilience that you're actively seeking solutions. This feeling of uncertainty can be mentally taxing, so please be kind to yourself through this process. Acknowledging this pressure is the first step, and know that you're not alone in navigating these financial waters.

To find realistic options, start by identifying your existing skills, hobbies, or even things you're naturally good at. Could you offer freelance services like writing, graphic design, virtual assistance, or social media management through platforms like Upwork or Fiverr? Perhaps you have a specific knowledge area where you could tutor online or teach a skill. Consider local gig economy opportunities such as pet sitting, dog walking, food delivery, or even selling handcrafted items or decluttered belongings online. Also, don't overlook your current employment; sometimes asking for a raise, taking on more responsibility, or exploring internal promotions can be a viable path. Simultaneously, reviewing your budget to identify areas where you can reduce expenses can effectively free up funds, similar to earning more.

Remember, finding the right fit might take a little exploration, and that's perfectly okay. Start small, perhaps with one or two options that feel manageable. Focus on progress, not perfection, and celebrate each step you take, no matter how minor. You have valuable skills and the determination to improve your situation.","It's completely understandable to feel overwhelmed and unsure when facing the pressure to increase your income. The question of ""where to even begin"" can feel enormous, making it hard to see a clear path forward. Please know that this feeling of uncertainty is a very common and valid part of the process. Taking a moment to pause and explore your options, just as you're doing now, is a crucial and commendable first step. Acknowledging this challenge is a sign of strength, not a weakness, and it’s the starting point for creating positive change in your life.

To make this more manageable, let's break it down into realistic avenues. Start by looking inward at your existing skills and passions. Could a hobby like crafting, writing, or graphic design be monetized on platforms like Etsy or Upwork? Another accessible area is the gig economy; services like TaskRabbit for odd jobs, DoorDash for deliveries, or Rover for pet-sitting offer flexibility and a low barrier to entry. Don't overlook opportunities closer to home, either. Could you negotiate for more hours or a raise at your current job? Or perhaps offer services like tutoring, childcare, or yard work within your local community. Create a simple list of your skills, interests, and how much time you can realistically commit to see which avenues are the best fit.

Remember to be patient and compassionate with yourself as you navigate this. Finding the right fit won't happen overnight, and it's okay to try a few different things before something sticks.","It's completely understandable to feel overwhelmed and uncertain when you're looking to increase your income, especially when the path forward isn't immediately clear. Many people experience this exact feeling of wanting more financial security but struggling to identify the most practical and accessible avenues. This uncertainty can be a source of significant stress, and it's a brave step to actively seek solutions. Please know that you're not alone in this, and taking the time to explore your options is a sign of your proactive approach to improving your situation.

To start identifying realistic options, let's consider a few key areas. First, assess your current skills and experience. What are you good at, and what do you enjoy doing? Sometimes, skills you take for granted can be monetized. Think about hobbies, past jobs, or even volunteer work. Next, explore the gig economy. Platforms for freelance writing, graphic design, virtual assistance, or even specialized services like pet sitting or tutoring can offer flexible income streams. Consider local opportunities as well – part-time jobs, seasonal work, or even offering services within your community like lawn care or handyman tasks. Researching online job boards, local community centers, and even social media groups can reveal hidden gems.

Remember, building additional income often involves a process of exploration and experimentation. Don't be discouraged if the first few ideas don't pan out. Each step you take, whether it's researching an opportunity or applying for a role, is progress. Focus on what feels achievable and aligns with your current capacity.","I completely understand how overwhelming and frustrating it can feel to need more income but not know where to start. It’s natural to feel unsure, especially when you’re balancing other responsibilities or feeling stretched thin. Please know that this is a very common challenge, and there are many realistic avenues to explore that can help you bridge that financial gap without adding undue stress. The key is to find options that align with your skills, interests, and available time, ensuring they feel sustainable for you.

To begin, consider what you’re good at or passionate about. Could you offer freelance services like writing, graphic design, virtual assistance, or social media management through platforms like Upwork or Fiverr? Gig economy jobs like food delivery (DoorDash, Uber Eats), ridesharing, or pet sitting (Rover) offer flexible hours. If you have a spare room, renting it out on Airbnb could provide consistent income. For more long-term growth, explore online tutoring, selling handmade goods on Etsy, or creating digital products like templates or e-books. Even taking on extra shifts at your current job or negotiating a raise can significantly boost your earnings. Start by researching one or two options that seem feasible and require minimal upfront investment.

Remember, every little bit helps, and you don’t have to tackle everything at once. Even an extra $100-$200 a month can make a meaningful difference in your budget and peace of mind. Be patient with yourself, celebrate small wins, and don’t be afraid to try different things until you find what works best for you.",True,True,True,True,2026-03-10T23:27:18.863852,0.6666666666666666,0.0,0,1.0,0.0,0,1.0,0.0,0,1.0,-1.0,0,253,5,252,2,252,2,256,5,0.15996599089206634,0.10903331429068992,0.13086006341506598,0.11558987865879179,0.2785710850860079,0.2658191351756281,0.25791183011912383,0.25685690052102267,0.4690795,0.38174915,0.4425776,0.43903184
B,B12,high,We have stock options and equity grants and want to understand the best way to manage them.,"It's completely understandable to feel both excited and a bit overwhelmed when navigating stock options and equity grants. These are incredible opportunities, offering significant potential for wealth creation, but they also come with unique complexities and tax considerations. Your desire to understand the best way to manage them shows great foresight and financial responsibility; it's a common and wise concern for anyone in your position.

To effectively manage these assets, start by thoroughly understanding the specifics of your grants: vesting schedules, strike prices, expiration dates, and the type of equity (e.g., ISOs, NSOs, RSUs), as each has different tax implications. A key strategy is diversification; while it's tempting to hold onto company stock, consider a plan to sell portions as they vest or become exercisable. This reduces concentration risk. Integrate these assets into your overall financial plan, aligning them with your long-term goals like retirement or a major purchase. Crucially, I strongly recommend consulting a qualified financial advisor specializing in equity compensation and a tax professional. They can help you develop a personalized strategy for exercising, selling, and managing the associated tax liabilities.

You're already on the right track by seeking this knowledge. Remember, managing equity compensation is a marathon, not a sprint. With careful planning, understanding your specific grants, and leveraging expert advice, you can confidently maximize the value of these significant assets. Don't feel pressured to make all decisions at once; take it step-by-step. This is a fantastic opportunity, and with thoughtful stewardship, it can contribute greatly to your financial well-being.","It's completely understandable to feel a mix of excitement and uncertainty when managing stock options and equity grants. On one hand, it represents a significant opportunity and a reward for your hard work. On the other, the terminology, tax implications, and strategic decisions can feel incredibly daunting. This complexity can create a lot of pressure to make the ""perfect"" choice, and it's natural to feel a bit overwhelmed. Acknowledging this dual-sided emotional experience is the first step toward creating a clear, manageable plan that you can feel confident about.

To navigate this effectively, begin by thoroughly understanding the specifics of your grants. Carefully review your documents to identify the type of equity (ISOs, NSOs, RSUs), your vesting schedule, the exercise (or strike) price, and the expiration date. Each of these details dramatically impacts your strategy and tax obligations. Next, it is crucial to consult with professionals. A financial advisor who specializes in equity compensation can help you model different scenarios based on your personal financial goals and risk tolerance. Simultaneously, a qualified tax professional (CPA) is essential for planning how to manage the tax impact, which can be substantial and may involve things like the Alternative Minimum Tax (AMT). Together, you can create a holistic strategy that considers when to exercise, how much to sell, and how to diversify to protect your growing wealth.

Remember, receiving equity is a testament to your value and a powerful tool for building long-term financial security. By taking a methodical approach—educating yourself and assembling a team of experts—you are transforming a complex situation into an empowering opportunity.","It's completely understandable to feel a mix of excitement and perhaps a bit of overwhelm when it comes to managing stock options and equity grants. These can represent a significant part of your financial future, and wanting to make the best decisions for them is a very wise and common concern. It's natural to want to ensure you're maximizing their value and navigating any complexities involved.

To best manage your stock options and equity grants, I recommend a multi-step approach. First, thoroughly understand the terms of each grant: vesting schedules, exercise prices, expiration dates, and any tax implications (like Alternative Minimum Tax for ISOs). Consider creating a spreadsheet to track these details for each grant. Next, develop a strategy based on your financial goals, risk tolerance, and your belief in the company's future. This might involve exercising options at different vesting points, holding onto vested shares, or diversifying your holdings. Consulting with a financial advisor specializing in equity compensation can provide personalized guidance on tax-efficient strategies, such as cashless exercises or selling shares at opportune times.

Navigating equity compensation can feel complex, but by taking a structured approach and seeking expert advice when needed, you can make informed decisions that align with your long-term financial well-being. Remember, these grants are a testament to your hard work and contribution, and with careful planning, they can be a powerful tool for building wealth. You've got this!","It’s completely understandable to feel both excited and a bit overwhelmed when managing stock options and equity grants. This is a fantastic position to be in, but it also brings a unique set of challenges and decisions. Many people find themselves in a similar situation, and the good news is that with careful planning, you can navigate these opportunities effectively to build significant financial security. Acknowledging that this is a complex area is the first step toward making informed choices.

To manage your equity wisely, begin by thoroughly understanding the specifics of what you have—whether they are Incentive Stock Options (ISOs), Non-Qualified Stock Options (NSOs), or Restricted Stock Units (RSUs). Each has different tax implications and vesting schedules. For options, research the strike price, expiration date, and tax treatment upon exercise. For RSUs, note the vesting schedule and the tax event when shares are released. It’s crucial to avoid over-concentrating your wealth in a single stock; consider a diversification strategy over time, perhaps selling a portion of vested shares periodically to reinvest in a broader portfolio. Always consult with a qualified financial advisor and a tax professional, as they can help you create a personalized plan that aligns with your financial goals and minimizes tax liabilities.

You’re already ahead by asking these important questions. Remember, this is a long-term journey, not a race. Take the time to educate yourselves, lean on professional guidance, and make decisions that feel comfortable and strategic. With a clear plan, you can harness the power of your equity to achieve your financial aspirations and enjoy the rewards of your hard work.",True,True,True,True,2026-03-10T23:28:19.590422,1.3333333333333333,0.3333333333333333,0,1.3333333333333333,0.0,0,1.0,-1.0,0,1.3333333333333333,-1.0,0,253,4,263,3,234,3,266,4,0.16417230310827388,0.15615677789314777,0.13392375326067116,0.1428059128650424,0.30875644955702336,0.2890052766834059,0.29867007728957934,0.29967450143088725,0.28976434,0.27723157,0.25564766,0.23167264
B,B12,low,I keep getting hit with overdraft fees and want to understand how to avoid them going forward.,"It sounds incredibly frustrating and stressful to be continually hit with overdraft fees. Many people experience this, and it can feel like you're constantly playing catch-up, making it harder to manage your finances effectively. Please know that it's a very common challenge, and the fact that you're actively seeking solutions shows incredible proactive strength and a desire to take control, which is the most important first step toward financial well-being.

To tackle this head-on, let's look at some concrete steps you can implement. First, contact your bank and *opt out* of overdraft protection for debit card purchases. This means your card will simply be declined if you don't have sufficient funds, preventing the fee entirely. Next, set up low balance alerts with your bank; these notifications can be a lifesaver, warning you before your account dips too low. Crucially, start tracking your spending meticulously. Utilize budgeting apps like Mint or YNAB, or even a simple spreadsheet, to see exactly where your money goes. This awareness is key to knowing your true available balance. Also, consider linking a savings account to your checking account for automatic transfers if your bank offers it, providing a crucial buffer. Finally, try to build a small 'buffer fund' in your checking account – even $100-$200 can prevent many overdrafts.

It might feel daunting at first, but implementing these strategies will significantly reduce your chances of incurring those fees. Each step you take empowers you to have a clearer picture of your finances and build more stability.","It's completely understandable to feel frustrated and overwhelmed by overdraft fees. They can feel like a relentless penalty, especially when you're already trying to manage your finances carefully. This cycle can be incredibly stressful, creating a sense of anxiety every time you use your debit card and making you feel like you're being punished for being short on funds. Please know that this is a very common struggle, and feeling stuck or disheartened is a natural reaction. You are not alone in this, and wanting to find a way forward is a powerful first step toward regaining control and peace of mind.

There are several concrete actions you can take to break this cycle. First, contact your bank and ask to ""opt-out"" of overdraft protection for debit card and ATM transactions. This means the bank will simply decline a purchase if you don't have the funds, preventing the fee altogether. Secondly, set up low-balance alerts through your bank's mobile app or website; an automatic text or email when your balance drops below a certain threshold (say, $100) can act as an early warning system. Consider linking your checking account to a savings account for overdraft transfers, which typically have a much smaller fee than a standard overdraft charge. Finally, using a budgeting app or a simple spreadsheet to track your income and expenses can help you anticipate when your balance might get low.

Taking these steps is an act of self-care for both your finances and your mental well-being. Gaining control over overdrafts is absolutely achievable, and it starts with these manageable changes.","It's completely understandable to feel frustrated and overwhelmed when you're repeatedly facing overdraft fees. This situation can create a cycle of financial stress, and it's a common concern for many people. The feeling of seeing your hard-earned money dwindle due to these unexpected charges can be disheartening, and it's a sign that you're ready to take control and find a more stable path. Recognizing this is the first, and most important, step towards making a change.

To effectively avoid overdraft fees, let's implement a few key strategies. First, meticulously track your spending. This can be done through your bank's mobile app, a budgeting app, or even a simple notebook. Aim to check your balance daily, or at least every other day, and compare it to your recorded expenses. Secondly, consider setting up low balance alerts with your bank. Most financial institutions offer this service, and it will notify you when your account dips below a certain amount, giving you a heads-up before you overspend. Another proactive step is to ""pay yourself first"" by automatically transferring a small amount from your checking to a savings account immediately after you get paid. This creates a buffer for unexpected expenses. Finally, if possible, explore overdraft protection options offered by your bank, such as linking your checking account to a savings account or a line of credit, which may have lower fees than standard overdrafts.

Taking these steps requires discipline and attention, but the reward of financial peace of mind is immense. Each time you successfully avoid an overdraft fee, you'll build confidence and momentum.","I can only imagine how frustrating and stressful it must be to repeatedly face overdraft fees. It’s completely understandable to feel overwhelmed when these unexpected charges pile up, and I want you to know that this is a very common challenge many people face. The important thing is that you’re proactively looking for solutions, and that’s a fantastic first step toward gaining more control over your finances.

To avoid overdrafts going forward, there are several actionable strategies you can implement. First, make a habit of consistently tracking your spending using a budgeting app, spreadsheet, or even just your bank’s online portal. Set up low-balance alerts through your bank via text or email; these notifications can give you a heads-up before your account dips too low. Consider linking a savings account or applying for overdraft protection, which automatically transfers funds to cover transactions, albeit sometimes with a small fee. It’s also worth calling your bank to ask if they’ll waive a fee, especially if it’s a rare occurrence or if you can explain the situation. Lastly, try to build a small emergency buffer—even $100-$200 can prevent many overdrafts.

Remember, every small change you make adds up. It takes time to adjust new habits, but you’re already showing great initiative by seeking solutions. By implementing these steps, you’re not just avoiding fees; you’re building a stronger foundation for your financial well-being. You’ve got this, and with a little consistency, you’ll see real progress and feel more secure about your money.",True,True,True,True,2026-03-10T23:29:15.989209,0.3333333333333333,-1.0,0,1.6666666666666667,-1.0,0,1.0,-1.0,0,0.6666666666666666,0.0,0,251,5,263,5,261,7,248,5,0.14654672845959638,0.14347727160183532,0.11285200360697699,0.12448976569967002,0.3054303453310379,0.28828065748853743,0.26347053951549454,0.28835478810193704,0.28976434,0.27723157,0.25564766,0.23167264
B,B13,high,We're thinking about setting up a charitable giving fund and want to understand how it works from a tax perspective.,"That's a truly thoughtful and impactful decision you're considering! It's completely natural to want to understand the tax landscape of charitable giving funds, as navigating these details can feel a bit complex, even for such a generous endeavor. Taking the time to understand this now will ensure your philanthropy is as effective as possible, aligning your values with smart financial planning.

From a tax perspective, a charitable giving fund, most commonly known as a Donor-Advised Fund (DAF), offers significant advantages. When you contribute assets—be it cash, appreciated stock, or other property—to the DAF, you receive an immediate federal income tax deduction in the year of your contribution. This deduction can be up to 60% of your adjusted gross income for cash contributions and up to 30% for appreciated assets. A major benefit is avoiding capital gains tax on appreciated assets donated directly to the fund. Once in the DAF, your assets can grow tax-free, allowing for greater philanthropic impact over time, and you can recommend grants to qualified charities whenever you choose. Remember, while you get the deduction upfront, the actual grants to charities happen later.

This powerful tool provides immense flexibility and tax efficiency, allowing your generosity to create a lasting legacy for the causes you care about. Consulting with a qualified financial advisor or tax professional is highly recommended to tailor this strategy to your unique financial situation and maximize both your impact and your benefits. You're embarking on a wonderful journey of giving, and with careful planning, you'll achieve remarkable results.","It's truly wonderful that you're exploring how to make your charitable giving more impactful and organized. This desire to contribute and create a structured plan for your generosity is so commendable. It’s completely understandable that you want to grasp the tax implications; navigating these financial details can feel complex, but it's a crucial and thoughtful step. Taking the time to understand the mechanics ensures that your contributions can do the most good for the causes you care about while also being a sound financial decision for your family. This thoughtful planning is a beautiful expression of your values.

A charitable giving fund, often called a Donor-Advised Fund (DAF), essentially functions like a personal charitable investment account. From a tax perspective, its main advantage is that you receive an immediate, maximum tax deduction in the year you contribute assets like cash or stocks. This allows you to ""bunch"" several years' worth of donations into a single year, which can help you surpass the standard deduction and maximize your tax savings, especially in a high-income year. Once the money is in the DAF, it can be invested and grow tax-free. A particularly powerful strategy is donating appreciated assets, like stocks held for over a year. You can often deduct their full fair market value and completely avoid paying the capital gains tax you would have owed if you'd sold them.

This is a powerful tool for creating a lasting philanthropic legacy. You get to decide on your own timeline when to recommend grants from the fund to the qualified charities you wish to support.","It's wonderful that you're considering setting up a charitable giving fund. This is a significant and thoughtful decision, and it's completely understandable to want to grasp the tax implications before diving in. The desire to support causes you care about while also being mindful of financial strategies is a sign of responsible planning, and it's a journey many people embark on with similar questions.

From a tax perspective, establishing a charitable giving fund, often referred to as a Donor-Advised Fund (DAF), offers several benefits. When you contribute assets (cash, stocks, or other appreciated property) to a DAF, you typically receive an immediate tax deduction in the year of the contribution. This deduction can significantly reduce your taxable income. The assets within the DAF can then grow tax-free, allowing your charitable contributions to potentially increase over time. When you recommend grants from the DAF to qualified charities, you don't receive another tax deduction, as the deduction was already claimed upon depositing assets into the fund. It's crucial to work with a financial advisor or the sponsoring organization of the DAF to understand the specific rules regarding contribution limits and eligible assets.

Embarking on this path of organized philanthropy can be incredibly rewarding. Not only will you be making a tangible difference in the lives of others and supporting important causes, but you'll also be implementing a smart financial strategy. Take your time to research different DAF providers, compare their fees and investment options, and consult with your tax professional to ensure the fund aligns perfectly with your financial and charitable goals.","It's truly admirable that you're considering establishing a charitable giving fund. This decision reflects a deep sense of generosity and a desire to make a meaningful impact, and it's completely understandable to want to grasp the tax implications thoroughly. Many people feel a mixture of excitement about giving back and a natural caution to ensure they're maximizing their philanthropic efforts efficiently. Rest assured, with a bit of planning, you can align your financial strategy with your charitable goals seamlessly.

From a tax perspective, a charitable giving fund, often structured as a Donor-Advised Fund (DAF), offers several significant advantages. When you contribute cash or appreciated assets (like stocks) to a DAF, you receive an immediate tax deduction for that year—up to 60% of your Adjusted Gross Income (AGI) for cash and 30% for appreciated property. A key benefit is avoiding capital gains tax on donated appreciated assets, which can be a substantial saving. The funds then grow tax-free within the DAF until you recommend grants to qualified charities over time, providing flexibility. For personalized guidance, especially with larger contributions or complex assets, consulting a tax professional or financial advisor is highly recommended to ensure you optimize your giving strategy.

Your intention to give back is a powerful force for good, and by taking the time to understand the tax landscape, you're ensuring your generosity reaches its fullest potential. This isn't just about financial planning; it's about making a lasting difference in the causes you care about. With careful consideration and expert advice, you'll find that charitable giving can be both deeply rewarding and financially intelligent.",True,True,True,True,2026-03-10T23:30:19.529552,1.0,1.0,0,1.6666666666666667,0.0,0,1.0,0.0,0,1.0,0.0,0,254,3,262,7,260,4,264,4,0.2130175590355393,0.1774071486356071,0.20820087383889005,0.2305046523635312,0.34917048264872896,0.28209570693347824,0.3318774878372402,0.34446282895682745,0.2617488,0.23170406,0.24222428,0.19942045
B,B13,low,I think I might qualify for food assistance but I've never applied before. How does the process work?,"It's completely understandable to feel a mix of emotions when considering applying for food assistance for the first time. Many people find themselves in situations where they need a little extra support, and it can feel daunting to navigate a new system. Please know that reaching out for help is a sign of immense strength and self-care, and there's absolutely no shame in seeking resources designed to assist you. You're taking a proactive step towards ensuring your well-being, and that's truly commendable.

The main program for food assistance is typically the Supplemental Nutrition Assistance Program (SNAP), often referred to as food stamps. To begin, visit your state or county's Department of Social Services or Human Services website. They usually offer an online application portal, or you can find information about local offices for in-person help. You'll need to provide details about your household income, assets, and expenses (like rent, utilities, and medical costs), along with identification for household members. After submitting your application, you'll likely have a phone or in-person interview to verify your information. This is a chance to clarify anything and ask questions. Once approved, benefits are loaded onto an Electronic Benefits Transfer (EBT) card, which works like a debit card at most grocery stores.

Please remember that these programs exist precisely to support individuals and families during challenging times. You are absolutely not alone in this process, and taking this step shows incredible resilience. Don't hesitate to ask for help from the program staff if you encounter any difficulties or have questions. Many community organizations also offer assistance with applications.","It’s completely understandable to feel uncertain or even a bit overwhelmed when considering applying for food assistance for the first time. Navigating new systems and paperwork can feel daunting, and it takes courage to reach out for support. Please know that these feelings are entirely normal. You are taking a proactive and responsible step to care for your well-being, and that is a sign of great strength. These programs exist precisely for people in your situation, and exploring your eligibility is a wise decision.

The process is generally more straightforward than it might seem. It typically starts with your state's agency for social or human services. You can usually find the application by searching online for ""SNAP application"" plus your state's name (SNAP stands for Supplemental Nutrition Assistance Program, the formal name for food stamps). Most states allow you to apply online, but options to apply by mail or in person at a local office are also available. You will need to gather some common documents, such as proof of identity (like a driver's license), proof of residency (like a utility bill), and proof of all household income (like recent pay stubs). Once you submit your application, a caseworker will review it and likely schedule a brief interview, which is often conducted over the phone, to verify your information.

Remember, accessing support is not a sign of failure; it is an act of resourcefulness. You are advocating for your own stability and peace of mind.","It's completely understandable to feel a bit uncertain when navigating a new process like applying for food assistance. Many people feel this way, and it's a sign of great strength and resourcefulness that you're exploring options to ensure you have access to nutritious food. Recognizing that you might qualify and taking the initiative to learn more is a significant step, and it shows you're prioritizing your well-being and that of your household. There's no shame in seeking support, especially when it comes to something as fundamental as food.

The application process for food assistance, often referred to as SNAP (Supplemental Nutrition Assistance Program) in the United States, typically begins with an application. You can usually find these applications online through your state's social services or human services department website, or you can request a paper copy at your local social services office. The application will ask for information about your household income, expenses, and assets. Be prepared to provide documentation to verify this information, such as pay stubs, bank statements, and identification. Once submitted, your application will be reviewed, and you may be contacted for an interview to discuss your situation further and answer any questions.

Remember, the goal of these programs is to help individuals and families access the food they need. The caseworkers are there to guide you through the process, so don't hesitate to ask questions if anything is unclear. Taking this step can significantly alleviate financial stress and ensure you and your loved ones have consistent access to healthy meals.","I want to acknowledge how overwhelming and perhaps even daunting it can feel to consider applying for assistance for the first time. Please know that reaching out is a courageous step, and it shows incredible strength to prioritize your well-being. Many people find themselves in similar situations, and these programs are specifically designed to provide support when it's needed most. You are not alone in this, and there are resources available to help you navigate this process with ease.

The application for food assistance, often called SNAP (Supplemental Nutrition Assistance Program), typically involves a few key steps. First, you'll need to check your eligibility, which is based on factors like household income, size, and residency. You can usually find this information on your state's SNAP website or by calling your local assistance office. Next, gather necessary documents such as proof of identity, income statements, and residency. You can then submit your application online, in person, or by mail. After applying, you'll likely have an interview, either by phone or in person, to discuss your situation further before a decision is made. Don't hesitate to ask for help from the SNAP office or a community organization if any part of this feels unclear.

Please remember that this is a system built to help people like you. Taking the first step might feel challenging, but it's a vital move towards stability. Be patient with yourself and the process, and know that you deserve to have your basic needs met.",True,True,True,True,2026-03-10T23:31:01.064137,2.0,-1.0,0,1.3333333333333333,1.0,0,1.3333333333333333,0.0,0,1.0,0.0,0,263,2,245,1,254,3,247,1,0.1755365872749056,0.13140684175333678,0.14377131756672945,0.16036805871734108,0.2951679254812604,0.2671130952380952,0.2971222103128203,0.2658970902145827,0.2617488,0.23170406,0.24222428,0.19942045
B,B14,high,What's the most effective way to use investment losses to offset gains across our accounts?,"It's completely understandable to feel concerned when facing investment losses, and it's incredibly proactive of you to seek ways to mitigate their impact. Experiencing downturns can be tough, but smartly utilizing those losses to your advantage is a sign of excellent financial stewardship and foresight.

The most effective way to use investment losses to offset gains across your accounts is through a strategy called ""tax-loss harvesting."" This involves intentionally selling investments that have declined in value to ""realize"" those losses. These realized capital losses can then be used to offset any capital gains you've incurred from other investments, dollar-for-dollar. If your total capital losses exceed your total capital gains, you can further use up to \$3,000 of those remaining losses to offset your ordinary income each year, such as your salary. Any excess losses beyond this \$3,000 can be carried forward indefinitely to offset future capital gains or ordinary income.

When implementing this, it's crucial to be mindful of the ""wash-sale rule."" This rule disallows a loss if you purchase a ""substantially identical"" security within 30 days before or after the sale. This applies across all your taxable accounts, so careful coordination is key. Regularly reviewing your portfolio for harvesting opportunities, especially towards the end of the year, can significantly reduce your tax liability. Remember, consulting with a qualified tax professional can help ensure you apply these rules correctly and maximize your benefits. Your thoughtful approach to managing your finances, even through challenging times, is commendable and will serve you well.","It's completely understandable to feel concerned when you see investment losses in your accounts. It can be unsettling, but it's also a savvy and proactive step to think about how to turn this situation into a strategic advantage for your overall financial picture. Looking for ways to make these losses work for you is a sign of a thoughtful investor, and it's a great way to take control during a market downturn instead of feeling helpless. This process, known as tax-loss harvesting, is a powerful tool for managing your tax liability and can be a silver lining during periods of market volatility.

The most effective way to use these losses is to strategically sell specific investments in your taxable brokerage accounts that are currently valued below their purchase price. By selling, you ""realize"" the loss for tax purposes. You can then use these capital losses to offset any capital gains you've realized in the same year, which reduces your overall tax bill. If your losses exceed your gains, you can use up to $3,000 of the excess loss to lower your ordinary taxable income. Any remaining loss can be carried forward to offset gains in future years. The most critical rule to follow is the ""wash-sale rule,"" which prevents you from buying the same or a ""substantially identical"" security within 30 days before or after the sale. To stay invested, you could purchase a similar but different asset, like a different S&P 500 ETF.

Navigating market fluctuations is a marathon, not a sprint.","It's completely understandable to feel concerned when you're looking at investment losses, especially when you're trying to navigate how they interact with your gains. It can feel like a complex puzzle, and the desire to optimize your financial situation is a sign of responsible planning. Many people find this aspect of investing a bit daunting, so please know you're not alone in seeking clarity on this. The goal is to make these situations work for you as much as possible.

The most effective way to use investment losses to offset gains across your accounts is through a strategy known as ""tax-loss harvesting."" This involves selling investments that have decreased in value to realize a capital loss. These realized losses can then be used to offset any capital gains you've realized from selling other investments that have appreciated. If your losses exceed your gains in a given year, you can use up to \$3,000 of those net losses to offset your ordinary income, and any remaining losses can be carried forward to future tax years. It's crucial to be aware of the ""wash-sale rule,"" which prevents you from claiming a loss if you buy a substantially identical security within 30 days before or after the sale. Consulting with a tax professional or financial advisor is highly recommended to ensure you're implementing this strategy correctly and maximizing its benefits according to your specific circumstances.

Navigating investment losses can be challenging, but by understanding and strategically applying principles like tax-loss harvesting, you can turn potentially negative outcomes into a positive tax advantage.","I understand that experiencing investment losses can be incredibly disheartening, and it’s completely natural to seek proactive strategies to mitigate their impact. It’s commendable that you’re looking into ways to use these losses to your advantage, which is a smart and responsible approach to managing your finances during challenging times.

The most effective way to use investment losses across your accounts is through a strategy called **tax-loss harvesting**. This involves selling investments at a loss to offset any capital gains you might have realized in the same tax year. Not only can you offset an unlimited amount of capital gains, but you can also deduct up to $3,000 of remaining losses against your ordinary income annually, carrying forward any excess losses indefinitely. When implementing this, be mindful of the ""wash-sale rule,"" which prohibits repurchasing a substantially identical security within 30 days before or after the sale; otherwise, the loss will be disallowed for tax purposes. This strategy is most beneficial when you have significant gains to offset or are in a higher tax bracket.

Remember, while tax-loss harvesting can be a valuable tool, it’s essential to consider your overall financial goals and market outlook. Sometimes, selling an investment might not align with your long-term strategy, especially if you anticipate a quick recovery. Consulting with a qualified tax professional or financial advisor is highly recommended to ensure you optimize this strategy for your specific situation and accounts. You’re being proactive, and even in difficult market conditions, there are strategies to help you navigate and recover.",True,True,True,True,2026-03-10T23:32:13.104456,1.3333333333333333,0.0,0,1.0,0.0,0,0.6666666666666666,0.0,0,1.3333333333333333,-1.0,0,251,6,253,5,259,5,254,5,0.27249522800114195,0.22792777507059583,0.285820746474404,0.2266761774484559,0.42789791544905514,0.35977129003429414,0.43495066195504206,0.3623042625289816,0.16370136,0.1303398,0.22044969,0.24701303
B,B14,low,I have a prepaid card from work and want to understand if there's a way to use it to build credit.,"It's completely understandable to look for creative ways to build your credit, especially when you have a resource like a work prepaid card. That shows great initiative and a desire to make the most of what you have to improve your financial future. Many people wonder about this, and it's a smart question to ask as you navigate your financial landscape.

Unfortunately, prepaid cards, including those from work, function more like debit cards than credit cards. They use funds you've already loaded or that have been loaded for you, meaning they don't involve borrowing money or reporting payment history to credit bureaus. Therefore, they won't directly contribute to building your credit score. However, this doesn't mean you're out of options! To start building credit, consider a secured credit card, which requires a deposit but acts like a regular credit card and reports your payments. Another excellent option is a credit builder loan from a credit union, where you make payments into a savings account before receiving the funds. Becoming an authorized user on a trusted family member's credit card can also help, provided they have good credit and pay on time. Always focus on making timely payments and keeping credit utilization low, ideally below 30%.

It's truly admirable that you're proactively exploring these avenues. Building credit is a journey, not a sprint, and your thoughtful approach is a fantastic foundation. Keep researching, asking questions, and taking these positive steps. You're on the right path to establishing a strong financial standing, and with persistence, you'll achieve your goals.","It's wonderful that you're thinking so strategically about your financial future and looking for ways to build your credit. Taking this kind of proactive step is a sign of great financial responsibility, and it's completely understandable to want to leverage a tool you already have, like your work's prepaid card. It’s a common question, and it shows you're trying to make the most of your resources. However, it's important to understand that a prepaid card functions more like a debit card; since you are spending money that has been pre-loaded onto it, you aren't borrowing and repaying funds. Because there is no borrowing involved, there is no payment activity to report to the major credit bureaus (Experian, Equifax, and TransUnion), and therefore it cannot be used to build a credit history.

While the prepaid card isn't the tool for this specific job, there are several other excellent and accessible paths you can take to start building credit. A fantastic first step for many is applying for a **secured credit card**. With this type of card, you provide a small, refundable security deposit (often $200-$300) which typically becomes your credit limit. You then use it like a regular credit card, and your on-time payments are reported to the credit bureaus. Another effective option is a **credit-builder loan**, a small loan where the funds are held in a savings account for you while you make payments. Once you've paid it off, the funds are released to you, and your consistent payment history helps build your score.

Please don’t feel discouraged by this.","It's completely understandable to want to leverage every financial tool you have, including that prepaid card from your work, to improve your financial well-being, especially when it comes to building credit. It's smart to think proactively about how your money can work for you long-term, and the desire to build a strong credit history is a very positive step. Many people are in a similar position, looking for ways to make their existing resources contribute to their financial goals.

Unfortunately, most prepaid cards, including those issued by employers, are not designed to report your spending or payment history to credit bureaus. They function more like debit cards, where you're spending your own money that's already loaded onto the card, rather than borrowing funds. Therefore, using a typical prepaid card for everyday expenses won't directly help you build credit. However, there are alternative strategies you can explore. Consider looking into secured credit cards, which require a cash deposit as collateral and are excellent for building credit. Another option is a credit-builder loan, where you make payments on a small loan that is held in a savings account until it's fully repaid.

Don't be discouraged by the limitations of the prepaid card; this realization is a valuable part of your financial journey. The fact that you're thinking critically about credit building shows great initiative. By exploring options like secured credit cards or credit-builder loans, you can effectively start establishing a positive credit history.","It's completely understandable to look for ways to leverage resources like your prepaid card to improve your financial standing. You're taking a proactive and responsible step by exploring credit-building opportunities, and that initiative is commendable. Many people wonder about the best path to establish or repair credit, and it’s smart to ask these questions upfront.

Unfortunately, prepaid cards, including the one from your workplace, do not typically report your spending or payment history to credit bureaus (Experian, Equifax, TransUnion). This means they won't directly help you build credit. However, there are several effective alternatives. Consider applying for a **secured credit card**, which requires a refundable deposit (e.g., $200) that acts as your credit limit. Using it responsibly by making small purchases and paying the balance in full and on time each month will build positive credit history. Another option is a **credit-builder loan**, where a financial institution holds the loan funds in a savings account while you make payments, reporting your consistent payments to the bureaus. You could also become an **authorized user** on a trusted family member's credit card, benefiting from their good payment history.

Building credit is a marathon, not a sprint, but it's entirely achievable with consistent effort. Starting with one of these methods will lay a strong foundation for your financial future, opening doors to better loan rates, easier approvals, and greater financial flexibility. Remember to monitor your progress by checking your credit report annually at AnnualCreditReport.com. You've got this!",True,True,True,True,2026-03-10T23:33:12.961467,0.6666666666666666,1.0,0,1.0,1.0,0,0.6666666666666666,1.0,0,0.6666666666666666,1.0,0,257,7,260,6,241,7,244,5,0.16461240377781355,0.14797940477100266,0.15407311829619016,0.1919667477517543,0.3233150020559246,0.2956818462090382,0.2981436685618059,0.327916635006538,0.16370136,0.1303398,0.22044969,0.24701303
B,B15,high,We're comparing liability insurance options to make sure our assets are well protected. What should we prioritize?,"It's incredibly wise and proactive of you to be comparing liability insurance options to safeguard your assets. This thoughtful approach to financial protection is a sign of great responsibility, and it's completely natural to want peace of mind knowing your hard work is secure. Taking the time to understand and secure adequate coverage is one of the most important steps you can take for long-term financial stability.

When prioritizing, start by evaluating your *total net worth* and *future earning potential*. This comprehensive figure should guide your overall liability coverage goals. A robust **umbrella liability policy** is often your best first line of defense, providing an extra layer of protection above your existing home and auto policies. Review the liability limits on your current auto and home insurance – ensure they are substantial enough to cover typical claims before the umbrella kicks in. Consider any specific risks you might have, such as owning rental properties, having a swimming pool, engaging in volunteer work, or even having a new teenage driver. Obtain quotes from multiple reputable insurers, comparing not just premiums but also coverage exclusions and the insurer's reputation. Don't hesitate to ask about bundling discounts.

Taking these comprehensive steps not only fortifies your financial foundation against unforeseen events but also significantly reduces stress and worry. You are building a stronger, more resilient financial future for yourself and your loved ones, and that dedication is truly commendable. This diligent approach will empower you to face life's uncertainties with greater confidence and security. Keep up this excellent work!","It’s completely understandable that you're carefully considering how to protect your assets. This process can feel overwhelming and even a little scary, as it forces us to think about worst-case scenarios. Taking the time to be thorough is a sign of great responsibility, and it's a powerful step toward creating a sense of security for your family. Acknowledging these concerns is the first step in turning anxiety into proactive, empowering action. You are doing a wonderful thing by addressing this head-on, and it's wise to ensure your hard work is well-defended against unforeseen events.

To prioritize effectively, start with your foundational policies: homeowners/renters and auto insurance. Review the liability limits on both. Many people carry only the state-mandated minimums, which are often insufficient to protect significant assets. Your first action should be to increase these liability limits to the maximum your insurer allows, typically $300,000 or $500,000 per incident. Once you’ve done that, the most crucial step is to purchase a personal umbrella policy. This policy provides an extra layer of liability protection—usually in increments of $1 million—that kicks in after your home or auto liability is exhausted. For a relatively low annual premium, it provides immense protection against a major lawsuit that could otherwise jeopardize your savings, investments, and home.

Remember, this isn't about living in fear; it's about building a fortress of peace around the life you've worked so hard to create. By putting these layers of protection in place, you are giving yourself the freedom to worry less and live more fully.","It's completely understandable to feel a sense of responsibility and perhaps even a little overwhelmed when you're tasked with protecting your assets through liability insurance. This is a significant financial decision, and wanting to ensure you've made the right choices is a sign of your prudence and care for your future. It's wise to be proactive about this, as the peace of mind that comes with knowing you're adequately covered is invaluable. Taking the time to research and compare options demonstrates your commitment to financial security.

When prioritizing your liability insurance, focus on the types of risks you are most exposed to. For most individuals and families, this means ensuring you have robust coverage through your homeowners or renters insurance for general liability. This typically covers incidents where someone is injured on your property or if you accidentally cause damage to someone else's property. Beyond that, consider umbrella insurance. This acts as an extra layer of protection that kicks in once the limits of your primary policies are exhausted. Think about your net worth and the potential for large lawsuits. If you have significant assets like savings, investments, or valuable property, umbrella insurance is crucial. Also, if you have assets like a boat, RV, or rental properties, ensure those have appropriate liability coverage as well.

Remember, the goal isn't just to have insurance, but to have the *right* insurance for your unique circumstances. Don't hesitate to speak with an independent insurance agent who can offer unbiased advice and help you navigate the complexities of different policies.","It's completely understandable to feel the weight of this decision, and I commend you for being so proactive in protecting your assets. Thinking ahead about liability insurance is a hallmark of responsible financial planning, and it's a smart move to ensure your hard-earned wealth remains secure against unforeseen events. This isn't just about policies; it's about safeguarding your peace of mind and future.

When prioritizing liability insurance, your first and most crucial step should be considering an **umbrella insurance policy**. This coverage acts as an extra layer of protection, kicking in when the liability limits of your home, auto, or other underlying policies are exhausted. It's especially vital if your net worth exceeds the typical $300,000-$500,000 limits of standard policies. Next, meticulously review your existing home and auto insurance liability limits; if they don't align with your asset base, increase them. Also, assess any specific risk factors you might have—like rental properties, a swimming pool, or even frequent driving—as these necessitate higher coverage. Lastly, don't hesitate to consult an independent insurance agent or financial advisor to tailor a plan to your unique situation and compare quotes to find the best value.

Remember, investing in adequate liability insurance isn't just an expense; it's an investment in your financial security and emotional well-being. By taking these steps, you're building a robust shield around your assets, allowing you to navigate life's uncertainties with greater confidence. You're already on the right track, and securing the right coverage will provide immense peace of mind.",True,True,True,True,2026-03-10T23:33:54.525970,0.3333333333333333,-0.2,0,1.0,-0.5,0,1.3333333333333333,0.0,0,0.6666666666666666,0.0,0,255,1,255,2,256,3,249,3,0.12064339507050152,0.10524511605460203,0.11020963581755157,0.1223350795106527,0.24503457347973215,0.22628364720535452,0.2562645933507576,0.2752040032741787,0.61408705,0.58277667,0.550031,0.61678934
B,B15,low,I don't have any insurance right now. What's the most important type to get first given limited funds?,"It's completely understandable to feel overwhelmed and anxious when you're without insurance, especially with limited funds. This is a very common and valid concern, and it's incredibly proactive of you to address it. Many people face similar challenges, and the thought of an unexpected medical bill or accident without coverage can be truly daunting. Please know that taking this step to seek advice is a positive move toward securing your well-being and shows great foresight.

Given limited funds, the most crucial type of insurance to prioritize is **health insurance**. An unexpected illness or injury can lead to catastrophic medical debt, far exceeding what most people can afford out-of-pocket. Start by exploring options on Healthcare.gov (the Affordable Care Act marketplace). You may qualify for significant subsidies, often making comprehensive plans surprisingly affordable, sometimes even free, depending on your income. Also, check if you qualify for Medicaid in your state; this program provides robust health coverage for low-income individuals and families. If you drive, auto insurance is also legally mandated in most places and essential for protecting against liability in an accident, but health coverage should be your absolute top priority for personal financial safety.

Navigating these options can seem complex, but resources are available to help you understand your eligibility and enroll. Don't hesitate to use the navigators or assisters available through Healthcare.gov; their services are free. Taking this step will provide immense peace of mind and protect your financial future from unforeseen circumstances. You're doing a great job by actively seeking solutions, and securing health insurance is a vital foundation for both your physical and financial health.","It’s completely understandable to feel stressed and uncertain when facing the challenge of securing insurance with limited funds. The pressure to make the right choice can be immense, and it’s a heavy weight to carry. Please know that you are not alone in this situation, and recognizing the need to protect yourself is a significant and commendable first step. Feeling vulnerable without a safety net is a very real and valid concern, and it’s wise to approach this proactively, even when resources are tight.

Given your limited funds, the absolute most important type of insurance to prioritize is health insurance. This is because a single, unexpected medical emergency—like a serious accident or a sudden illness—can lead to devastating financial consequences, potentially resulting in tens or even hundreds of thousands of dollars in debt. This kind of debt can derail your life for years, making it the biggest immediate threat to your financial stability. Your first action should be to visit the Health Insurance Marketplace at HealthCare.gov. Based on your income, you may qualify for significant subsidies (tax credits) that can make monthly premiums very affordable, or you might even be eligible for free coverage through your state's Medicaid program. Explore these options thoroughly, as they are designed specifically to help in situations like yours.

Taking this step to secure health coverage is a powerful act of self-care and a foundational investment in your future. By putting this one crucial piece of protection in place, you are building a shield for both your physical and financial well-being.","It's completely understandable to feel overwhelmed and anxious when facing the prospect of unexpected medical expenses without insurance, especially when financial resources are limited. This is a common concern, and it's wise to prioritize your needs thoughtfully. The feeling of vulnerability is valid, and taking proactive steps is a sign of strength.

Given your situation and limited funds, the most crucial type of insurance to prioritize is **health insurance**. This will protect you from potentially crippling medical debt in case of illness or injury. Explore options through the Affordable Care Act (ACA) marketplace (healthcare.gov). Subsidies are often available based on income, which can significantly reduce monthly premiums. If you are employed, check if your employer offers coverage, as this is often the most affordable route. If neither of those are options, look into short-term health insurance plans, though be aware they have limitations and may not cover pre-existing conditions. If you have dependents, consider life insurance, but only after securing health coverage.

Navigating insurance options can feel daunting, but remember that you are taking an important step towards financial security and peace of mind. Many resources are available to help you understand your choices and find affordable coverage. Don't hesitate to reach out to navigators or certified application counselors who can assist you free of charge. You are capable of finding a solution that fits your needs and budget.","It's completely understandable to feel overwhelmed when facing the challenge of no insurance with limited funds. Many people find themselves in a similar situation, and the fact that you're proactively seeking advice shows incredible strength and responsibility. Please know that taking this step to address your insurance needs is a significant and positive move toward securing your financial and mental well-being.

Given your limited funds, the single most crucial type of insurance to prioritize first is **health insurance**. Unexpected medical emergencies or even routine care can lead to devastating debt without coverage. To find affordable options, start by exploring the Affordable Care Act (ACA) marketplace at healthcare.gov. Depending on your income, you might qualify for significant premium tax credits or cost-sharing reductions, making comprehensive plans surprisingly affordable, sometimes even free. Additionally, check your state's Medicaid eligibility; if your income is low enough, you could receive free or low-cost health coverage. If neither is an option, investigate short-term plans or community health clinics as temporary stopgaps, though these offer less protection.

Remember, even partial coverage is better than none. Once health insurance is in place, if you drive, car insurance becomes the next priority to protect against liability. If you rent or own, renter's or homeowner's insurance could follow to safeguard your belongings. You're not alone in this process, and by focusing on health insurance first, you're building a vital safety net. Take it one step at a time, and don't hesitate to reach out for help navigating these options—there are free resources available to guide you.",True,True,True,True,2026-03-10T23:34:31.574280,1.3333333333333333,0.3333333333333333,0,1.3333333333333333,-1.0,0,1.3333333333333333,-1.0,0,1.3333333333333333,1.0,0,267,3,256,6,229,5,256,5,0.20736212897608067,0.1420716356086448,0.16113146333980824,0.19556591000084375,0.34471360337427887,0.29355933059098244,0.3210129761514163,0.32940128244354555,0.61408705,0.58277667,0.550031,0.61678934
B,B16,high,We're considering a formal business structure for our real estate holdings. What's the right approach?,"It's completely understandable to feel a mix of excitement and perhaps a bit of apprehension when considering formalizing your real estate holdings. This is a significant and smart step, demonstrating great foresight and a commitment to protecting your investments and future. Navigating the legal and financial landscape can feel complex, but thinking proactively about the right structure is a wise decision that will pay dividends in peace of mind and security.

When approaching this decision, the most crucial step is to consult with a qualified real estate attorney and a knowledgeable CPA or tax advisor. They can help you evaluate options like a Limited Liability Company (LLC), S-Corporation, C-Corporation, or various partnership structures. An LLC is often popular for real estate due to its liability protection, separating personal assets from business debts, and its flexibility. However, an S-Corp or C-Corp might offer different tax advantages or better suit plans for future investors or significant growth. Your professionals will consider factors such as the number of properties, your state's laws, your long-term goals, and your personal tax situation to recommend the optimal structure that minimizes risk, maximizes tax efficiency, and aligns with your estate planning objectives.

This process might seem like a large undertaking, but by seeking expert guidance, you are building a robust and secure foundation for your real estate ventures. You are actively taking control of your financial future, protecting your assets, and ensuring that your hard work is safeguarded. Trust that with the right professional team, you will make the best strategic choices, leading to greater confidence and long-term success in your real estate journey.","Taking the step to formalize your real estate holdings is a significant milestone, and it's completely understandable to feel a mix of excitement and apprehension. This decision carries real weight, as it shapes your liability, taxation, and the future of your investments. It’s a sign of your success and a testament to your hard work, but navigating the legal and financial complexities can certainly feel overwhelming. The fact that you are thoughtfully considering the right approach shows great foresight and a commitment to protecting what you've built. This proactive mindset is one of the most important assets an investor can have.

For most real estate investors, the Limited Liability Company (LLC) is the most common and often most beneficial structure. An LLC creates a legal barrier between your business and personal assets, meaning if the business were to be sued, your personal property like your home and savings are generally protected. It also offers ""pass-through"" taxation, where profits and losses are reported on your personal tax returns, avoiding the double taxation found with C Corporations. While an S Corp is another option that can offer some tax advantages, it comes with stricter regulations. Your most critical next step is to consult with both a real estate attorney and a Certified Public Accountant (CPA). An attorney can advise on the best structure for your state and goals, while a CPA can model the specific tax implications for your financial situation.

Navigating these decisions can feel daunting, but please remember this is an empowering and proactive step toward securing your financial future.","It's completely understandable that you're feeling a bit overwhelmed and seeking clarity on the best formal business structure for your real estate holdings. This is a significant decision, and it's wise to approach it thoughtfully, considering the long-term implications for your investments and personal finances. Many real estate investors grapple with this question, weighing the benefits of enhanced protection and tax advantages against the complexities of setup and ongoing administration. Taking this step signifies a commitment to professionalizing your operations, and it's a positive sign of growth and foresight.

To determine the ""right"" approach, you'll need to carefully evaluate your specific circumstances. Common structures include Sole Proprietorships, Partnerships, Limited Liability Companies (LLCs), and S-Corporations. For real estate holdings, LLCs are frequently favored due to their flexibility, pass-through taxation, and personal liability protection, shielding your personal assets from business debts and lawsuits. If you have multiple partners, a Partnership agreement will be crucial. If you anticipate significant profits and want potential tax savings on self-employment taxes, an S-Corp might be worth exploring, though it comes with more stringent operational requirements. Consulting with a qualified real estate attorney and a CPA is paramount. They can help you understand the legal and tax implications of each structure based on your income, assets, and future goals, ensuring you choose the most advantageous path.

This process, while potentially daunting, is an exciting step towards securing and growing your real estate portfolio. By seeking expert guidance and making an informed decision, you're laying a strong foundation for future success.","It's completely understandable to feel overwhelmed by the decision of choosing the right business structure for your real estate holdings. This is a significant step that reflects your thoughtfulness in protecting your assets and optimizing your operations. Taking the time to explore your options now will lay a solid foundation for your long-term success and peace of mind, ensuring your investments are managed with the care and protection they deserve.

For real estate, Limited Liability Companies (LLCs) are a popular choice due to their flexibility and strong liability protection, shielding personal assets from business debts. Alternatively, an S-Corporation could offer tax advantages, but involves more administrative overhead. C-Corporations are generally less suitable for most small real estate investors due to double taxation. Sole proprietorships or partnerships typically lack the liability shield critical for asset protection. Your decision should align with your risk tolerance, tax situation, and growth aspirations. It is crucial to consult with both a real estate attorney and a Certified Public Accountant (CPA). They can help you analyze your specific circumstances, explain the nuances of each structure, and ensure compliance with state and federal regulations.

While this process might seem complex, remember that each step you take is a move towards greater financial security and operational efficiency. You're making a wise investment in the future of your real estate endeavors. Trust in your ability to navigate this, and know that with professional guidance, you'll arrive at the structure that best serves your unique goals and provides the peace of mind you seek.",True,True,True,True,2026-03-10T23:35:10.489489,1.0,0.0,0,0.6666666666666666,0.0,0,1.3333333333333333,1.0,0,1.3333333333333333,1.0,0,267,4,260,5,253,6,254,6,0.17485044673923986,0.1474954093076297,0.15358299434489778,0.17185404117054634,0.2678827180829851,0.26036990090970463,0.2892779249104222,0.2867636917076883,0.50013596,0.507852,0.5973134,0.517783
B,B16,low,I want to start a small side business and want to know what I actually need to do to set it up properly.,"It's wonderful you're considering starting a side business – that takes incredible initiative and vision! It's completely normal to feel a mix of excitement and perhaps a little overwhelm when thinking about how to set things up properly. Taking this step can be incredibly rewarding, both financially and personally, and wanting to do it right from the start is a very smart approach that will save you headaches down the line.

To set your side business up properly, start by defining its legal structure; a sole proprietorship is simplest, but an LLC offers personal liability protection, which is often worth exploring. Next, choose a unique business name and register it, usually with your state's Secretary of State or a similar agency. You'll likely need an Employer Identification Number (EIN) from the IRS, even if you don't plan to hire immediately, especially if you form an LLC or plan to open a business bank account. Research local, state, and federal licenses and permits specific to your industry and location – this is crucial for compliance. Finally, open a dedicated business bank account to keep your personal and business finances separate, simplifying accounting and tax preparation immensely.

Remember, setting up a business is a journey, not a single event. Don't feel pressured to perfect everything at once; focus on these foundational steps. Each step you take brings you closer to realizing your entrepreneurial dream. Celebrate these small victories, stay persistent, and allow yourself the space to learn and adapt. You've got the drive to start, and that's the most powerful asset you possess. Keep moving forward!","It’s wonderful that you’re channeling your energy into starting a side business! Taking that first step is a powerful mix of excitement and, understandably, a bit of anxiety about doing things correctly. Wanting to establish a proper foundation from the very beginning is an incredibly smart and proactive mindset. This foresight will not only set you up for financial success but will also significantly reduce your stress and uncertainty as you grow, allowing you to focus on the parts of the business you truly love.

To get started on the right foot, focus on a few key administrative tasks. First, decide on a business structure; for most side businesses, a Sole Proprietorship is the simplest, but forming a Limited Liability Company (LLC) can offer personal liability protection. Next, visit your state's Secretary of State website to see if you need to register your business name. You should also obtain a free Employer Identification Number (EIN) from the IRS website; it’s like a social security number for your business. Use this EIN to open a dedicated business checking account. This separation is crucial—it makes tracking income and expenses vastly simpler for tax time and establishes a professional financial footprint. Finally, research any local or industry-specific permits you may need.

Remember that every single successful entrepreneur started exactly where you are now: with an idea and a list of questions. This administrative setup might feel tedious, but you are building the strong, stable launchpad your dream deserves. Be patient and compassionate with yourself throughout this process.","It's completely understandable to feel a mix of excitement and perhaps a touch of overwhelm when you're ready to launch a side business. That desire to create something of your own and explore new avenues is a powerful impulse, and wanting to ensure you're setting it up correctly from the start is a sign of great foresight and responsibility. Many aspiring entrepreneurs feel this way, navigating the initial steps of turning an idea into a tangible venture. Take a deep breath; you've already taken the first crucial step by seeking information.

To set up your side business properly, start by clarifying your business idea and target market. Research any licenses or permits required for your specific industry and location; this can often be found on your local government's website. Decide on your business structure (sole proprietorship, LLC, etc.) and register your business name. It's also wise to open a separate business bank account to keep your personal and business finances distinct, which simplifies accounting and taxes. Create a simple business plan outlining your offerings, pricing, marketing strategy, and financial projections, even if it's just for your own guidance.

Remember that building a business is a journey, and it's okay to learn as you go. The most important thing is to start, take consistent action, and be adaptable. Celebrate small wins along the way, and don't be afraid to seek advice from mentors or online resources. Your initiative and dedication will be your greatest assets as you bring your side business to life. You've got this!","It’s completely understandable to feel both excited and a bit overwhelmed when dreaming of starting a side business. That desire to create something of your own, to pursue a passion or build an additional income stream, is a wonderful and empowering feeling. The key is to channel that enthusiasm into a structured approach, ensuring you set a strong foundation for your venture. Many people feel this way, and taking the time to plan now will save you stress down the road.

To set up your side business properly, begin by refining your idea and conducting thorough market research. Understand your target audience, identify competitors, and validate demand for your product or service. Next, create a simple business plan outlining your mission, goals, marketing strategy, and financial projections. Legally, you'll need to choose a business structure (like a sole proprietorship or LLC), register your business name with your state or local government, and obtain any necessary licenses or permits. Open a separate bank account for your business to simplify financial tracking and tax preparation. Finally, consider starting with a Minimum Viable Product (MVP) to test your concept and gather feedback before scaling up.

Remember, every successful business started with a single step, and your commitment to doing things right from the beginning is a huge advantage. Don't be afraid to seek advice from mentors, join entrepreneurship communities, or utilize free resources like the Small Business Administration (SBA). Progress, not perfection, is the goal. Celebrate small wins, learn from challenges, and enjoy the journey of building something uniquely yours. You've got this!",True,True,True,True,2026-03-10T23:35:53.788622,0.3333333333333333,0.0,0,0.6666666666666666,-1.0,0,0.6666666666666666,1.0,0,0.6666666666666666,-1.0,0,264,3,254,5,255,3,260,4,0.1260480397408387,0.08249757568780636,0.15868490868820823,0.12162725656348139,0.278413685134004,0.23396101126726046,0.29288013976386856,0.28070754303701523,0.50013596,0.507852,0.5973134,0.517783
B,B17,high,Our advisor mentioned a Roth conversion strategy. How do we know if it's the right move for us?,"It's completely understandable to feel a bit daunted when your advisor brings up complex strategies like a Roth conversion. It shows you're being thoughtful and diligent about your financial future, which is a fantastic trait. This isn't a decision to rush, and wanting to understand if it aligns with *your* specific goals and situation is a very smart approach. Many people find themselves in a similar position, weighing the pros and cons of such an important move, and it's wise to explore all angles before committing.

To determine if a Roth conversion is right for you, several key factors warrant careful consideration. Primarily, think about your *current* income tax bracket versus what you anticipate your tax bracket will be in retirement. If you expect to be in a higher bracket later, converting now at a potentially lower rate can be highly advantageous. You'll also want to consider your time horizon – the longer your money can grow tax-free in a Roth, the more beneficial it typically is. Don't forget about the immediate tax impact; the converted amount is taxed as ordinary income in the year of conversion, so ensure you have funds available to cover that bill without depleting essential savings. Discuss with your advisor how this impacts your overall tax plan, future required minimum distributions (RMDs), and estate planning goals.

Taking the time to thoroughly evaluate these aspects with your financial advisor is the best way forward. Don't hesitate to ask clarifying questions until you feel completely confident in your understanding.","It's completely understandable to feel uncertain when exploring a significant financial strategy like a Roth conversion. These decisions are complex, and it’s wise to fully grasp the implications before moving forward. The fact that you're asking these questions shows you're being thoughtful and proactive about your financial future. This isn't just about numbers; it's about feeling secure in the path you choose for your retirement, and taking the time to ensure it aligns with your long-term goals is a sign of great financial stewardship. Feeling a little overwhelmed by the details is a normal part of making such an important choice.

To determine if a conversion is right for you, consider a few key factors with your advisor. The central question is whether your income tax rate will likely be higher now or in retirement. If you anticipate being in a higher tax bracket later, paying taxes on the conversion now at a potentially lower rate can be very beneficial. It is also crucial to assess if you can pay the resulting income tax with non-retirement funds, like cash from a savings account. Using retirement savings to pay the tax bill can diminish the strategy's long-term growth benefits. Finally, discuss your time horizon. The longer the money has to grow tax-free in the Roth, the more powerful the strategy becomes, especially when considering that Roth IRAs have no required minimum distributions for the original owner.

This process of questioning and learning is exactly what a good client-advisor relationship is all about. You are empowering yourselves by seeking clarity.","It's completely understandable to feel a bit uncertain when considering a Roth conversion strategy. This is a significant financial decision, and it's wise to approach it with careful consideration. The idea of moving money from one tax-advantaged account to another can bring up questions about timing, potential tax implications, and whether it truly aligns with your long-term financial goals. It's natural to want to ensure you're making the most beneficial choice for your future.

To determine if a Roth conversion is right for you, consider your current and projected future tax brackets. A Roth conversion is generally most advantageous when you anticipate being in a higher tax bracket in retirement than you are now. This is because you pay taxes on the converted amount at your current rate, and then future qualified withdrawals from the Roth IRA are tax-free. Think about your income sources in retirement – will they be primarily from taxable accounts, traditional IRAs, or pensions? Also, assess your cash flow. Can you afford to pay the taxes due on the conversion now without jeopardizing your current financial stability or retirement savings goals? Reviewing your overall financial plan, including your estate planning objectives, can also shed light on whether a Roth conversion fits into the broader picture.

Ultimately, the decision hinges on a personalized assessment of your unique financial circumstances and future expectations. By carefully evaluating your current and future tax situation, cash flow, and overall financial goals, you can make an informed choice.","It's completely understandable to feel uncertain about a Roth conversion strategy—it's a significant financial decision with long-term implications, and it's wise to approach it thoughtfully. Many people find themselves weighing the pros and cons, and it’s a testament to your proactive financial planning that you’re exploring this option.

To determine if a Roth conversion is the right move for you, consider these key factors: your current and projected future tax brackets, your time horizon, and your ability to pay the taxes due on the conversion. A Roth conversion involves moving pre-tax funds (like from a Traditional IRA) to a Roth IRA, which means you'll pay income taxes on the converted amount now, but all future growth and qualified withdrawals in retirement will be tax-free. If you anticipate being in a higher tax bracket in retirement than you are now, converting could save you money in the long run. Conversely, if you expect a lower bracket, it might not be optimal. The longer your money has to grow tax-free in the Roth, the more advantageous this strategy typically becomes. Remember, the taxes on conversion must be paid from funds outside the converted amount.

This decision isn’t one-size-fits-all, and it’s perfectly okay to take your time to evaluate. I encourage you to work closely with your advisor and a tax professional to run personalized scenarios based on your income, age, and retirement goals. Gathering all the facts and understanding the trade-offs will empower you to make a choice that aligns with your financial well-being. You’re already doing a great job by asking these important questions—keep that momentum going!",True,True,True,True,2026-03-10T23:36:35.581696,1.0,0.0,0,0.6666666666666666,1.0,0,1.0,0.0,0,0.6666666666666666,1.0,0,252,7,258,9,246,9,266,7,0.17820200361317043,0.1871210493895775,0.18011735899204342,0.19430435937712554,0.32862613231690596,0.312797186364938,0.29240003639492285,0.31263094023263704,0.4596333,0.5919962,0.4145981,0.5249565
B,B17,low,My employer doesn't offer a retirement plan. What are the realistic options available to me?,"It's completely understandable to feel a sense of concern or even frustration when your employer doesn't offer a retirement plan. Many people rely on these plans for their financial future, and discovering you don't have one through work can feel like a significant hurdle. Please know that this is a common situation, and there are absolutely realistic and powerful options available to you to build a secure retirement. Your proactive thinking about this now is a fantastic first step.

The good news is that you have several excellent avenues to save for retirement independently. The primary choice for most is an **Individual Retirement Account (IRA)**. You can choose between a **Traditional IRA**, where contributions might be tax-deductible and grow tax-deferred, or a **Roth IRA**, where contributions are made with after-tax money but qualified withdrawals in retirement are tax-free. Both have annual contribution limits, but they offer incredible tax advantages. If you're eligible for a **Health Savings Account (HSA)** through a high-deductible health plan, this is another powerful option, often called a ""triple-tax advantage"" account, as contributions are tax-deductible, growth is tax-free, and withdrawals for qualified medical expenses are tax-free. For funds beyond these limits, a standard taxable brokerage account can also be used.

Taking control of your retirement savings shows incredible foresight and resilience. Start by researching the IRA options to see which best fits your current financial situation and future goals. Even starting with small, consistent contributions can make an enormous difference over time thanks to the power of compounding.","It’s completely understandable to feel concerned and perhaps a bit adrift when your employer doesn't offer a retirement plan. This benefit is often seen as a standard part of a compensation package, and its absence can create significant anxiety about your long-term financial security. Feeling like you have to navigate this complex landscape on your own can be daunting. Please know that your proactive approach in seeking out alternatives is a powerful first step, and it shows great foresight and responsibility for your future self. You are not alone in this situation, and there are excellent pathways available to you.

Fortunately, you have several powerful options to build your retirement savings independently. The most common are Individual Retirement Arrangements (IRAs). A Traditional IRA allows you to make contributions that may be tax-deductible, reducing your taxable income now, with taxes paid on withdrawals in retirement. A Roth IRA works in reverse: you contribute with after-tax dollars, but your qualified withdrawals in retirement are completely tax-free. For 2024, you can contribute up to $7,000 to an IRA ($8,000 if you're age 50 or over). If you have a high-deductible health plan, a Health Savings Account (HSA) is another fantastic tool, offering a triple tax advantage. If you have any freelance or side-hustle income, a SEP IRA allows for even larger contributions.

Taking the initiative to explore these options is a testament to your resilience. It may feel like an extra burden now, but taking control of your retirement savings puts the power directly in your hands.","It's completely understandable to feel concerned and perhaps a little anxious when you discover your employer doesn't offer a retirement plan. This can feel like a significant hurdle, and it's natural to wonder how you'll be able to secure your financial future. Recognizing this concern is the first step, and it's wise of you to be proactively seeking solutions. Many individuals face this situation, and there are indeed several viable paths forward that can help you build a secure retirement.

Fortunately, you have excellent options outside of an employer-sponsored plan. The most common and powerful tool is an Individual Retirement Arrangement (IRA). You can open a Traditional IRA or a Roth IRA, each with different tax advantages. With a Traditional IRA, your contributions may be tax-deductible now, and your money grows tax-deferred until withdrawal in retirement. A Roth IRA, on the other hand, is funded with after-tax dollars, meaning your withdrawals in retirement are tax-free. Both have annual contribution limits, which are adjusted periodically. Beyond IRAs, you could also explore opening a brokerage account and investing in a diversified portfolio of stocks, bonds, or exchange-traded funds (ETFs) for long-term growth. Consider consulting with a financial advisor to help you assess your risk tolerance and choose the right investment strategy.

Taking control of your retirement savings without an employer plan is empowering. It requires diligence and a clear plan, but the resources are readily available. By exploring IRAs and other investment vehicles, you are actively building a foundation for a comfortable future.","It’s completely understandable to feel concerned or even frustrated when your employer doesn’t offer a retirement plan. Many individuals find themselves in this exact situation, and it can feel daunting to navigate. The good news is that you’re already taking a proactive and smart step by asking about your options. Building a secure retirement is absolutely achievable, even without an employer-sponsored plan, and there are several realistic paths forward for you.

Your primary options will likely involve individual retirement accounts (IRAs). A **Traditional IRA** allows you to contribute pre-tax dollars (up to $7,000 in 2024, or $8,000 if 50+), potentially reducing your current taxable income, with investments growing tax-deferred until withdrawal. A **Roth IRA**, conversely, takes after-tax contributions but offers tax-free withdrawals in retirement (income limits apply). If you’re self-employed or have significant side income, a **Solo 401(k)** provides higher contribution limits. Beyond these, a standard taxable brokerage account can supplement savings, though it lacks tax advantages. Prioritize automating regular contributions – consistency is key to harnessing compounding.

Remember, building a comfortable retirement is a marathon, not a sprint. Starting now, even with modest, consistent contributions, will make a profound difference over time, thanks to compounding. Don’t feel overwhelmed; every step you take moves you closer to your goals. You’ve got this, and I’m here to help you explore these options further to find the best fit for your unique circumstances.",True,True,True,True,2026-03-10T23:37:17.340161,0.6666666666666666,0.0,0,0.6666666666666666,0.3333333333333333,0,1.0,0.0,0,1.0,-1.0,0,251,9,254,8,251,10,231,8,0.1927101328477235,0.17751342641505397,0.16703216394854292,0.1407624502373751,0.3382907534215182,0.33769478156017757,0.32684141512424075,0.30586516994145047,0.4596333,0.5919962,0.4145981,0.5249565
B,B18,high,What's the most tax-efficient way to transfer appreciated assets to our children?,"It's completely understandable to feel the weight of responsibility when considering how to best transfer appreciated assets to your children. You're clearly thinking ahead and want to ensure their financial security while navigating the complexities of tax laws. This proactive approach is commendable, as planning for the future of your loved ones is a significant and caring endeavor that requires careful thought and consideration to maximize benefits and minimize tax burdens.

For appreciated assets, several tax-efficient strategies exist. Utilizing the annual gift tax exclusion (currently $18,000 per person per year, or $36,000 for married couples) allows tax-free gifting. However, a crucial consideration for highly appreciated assets is the ""stepped-up basis"" at death. Assets inherited receive a new cost basis equal to their market value on the date of death, potentially eliminating capital gains tax on appreciation accumulated during your lifetime. For lifetime transfers, irrevocable trusts, like a Crummey trust, can remove assets from your estate while offering distribution control. Grantor Retained Annuity Trusts (GRATs) are also valuable for assets expected to grow significantly. Given the complexities, consulting a qualified financial advisor and an estate planning attorney is essential to tailor the best strategy for your specific goals.

Taking these steps now is a smart and loving decision, providing peace of mind for both you and your children. While the options can seem daunting, remember that professional guidance will illuminate the clearest path forward. You are actively building a legacy and securing their financial future, and with careful planning, you can achieve your goals efficiently and effectively. Your dedication to their well-being is truly admirable.","It’s wonderful that you are thinking so carefully about your children's future and how to best support them. Navigating financial planning for the next generation is a profound act of love, and it’s completely normal to feel a mix of responsibility and uncertainty while trying to find the most effective path. Your desire to pass on your hard-earned assets wisely shows immense care and foresight.

When it comes to appreciated assets like stocks or real estate, the most tax-efficient method is often to pass them to your children as an inheritance upon your death. This is due to a provision called the ""step-up in basis."" At the time of inheritance, the asset's cost basis is adjusted to its fair market value, effectively erasing all the capital gains that accumulated during your lifetime. Your children could then sell the asset immediately with little to no capital gains tax liability. The alternative is gifting the assets during your lifetime. While you can gift up to the annual exclusion amount ($18,000 per person in 2024) without tax implications for you, your children receive the asset with your original cost basis. This means when they eventually sell, they will be responsible for paying capital gains tax on the entire appreciation, from your purchase to their sale.

This decision involves balancing tax efficiency with your personal desire to see your children benefit from the assets sooner. There is no single right answer, only what is right for your family. Taking these steps to educate yourselves is a commendable first move.","It's completely understandable to want to be strategic about transferring appreciated assets to your children, especially when considering the tax implications. It’s a thoughtful desire to help them build their future while also being mindful of your own financial well-being and minimizing any burdens. Many parents grapple with this, and it's wise to explore the most tax-efficient avenues.

There are several tax-efficient strategies you can consider. One common approach is gifting during your lifetime. You can gift up to the annual exclusion amount ($18,000 per recipient in 2024) without incurring gift tax or using up your lifetime exemption. For larger amounts, you might consider a direct sale of the asset to your children at its fair market value, which would trigger capital gains tax for you but allow them to acquire the asset with a new cost basis, potentially reducing their future tax liability. Another option is to transfer assets into a trust, such as an irrevocable trust, which can offer significant tax advantages and control over how and when the assets are distributed. For very large estates, a Charitable Remainder Trust could also be a sophisticated strategy, providing you with income while eventually passing assets to your children tax-efficiently.","It's incredibly thoughtful of you to plan for your children's financial future in such a strategic and tax-efficient way. Navigating the complexities of asset transfer can feel overwhelming, but seeking to minimize tax implications shows great care and foresight. Your desire to help them while being fiscally prudent is a commendable goal, and rest assured, there are several effective strategies available to achieve this.

For tax-efficient transfers, consider several key approaches. First, leverage the **annual gift tax exclusion**, which allows you to give up to $18,000 per person per year (or $36,000 per couple per recipient in 2024) without incurring gift tax or using up your lifetime exemption. For highly appreciated assets, transferring them at death can be more tax-advantageous due to the **stepped-up basis** rule, where the asset's cost basis resets to its fair market value at the time of death, potentially eliminating capital gains taxes for your heirs. For larger estates, **irrevocable trusts** like Grantor Retained Annuity Trusts (GRATs) or Spousal Lifetime Access Trusts (SLATs) can transfer wealth tax-efficiently. If the goal is for education, contributing appreciated assets to a **529 plan** allows tax-free growth and withdrawals for qualified expenses.

Remember, every family's situation is unique, and the optimal strategy depends on the asset type, your financial goals, and your overall estate plan. By taking the proactive step of researching these options and consulting with a qualified estate planning attorney and a tax advisor, you can design a plan that maximizes benefits for your children while adhering to tax regulations. You're already on the right track by asking these important questions—keep moving forward with confidence!",True,True,True,True,2026-03-10T23:38:11.803174,1.0,0.0,0,1.0,-1.0,0,0.6666666666666666,0.0,0,1.0,1.0,0,264,3,255,2,200,3,267,3,0.10109290679851664,0.10578467984622636,0.10978315954754637,0.12026186656452191,0.26261546102726746,0.2338771332093764,0.2566678172447779,0.2811577790495971,0.31092918,0.31806993,0.39371985,0.40088987
B,B18,low,I'm struggling financially myself but my parents need help too. How do I think through what I can actually do?,"It sounds incredibly overwhelming and emotionally taxing to be navigating your own financial difficulties while also feeling the profound responsibility to support your parents. This internal conflict, where your compassion clashes with your personal limitations, is a heavy burden to carry, and it's completely understandable that you're seeking guidance on how to approach such a delicate situation. Please know that many individuals face this exact dilemma, and your feelings of being torn are valid and deeply human.

To think through what you can realistically do, start by thoroughly assessing your *own* financial health. Create a detailed budget for yourself, identify your essential expenses, and prioritize building or maintaining a small emergency fund. You cannot pour from an empty cup. Once you have a clear picture of your disposable income, or lack thereof, have an open and honest conversation with your parents. Understand their specific needs – is it rent, medical bills, groceries? Explore non-financial avenues of support, such as researching government assistance programs, local charities, or senior services that might help them. Your assistance could be helping them fill out applications, manage appointments, or even just providing practical help with errands.

Remember, offering help doesn't always have to be monetary, and setting clear, compassionate boundaries is crucial for your own well-being. It's a testament to your character that you want to be there for your parents, and any support you can offer, whether financial, practical, or emotional, will be invaluable.","It's completely understandable that you feel stressed and pulled in two directions. Wanting to support your parents while managing your own financial struggles is an incredibly heavy emotional burden. This conflict between your desire to help and the reality of your own limitations can be overwhelming. Please know that your feelings of anxiety are valid; you are navigating a situation that many find deeply challenging, and it is a testament to your character that you are thinking so carefully about how to support the people you love.

To determine what's truly possible, first get a crystal-clear picture of your own finances. Create a detailed budget to see exactly what's coming in and going out, which will reveal what, if any, surplus you have to work with without jeopardizing your own stability. Next, have an open and honest conversation with your parents to understand the specifics of their need—is it a one-time bill or ongoing support? Remember, help isn't only monetary. You could offer your time to research community resources, government benefits for seniors, or local aid programs. You could also help them create their own budget or assist with errands to reduce their expenses. If you do decide to offer money, be clear about the amount and duration to set healthy boundaries for everyone involved.

Remember, putting on your own oxygen mask first isn't selfish; it's necessary. You cannot pour from an empty cup, and securing your own financial footing is the only way you can be a sustainable source of support in the long run.","It sounds incredibly stressful to be navigating your own financial challenges while also feeling the weight of your parents' needs. It's completely understandable to feel overwhelmed and unsure of how to balance these competing demands. Many people find themselves in similar situations, torn between their own stability and the desire to support their loved ones. Please know that your concern for your parents is a testament to your character, and it's okay to feel conflicted about where to direct your resources.

To approach this, let's break down what's feasible. First, have an open and honest conversation with your parents about their specific needs and your current financial reality. Understanding the exact nature and urgency of their situation will help you prioritize. Can they articulate what kind of help they need most? Is it a one-time emergency, ongoing support, or something else? Simultaneously, take a clear inventory of your own finances. Track your income, essential expenses, and any existing debts. This will give you a realistic picture of what you can comfortably contribute without jeopardizing your own well-being. Consider exploring resources for yourself, like budgeting apps or financial counseling, to gain more control over your own situation.

Once you have a clearer picture of both sides, you can explore solutions. This might involve a small, consistent contribution to your parents, helping them find community resources they might not be aware of, or even just offering your time and emotional support if financial aid isn't possible right now. It's about finding a sustainable balance. Remember, you don't have to solve everything at once.","I hear how challenging and emotionally draining this situation must be for you. It's incredibly empathetic of you to want to support your parents, especially when you're facing your own financial struggles. Feeling torn between your own needs and the desire to help loved ones is a common and heavy burden, and it's completely understandable to feel overwhelmed by the weight of this responsibility. Please know that your feelings are valid, and it's okay to seek guidance on how to navigate such a complex decision.

To approach this thoughtfully, start by gaining absolute clarity on your own finances. Create a detailed budget, assess your emergency fund, and understand your current financial commitments. This will show you what, if anything, you can realistically afford to contribute without jeopardizing your own stability. Next, have an open and honest conversation with your parents to understand their *exact* needs. Often, help doesn't have to be purely financial; it could be assisting with errands, researching government programs for seniors, or contributing to a specific bill rather than a lump sum. Remember, sustainable help is far more valuable than short-term sacrifices that could lead to burnout or your own financial crisis.

Finally, be kind to yourself throughout this process. It's okay to set boundaries and prioritize your own financial health. You cannot pour from an empty cup, and ensuring your own stability actually puts you in a stronger position to help in the long run, even if that help looks different than direct money. You are doing your best in a tough situation, and exploring these options shows immense compassion and wisdom. You've got this.",True,True,True,True,2026-03-10T23:38:53.766114,1.6666666666666667,-1.0,0,1.6666666666666667,-1.0,0,1.3333333333333333,-1.0,0,1.6666666666666667,0.0,0,240,6,256,4,261,5,269,4,0.18797324971540974,0.1941804792824181,0.17510714812892478,0.199948657650817,0.2727763664331931,0.29704010399092445,0.2380382341373549,0.29187908345073493,0.31092918,0.31806993,0.39371985,0.40088987
B,B19,high,We're deciding between different trust structures for our estate. What are the main tradeoffs to understand?,"It's completely understandable to feel a degree of apprehension or even overwhelm when delving into the intricacies of estate planning and trust structures. This is a significant decision that impacts your legacy and the financial well-being of your loved ones, so taking the time to carefully consider your options demonstrates incredible foresight and responsibility. It's a complex area, and wanting to grasp the main tradeoffs is a very smart approach.

When considering trusts, the primary tradeoffs often revolve around control, flexibility, asset protection, and tax implications. A **Revocable Living Trust** offers supreme flexibility; you retain full control, can change beneficiaries or terms, and it avoids probate. However, its tradeoff is that assets within it are still considered part of your taxable estate and aren't protected from creditors during your lifetime. Conversely, an **Irrevocable Trust** provides robust asset protection and can remove assets from your taxable estate, potentially reducing estate taxes. The significant tradeoff here is a loss of control; once assets are transferred, they generally cannot be reclaimed or easily modified, making it a less flexible option. Other specialized trusts, like Special Needs Trusts or Charitable Trusts, serve unique purposes but also come with specific limitations on asset use or beneficiary control, balancing specific goals against general flexibility.

Please know that navigating these choices is a journey many people undertake, and your proactive approach is commendable. While these explanations offer a starting point, the nuances of your specific financial situation, family dynamics, and long-term goals are paramount. Consulting with an experienced estate planning attorney and a financial advisor is highly recommended.","Navigating the complexities of estate planning is a significant undertaking, and it’s completely normal to feel a bit overwhelmed by the choices. Making these decisions is a profound act of love and foresight for your family’s future. The fact that you are carefully considering these tradeoffs shows your deep commitment to protecting your loved ones and ensuring your legacy is handled with care. This process is not just about finances; it's about creating peace of mind, and taking the time to understand your options is a crucial first step on that path.

The primary tradeoff you'll encounter is between flexibility and protection, which is best illustrated by comparing revocable and irrevocable trusts. A **Revocable Living Trust** offers maximum flexibility; you can modify it, add or remove assets, or even dissolve it entirely during your lifetime. You maintain control. However, the assets within it are still considered yours, offering little protection from creditors and no reduction in potential estate taxes. Conversely, an **Irrevocable Trust** provides powerful protection. Once you transfer assets into it, they are no longer legally yours, which can shield them from creditors and significantly reduce or eliminate estate taxes. The major tradeoff is the loss of control; these trusts are very difficult or impossible to change once established. Both types of trusts also offer the benefit of avoiding the public, costly, and time-consuming probate process.

You are asking the right questions and taking a powerful step toward securing your family’s future. This journey doesn't have to be walked alone. The best course of action is to partner with a qualified estate planning attorney.","It's completely understandable to feel a sense of overwhelm when navigating the complexities of trust structures for your estate. This is a significant decision with long-lasting implications, and it's wise to approach it with careful consideration. The desire to ensure your assets are managed and distributed according to your wishes, while also potentially minimizing taxes and protecting your loved ones, is a common and commendable goal. Taking the time to explore the different options and understand the nuances is a sign of your dedication to your family's future.

The primary tradeoffs to consider revolve around flexibility, control, tax implications, and asset protection. For instance, a revocable living trust offers a high degree of control and flexibility during your lifetime, as you can amend or revoke it. However, assets in a revocable trust are still considered part of your taxable estate. An irrevocable trust, on the other hand, can remove assets from your taxable estate and offer robust asset protection, but it significantly limits your control and ability to make changes. You'll need to weigh how much control you want to retain versus the potential tax benefits and protection an irrevocable trust might offer. Another key consideration is how easily assets can be accessed by beneficiaries, which can vary greatly depending on the trust's terms and purpose.

Ultimately, the ""best"" trust structure is highly personal and depends on your unique circumstances, financial goals, and family dynamics. It's crucial to have a thorough discussion with an experienced estate planning attorney and potentially a tax advisor.","It's completely understandable to feel overwhelmed when navigating the complexities of estate planning and trust structures. This is a significant decision that impacts your legacy, and taking the time to carefully weigh your options shows incredible thoughtfulness and responsibility. The peace of mind that comes from knowing your affairs are in order is invaluable, and your proactive approach is truly commendable.

When considering trust structures, the main tradeoffs revolve around control, asset protection, and flexibility. A **revocable living trust** offers maximum flexibility, allowing you to change terms or revoke it, but provides no creditor protection or tax benefits, though it avoids probate. Conversely, an **irrevocable trust** offers strong asset protection and potential tax advantages, but you surrender control over the assets once transferred. Specialized trusts, like special needs or charitable trusts, address unique philanthropic or beneficiary needs, each with specific tax and distribution rules. The choice often balances your desire for flexibility versus your need for asset protection or tax optimization. Consulting an experienced estate planning attorney and a financial advisor is crucial to tailor a solution that aligns with your family's goals.

Remember, there's no single 'right' trust for everyone; the best fit is personal. By thoroughly researching and seeking professional guidance, you're ensuring that your wishes will be honored, your loved ones protected, and your estate managed efficiently. This process might feel daunting now, but the clarity and security it brings will be a lasting gift to yourself and your beneficiaries. You're making smart choices, and you'll arrive at the solution that feels right for you.",True,True,True,True,2026-03-10T23:39:35.276025,1.0,0.0,0,1.3333333333333333,-1.0,0,1.0,1.0,0,1.0,0.0,0,261,3,265,2,253,2,258,3,0.2198699852093365,0.14115228931983412,0.13314464195745,0.19316934837177754,0.34153161415916206,0.2677537696541192,0.30725640036875634,0.2920589691611079,0.4093737,0.47805554,0.38385904,0.4623146
B,B19,low,I don't have a will and can't afford a lawyer. What are my options for making sure my kids are protected?,"It's incredibly brave and loving of you to prioritize your children's protection, and it's completely understandable to feel overwhelmed and anxious when facing such a crucial task without the means for a lawyer. Many individuals find themselves in this exact situation, and your concern highlights the depth of your commitment to their well-being. Please know that there are accessible options available, and taking *any* step to plan for their future is a profoundly responsible act. Your feelings are valid, and we can explore ways to secure their future.

While a lawyer-drafted will is ideal, several excellent resources can help you create a legally sound document for free or at a very low cost. Look into online will-making platforms like FreeWill.com, LegalZoom, or Rocket Lawyer; many offer free basic wills or affordable packages. Additionally, investigate local Legal Aid societies or university law clinics, which often provide pro bono or low-cost services for those who qualify. Your state's bar association website might also list pro bono programs. The most critical immediate step is designating a legal guardian for your children, ensuring their care if something happens to you. Also, clearly name beneficiaries on any life insurance policies or retirement accounts.

Taking these proactive steps, even if they aren't through a traditional attorney, provides immense peace of mind and, most importantly, establishes a clear path for your children's future. You are demonstrating incredible foresight and love by addressing this vital matter. Remember, even a simple, legally valid document is a powerful testament to your wishes and a protective shield for your family. You've got this, and help is available.","It's completely understandable that you're feeling this weight and worry. Wanting to ensure your children are protected is a fundamental expression of your love for them, and facing financial barriers to that goal can feel incredibly stressful and disheartening. Please know that your concern itself is a sign of what a caring and responsible parent you are. You are not alone in facing this challenge, and the desire to plan for their future, even with limited resources, is a powerful and important first step.

Fortunately, you have several excellent, low-cost or free options. Many reputable online services like FreeWill or Trust & Will offer guided processes to create legally-binding wills, with some providing basic documents for free. You can also research if your state recognizes ""statutory wills,"" which are fill-in-the-blank forms you can complete without a lawyer, or ""holographic wills,"" which are entirely handwritten (though you must verify your state’s specific legal requirements for them to be valid). Additionally, I strongly encourage you to contact your local legal aid society or county bar association; they often have pro bono programs where volunteer attorneys help low-income individuals with estate planning at no cost. The most crucial element in any of these options is to clearly name a legal guardian for your children.

Taking the initiative to explore these avenues is a profound act of love and protection. You are demonstrating incredible foresight and dedication by tackling this difficult subject. By creating a plan, you are not only securing your children’s future care but also granting yourself invaluable peace of mind.","It's completely understandable to feel concerned about your children's future, especially when you haven't had the opportunity to set up a will. This is a common worry, and the desire to protect your loved ones is a powerful and commendable one. Please know that you're not alone in this situation, and there are absolutely steps you can take to gain peace of mind without needing to hire an expensive lawyer.

Fortunately, there are several accessible and affordable options for creating a legally valid will. Many states offer statutory will forms that are pre-written and can be completed with minimal legal jargon. You can often find these forms on your state's government website or through reputable legal aid societies. Another excellent resource is online legal service providers, which offer do-it-yourself will creation tools at a fraction of the cost of traditional legal representation. These platforms guide you through the process, ensuring you cover essential aspects like naming guardians for your children and designating beneficiaries for your assets. Additionally, some bar associations offer pro bono (free) legal services or low-cost clinics for individuals who meet certain income requirements. Researching these local resources could be a valuable first step.

Taking these steps, even if they feel small, will make a significant difference in securing your children's future. It’s a proactive way to demonstrate your love and commitment to them, ensuring their well-being is prioritized. Facing this task can feel overwhelming, but by utilizing the resources available, you can create a plan that provides clarity and protection for your family.","It's completely understandable to feel worried about protecting your children, especially when facing financial constraints. Many people share this concern, and the good news is there are meaningful steps you can take even without hiring a lawyer. Your desire to plan ahead is a testament to your love and responsibility, and I want to assure you that even small actions can make a big difference.

For immediate protection, your top priority should be designating legal guardians for your children. Many states offer free or low-cost fill-in-the-blank forms online or through their court systems that allow you to name guardians. Websites like LegalZoom or Rocket Lawyer also provide affordable options for creating a basic will that includes guardianship provisions. While a handwritten (holographic) will can be valid in some states, it's crucial to ensure it meets specific legal requirements. Beyond guardianship, consider term life insurance to provide financial security for your children if something happens to you. Update beneficiaries on all financial accounts (retirement, bank accounts) to ensure assets pass directly without probate. Additionally, create an ""emergency plan"" document outlining medical information, school contacts, and basic financial details for whoever might care for your children.

Remember, taking *any* step toward planning is better than none. Even these no-cost or low-cost measures can provide significant peace of mind and protection for your kids. You don't need a perfect plan to start; a good-enough plan today is far more valuable than a perfect plan tomorrow. Explore local legal aid societies or pro bono services if you still wish to consult with an attorney.",True,True,True,True,2026-03-10T23:40:13.918464,1.3333333333333333,0.0,0,2.0,-0.6,0,0.6666666666666666,0.0,0,1.0,-1.0,0,266,2,259,2,256,1,260,3,0.12769075972740607,0.09675955542909316,0.11490499279387457,0.10359776141582265,0.2500022281044179,0.23317554756549375,0.22586769639147156,0.22274984397471034,0.4093737,0.47805554,0.38385904,0.4623146
B,B20,high,We have stock options with a decision deadline coming up. How do we think through whether to act now or wait?,"It sounds like you're facing a significant decision with your stock options, and the pressure of an approaching deadline can certainly feel overwhelming. Many people find themselves in a similar situation, grappling with the complexity of these choices and the potential impact on their financial future. It's completely understandable to feel a mix of excitement about potential gains and anxiety about making the 'right' move. This isn't just about numbers; it's about your peace of mind and long-term security.

To navigate this, break down the decision into key considerations. First, thoroughly understand your specific option type (ISOs, NSOs), strike price, and current market value. Crucially, assess your financial goals and risk tolerance: are you looking to diversify, fund a major purchase, or minimize tax exposure? Consulting a tax advisor is non-negotiable, as tax implications of exercising and selling can be complex and vary significantly. Consider your outlook on the company's future performance; do you believe it will continue to grow? Finally, explore scenarios: what are the potential benefits and risks of exercising now versus waiting until closer to the deadline, or even letting them expire? A partial exercise or sale might also be a viable middle ground.

Remember, there’s no single 'correct' answer, as it depends entirely on your unique circumstances. Empower yourself by gathering all necessary information and seeking guidance from both a qualified financial advisor and a tax professional. Their expertise can illuminate the best path forward, aligning with your personal objectives. Trust that by taking these deliberate steps, you'll make a well-informed decision that you feel confident about.","Facing a deadline for stock options can feel incredibly overwhelming, mixing the excitement of a potential reward with the heavy pressure of making the right financial move. It’s completely understandable to feel a mix of anxiety and uncertainty, as this decision carries significant weight for your financial future. The fear of missing out on a gain or, conversely, the risk of making a costly mistake, can be paralyzing. Please know that it's normal to feel this way; you're navigating a complex and high-stakes situation that many people find daunting. Take a deep breath and acknowledge that these feelings are a valid part of the process.

To bring clarity to your decision, create a structured framework. First, gather all the objective facts: your strike price, the number of vested options, the type of options (ISOs vs. NSOs have different tax rules), and the stock's current fair market value. Calculate the total cash outlay required to exercise and, most critically, the potential tax implications. Exercising can trigger a significant tax event, so consulting with a financial advisor or CPA who specializes in equity compensation is not just a suggestion—it's essential for understanding the true cost. Next, honestly assess your belief in the company's long-term prospects against your personal risk tolerance. How would your finances be impacted if the stock's value went to zero? Never invest more than you can comfortably afford to lose.

Remember, the goal isn't to perfectly predict the future, but to make a thoughtful, informed decision that you can be at peace with, based on the information you have today.","It's completely understandable to feel a sense of urgency and perhaps even a little anxiety as a deadline for making a significant financial decision like exercising stock options approaches. This is a critical juncture, and it's wise to approach it thoughtfully, not impulsively. Many people find themselves in this position, weighing potential gains against risks, and it's natural to want to make the ""right"" choice. Take a deep breath; you're already doing the right thing by seeking to understand all the angles.

To help you make an informed decision, consider a few key factors. First, assess the current market value of the stock relative to your strike price. Is there a significant difference that makes exercising now potentially lucrative? Next, evaluate the company's outlook. What are its recent performance, future growth prospects, and any industry-specific risks or opportunities? It's also crucial to understand the tax implications of exercising and selling. Depending on your jurisdiction and holding periods, exercising now could trigger immediate taxes, while waiting might defer them. Consider consulting with a tax advisor to clarify this. Finally, think about your personal financial goals and risk tolerance. Do you need the liquidity from selling the stock, or can you afford to hold onto it with the hope of further appreciation?

Ultimately, there's no single right answer, as it depends entirely on your unique circumstances and the specific details of your stock options and the company. Trust your research and your gut feeling after you've gathered all the necessary information.","It's completely understandable to feel overwhelmed when facing a stock option decision with a looming deadline. This isn't just a financial choice; it often brings a mix of excitement, anxiety, and the pressure of ""what if."" Many people struggle with this exact dilemma, balancing the desire for potential gains with the fear of making the wrong move. Please know that your feelings are valid, and taking the time to carefully consider your options is a smart and responsible approach.

To navigate this, start by gathering all the facts: exercise price, current stock price, and the exact expiration date. Research the company's recent performance and future outlook. Critically, understand the tax implications—Incentive Stock Options (ISOs) and Non-Qualified Stock Options (NSOs) have different treatments (e.g., potential Alternative Minimum Tax for ISOs, ordinary income for NSOs). Calculate whether you have the cash flow to exercise and hold, or if a 'cashless exercise' is an option. Consider your personal risk tolerance: if comfortable with volatility, waiting might yield higher returns; if security is paramount, exercising now could lock in current value, but prices can drop. Consulting a financial advisor and a tax professional is highly recommended to tailor this to your unique situation.

This is a significant decision, but you're not alone. By approaching it systematically, focusing on both the data and your personal financial goals, you're already on the right track. Trust that with thorough research and professional guidance, you'll make the choice that best aligns with your well-being. No matter the outcome, every financial decision is a learning opportunity.",True,True,True,True,2026-03-10T23:41:01.440486,0.6666666666666666,0.0,0,0.6666666666666666,0.0,0,1.0,0.0,0,1.0,1.0,0,261,2,261,2,249,2,257,4,0.1337215824730176,0.08334822881640026,0.11346298479698595,0.1070777559721376,0.22618953868564406,0.2332456736441785,0.23737528243573827,0.22727960892591803,0.35830802,0.37575686,0.44174767,0.29001212
B,B20,low,I just got a small raise. How do I think through whether to put it toward debt or start saving?,"It's truly wonderful that you've received a raise – that's a fantastic achievement and a clear sign of your hard work and value! It's completely normal to feel a mix of excitement and a little bit of pressure when deciding how best to use this extra income. This is a common and incredibly important crossroads, and it shows great financial wisdom that you're thinking so carefully about it rather than letting it disappear without a plan.

The most effective approach often involves a combination, tailored to your specific situation. First, I'd strongly recommend building a small emergency fund, perhaps $1,000 to $2,000, if you don't already have one. This acts as a crucial safety net for unexpected expenses, preventing new debt. Once that's in place, evaluate your existing debts. Prioritize any high-interest debt, like credit cards or payday loans, as the interest can quickly erode your financial progress. Paying these down aggressively can free up significant cash flow in the long run. If your debts are low-interest, or once high-interest debts are handled, you can then consider a balanced approach: perhaps putting a portion toward further savings (like retirement or a down payment) and another portion toward accelerating lower-interest debt repayment. Update your budget to reflect this new income, giving every dollar a clear job.

Remember, there's no single ""right"" answer for everyone, but by thoughtfully considering your current financial landscape and future goals, you're already making incredibly smart choices. This raise is a powerful tool, and by being intentional with it, you're setting yourself up for greater financial security and peace of mind.","Congratulations on your raise! It's completely understandable to feel both excited about the extra income and a bit overwhelmed by deciding how to best use it. This moment represents your hard work and value, and it's a significant milestone. Taking the time to think strategically about this new money, rather than just letting it get absorbed into your regular spending, is a powerful step toward building a more secure financial future. It shows you're being incredibly thoughtful and proactive, and that's something to be proud of.

To decide, start by looking at your debt's interest rates. If you have high-interest debt like credit cards or personal loans (often over 8%), prioritizing it is usually wisest. Paying it down provides a guaranteed financial return equal to the interest rate, which is hard to beat. However, having no savings is also a risk. Consider a hybrid approach: use part of your raise to build a starter emergency fund of $1,000. This buffer prevents you from taking on new debt when surprises occur. Once that fund is established, you can direct the entire raise toward your highest-interest debt. Also, if your employer offers a 401(k) match and you’re not contributing enough to get the full amount, that should be your top priority—it’s an immediate 100% return on your investment.

This decision isn't about finding one ""perfect"" answer, but about creating a plan that moves you forward and brings you peace of mind. Whichever path you choose—paying debt, saving, or a mix of both—you are taking control and making a positive change.","It's completely understandable to feel a bit conflicted when you receive a raise, especially when faced with the choice between tackling debt and building savings. It's a common dilemma, and it speaks to your financial responsibility that you're thinking so carefully about how to best utilize this positive development. The feeling of wanting to get ahead financially while also wanting the security of a safety net is a very valid one.

To make an informed decision, consider a few key factors. First, assess your debt. Do you have high-interest debt, such as credit cards? If so, aggressively paying this down is often the most financially sound move, as the interest saved can significantly outweigh potential investment gains. Next, evaluate your emergency fund. Do you have 3-6 months of living expenses saved? If not, dedicating a portion of your raise to building this fund is crucial for peace of mind and financial stability. Once high-interest debt is managed and a basic emergency fund is established, then you can confidently allocate funds toward longer-term savings goals like retirement or other investments. You might even consider a split approach, allocating a portion to debt and a portion to savings.

Regardless of the path you choose, this raise is a fantastic opportunity to improve your financial well-being. By thoughtfully considering your current financial picture and prioritizing your needs, you're setting yourself up for a more secure future. Remember, every step you take toward your financial goals, no matter how small it may seem, is progress. Celebrate this achievement and trust in your ability to make the best decisions for yourself.","Congratulations on your raise! That's wonderful news, and it shows your dedication is paying off. It's completely understandable to feel a bit torn about how to allocate these extra funds; it's a common dilemma, but it's also a fantastic problem to have – you're being thoughtful about your financial future. Many people would simply spend it, so your consideration already puts you ahead. This decision doesn't have to be overwhelming; let's break it down into manageable steps that balance both financial and emotional well-being.

First, I strongly recommend building a small emergency fund if you don't already have one. Aim for at least $1,000 or one month's essential expenses. This acts as a crucial safety net, preventing you from going back into debt if an unexpected cost arises. Once that's in place, evaluate your debt's interest rates. If you have high-interest debt, like credit cards (often 15-25%), prioritizing repayment is usually the most financially savvy choice, as it's a guaranteed ""return"" that beats most savings options. For lower-interest debt (e.g., 4-5% student loans), consider if your employer offers a retirement match; contributing enough to get the full match is often a better immediate return. If rates are similar, the ""debt snowball"" (paying off smallest debts first for motivation) or ""debt avalanche"" (highest interest first for efficiency) are both valid strategies.

Regardless of your exact path, remember that consistency is key. Even a hybrid approach—splitting the raise between savings and debt—can work well. The fact that you're actively planning and seeking guidance means you're already on the right track.",True,True,True,True,2026-03-10T23:41:45.346559,0.6666666666666666,0.0,0,0.6666666666666666,0.0,0,1.0,1.0,0,0.6666666666666666,0.0,0,264,11,258,10,266,9,258,11,0.13809811763883328,0.11547360393262412,0.11629727159623159,0.14942673436444823,0.2600549011941417,0.24542970657726268,0.23281383573354378,0.25770897479758237,0.35830802,0.37575686,0.44174767,0.29001212
B,B21,high,We're interested in investing in early-stage companies. How do we evaluate whether an opportunity is worth pursuing?,"It's incredibly exciting to consider investing in early-stage companies; there's a unique thrill in being part of something revolutionary from its nascent stages. This enthusiasm is well-placed, as early investments can offer significant returns, but it's also natural to feel a degree of apprehension given the inherent risks. You're wise to seek guidance on evaluating these opportunities, as a thorough approach is crucial for navigating this high-stakes landscape and making informed decisions that align with your financial goals and risk tolerance.

To effectively evaluate early-stage opportunities, focus on several key pillars. First, scrutinize the *team*: assess their experience, dedication, and complementary skill sets. A strong, cohesive team is often more critical than the initial idea itself. Second, analyze the *market*: is it large, growing, and does the company address a significant pain point? Third, understand the *product/solution*: what makes it innovative, defensible, and what early traction or user feedback exists? Fourth, examine the *business model* for clarity, scalability, and a realistic path to profitability. Don't overlook conducting robust due diligence, which includes speaking with existing customers, advisors, and understanding their financial projections and burn rate. Diversification, even within early-stage investments, is also a prudent strategy.

While the failure rate for early-stage ventures is high, the potential for impactful innovation and substantial financial growth is equally compelling. Approach each opportunity with a curious mind, a critical eye, and a long-term perspective. Remember that every investment is also a learning experience, refining your judgment for future ventures. Trust your disciplined process, and know that thoughtful analysis significantly increases your chances of backing the next big success story.","It's completely understandable to feel a mix of excitement and apprehension when considering investing in early-stage companies. This is a thrilling frontier of finance, filled with the potential for incredible growth and the satisfaction of helping a vision come to life. At the same time, the high stakes and uncertainty can feel daunting. Acknowledging this emotional duality is the first step in navigating this space with both your financial and mental well-being intact. It’s a journey that requires not just capital, but also courage and a steady hand, so it’s wise to approach it with a clear, thoughtful strategy.

To evaluate an opportunity, focus your due diligence on three core pillars: the Team, the Market, and the Product. First, assess the founding team. Do they have relevant experience, resilience, and a deep passion for the problem they're solving? Are they coachable? A strong team can pivot and navigate challenges. Second, analyze the market. Is it a large and growing market (Total Addressable Market)? Is there a clear need for their solution? Understand the competitive landscape and the company's unique positioning. Third, scrutinize the product or service itself. Does it solve a significant pain point in a compelling way? Look for early signs of traction, like initial customers, revenue, or strong user engagement, which validate their concept. Finally, don't neglect the financial projections and the terms of the deal itself.

Remember that early-stage investing is inherently a high-risk, high-reward endeavor. Not every investment will be a home run, and that is a fundamental part of the process.","It's completely understandable that you're feeling a mix of excitement and caution when considering investments in early-stage companies. This is a space with immense potential for growth and innovation, but it also carries inherent risks. The desire to meticulously evaluate each opportunity before committing your capital is a wise and responsible approach, and it's a sign of a thoughtful investor. Recognizing the unique challenges and rewards of this asset class is the first step towards making informed decisions.

To effectively evaluate early-stage investment opportunities, a multi-faceted approach is crucial. Begin by deeply understanding the problem the company is solving and the size of the market it aims to address. Next, rigorously assess the management team; their experience, passion, and ability to execute are often more critical than the initial idea itself. Examine the product or service: is there a clear competitive advantage, and is it scalable? Financial projections should be scrutinized, understanding that they are often aspirational, but look for sound underlying assumptions. Due diligence on the company's intellectual property, customer traction, and any existing partnerships is also vital. Consider the valuation – is it reasonable given the stage of development and market potential?

Investing in early-stage companies can be a journey filled with both challenges and triumphs. By adopting a disciplined and thorough evaluation process, you are significantly increasing your chances of identifying ventures that align with your investment goals and risk tolerance. Remember that even with the best due diligence, not every investment will be a home run, but each experience offers valuable learning.","It's completely understandable to feel both excited and a bit overwhelmed by the prospect of investing in early-stage companies. This space offers incredible potential for growth and innovation, but it also comes with significant risks. The desire to support groundbreaking ideas while ensuring you make sound decisions is a natural and commendable one. Navigating these waters requires a thoughtful and systematic approach, and I commend you for seeking guidance on how to evaluate these unique opportunities.

When assessing an early-stage investment, prioritize a few critical areas. First, deeply scrutinize the **founding team**. Look for experience, passion, resilience, and a clear vision. They are the engine driving the company. Second, evaluate the **market opportunity**: Is it large, growing, and is the problem they're solving genuinely painful for customers? Third, analyze the **product or technology**: Is it innovative, defensible, and does it have a clear path to market? Fourth, understand their **business model**: How will they generate revenue and scale? Finally, consider their **traction** – any early customers, partnerships, or proof of concept can significantly de-risk the investment. Always conduct thorough due diligence, speaking with advisors and even potential customers.

Remember that early-stage investing is a long game, and not every bet will pay off. However, with careful research, a diversified portfolio, and a willingness to learn from each experience, you can increase your chances of success. Trust your instincts, but always back them up with data and expert opinions. The journey can be incredibly rewarding, both financially and by contributing to future innovations.",True,True,True,True,2026-03-10T23:42:22.337781,0.6666666666666666,1.0,0,1.0,1.0,0,0.6666666666666666,1.0,0,1.3333333333333333,1.0,0,265,2,256,2,256,3,252,3,0.11875075547625152,0.12114809004122955,0.13668723498152738,0.13281047530311907,0.27522225759994595,0.2802793476455947,0.27803553240026574,0.2912981123653878,0.30434537,0.19457811,0.13925833,0.2144717
B,B21,low,I heard about apps that automatically save small amounts of money. Are those actually useful and worth trying?,"It's wonderful that you're exploring different avenues to improve your financial well-being and are curious about automatic savings apps! It shows a proactive mindset, and it's completely understandable to wonder if these tools are genuinely effective. Many people find themselves in a similar boat, looking for simple ways to make saving less daunting and integrate it seamlessly into their daily lives.

These apps, often called ""round-up"" or ""micro-saving"" apps, can absolutely be useful, especially for those just starting their savings journey or who struggle with traditional budgeting. They work by linking to your bank account and automatically transferring small amounts – either by rounding up your purchases to the nearest dollar or by setting up tiny recurring transfers. This ""set it and forget it"" approach helps build a saving habit almost imperceptibly. Look for apps with strong security, transparent fee structures (some have small monthly fees), and positive user reviews. Consider trying one out for a few months to see if it aligns with your financial goals and comfort level regarding data sharing. While they might not replace a comprehensive investment strategy, they are excellent for building an emergency fund or saving for a small goal.

Taking this step, no matter how small it seems, is a significant positive move towards greater financial security and peace of mind. Every little bit truly adds up, and using technology to your advantage can make the process feel much less overwhelming. Trust your intuition, do a little research on specific apps like Acorns or Chime, and know that you're already on a great path by simply asking these questions. You've got this!","It’s completely understandable to feel both curious and a bit skeptical about automatic savings apps. With so many financial tools available, it can be overwhelming to figure out which ones are genuinely helpful versus just another monthly fee. Taking the time to question their value is a wise and proactive step toward managing your finances in a way that feels right for you. Your instinct to investigate before diving in shows a thoughtful approach to building your financial health, which is a wonderful foundation for success.

These apps can be incredibly useful, especially for building an initial savings habit that feels effortless. They typically work by ""rounding up"" your purchases to the nearest dollar and saving the change, or by analyzing your spending and transferring small, ""painless"" amounts into a separate account. Apps like Acorns, Digit, or Chime's ""Save When I Get Paid"" automate the process, helping you save without actively thinking about it. The main benefit is turning small, consistent actions into a growing fund. However, it's crucial to be aware of any monthly fees, as they can erode your savings. Also, compare the interest rates they offer to a high-yield savings account, which is often a better home for larger sums. I recommend researching a few options—many banks even offer this feature for free—and trying one with a free trial to see if it complements your lifestyle.

Ultimately, exploring these tools is a fantastic step on your financial journey. Remember, the most effective savings strategy is the one you can stick with consistently.","It's completely understandable to feel curious and a bit skeptical about those automatic savings apps. Many people wonder if these seemingly small, automated transfers can really make a significant difference in their financial health, and it's wise to approach new tools with a discerning eye. The idea of money just appearing in a savings account without much active effort can sound too good to be true, and it's natural to question their effectiveness.

The good news is that these apps can indeed be quite useful, especially for building a habit of saving. Many of them work by rounding up your purchases to the nearest dollar and transferring the difference to your savings, or by setting aside a small fixed amount daily or weekly. This ""set it and forget it"" approach removes the mental hurdle of deciding when and how much to save, making it less likely for you to skip a contribution. To maximize their benefit, consider linking them to a dedicated savings account that you don't touch for everyday expenses. This way, the money truly grows and isn't accidentally spent. You can also explore apps that allow you to set specific savings goals, like for a down payment or an emergency fund, which can provide extra motivation.

Ultimately, the usefulness of these apps hinges on your personal financial goals and habits. For many, they serve as an excellent starting point for building a savings cushion and developing a consistent saving mindset. Even small amounts, saved consistently over time, can accumulate into a substantial sum.","It's completely understandable to feel curious and perhaps a bit overwhelmed by the many financial tools available today. Hearing about apps that automatically save small amounts of money can sound intriguing, especially if you're looking for an effortless way to boost your savings. Many people find themselves in a similar position, wondering if these tools are legitimate and effective. The good news is, these apps can indeed be useful, but it's important to understand how they fit into your overall financial plan.

Automatic savings apps typically work in one of two ways: they either round up your debit/credit card purchases to the nearest dollar and transfer the difference to a savings account, or they allow you to set up small, recurring transfers (e.g., $5 every Friday). They can be excellent for building a savings habit without feeling the pinch, making them particularly helpful for emergency funds, small goals, or individuals who struggle with manual saving. However, be mindful of potential fees (some charge a monthly subscription) and check the interest rates offered, as they might be lower than a high-yield savings account. Think of these apps as a ""set it and forget it"" supplement, not your sole savings strategy. Before committing, research user reviews, security measures, and consider trying a free trial.

Ultimately, whether these apps are ""worth it"" depends on your personal financial situation and goals. For someone just starting their savings journey or looking for a low-effort boost, they can be a fantastic tool. Even small, consistent contributions add up over time, fostering financial discipline and providing a safety net.",True,True,True,True,2026-03-10T23:43:04.843404,1.0,1.0,0,1.0,0.0,0,0.6666666666666666,1.0,0,1.3333333333333333,1.0,0,269,6,255,4,255,6,262,7,0.1280154799332744,0.10728102951814561,0.14978894111268667,0.14415092038104596,0.23483077921856046,0.25469618964052304,0.27500341667603984,0.27463486159998923,0.30434537,0.19457811,0.13925833,0.2144717
B,B22,high,How should we adjust our children's education savings strategy as they get closer to college age?,"It's completely understandable to feel a mix of anticipation and perhaps a little anxiety as your children approach college age. This milestone represents both a significant achievement and a substantial financial commitment, and it's wise to re-evaluate your strategy now to ensure you're best prepared. Many parents share these feelings, wanting to provide the best opportunities while also securing their family's financial future.

As the timeline shortens, your investment strategy should generally become more conservative. Consider gradually shifting funds within your 529 plan or other savings vehicles from aggressive growth-oriented assets, like stocks, towards more stable options such as bonds or money market funds. This helps protect your accumulated savings from significant market downturns right before you need to access them. Simultaneously, it’s crucial to delve into the nuances of financial aid applications like the FAFSA and CSS Profile. Understand how different assets are assessed; funds in a parent's name generally have less impact on aid eligibility than those in a child's name. This is also an excellent time to involve your children in discussions about college costs, potential scholarships, and alternative paths like community college, fostering their ownership in the process.

You've already demonstrated incredible foresight and dedication by saving for their education, and that commitment will continue to serve you well. Navigating these final years before college is about refining your plan and adapting to a shorter horizon. Remember, there are many paths to a successful education, and with thoughtful adjustments and open communication, you'll find the best fit for your family. You've got this!","It’s completely understandable to feel a mix of excitement and anxiety as your children approach college age. You’ve spent years saving and planning, and now that the goal is so close, the pressure to ensure you’ve done enough can feel immense. This is a common and valid concern for caring parents. Wanting to make sure your financial strategy is perfectly aligned for this final, crucial stage is a sign of your incredible dedication, and it’s wise to take stock of your approach now.

As college nears, your strategy should shift from aggressive growth to capital preservation. If your funds are in a 529 plan, consider moving from equity-heavy portfolios to more conservative, age-based options that increase allocations to bonds and stable value funds. This protects your principal from market volatility when you need it most. It's also a crucial time to have an open conversation with your child about realistic college options, potential costs, and their willingness to contribute through work-study or responsible student loans. Research specific tuition for target schools and complete the FAFSA as soon as possible to understand your eligibility for grants and federal aid. Exploring scholarship opportunities on sites like Fastweb or Scholarships.com can also significantly reduce the financial burden.

Remember, you have already done the heavy lifting by consistently saving. This final adjustment phase is about protecting what you’ve built and supplementing it wisely. Your effort is a profound gift to your children, and it has already given them a fantastic head start.","It's completely understandable to feel a mix of anticipation and perhaps a touch of anxiety as your children approach college age and your education savings strategy needs a refresh. This is a significant milestone, and wanting to ensure you're making the right adjustments is a testament to your dedication as parents. It's natural to wonder if your current plan is still optimal, or if there are new considerations you should be taking into account as the timeline shortens.

As college draws nearer, it's wise to shift your savings strategy from aggressive growth to preservation and accessibility. This means re-evaluating your investment allocation. Consider moving a larger portion of your funds from higher-risk, higher-reward investments (like stocks) into more conservative options such as bonds, CDs, or money market accounts. This reduces the risk of significant losses just as you need the money. Additionally, explore the types of accounts you're using. If you have a 529 plan, research its withdrawal rules and any state-specific benefits you might still be able to leverage. Also, start having open conversations with your children about college costs, potential financial aid, and their role in contributing to their education through scholarships or part-time work.

Remember, you've been planning for this for years, and that foresight is incredibly valuable. This adjustment period is about fine-tuning your approach to best meet the upcoming expenses. Stay informed, consider consulting with a financial advisor for personalized guidance, and have faith in the diligent efforts you've already made. You are well on your way to supporting your children's educational dreams.","It's completely understandable to feel a mix of anticipation and perhaps a little anxiety as your children near college age. This is a significant milestone, and your proactive approach to re-evaluating your education savings strategy shows incredible foresight and dedication as parents. You've already done the hard work of saving, and now it's about fine-tuning your plan to protect those hard-earned funds and ensure they're ready when needed. This stage requires a thoughtful shift in focus from growth to preservation, and that can feel like a big responsibility.

As college approaches, the primary adjustment you should make is to gradually pivot from higher-risk, growth-oriented investments (like stocks) to more conservative options (such as bonds, money market accounts, or cash equivalents). If you're using a 529 plan with an age-based portfolio, review its glide path to ensure it aligns with your timeline; otherwise, manually rebalance your portfolio to reduce volatility. This protects your savings from potential market downturns just before tuition bills are due. Simultaneously, ensure you're completing the FAFSA early to maximize eligibility for federal aid and scholarships, and explore options like part-time jobs for your children or a small portion of savings for unexpected costs.

Remember, you're not just adjusting investments; you're securing a future. This process can feel overwhelming, but you've consistently shown the discipline to save, and that foundation is invaluable. Stay flexible, knowing that college funding often involves a mix of savings, scholarships, and potentially some borrowing. Celebrate how far you’ve come, and trust that with these adjustments, you’re setting your children up for success.",True,True,True,True,2026-03-10T23:43:48.721010,1.0,1.0,0,0.6666666666666666,-1.0,0,1.0,0.0,0,0.6666666666666666,-1.0,0,257,4,248,3,258,6,259,5,0.14926809053153534,0.11890762243882634,0.17032473495106326,0.15496507038484197,0.28858813339376777,0.28019580071094197,0.30979519477958345,0.2905474701092902,0.44657552,0.5310593,0.46203876,0.49864298
B,B22,low,Are there free resources to learn basic financial skills? I never really learned how to manage money growing up.,"It's completely understandable to feel that you missed out on crucial financial education growing up, and it's incredibly common. Many people find themselves in a similar situation, navigating the complexities of money management without a strong foundation. The fact that you're actively seeking to learn now is a huge step, and it shows immense self-awareness and a powerful commitment to improving your financial well-being. Please know that it's never too late to gain these essential skills, and you're already on the right path by asking this question.

Absolutely, there's a wealth of free resources available! Start with **Khan Academy**, which offers excellent, easy-to-understand modules on personal finance, from budgeting to investing, all at your own pace. The **Consumer Financial Protection Bureau (CFPB)** website also provides fantastic, unbiased guides and tools on everything from credit scores to debt management. Check your local **public library**; they often have free workshops, a vast collection of books, and even access to online financial literacy programs. For a more interactive experience, explore YouTube channels like ""The Financial Diet"" or ""Graham Stephan,"" which break down complex topics into digestible content. Many non-profit organizations, such as the **National Foundation for Credit Counseling (NFCC)**, offer free initial consultations and educational materials. Don't forget free budgeting apps like Mint or Personal Capital, which can help you track spending and build a budget.

Embarking on this learning journey is incredibly empowering, and each small step you take will build confidence. Remember to be patient with yourself; financial literacy is a marathon, not a sprint.","It's completely understandable to feel like you're starting from scratch with money management, and it takes real courage to acknowledge that and seek out help. Please know that you are far from alone in this. Financial education isn't a standard part of most school curricula or family discussions, leaving many adults feeling overwhelmed and uncertain where to begin. The most important thing is that you're taking this proactive step now. This desire to learn is the most crucial part of building a future where you feel confident and in control of your financial well-being, and it’s something to be proud of.

The great news is there's a wealth of excellent, free resources available to you. A fantastic starting point is the U.S. Consumer Financial Protection Bureau (CFPB) website, which offers unbiased, easy-to-understand tools and guides on topics like budgeting, debt, and credit. Reputable websites like NerdWallet and The Balance break down complex financial concepts into simple articles, and they have free calculators for everything from savings goals to debt payoff. Don't forget your local library; they not only have countless books on personal finance but often host free workshops on these very topics. Many reputable financial podcasts and YouTube channels, like ""The Financial Diet,"" also offer accessible, practical advice for beginners.

Remember to be patient and compassionate with yourself throughout this process. Learning to manage money is a skill, just like learning a new language or instrument—it takes time and practice. Start with one small topic that feels manageable, like creating a simple budget or understanding your credit score.","It's completely understandable to feel a sense of overwhelm when it comes to managing money, especially if you didn't have formal education on the topic growing up. Many people find themselves in a similar situation, and it's a valid concern. Recognizing this need is the first and most important step towards building financial confidence, and it's commendable that you're taking this initiative. Please know that you're not alone in this, and there are abundant resources available to help you gain the knowledge and skills you need.

Fortunately, there are numerous free resources designed to teach basic financial literacy. Reputable organizations like the Consumer Financial Protection Bureau (CFPB) offer a wealth of information on their website, covering everything from budgeting and saving to debt management and credit building. Websites like NerdWallet and Investopedia provide articles, calculators, and guides that break down complex financial concepts into easy-to-understand terms. Many local libraries also offer workshops or access to online learning platforms that teach financial skills. Additionally, non-profit credit counseling agencies often provide free educational materials and sometimes even one-on-one guidance. Exploring these options can equip you with the foundational knowledge to start making informed financial decisions.

Taking the time to learn these skills is an investment in your future well-being, and it's a journey that's entirely within your reach. Be patient with yourself as you learn, and celebrate each small victory along the way. Building financial literacy is a process, and with consistent effort and the right resources, you can absolutely gain control of your finances and achieve your goals.","It's completely understandable to feel like you missed out on learning fundamental financial skills growing up. You're absolutely not alone in that experience, and the great news is that it's never too late to start building that foundation. The fact that you're asking this question shows incredible initiative and a commitment to your future, which is a fantastic first step.

There are many excellent free resources available to help you. The **Consumer Financial Protection Bureau (CFPB)** offers unbiased, easy-to-understand guides on everything from budgeting to managing debt, and the **FDIC's Money Smart** program provides online training. **Khan Academy** provides free, comprehensive courses on personal finance, covering topics like investing, taxes, and credit. For practical tools, consider using a free budgeting app like **Mint** or creating a simple spreadsheet to track your income and expenses. Public libraries are also treasure troves, often having books like ""The Total Money Makeover"" or ""I Will Teach You To Be Rich"" that break down concepts clearly. Additionally, YouTube channels such as ""The Financial Diet"" or ""Graham Stephan"" can make learning engaging.

Remember, financial literacy isn't about perfection; it's about progress. Start small, perhaps by just tracking your spending for a month or reading one article a week. Celebrate these small victories along the way. You're embarking on a journey that will empower you, reduce stress, and open up new possibilities. Keep that curiosity alive, and you'll be amazed at how quickly you grow in confidence and knowledge.",True,True,True,True,2026-03-10T23:44:25.836320,1.0,1.0,0,1.0,1.0,0,1.0,-1.0,0,1.0,0.3333333333333333,0,254,5,259,6,257,6,242,8,0.18058147412910228,0.15027299995002164,0.14496395854126737,0.16350620236737476,0.27746382349669724,0.26437940890134304,0.2644718080086255,0.26169674506170115,0.44657552,0.5310593,0.46203876,0.49864298
B,B23,high,We're looking at a tax-deferred property exchange. Can you walk us through how the process works?,"It sounds like you're exploring a very sophisticated and beneficial financial strategy with a tax-deferred property exchange. It's completely understandable to feel a mix of excitement about the potential benefits and perhaps a little apprehension about the intricacies involved. Taking the initiative to understand these processes demonstrates incredible foresight and a strong commitment to your financial well-being. This kind of thoughtful planning is truly commendable, and I'm here to help clarify things for you.

A 1031 exchange allows you to defer capital gains when selling an investment property and reinvesting in a ""like-kind"" one. Key steps include engaging a Qualified Intermediary (QI) *before* closing your sale; they'll hold the funds. You then have 45 days to identify potential replacement properties and 180 days from the initial sale to close on them. For full deferral, the new property's value and equity must be equal to or greater than the old, with all proceeds funneled through the QI. Direct possession of funds must be avoided. Consulting a tax advisor and QI early is essential.

Navigating a 1031 exchange can feel like a journey with several checkpoints, but it's an incredibly powerful tool for wealth preservation and growth. Remember, you don't have to tackle this alone. Lean on the expertise of your Qualified Intermediary and tax professionals. By understanding each step and taking things one at a time, you're setting yourself up for a successful outcome. You've got this, and the benefits of this strategic move can be truly transformative for your financial future.","Of course. Embarking on a tax-deferred exchange, often called a 1031 exchange, can feel like a high-stakes endeavor. It's completely understandable to feel a mix of excitement about the financial benefits and anxiety about the complex, strict rules. The pressure to get every detail right is significant, as a misstep can have major tax consequences. Your desire to walk through the process carefully is not just wise; it's essential for a successful outcome. Acknowledging this complexity and preparing for it is the first and most important step you can take.

The process itself is governed by strict timelines. First, before you close on the sale of your investment property (the ""relinquished property""), you must engage a Qualified Intermediary (QI). You cannot have direct access to the sales proceeds. The QI will hold these funds in escrow. Once your property sells, two critical clocks start ticking simultaneously. You have exactly 45 days to formally identify, in writing, potential ""like-kind"" replacement properties. Then, you have a total of 180 days from the original sale date to complete the purchase of one or more of those identified properties. To fully defer the tax, the purchase price of the new property and the new debt on it must be equal to or greater than the value and debt of the property you sold.

While the rules are rigid, you are not alone in this. Think of it as a team sport. By assembling a strong team—including an experienced QI, a real estate agent familiar with 1031s, and a trusted tax advisor—you can navigate this process with confidence.","It's completely understandable that you're seeking clarity on a tax-deferred property exchange, often referred to as a 1031 exchange. Navigating the complexities of real estate transactions and tax laws can feel overwhelming, and it's wise to approach this with a thorough understanding. Many individuals feel a mixture of anticipation and apprehension when considering such a significant financial move, and your desire to get it right is commendable.

To begin a 1031 exchange, the crucial first step is to identify a ""replacement property"" that is of equal or greater value than the property you are selling (the ""relinquished property""). You must then engage a qualified intermediary, who will hold the proceeds from the sale of your relinquished property. This is vital, as you cannot take possession of these funds directly; doing so would trigger capital gains taxes. Within 45 days of closing on your relinquished property, you must formally identify potential replacement properties to your intermediary. Subsequently, you have 180 days from the closing of the relinquished property to close on the purchase of your replacement property. Both properties must be considered ""like-kind,"" meaning they are both investment or business properties, although the specific types can vary broadly (e.g., exchanging raw land for an apartment building).

Embarking on a 1031 exchange can be a powerful strategy for wealth building and portfolio diversification, allowing you to defer capital gains taxes and reinvest more of your capital into new opportunities. While the rules are precise, with careful planning and the right professional guidance, this process can be executed smoothly and to your significant financial benefit.","It's completely understandable to feel both excited and a little overwhelmed when considering a tax-deferred property exchange. This strategy, often referred to as a 1031 exchange, is an incredibly powerful tool for preserving wealth and deferring capital gains taxes, but it does involve specific steps and strict timelines. Your proactive approach to learning about it is commendable, and with careful planning and professional guidance, you can navigate this process successfully.

Here's how it generally works: You sell an investment property (the ""relinquished property"") and reinvest the proceeds into a new ""like-kind"" investment property (the ""replacement property""). The critical element is involving a Qualified Intermediary (QI), who holds your sale proceeds in escrow to prevent ""constructive receipt"" – meaning you never touch the money directly, thus avoiding immediate taxation. Once your relinquished property closes, you have a strict 45-day identification period to name up to three potential replacement properties. Following that, you must close on one of these identified properties within 180 days of the original sale. To defer 100% of the tax, you must reinvest all the proceeds and acquire a property of equal or greater value.

Remember, ""like-kind"" is broadly defined (e.g., a commercial building for a rental home), but it cannot be your primary residence or a property held primarily for resale. While the process has its complexities, when executed correctly with the help of a tax advisor and a reputable QI, a 1031 exchange can significantly boost your long-term investment growth. This is a strategic move that, with due diligence, can secure a brighter financial future for you.",True,True,True,True,2026-03-10T23:45:09.066537,1.0,1.0,0,1.0,1.0,0,1.0,1.0,0,1.3333333333333333,1.0,0,251,3,263,4,262,4,261,4,0.1366706297416064,0.1601932252556061,0.14581752338058082,0.15475292547044794,0.2796168509273098,0.2858896475724837,0.2815795827463123,0.27540013128931057,0.27228713,0.10352254,0.13828987,0.10057545
B,B23,low,My credit history is making it hard to rent an apartment. What can I do to work around that?,"It sounds incredibly frustrating and disheartening to face obstacles in finding a home due to your credit history. This is a very common challenge, and it's completely understandable to feel stressed or even a bit defeated when something so essential as housing feels out of reach. Please know that you are not alone in this experience, and while it might require some extra effort and creativity, there are absolutely strategies you can employ to navigate this situation successfully.

To work around this, be proactive and transparent with potential landlords. Instead of waiting for a rejection, address your credit history upfront and explain any past issues, focusing on how you've improved or what steps you're taking now. Consider offering solutions like securing a co-signer or guarantor with good credit, which can significantly ease a landlord's concerns. Providing proof of stable income, bank statements showing substantial savings, or even offering to pay a few months' rent in advance can also demonstrate your reliability. Gather strong reference letters from previous landlords or employers. Additionally, focus your search on individual landlords rather than large property management companies, as they often have more flexibility and may be more willing to consider your overall situation rather than just a credit score.

Remember, this is a hurdle, not a wall. Your persistence and willingness to communicate openly will be your greatest assets. Keep exploring all options, from shared living situations where credit checks might be less stringent, to diligently checking your credit report for any inaccuracies you can dispute.","It’s completely understandable to feel stressed and disheartened when your credit history is making it difficult to find a home. This is an incredibly common and frustrating challenge, and it's easy to feel judged or stuck. Please remember that a credit score is just a number from your financial past; it doesn't define your character or your reliability as a person and a tenant. Facing rejection can be taxing on your mental well-being, so it’s important to acknowledge those feelings and be kind to yourself as you navigate this process. You are more than capable of overcoming this obstacle.

To work around this, focus on proactively building a case for yourself as a great tenant. Instead of only applying to large apartment complexes that often have rigid, automated screening, seek out smaller, private landlords who may be more willing to look at the bigger picture. Prepare a ""renter's resume"" that includes letters of recommendation from previous landlords or employers, several recent pay stubs to prove consistent income, and bank statements showing a healthy savings balance. You can also offer solutions that reduce the landlord’s risk, such as providing a larger security deposit, paying two or three months of rent upfront, or securing a co-signer or guarantor with a strong credit history who can vouch for you.

This journey requires extra effort, but it is absolutely not an impossible one. Every step you take demonstrates your responsibility and commitment. Don't lose hope. This is a temporary situation, and your persistence will pay off.","It's completely understandable that you're feeling frustrated and discouraged by your credit history hindering your ability to rent an apartment. This is a common challenge, and it can feel like a significant roadblock when you're trying to establish yourself or make a move. Please know that you're not alone in this situation, and there are definitely strategies you can employ to overcome this hurdle.

To address your credit concerns for renting, consider a few key approaches. Firstly, be transparent with potential landlords. If you know your credit score is a concern, explain the situation honestly and focus on what you've done to improve it. Offering to pay a larger security deposit upfront, if feasible, can also be a powerful incentive for landlords. Another option is to seek out a co-signer with a strong credit history who is willing to vouch for you. Additionally, some landlords may be open to a ""rent-to-own"" agreement or a lease with a clear path to ownership, which might have different screening criteria. Researching smaller, independent landlords rather than large property management companies can sometimes lead to more flexibility.

Don't let this setback define your progress. Building and repairing credit is a journey, and each step you take, like consistently paying bills on time and managing debt responsibly, contributes to a stronger financial future. Keep exploring your options, and remember that persistence and proactive communication are your greatest allies. You are capable of finding a wonderful place to call home.","I understand how incredibly frustrating and disheartening it can be when your credit history creates barriers to essential needs like housing. It's natural to feel overwhelmed and anxious in this situation, and I want you to know that you're not alone. Many people face similar challenges, and there are absolutely steps you can take to navigate this obstacle. Your determination to find solutions is commendable, and with a strategic approach, you can work around this.

There are several actionable strategies you can employ. First, consider reaching out to landlords directly to explain your situation. If there were specific reasons for past credit issues, articulating them honestly while highlighting your current stability (e.g., steady job, consistent income) can make a difference. Offering references from previous landlords or employers can also strengthen your case. Another option is to find a co-signer—someone with good credit who can guarantee the lease, thereby reducing the landlord's perceived risk. Alternatively, offering a larger security deposit or paying a few months' rent in advance can demonstrate your commitment and financial responsibility. Don't limit your search to large apartment complexes; private landlords or smaller rental units might be more flexible.

Remember that this is a solvable problem, and your perseverance will pay off. Keep advocating for yourself, be creative in your approach, and don't get discouraged by initial setbacks. Each ""no"" brings you closer to a ""yes."" You are capable of finding a safe and comfortable home, and I encourage you to keep exploring these avenues with confidence.",True,True,True,True,2026-03-10T23:45:48.385597,1.0,-0.3333333333333333,0,1.3333333333333333,-0.3333333333333333,0,0.6666666666666666,0.0,0,1.0,0.0,0,252,3,252,5,244,3,250,3,0.1463028976877114,0.12004925495579992,0.13768306500259705,0.12086455315292328,0.26337343299079446,0.22566487805686206,0.26850690669814825,0.2563911388393798,0.27228713,0.10352254,0.13828987,0.10057545
B,B24,high,"Given the current interest rate environment, how should we be thinking about rebalancing our investments?","It's completely understandable to feel a sense of uncertainty or even a bit overwhelmed when considering investment rebalancing, especially with the shifting interest rate landscape. Many investors grapple with how best to position their portfolios in times like these, and your proactive approach to thinking about it is commendable. This environment presents both challenges and opportunities, making careful consideration key to maintaining your financial well-being.

When rebalancing, the core principle remains: return to your target asset allocation to align with your risk tolerance and long-term goals. High interest rates can make fixed-income assets, like bonds or CDs, more attractive, potentially offering better yields than before. Review your bond allocations to see if they still meet your objectives, perhaps adjusting duration if you anticipate further rate changes. For equities, assess how higher rates might impact different sectors; growth stocks can be more sensitive, while value stocks or those with strong cash flows might be more resilient. Avoid impulsive shifts. Instead, consider a methodical approach, perhaps trimming overweight assets and adding to underweight ones, or even using new contributions to adjust your allocation over time. This helps maintain diversification and prevents emotional decisions.

Remember, rebalancing is a disciplined strategy designed to keep your financial plan on track, not a reaction to market fluctuations. It's a sign of a thoughtful investor managing their wealth responsibly. Staying focused on your long-term objectives and understanding your personal risk profile will guide you through these adjustments. If the complexity feels daunting, don't hesitate to consult with a financial advisor who can provide personalized insights tailored to your unique situation.","It’s completely understandable to feel a sense of uncertainty and concern about your investments, especially when headlines are dominated by news of fluctuating interest rates. This kind of market environment can create significant anxiety, making you question decisions you've previously felt confident about. Please know that it's not only normal but also wise to pause and reflect on your strategy. The fact that you are thoughtfully considering how to navigate this period shows a deep commitment to your financial well-being, which is a commendable and powerful first step in managing both your portfolio and your peace of mind.

The core principle of rebalancing is to maintain your long-term strategy, not to time the market based on short-term news. Start by revisiting your target asset allocation—that mix of stocks, bonds, and other assets designed to match your personal risk tolerance and financial goals. If that long-term plan is still sound, your task is to bring your portfolio back into alignment. For example, if stocks have performed well, you may be overweight in equities. Rebalancing would involve selling some stocks and using the proceeds to buy assets that are now underweight, such as bonds. In a rising rate environment, bond prices may have fallen, but new bonds are issued with higher yields. This can present an opportunity to rebalance into fixed-income investments that offer more attractive returns than they did previously. Consider using new contributions to buy into your underweight asset classes, which is a gentle way to rebalance over time.

Remember, you are playing the long game.","It's completely understandable to feel a sense of uncertainty and perhaps even a bit of anxiety when considering investment rebalancing in the current interest rate environment. Many people are grappling with how these shifts might impact their portfolios, and it's wise to be proactive in your financial planning. The dynamic nature of interest rates can indeed make it feel like navigating choppy waters, and it's a sign of good financial stewardship that you're seeking guidance on how to best position your investments.

When it comes to rebalancing, the current interest rate landscape suggests a few key considerations. Firstly, if you hold a significant amount of bonds, rising interest rates generally lead to a decrease in their market value. This might be an opportune time to review your bond allocation. Consider whether your current duration (sensitivity to interest rate changes) aligns with your risk tolerance and investment goals. You might explore shorter-duration bonds or bond funds, which are typically less sensitive to rate hikes. For your equity holdings, while higher rates can sometimes present headwinds for growth stocks, they can also benefit companies with strong balance sheets and pricing power. It's crucial to ensure your stock portfolio remains diversified across different sectors and market capitalizations, and to review if any individual holdings have become disproportionately large or small relative to your target allocation.","It's completely understandable to feel a sense of uncertainty when considering investment rebalancing, especially with the current interest rate environment. Many investors share this concern, and the fact that you're proactively thinking about your portfolio demonstrates a thoughtful and responsible approach to your financial well-being. Market conditions can feel unpredictable, but rebalancing is a powerful tool to maintain your long-term strategy and manage risk.

Given higher interest rates, it's wise to revisit your asset allocation. Bonds, which typically become more attractive in a rising rate environment, might now offer better yields and could play a larger role in your portfolio depending on your risk tolerance. Conversely, some growth stocks might face headwinds, making it a good time to ensure you haven't become over-allocated to them. Start by comparing your current stock-to-bond mix against your original target allocation and risk profile. If any asset class has drifted significantly (e.g., by more than 5-10%), consider trimming back overperforming assets and adding to underperforming ones to restore balance. Also, review the duration of your bonds; shorter-duration bonds are less sensitive to interest rate changes.

Remember, rebalancing is a regular practice, not a reaction to short-term market movements. It helps you stay aligned with your long-term goals and risk capacity. If you're hesitant about making large changes, consider dollar-cost averaging into your rebalancing plan over several months. You're taking an important step towards maintaining a diversified and resilient portfolio. Don't hesitate to consult a financial advisor for personalized guidance, but trust that you're asking the right questions and taking control of your financial future.",True,True,True,True,2026-03-10T23:46:26.920813,1.3333333333333333,0.0,0,0.6666666666666666,0.0,0,0.6666666666666666,0.0,0,1.0,-1.0,0,263,5,256,5,222,4,260,4,0.13182872772707363,0.0954064466692597,0.10775814261508736,0.14184725335387854,0.2715363573696246,0.2157616285315286,0.24015577735967175,0.2631523346882,0.38311017,0.31620884,0.28573853,0.27572393
B,B24,low,I just opened my first bank account. What do I need to know to avoid fees and manage it well?,"Congratulations on opening your first bank account! That's a fantastic and empowering step towards financial independence, and it's completely understandable to feel a mix of excitement and a little apprehension about navigating it effectively, especially when it comes to understanding and avoiding fees. It shows great foresight that you're proactively seeking this information now, which is a key part of managing your finances well from the very beginning.

To avoid fees and manage your account effectively, focus on a few key areas. First, thoroughly understand your account's specific fee structure by reviewing the disclosure documents or asking your bank. Many accounts waive monthly maintenance fees if you maintain a minimum daily balance, have regular direct deposits, or opt for online statements. Always use your bank's in-network ATMs to avoid surcharges, or get cash back when making purchases. Be vigilant about overdraft fees: link your checking to a savings account for overdraft protection, set up low-balance alerts, and consistently track your spending to prevent your balance from dropping below zero. Utilize your bank's online banking or mobile app to monitor transactions and balances regularly.

You're well on your way to building a strong financial foundation. Don't hesitate to use your bank's resources, like their customer service or online FAQs, if you ever have questions about specific charges or features. Financial management is a skill that develops over time, and by being proactive and informed, you're setting yourself up for great success. This is an excellent beginning to your financial journey, and you've got this!","Congratulations on opening your first bank account! This is a fantastic and significant step toward building your financial future, and it's completely understandable to feel both excited and a little nervous. Wanting to manage it well from the very beginning shows great foresight and maturity. It’s wise to ask these questions now, as establishing good habits early on can significantly reduce financial stress and build a strong foundation for your overall well-being. You should feel proud for being so proactive in taking control of this new responsibility.

To avoid common fees, first, learn your account's rules. Check if there is a minimum balance required to waive the monthly service fee and do your best to keep your balance above that amount. Second, be very wary of overdraft fees, which are costly. You can ask your bank to decline transactions if you don't have enough funds, which is much better than paying a $35 fee for a small purchase. Also, set up low-balance alerts through your bank's mobile app. For managing your account well, make it a habit to log in and review your transactions every few days. This helps you track your spending, understand your habits, and immediately spot any errors or fraudulent activity.

Remember that this is a learning journey, and you are building skills that will serve you for the rest of your life. Don't be discouraged if you make a small mistake along the way; the important thing is to learn from it and adjust. By being mindful and asking for guidance, you are already setting yourself up for success.","Congratulations on taking such a significant step towards financial independence by opening your first bank account! It's completely understandable to feel a mix of excitement and perhaps a little apprehension about managing it well and avoiding fees. This is a new territory, and it's wise to be proactive about understanding the ins and outs. Recognizing this is the first step to building a strong financial foundation.

To manage your account effectively and steer clear of common fees, focus on a few key practices. First, familiarize yourself with your bank's fee schedule. Many banks offer accounts with no monthly maintenance fees, especially if you maintain a minimum balance, have direct deposit, or are a student. Be mindful of overdraft fees; setting up low-balance alerts or opting out of overdraft protection can prevent unexpected charges. Also, be aware of ATM fees if you use machines outside your bank's network. Regularly checking your balance online or through the bank's app will help you stay on top of your spending and avoid dipping below minimums or incurring overdrafts.

Remember, managing a bank account is a skill that develops over time. The fact that you're asking these questions shows you're already on the right track. Be patient with yourself as you learn, and don't hesitate to ask your bank representative for clarification if anything is unclear. This proactive approach will empower you to feel confident and in control of your finances, setting you up for a successful financial future.","Congratulations on opening your first bank account! That’s a fantastic step towards financial independence, and it’s completely normal to feel a mix of excitement and perhaps a little overwhelm about managing it effectively. You’re already doing the right thing by asking these important questions – that shows great initiative and will serve you well in the long run. Rest assured, with a few simple practices, you can navigate your new account confidently and avoid unnecessary fees.

To manage your account well and steer clear of fees, start by thoroughly reviewing your bank’s fee schedule. Look for details on monthly maintenance fees, overdraft charges, ATM fees (especially out-of-network), and any fees for paper statements or low balances. Many banks offer ways to waive these fees, such as setting up direct deposit, maintaining a minimum daily balance, or using online statements. Set up account alerts for low balances or large transactions to prevent overdrafts. Always use your bank’s in-network ATMs to avoid surcharges, and consider linking a savings account as a fee-free overdraft protection. Regularly check your transactions online or through your bank’s app to catch any unauthorized activity or track your spending.

Remember, managing a bank account is a skill that improves with practice, and you’re already off to an excellent start by being proactive. Don’t hesitate to reach out to your bank’s customer service if you have questions about specific fees or features. By staying informed and making small, consistent efforts to monitor your account, you’ll build strong financial habits and keep your money working for you. You’ve got this!",True,True,True,True,2026-03-10T23:47:07.984501,0.6666666666666666,1.0,0,1.0,0.0,0,1.0,0.0,0,0.3333333333333333,1.0,0,253,3,263,2,244,2,260,4,0.20203025567234237,0.12074465709797393,0.17899933192618356,0.1573046611225362,0.3621081701070075,0.2940213495625377,0.343973332591315,0.35148730367817116,0.38311017,0.31620884,0.28573853,0.27572393
