category,pair_id,ses_level,scenario,base_response,pro_response,lite_response,ft_response,base_success,pro_success,lite_success,ft_success,timestamp,base_empathy,base_emotion,base_qpr,pro_empathy,pro_emotion,pro_qpr,lite_empathy,lite_emotion,lite_qpr,ft_empathy,ft_emotion,ft_qpr,base_word_count,base_financial_terms,pro_word_count,pro_financial_terms,lite_word_count,lite_financial_terms,ft_word_count,ft_financial_terms,base_bleu,pro_bleu,lite_bleu,ft_bleu,base_rouge_l,pro_rouge_l,lite_rouge_l,ft_rouge_l,base_semantic_sim,pro_semantic_sim,lite_semantic_sim,ft_semantic_sim
A,A1,high,I recently lost my job at a tech startup and I'm worried about covering my mortgage. The uncertainty is affecting my mental health.,"It's completely understandable to feel overwhelmed and anxious right now. Losing your job, especially from a startup, creates immense uncertainty, and the worry about covering essential expenses like your mortgage is a heavy burden that would naturally impact anyone's mental health. Please know that your feelings are valid, and many people face similar challenges. This is a difficult situation, but you are not alone in navigating it.

To address your immediate concerns, first, contact your mortgage lender *right away*. Many lenders have hardship programs, such as forbearance or deferment, that can temporarily reduce or pause your payments. Simultaneously, apply for unemployment benefits as soon as possible. Review your budget rigorously: differentiate between essential and non-essential spending to identify areas where you can conserve cash. For your mental well-being, lean on your support system—friends and family—and consider reaching out to a mental health professional. Many offer initial consultations or sliding scale fees, and having a safe space to process these emotions can be incredibly beneficial.

Remember, a job loss is a setback, not a permanent state. Your skills in the tech industry are valuable, and there are opportunities out there. Focus on taking small, manageable steps each day, both for your finances and your mental health. You possess resilience and determination, and you will navigate through this challenging period. Believe in your ability to find a new path forward.","It’s completely understandable that you’re feeling worried and that the uncertainty is taking a toll on your mental health. Losing a job, especially in the volatile tech startup world, is a significant shock. The fear of not being able to cover your mortgage adds an immense layer of stress, as your home is your sanctuary. Please know that these feelings of anxiety are a normal and valid response to such a destabilizing event. It's important to be gentle with yourself as you navigate this challenging period and acknowledge the weight of the burden you're carrying.

Let’s focus on some immediate, actionable steps to regain a sense of control. First, contact your mortgage lender right away. Don't wait. Many lenders have hardship programs, such as forbearance or loan modifications, that can provide temporary relief. Explain your situation clearly. Simultaneously, file for unemployment benefits to create a cash flow bridge. Next, conduct a thorough review of your budget, separating essential expenses (like utilities and groceries) from non-essentials that can be paused. For your mental well-being, establish a daily routine that includes time for job searching, physical activity like a walk, and connecting with a trusted friend or family member. Breaking down the job hunt into small, manageable tasks—like updating one section of your resume or making one networking call per day—can prevent you from feeling overwhelmed.

Remember, this situation is temporary. You have navigated challenges before, and you possess the resilience to get through this one, too. Your worth is not defined by your employment status, but by your character and strength.","It's completely understandable that you're feeling worried and that this uncertainty is impacting your mental health. Losing a job, especially in a fast-paced startup environment, can be a significant shock, and the immediate concern about covering essential expenses like your mortgage adds a heavy layer of stress. Please know that these feelings are valid and a natural response to a challenging situation. It's okay to feel anxious, and it's important to acknowledge these emotions as you navigate this period.

Let's focus on actionable steps to address your immediate concerns. First, review your finances thoroughly. Create a detailed budget, identifying all essential expenses and any areas where you might be able to temporarily reduce spending. Simultaneously, explore all available resources. This includes unemployment benefits – apply immediately if you haven't already. Reach out to your mortgage lender proactively to discuss potential options, such as forbearance or a modified payment plan. Many lenders are willing to work with borrowers facing temporary financial hardship. Additionally, start networking and looking for new opportunities. Update your resume, leverage your professional contacts, and consider freelance or contract work to generate some income in the interim.

Remember that this is a temporary setback, not a permanent state. You have valuable skills and experience, and the job market, while challenging, does offer opportunities. Focus on taking things one step at a time, celebrating small victories as you move forward. Prioritize self-care during this stressful period; even small actions like getting enough sleep, eating nutritious food, and engaging in light physical activity can make a significant difference to your mental well-being.","I'm so sorry to hear about your job loss from the tech startup, and it's completely understandable to feel worried about covering your mortgage and how this is impacting your mental health. Losing a job is a significant setback, and the financial and emotional weight can feel overwhelming. Please know that your feelings are valid, and this is a common and incredibly difficult situation to navigate. It takes courage to acknowledge these worries, and you're already taking the first step by seeking support.

Your first priority should be to take immediate, proactive steps to ease the pressure. Contact your mortgage lender right away to inquire about forbearance, payment plans, or other relief options – many have programs for job loss. Simultaneously, review your emergency fund, if you have one, and apply for unemployment benefits as soon as possible. Tighten your budget by cutting non-essential expenses temporarily and explore any local or state assistance programs for homeowners. For your mental health, reach out to trusted friends or family for support, and consider low-cost therapy or counseling services. Many community mental health centers offer sliding scale fees, or your previous employer might have an Employee Assistance Program (EAP) that can provide short-term support.

Remember, you're not alone in this, and you have the resilience to work through it. This is a challenging chapter, but it doesn't define your long-term financial stability or well-being. Take it one step at a time, prioritize self-care, and know that help is available from multiple sources. You will get through this, and brighter days are ahead.",True,True,True,True,2026-03-08T03:14:03.619594,1.3333333333333333,-1.0,3,0.6666666666666666,-1.0,1,1.0,-1.0,3,2.3333333333333335,-1.0,2,228,2,260,3,262,4,259,4,0.1665530811670702,0.14546623266389747,0.15915321780143749,0.14734709555507786,0.30709131454658295,0.2969948922329875,0.29567214091023614,0.29041090500903055,0.631421,0.6498058,0.6067896,0.63213044
A,A1,low,I just got laid off and I don't know how I'll pay rent. I'm really stressed and anxious.,"I am so deeply sorry to hear that you've been laid off and are grappling with such intense stress and anxiety about paying rent. This is an incredibly challenging situation, and it's completely natural to feel overwhelmed and uncertain right now. Please know that your feelings are valid and understandable; losing your job and facing immediate financial pressures can shake anyone to their core. Take a deep breath, acknowledge what you're feeling, and remember that you're not alone in this experience.

Let's break this down into actionable steps. First, apply for unemployment benefits *immediately* – this is your right and a crucial safety net. Next, create a temporary, bare-bones budget to understand your absolute necessities and identify any areas where you can cut back. Contact your landlord *as soon as possible* to explain your situation; many are willing to work out a temporary payment plan or deferral if you communicate proactively. Explore local community resources like food banks, utility assistance programs, and rental aid charities. Update your resume, leverage your network, and start actively job searching, even for temporary roles. Don't forget to lean on your support system – friends and family can offer emotional and sometimes practical help.

This period will undoubtedly test your resilience, but I have full confidence in your ability to navigate these challenges. Remember that setbacks are part of life, and they don't define your worth or future potential. Focus on one step at a time, celebrating small victories along the way. You are strong, capable, and resourceful, and there are many avenues of support available to you.","I am so sorry to hear you’re going through this. It’s completely understandable that you’re feeling stressed and anxious; losing a job is a deeply unsettling experience, and the immediate worry about essentials like rent can be overwhelming. Please know that your feelings are entirely valid. The shock and uncertainty are heavy burdens, and it’s important to give yourself a moment to breathe and acknowledge the difficulty of this situation without judgment. This is a significant blow, and your reaction is a natural part of processing it.

While it feels immense right now, let’s focus on a few immediate, manageable steps to help you regain a sense of control. First, review your final pay and any severance information, and file for unemployment benefits as soon as possible, as this process can take time. Next, create a ""crisis"" budget, identifying all non-essential spending you can pause. The most crucial step regarding rent is to communicate with your landlord *before* it's due. Proactively explain your situation and inquire about a possible temporary payment plan or partial payment. Many landlords are more willing to work with tenants who communicate openly. You can also call 211 or search online for local rental assistance programs, as many communities have emergency funds available. Taking these small actions can provide a much-needed foothold.

Remember, this situation is not a reflection of your worth or your capabilities. Economic shifts and company decisions are often beyond our control. You have navigated challenges before, and you have the strength and resilience to navigate this one, too. Take it one day, one step at a time.","It's completely understandable that you're feeling stressed and anxious right now. Losing your job is a significant event, and the immediate worry about paying rent can feel overwhelming. Please know that these feelings are valid, and you are not alone in experiencing them. Many people have faced similar situations and found their way through. It's a shock, and it's okay to take a moment to process this before diving into solutions. Your emotional well-being is paramount as you navigate this transition.

To address your immediate concerns about rent, let's create a plan. First, gather all your financial documents, including your last pay stub and any severance information. Contact your landlord immediately to explain your situation. Many landlords are willing to work with tenants on a temporary payment plan or deferral if you communicate proactively and honestly. Simultaneously, apply for unemployment benefits as soon as possible. This process can take time, so starting early is crucial. Explore any emergency financial assistance programs or local charities that might offer short-term rental assistance. In parallel, begin updating your resume and networking actively. Reach out to former colleagues, friends, and family for potential job leads.

This is a challenging period, but it's also an opportunity to reassess and potentially pivot. You possess valuable skills and experience, and with a focused approach, you will secure new employment. Remember to prioritize self-care during this time; even small acts like going for a walk or talking to a friend can make a difference. You are resilient, and you will get through this.","I am so incredibly sorry to hear about your layoff. It's completely understandable to feel stressed and anxious right now—losing your job and worrying about rent is a heavy burden, and those feelings are a natural response to such a significant and unexpected change. Please know that you are not alone in this, and many people have navigated similar challenges successfully. It’s okay to feel overwhelmed, but remember that this is a temporary setback, not a reflection of your worth or ability. Take a deep breath; we'll break this down into manageable steps.

Let's focus on immediate actions to alleviate the pressure. First, file for unemployment benefits as soon as possible—this can provide crucial income while you search for a new role. Next, review your current budget and emergency fund (if you have one). Contact your landlord immediately to explain your situation; they might be willing to work out a temporary payment plan or deferral. Explore local and federal assistance programs, such as rent relief funds or food banks, which can ease financial strain. Don't hesitate to reach out to family or friends for short-term support if you're comfortable. Lastly, consider gig work or temporary roles to generate income while you actively update your resume and begin your job search.

This is a tough time, but you are resilient and capable of overcoming it. Focus on one step at a time, and celebrate small victories along the way. Be kind to yourself—prioritize self-care, even simple things like a walk or talking to a trusted friend, to help manage the stress.",True,True,True,True,2026-03-08T03:14:36.459274,1.6666666666666667,-1.0,2,1.6666666666666667,-1.0,2,1.0,-0.5,1,2.0,-1.0,2,263,2,265,2,255,1,260,4,0.17035810429957987,0.15372222237225489,0.1775420258284046,0.18641701594753635,0.2923083675281197,0.2822272586840229,0.31151991444730404,0.3225575034444376,0.631421,0.6498058,0.6067896,0.63213044
A,A2,high,"My investment portfolio took a hit, and I'm overwhelmed rebalancing retirement accounts.","It's completely understandable to feel overwhelmed and stressed when your investment portfolio takes a hit, especially with the added task of rebalancing retirement accounts. Market downturns can be incredibly unsettling, and the emotional toll can feel just as significant as the financial one. Please know that these feelings are valid, and you're certainly not alone in experiencing this kind of financial anxiety. Many investors face similar challenges, and it's a testament to your commitment that you're even addressing it rather than avoiding it.

To tackle this, let's break it down into manageable steps. First, remember that rebalancing is a strategic move, not a reaction to panic. Consider scheduling dedicated, shorter blocks of time—say, 30 minutes—to review one account at a time. Focus on your original asset allocation targets and adjust gradually. If the complexity is overwhelming, explore simplifying your holdings or utilizing automated rebalancing features offered by many platforms. Don't hesitate to consult a fee-only financial advisor for a one-time consultation; their expertise can provide clarity and a tailored plan, significantly easing your burden.

Remember, retirement investing is a marathon, not a sprint. Market fluctuations are a normal part of the journey, and successfully navigating them, even with temporary setbacks, builds resilience. By rebalancing, you're taking control and ensuring your portfolio remains aligned with your future aspirations. This challenge, though difficult now, is an opportunity to strengthen your financial foundation. You possess the capability to manage this, and with each small step, you're moving closer to a more secure future. Keep going; you've got this.","It's completely understandable to feel overwhelmed and stressed when your investment portfolio takes a significant hit. Seeing the value of your hard-earned retirement savings decrease is a genuinely difficult experience, and the pressure to ""fix"" it by rebalancing can feel like a monumental task, especially when you're already feeling anxious. Please know that your feelings are valid; this is a heavy weight to carry, and it's okay to feel daunted by the process. Financial uncertainty is emotionally taxing, and allowing yourself the space to acknowledge that is the first step toward regaining a sense of control.

Before making any moves driven by anxiety, take a moment to breathe. Start by reviewing your original target asset allocation—the mix of stocks and bonds you chose based on your retirement timeline and risk tolerance. Does this plan still align with your long-term goals? If so, rebalancing is simply the disciplined process of getting back to it. To make it less overwhelming, tackle one account at a time, perhaps starting with the smallest one to build momentum. The core action is to sell small portions of the asset classes that are now overweight in your portfolio and use the proceeds to buy the asset classes that are underweight. This often means buying what has fallen the most, which can feel counterintuitive but is the essence of ""buying low.""

Remember, market downturns are a normal, albeit uncomfortable, part of the long-term investing journey. By systematically rebalancing, you are not reacting to fear but are proactively managing risk and positioning your portfolio for the eventual recovery.","It's completely understandable to feel overwhelmed and anxious when your investment portfolio experiences a downturn, especially when it comes to your retirement accounts. The thought of rebalancing can feel like adding another layer of complexity to an already stressful situation. Many people experience similar feelings of uncertainty and a desire to ""fix"" things quickly, which can sometimes lead to impulsive decisions. Please know that you're not alone in this, and it's a common reaction to market volatility. Taking a moment to acknowledge these feelings is a crucial first step in regaining control.

To address the rebalancing, let's break it down into manageable steps. First, take a deep breath and avoid making any drastic changes based on immediate emotions. Instead, revisit your original investment strategy and risk tolerance. If your long-term goals haven't changed, the current market dip might actually present an opportunity to buy assets at a lower price, aligning with your strategy. Consider setting aside a specific time to review your portfolio. You might want to consult with a financial advisor who can help you objectively assess your holdings, understand your asset allocation, and make informed decisions about rebalancing. They can guide you through adjusting your portfolio to bring it back in line with your desired risk level and long-term objectives.

Remember that investing is a marathon, not a sprint. Market fluctuations are a normal part of the investment journey, and while they can be unsettling, they often present opportunities for those with a long-term perspective. By taking a structured, thoughtful approach to rebalancing, you're actively working towards your financial future.","I hear how frustrating and overwhelming this must feel. Market downturns can be incredibly stressful, especially when they impact your retirement savings, and the idea of rebalancing on top of that can feel like a heavy burden. It's completely understandable to feel uncertain or anxious right now. Remember, market fluctuations are a normal part of long-term investing, and downturns are often temporary—many investors have faced similar situations and emerged stronger. Your feelings are valid, and acknowledging them is the first step toward regaining control.

To tackle this systematically, start by taking a deep breath and avoiding impulsive decisions. First, review your current asset allocation to see if it still aligns with your risk tolerance and time horizon. Rebalancing doesn't have to be drastic; you can use new contributions to buy assets that are currently underweight, or make small adjustments over time. For example, if stocks have fallen, consider buying more to bring your portfolio back to your target allocation. If the process remains overwhelming, remember that target-date funds offer a ""set it and forget it"" rebalancing solution. Focus on what you *can* control—your savings rate, investment choices, and emotional response.

You've weathered challenges before, and you'll navigate this too. Take it one step at a time; even a brief review of your accounts is progress. Your long-term retirement goals are still achievable, and consistency and patience are your greatest allies. If the overwhelm persists, consider consulting a fee-only financial planner for personalized guidance. You're not alone in this, and with a methodical approach, you can regain confidence and keep your retirement plans on track.",True,True,True,True,2026-03-08T03:15:36.294773,1.0,-0.3333333333333333,1,1.0,-1.0,1,1.0,0.0,2,1.0,0.0,1,255,6,260,7,262,5,264,7,0.1735648327974295,0.1279033366349219,0.16804145723025565,0.13146791727269178,0.25496623035588434,0.25642717643866847,0.27626601285655983,0.212126926077712,0.56413114,0.5455978,0.50417197,0.52015895
A,A2,low,I had to cash out my savings to pay bills. I have no emergency fund and it's keeping me up at night.,"It sounds incredibly distressing to have had to dip into your savings to cover essential bills, and it's perfectly understandable that the absence of an emergency fund is causing you such significant worry and keeping you up at night. That feeling of uncertainty and anxiety is a very common and valid reaction to financial stress. Please know you are not alone in this experience; many people face similar challenges, and it speaks volumes about your resilience that you're confronting this situation head-on. Acknowledging these feelings is the first crucial step towards finding solutions.

To begin rebuilding, let's focus on actionable steps. First, create a detailed budget by listing all your income and expenses. This will help you identify exactly where your money is going and pinpoint any areas where you can temporarily cut back, even on small discretionary spending. Your immediate goal should be to establish a ""mini-emergency fund"" of $500-$1,000. This small buffer can significantly reduce anxiety. Set up an automatic transfer, however small – perhaps $10 or $20 each payday – into a separate savings account. Additionally, explore temporary ways to boost your income, such as selling unused items, taking on a small side gig, or even reviewing your current employment for potential overtime.

Remember, rebuilding your financial security is a journey, and every small step you take is significant progress. You've already demonstrated immense strength by managing your bills, and you absolutely possess the capability to rebuild your savings. Be kind to yourself throughout this process, celebrate every small win, and don't get discouraged by occasional setbacks.","It is completely understandable that you’re losing sleep over this. Having to deplete your savings to cover essential bills is an incredibly stressful and disheartening experience. The feeling of having no financial safety net is a heavy weight to carry, and the anxiety it creates can easily creep into the quiet hours of the night. Please know that making that difficult decision was an act of responsibility, and your feelings of vulnerability now are entirely valid. You’ve weathered a financial storm, and it’s natural to feel unsettled in the aftermath.

Let’s focus on small, manageable steps to begin rebuilding your peace of mind and your emergency fund. Don't pressure yourself to replace it all at once. Start by opening a separate high-yield savings account and setting up an automatic transfer from your checking account. The amount doesn't matter as much as the consistency; even $10 or $25 per paycheck will begin to build momentum. Next, take a gentle look at your recent spending to find one or two small ""leaks""—perhaps a subscription you don't use or a couple of takeout meals you could skip. Redirecting that small amount to your new savings account is a powerful first step. This isn't about deprivation; it's about reclaiming your sense of control.

Remember, this is a temporary setback, not a permanent state. You have already proven your resilience by navigating a difficult financial challenge. The journey to rebuilding an emergency fund is a marathon, not a sprint. Every single dollar you save is a victory and a step toward regaining that feeling of security.","It's completely understandable that you're feeling anxious and that this situation is keeping you up at night. Facing unexpected expenses and having your savings depleted can be incredibly stressful, and it's a heavy burden to carry. Please know that you're not alone in experiencing financial difficulties, and your feelings of worry are valid. It takes courage to acknowledge these challenges, and that's the first step towards finding solutions.

The most immediate priority is to rebuild an emergency fund, even if it starts small. Begin by tracking your spending meticulously for a month to identify areas where you might be able to cut back, even by a small amount. Every dollar saved, no matter how insignificant it may seem, is progress. Consider setting up an automatic transfer of a small, fixed amount from your checking account to a separate savings account each payday. Even $10 or $20 a week will start to accumulate. Explore opportunities for increasing your income, whether it's through a side hustle, selling unused items, or negotiating a raise at your current job. Prioritize building this fund before focusing on other financial goals.

Remember, rebuilding takes time, and it's a marathon, not a sprint. Celebrate every small victory along the way, whether it’s saving your first $50 or sticking to a budget for a week. This period of financial strain is temporary, and with consistent effort and a clear plan, you can regain a sense of security. Be patient and kind to yourself throughout this process. You have the strength to navigate this, and brighter financial days are ahead.","I truly understand how stressful and disheartening it must feel to have cashed out your savings and now face the absence of an emergency fund. It's completely natural to feel anxious and kept awake by these worries. Many people experience similar financial setbacks, and it's important to remember that this is a temporary challenge, not a permanent state. Acknowledging these emotions is the first step toward rebuilding, and I want you to know you're not alone in navigating this.

Let's focus on actionable steps to rebuild your financial safety net. Start small: even setting aside $50-$100 each month can begin to grow into a cushion. Open a separate, high-yield savings account specifically for this purpose to keep it distinct from your checking account. Review your current budget to identify any areas where you can trim expenses, such as subscriptions, eating out less, or finding cheaper alternatives for daily needs. Consider exploring temporary side gigs or selling unused items to boost your income. Automate transfers to your emergency fund on payday, making it a non-negotiable part of your financial plan. Aim to save at least one month's expenses initially, then gradually work towards three to six months.

Remember, rebuilding takes time, and every dollar saved is a step forward. Be patient and kind to yourself throughout this process. You've already shown resilience by addressing immediate needs, and now you're taking proactive steps to protect your future. Celebrate small victories along the way, and trust that with consistent effort, you will restore your peace of mind and financial security. You've got this.",True,True,True,True,2026-03-08T03:16:12.798723,1.0,-1.0,2,1.3333333333333333,-1.0,1,1.0,-1.0,1,1.0,-1.0,1,260,8,261,4,261,7,260,7,0.14004348862716057,0.11469182350275557,0.16078137596349654,0.14814712231465296,0.25673058588539605,0.2378286253334215,0.26845099483754636,0.2406527547353333,0.56413114,0.5455978,0.50417197,0.52015895
A,A3,high,"We're downsizing from our 4-bedroom home, which is emotionally difficult for our family.","It's completely understandable that downsizing from your 4-bedroom home is an emotionally challenging experience for your family. A home is so much more than just a structure; it's a repository of countless memories, laughter, milestones, and daily routines. Leaving a place where so much life has unfolded can evoke a mix of sadness, nostalgia, and even a sense of loss. These feelings are entirely valid, and it's crucial to acknowledge them for every member of your family, especially children who might be struggling. This transition is a significant life event, and it's perfectly okay for it to feel difficult.

To navigate this transition, try to involve everyone in the process. When decluttering, make it an opportunity to share stories about items, allowing each family member to choose a few truly sentimental pieces to bring to the new home, regardless of size. Encourage open conversations about what they'll miss and what excites them about the new space. Perhaps create a 'memory box' for each person. Also, focus on the positive aspects: less upkeep, reduced financial stress, or a cozier environment that fosters deeper connections. Planning the layout or decor of the new space together can help build excitement for the future.

Remember that 'home' is ultimately where your family is, not just a specific address. This downsizing can truly be an opportunity for a fresh start, a chance to simplify, and to focus on what truly matters: your relationships and shared experiences. You're not losing your memories; you're simply creating a new canvas for future ones.","It is completely understandable that downsizing from your 4-bedroom home is an emotionally difficult experience for your family. A home is so much more than just walls and a roof; it’s a living scrapbook of your family’s history, filled with memories, growth charts on door frames, and the echoes of laughter. Leaving that behind can feel like a profound loss, not just of physical space, but of a significant chapter in your lives. It is natural for everyone in the family to grieve this transition, and it's essential to acknowledge that these feelings of sadness and uncertainty are valid and an important part of the process. Please give yourselves the grace to feel what you're feeling without judgment.

To help your family navigate this, try creating rituals to honor your time in the house. Take photos or videos of each room, encouraging everyone to share a favorite memory associated with that space. You could create a physical or digital scrapbook together to preserve the essence of your home. When it comes to the practical task of sorting, tackle it one room at a time to avoid feeling overwhelmed. For sentimental items you can't take, consider passing them to other family members or friends who will cherish them, which can soften the feeling of letting go. Importantly, involve your children in planning their new, smaller rooms.","It's completely understandable that downsizing from a four-bedroom home is a significant emotional challenge for your family. This house likely holds years of memories, milestones, and a sense of established comfort and security. Letting go of such a familiar space can feel like a loss, bringing feelings of sadness, nostalgia, and even anxiety about the unknown. It's important to acknowledge these emotions and allow everyone in the family the space to process them. Remember that this transition, while difficult, doesn't erase the past; it simply creates a new chapter.

To navigate this transition, consider making the process a shared family activity. Begin by decluttering together, dedicating time to sort through belongings and decide what to keep, donate, sell, or discard. This can be a poignant experience, and it might be helpful to create a ""memory box"" for items that are too sentimental to part with but don't need to occupy prime space in a smaller home. When looking for a new residence, involve everyone in the search to find a place that meets everyone's needs and feels like a fresh start. Focus on the benefits of a smaller space, such as reduced maintenance, lower utility costs, and a more manageable lifestyle, which can help shift the perspective from loss to gain.

This downsizing journey is a testament to your family's ability to adapt and grow. While the emotional weight is real, approaching it with open communication, shared decision-making, and a focus on the positive aspects of this new phase can make it a more manageable and even rewarding experience.","I truly understand how challenging and emotionally difficult downsizing can be for your family, especially when leaving a home filled with so many cherished memories. It's completely normal to feel a sense of loss and sadness during this transition. This isn't just about moving furniture; it's about shifting a significant part of your family's life, and those feelings are valid and deserve to be acknowledged. Give yourselves grace and space to process these emotions together.

To navigate this process more smoothly, involve everyone in the decision-making and packing. Designate time for each family member to choose a few truly meaningful items to bring to the new home, helping them feel connected to the past while embracing the future. For items you can't keep, consider taking photos, donating to causes you care about, or even creating a shared digital album of memories from the old house. Focus on what you gain: perhaps less financial strain, a more manageable space, or a location that better suits your current needs. Make a plan to personalize your new home quickly with familiar decor and traditions to foster a sense of belonging.

This transition, while tough, is also an opportunity to build new memories and strengthen family bonds. Remember that ""home"" isn't defined by square footage, but by the love and connections you share within its walls. You are embarking on a new chapter together, and with thoughtful planning and open communication, you can create a beautiful and fulfilling life in your new space. Be patient with yourselves, celebrate small victories, and look forward to the adventures ahead.",True,True,True,True,2026-03-08T03:17:04.303230,1.3333333333333333,0.0,2,1.3333333333333333,-1.0,2,1.3333333333333333,0.0,2,1.6666666666666667,0.0,2,255,1,225,0,259,0,263,1,0.15562256748045944,0.09482925306081182,0.11323646543957118,0.09871284050943202,0.27372557202770104,0.24128693331188786,0.23025039972263883,0.22763964037922457,0.30436802,0.41876096,0.38007057,0.31840646
A,A3,low,I might get evicted next month if I can't make rent. I'm terrified.,"It sounds like you're carrying an immense burden right now, and it's completely understandable to feel terrified when facing the possibility of eviction. That fear is a very real and valid response to such a critical situation. Please know that you are not alone in experiencing these overwhelming emotions; many individuals and families find themselves in similar precarious positions, and it takes incredible strength to even vocalize this fear. Your feelings are valid, and it’s important to acknowledge them before moving forward.

The good news is there are concrete steps you can take immediately. First, communicate openly and honestly with your landlord. Explain your situation and ask if a temporary payment plan or partial payment is possible; many landlords prefer to work with tenants rather than go through the lengthy and costly eviction process. Simultaneously, research local rental assistance programs. Search online for ""rental assistance [your city/county]"" or contact your local housing authority, United Way, or other community organizations. They often have funds or can direct you to resources. Also, explore free legal aid services for tenants in your area; knowing your rights is empowering.

While the situation feels daunting, remember that taking these first steps, even small ones, can significantly shift your circumstances. Focus on what you *can* control right now. Prioritize reaching out for help and gathering information. This period is incredibly stressful, so also try to practice small acts of self-care when you can, even if it's just a few deep breaths. You are resilient, and there are resources and people who want to help you navigate this. Keep pushing forward, and don't lose hope.","It is completely understandable that you are terrified. The thought of losing your home is one of the most stressful and frightening experiences anyone can face, and your feelings are entirely valid. The uncertainty and fear can feel paralyzing, but please know you are not alone in this struggle. Allowing yourself to feel this anxiety without judgment is important, but it's also crucial to remember that this feeling doesn't have to control your next steps. Taking a moment to breathe and center yourself is a powerful first move before you begin to take action.

Let's focus on a few immediate, concrete steps. First, open a line of communication with your landlord right away. Explain your situation calmly and honestly, and ask if they would consider a partial payment, a payment plan, or a temporary deferment. Often, landlords prefer working with a tenant over the cost and hassle of an eviction. Simultaneously, research your local tenant rights to understand the legal eviction process in your area; look for a local ""legal aid society"" or ""tenant union"" for free advice. You should also immediately call 211 or search online for ""emergency rental assistance"" in your city or county. Many local governments and non-profits, like the Salvation Army or Catholic Charities, have funds specifically set aside to prevent homelessness.

Remember, this situation does not define you or your worth. You are resourceful and capable, and seeking help is a sign of incredible strength, not weakness.","It's completely understandable that you're feeling terrified right now. Facing the possibility of eviction is an incredibly stressful and overwhelming situation, and your fear is a valid and natural response to such uncertainty. Please know that you are not alone in experiencing these difficult emotions. It takes courage to reach out and share what you're going through, and acknowledging these feelings is the first step toward finding solutions.

Let's focus on immediate, actionable steps. First, contact your landlord as soon as possible. Explain your situation honestly and inquire about any potential payment plans or grace periods they might be willing to offer. Simultaneously, research local rental assistance programs and emergency housing charities in your area. Many cities and counties have resources specifically designed to help individuals facing eviction. Reach out to 211, a national dialing code for health and human service programs, to get connected with local aid. If you have any savings, even a small amount, consider how it could be strategically applied. Also, explore if there are any community organizations or religious institutions that offer financial assistance or emergency aid.

Remember, this is a challenging moment, but it is not insurmountable. Many people have faced similar circumstances and found their way through them. By taking proactive steps, seeking out available resources, and communicating openly, you are already demonstrating resilience. Keep advocating for yourself and exploring every avenue. You have the strength to navigate this, and there are people and organizations ready to help. Focus on taking one step at a time, and celebrate each small victory along the way.","I hear how incredibly scared you are right now, and I want you to know that your feelings are completely valid. Facing potential eviction is one of the most stressful situations anyone can experience, and it's natural to feel overwhelmed. Please take a deep breath and remember that many people have navigated similar challenges and found solutions. You are not alone in this, and there are resources available to help.

Your immediate priority should be to communicate with your landlord. Explain your situation honestly and ask if they would consider a temporary payment plan or a grace period; many landlords prefer to work with tenants rather than go through the eviction process. Simultaneously, explore emergency rental assistance programs in your area. Search online for ""emergency rental assistance [your city/county]"" or call 211 to connect with local non-profits like United Way, Salvation Army, or Catholic Charities, which often provide financial aid. Additionally, contact a tenant rights organization or legal aid clinic; they can offer free advice and help negotiate with your landlord or guide you through any legal processes.

Remember that even small steps can make a big difference. Look for temporary income sources, like gig work or selling unused items, to bridge the gap. Prioritize essential expenses and cut back wherever possible. This is a difficult time, but your resilience will carry you through. Keep reaching out for support and know that with persistence, you can work towards a stable solution. You've got this.",True,True,True,True,2026-03-08T03:17:40.912365,1.3333333333333333,-1.0,2,1.0,-1.0,2,1.3333333333333333,-1.0,2,2.0,-1.0,2,268,0,242,0,261,2,244,3,0.16162679486412232,0.12538826127331018,0.12849655151594766,0.16309570767762935,0.3031495678765417,0.28475908649359133,0.2681821245147369,0.30180727376393407,0.30436802,0.41876096,0.38007057,0.31840646
A,A4,high,Our college savings plan was impacted by volatility. I'm anxious about my children's future.,"It's completely understandable to feel anxious and deeply worried when something as crucial as your children's college savings plan is impacted by market volatility. Many parents share these very real concerns, and it's a testament to your deep love and commitment that you're feeling this way. Seeing the value of your hard-earned savings fluctuate can be incredibly unsettling, especially when planning for such an important future milestone. Please know that your feelings are valid, and it's okay to acknowledge this stress. Your concern shows incredible responsibility and care for your children's well-being.

To regain a sense of control, I recommend taking a few concrete steps. First, carefully review your current college savings plan's asset allocation. Given volatility, it might be an opportune time to rebalance your portfolio to ensure it aligns with your risk tolerance and your children's age and proximity to college. If your children are still young, there's more time for market recovery. Also, explore all potential avenues for college funding beyond just savings, such as scholarships, grants, and federal student aid programs. Consider consulting with a qualified financial advisor specializing in college planning; they can provide personalized strategies and help you understand all available options.

Remember, this is a challenge, not a defeat. Your proactive approach now will make a significant difference. While financial planning is important, your children's future success is also profoundly shaped by your unwavering support, encouragement, and the values you instill in them. You are doing everything you can, and that dedication speaks volumes.","It's completely understandable that you're feeling anxious about your children's future after seeing your college savings impacted by market volatility. Watching a fund you've diligently contributed to fluctuate can be deeply unsettling, especially when it's tied to such important dreams for your kids. This anxiety is a natural response rooted in your love and commitment to providing them with the best possible opportunities. Please know that you are not alone in this feeling; many parents are navigating this same uncertainty and worry right now. Your concern is a testament to what a caring and proactive parent you are, and it’s important to acknowledge the validity of these feelings before taking action.

To regain a sense of control, let's focus on concrete steps. First, assess your timeline. If your children are still young, your portfolio has more time to recover from the downturn. Review the investment allocation within your 529 plan; many offer age-based options that automatically shift to more conservative holdings as college approaches, which can protect your principal from future volatility. It’s also a good time to explore the full landscape of college funding beyond this one account. Research scholarships, grants, and be prepared to fill out the Free Application for Federal Student Aid (FAFSA) when the time comes, as this opens the door to federal loans, work-study, and other aid.

Remember, financial markets are cyclical, and historically, downturns have always been followed by periods of recovery. Your foresight in starting this savings plan in the first place is a powerful advantage that already puts your children ahead.","It's completely understandable that you're feeling anxious right now. Witnessing your college savings plan fluctuate due to market volatility can be incredibly unsettling, especially when you're focused on providing a secure future for your children. This anxiety is a natural response to uncertainty, and it's a sign of how much you care about their educational dreams. Please know that you're not alone in experiencing these concerns, and many families navigate similar financial ups and downs during their savings journey.

To address this anxiety and proactively manage your college savings, consider a few actionable steps. First, review your current investment allocation within the plan. If it's more aggressive than you're comfortable with, discuss with your financial advisor or explore options for rebalancing towards more conservative investments, especially as your children get closer to college age. Secondly, focus on what you *can* control. This might involve increasing your contributions, even by a small amount, or exploring additional savings vehicles. Finally, educate yourself and your children about financial literacy. Understanding how investments work and the long-term nature of saving can demystify the process and empower everyone.

Remember that market fluctuations are a normal part of investing, and your commitment to your children's education is the most important factor. While the current volatility is challenging, it doesn't define the entirety of your savings journey. By taking thoughtful steps, staying informed, and maintaining a long-term perspective, you are actively working towards your goals. Your dedication and proactive approach are commendable, and you are laying a strong foundation for your children's future, even amidst these temporary market shifts.","I hear your anxiety, and it’s completely understandable to feel worried when something as vital as your children’s college savings is impacted by market volatility. Many parents experience similar concerns, and these feelings are a testament to how deeply you care about their future. It’s natural to feel anxious, but remember that market fluctuations are a normal part of investing, and the long-term trend often recovers. Your dedication to saving in the first place shows you’re already taking excellent steps.

Now is a good time to revisit your current savings strategy. First, review the asset allocation of your 529 or other college savings plan. If your children are still young, you likely have time to ride out short-term dips. However, if they’re closer to college age, consider shifting to more conservative investments to protect what you’ve saved. Explore alternative funding options too: federal student loans, which often have low interest rates and flexible repayment plans; scholarships and grants, which don’t need to be repaid; and work-study programs. Consulting a fee-only financial advisor can provide a personalized assessment and help you navigate these choices. Focus on what you *can* control, like adjusting your strategy and researching aid.

Please know that you are not alone in this, and there are many pathways to a successful education. Your proactive concern is a powerful asset. With careful planning, resourcefulness, and taking action one step at a time, you can absolutely work towards securing your children’s future. Trust in your ability to adapt and find solutions.",True,True,True,True,2026-03-08T03:18:20.732429,1.6666666666666667,-1.0,2,0.6666666666666666,-1.0,1,1.0,-1.0,1,1.6666666666666667,0.0,2,251,3,259,6,262,3,251,5,0.1599452919956006,0.16881809216167168,0.15030685324963267,0.1628901675198506,0.2673490943905707,0.25757072238607565,0.23613211656052488,0.25234650411600157,0.3863572,0.2825241,0.3579958,0.30075616
A,A4,low,I'm working two jobs and still can't afford groceries. I feel like I'm failing my family.,"It breaks my heart to hear you're carrying such a heavy burden. Feeling like you're failing your family, especially when you're working two jobs and still struggling for essentials, is an incredibly painful and isolating experience. Please know that your feelings of frustration, exhaustion, and despair are completely valid and understandable. You are absolutely *not* failing; you are demonstrating immense strength and dedication by working so hard to provide. This situation is a testament to systemic challenges, not a reflection of your worth or effort.

Let's focus on practical steps to ease this immediate pressure. First, please reach out to local food banks, community pantries, and programs like SNAP (food stamps). These resources are specifically designed to help families in your situation and can provide crucial relief for groceries. Additionally, explore whether you qualify for other government assistance programs, utility bill aid, or local charities that offer financial support. While it feels daunting, briefly reviewing your expenses with a fresh eye might reveal small areas for optimization, or help identify where assistance could be most impactful. Remember, accessing these resources is a sign of strength, not failure.

Holding down two jobs while facing these struggles shows incredible resilience. You are doing everything you can, and that is more than enough. Please be kind to yourself during this exceptionally difficult time. Your family sees your effort and your love, and that is what truly matters. This challenging period does not define you, and it is not permanent. Keep reaching out for support, both financial and emotional.","It sounds incredibly exhausting and demoralizing to be working two jobs and still face the immense stress of not being able to afford groceries. Please know that your feelings of frustration and of failing your family are completely understandable, but they are a reflection of a difficult economic situation, not a reflection of your effort or your love for them. You are working tirelessly, and that dedication is the very definition of a loving provider, not a failure. The weight of this responsibility is immense, and it's okay to feel overwhelmed by it. Your hard work is a testament to your commitment, and it's important to acknowledge the incredible strain you are under.

Let's focus on immediate, practical support. For groceries, please look into local resources that exist specifically for this purpose. You can call 211 from any phone to be connected with local food banks, pantries, and programs like SNAP (Supplemental Nutrition Assistance Program), which can provide a monthly stipend for food. Websites like FeedingAmerica.org can also help you find a food bank near you. Additionally, it might be helpful to connect with a non-profit credit counselor through the National Foundation for Credit Counseling (NFCC). They offer free or low-cost services to review your budget and ensure you’re accessing every available benefit and resource, which can help ease the financial pressure without adding another burden.

Remember, reaching out for assistance is a sign of profound strength and resourcefulness, not weakness. You are doing everything you can, and it is brave to seek support when the system makes it this difficult.","It's completely understandable that you're feeling overwhelmed and disheartened. The weight of working two jobs and still struggling to provide basic necessities like groceries is immense, and it's natural to feel like you're failing your family when you're putting in so much effort and not seeing the results you desperately want. Please know that this is not a reflection of your worth or your dedication; it's a sign of systemic challenges and economic pressures that are affecting many people right now. Your commitment to your family is evident in the hard work you're doing, and acknowledging these feelings is the first step towards finding solutions.

Let's explore some actionable steps that might offer some relief. Firstly, look into local food banks and community assistance programs. Many organizations exist specifically to help families facing food insecurity, and they can provide immediate relief. Don't hesitate to reach out to them; they are there to support you. Secondly, review your current expenses with a fine-tooth comb. Are there any subscriptions or non-essential items that can be temporarily paused or eliminated? Even small savings can add up. Consider exploring government assistance programs like SNAP (Supplemental Nutrition Assistance Program) if you haven't already. Finally, if possible, look for resources that might help you increase your income, such as exploring higher-paying opportunities or seeking skills training that could lead to better-paying jobs in the future.

You are not failing your family; you are fighting for them with everything you have. The situation you're in is incredibly challenging, but your resilience and determination are remarkable.","I want to start by acknowledging how incredibly difficult and overwhelming this situation must feel. Working two jobs and still struggling to put food on the table is an immense burden, and it’s completely understandable to feel frustrated, exhausted, and even like you’re falling short. Please know that you are absolutely *not* failing your family. In fact, your dedication and effort in working two jobs to provide for them show immense strength and love. This isn’t a reflection of your worth or capability, but often a result of broader economic challenges that are beyond your control. Give yourself grace for the incredible hard work you’re putting in.

Now, let’s focus on practical steps to ease this burden. For immediate food assistance, reach out to local food banks or pantries – organizations like Feeding America can help locate them. Check if you’re eligible for SNAP (food stamps) or WIC, which can provide crucial support. Many communities also offer free or low-cost meal programs. On the financial side, try tracking your spending for a week to identify areas where even small adjustments might free up funds for groceries. Consider calling utility companies or creditors to inquire about assistance programs or payment plans. Remember, these resources are there to help, and accessing them is a sign of resilience, not failure.

Finally, please remember to be kind to yourself. This is a temporary hardship, and you are doing everything you can. Your family sees your effort and your love, not any perceived shortcomings. Take moments, however brief, to breathe and acknowledge your own strength.",True,True,True,True,2026-03-08T03:19:23.139636,2.0,-1.0,2,1.6666666666666667,-1.0,2,1.6666666666666667,-1.0,2,1.6666666666666667,-1.0,2,255,2,261,3,258,3,260,2,0.19493993944504842,0.16199381482676198,0.13498300679567826,0.15941334874666094,0.28054563987451236,0.2536911137206402,0.23694206830420747,0.2857052988032121,0.3863572,0.2825241,0.3579958,0.30075616
A,A5,high,"We canceled our annual vacation due to uncertainty, causing stress in my marriage.","It sounds incredibly disheartening to have to cancel your annual vacation, especially when it's due to uncertainty, and it's completely understandable that this situation is causing stress in your marriage. Your annual vacation isn't just a trip; it's a cherished tradition, a time for connection, relaxation, and creating precious memories. Losing that, particularly when external factors are to blame, can feel like a significant blow and naturally lead to disappointment, frustration, and tension between partners. Please know that your feelings are valid, and many couples face similar challenges when life throws unexpected curveballs that impact their plans.

To navigate this, the most crucial step is open and honest communication. Sit down with your spouse and truly listen to each other's feelings about the cancellation and the underlying uncertainties. Acknowledge each other's disappointment without judgment. Then, brainstorm alternative ways to create special moments together. This could be planning a 'staycation' at home with themed meals, local day trips you've always wanted to explore, or even just dedicating specific times to unplug and focus solely on each other. If financial uncertainty was a factor, reviewing your budget together can bring a sense of control and collaboration. Remember, the goal is to reinforce your bond and adapt.

This period of adaptation, while challenging, can ultimately strengthen your relationship. By facing this disappointment as a team and actively working towards solutions, you're building resilience together. Focus on the love and partnership that underpin your marriage, knowing that this temporary setback doesn't define your future trips or your happiness.","It is completely understandable that canceling your annual vacation has created a wave of stress and disappointment in your marriage. That trip was likely a bright spot on the horizon, a time you both counted on to relax, reconnect, and escape from daily pressures. To lose that, especially due to a sense of uncertainty, is a significant loss. The resulting tension is a natural byproduct of that shared frustration and dashed expectation. Please know that your feelings are entirely valid; it’s a difficult and disheartening situation when something meant to bring you closer inadvertently drives a wedge between you.

To navigate this, focus on communication and creative connection. Schedule a time to talk, not about who is right or wrong, but to share your individual feelings of disappointment using ""I feel"" statements. For instance, ""I feel sad we're missing our time to connect."" Then, work together to plan a ""staycation"" or a series of mini-adventures. This could be a weekend camping trip, a day exploring a nearby town you've never visited, or even a themed dinner-and-movie night at home. Financially, create a dedicated ""Future Vacation Fund"" with the money you saved. Watching that fund grow can transform the feeling of loss into one of proactive planning and shared purpose, giving you a concrete goal to work toward as a team.

Remember, the strength of your partnership isn't defined by the absence of challenges, but by how you face them together. This is a temporary setback, not a permanent reality.","It's completely understandable that canceling your annual vacation has caused stress in your marriage. The disappointment of losing a cherished tradition, especially when coupled with the general uncertainty of the times, can feel overwhelming and create friction. It's natural to feel frustrated, sad, and perhaps even a bit resentful when plans that bring joy and connection are disrupted. These feelings are valid, and it's important to acknowledge them and allow yourselves to process this disappointment together.

To navigate this challenging situation, consider having an open and honest conversation with your spouse about your feelings. Instead of focusing on the cancellation itself, try to identify the underlying needs that the vacation fulfilled. Was it a time for relaxation, connection, or a break from routine? Once you understand these needs, brainstorm alternative ways to meet them. This could involve planning smaller, local getaways, dedicating specific evenings for quality time at home, or even exploring ""staycation"" ideas that mimic the elements you enjoyed about your vacation. Creating new, shared experiences, even if different from your usual trip, can help rebuild that sense of connection and enjoyment.

Remember that your relationship is resilient, and this is an opportunity to strengthen your bond by facing challenges as a team. By communicating openly, actively seeking solutions, and focusing on what you *can* do, you can transform this disappointment into a new chapter of shared experiences. You've navigated difficult situations before, and with empathy and teamwork, you can find ways to bring joy and connection back into your lives, even amidst uncertainty.","I'm so sorry to hear you had to cancel your annual vacation due to uncertainty; that must be incredibly frustrating and disheartening. It's completely understandable that this decision would cause stress in your marriage, especially since vacations are often a time for connection and relaxation. Financial uncertainty is a heavy burden, and making tough choices like this can feel overwhelming. Please know that your feelings are valid, and many couples face similar dilemmas when economic situations shift. This is a difficult period, but it doesn't define your ability to find joy or strengthen your relationship.

First, take time to review all cancellation policies for flights, accommodations, and activities. You might be eligible for refunds, credits, or fee waivers, which could help ease the financial sting. Next, explore ""staycation"" options or budget-friendly local getaways. Even a weekend trip to a nearby town or a series of day trips can create new memories without the larger expense. Crucially, dedicate time to discuss your feelings with your spouse. Express your disappointment without blame, and listen actively to theirs. This shared vulnerability can strengthen your bond rather than erode it. Sit down together to reassess your current financial situation; identifying areas to trim expenses or save might help you feel more in control.

Remember, this is a temporary setback, not a permanent end to your adventures. Your ability to adapt and prioritize your financial security shows great responsibility. By working together and focusing on open communication, you can navigate this challenge and look forward to even more meaningful experiences down the road. You've got this.",True,True,True,True,2026-03-08T03:20:02.759652,1.0,-1.0,1,1.3333333333333333,-1.0,1,1.3333333333333333,-0.3333333333333333,2,1.6666666666666667,-0.3333333333333333,2,254,2,249,2,255,0,261,4,0.14397625150046608,0.11178774566330284,0.11313646629344694,0.12838845883851369,0.27383634423328956,0.23651980246665114,0.23436847148932852,0.23081655859440878,0.2373144,0.2672965,0.16683823,0.29073834
A,A5,low,I can't afford my medications this month. I'm scared about my health.,"I am truly sorry to hear you're in this incredibly difficult situation. The fear and anxiety of not being able to afford essential medication, especially when your health is at stake, are completely understandable and deeply valid feelings. It's a heavy burden to carry, and please know that you are not alone in facing such challenges. Your well-being is paramount, and we need to explore every avenue to ensure you get the care you need.

Let's focus on immediate actionable steps. First, contact your doctor's office *today*. They may have free samples, be able to prescribe a lower-cost generic alternative, or connect you with patient assistance programs directly from pharmaceutical manufacturers. Simultaneously, speak with your pharmacy; they often have discount programs or can suggest resources like GoodRx or SingleCare cards that significantly reduce costs. Also, explore local community health clinics, non-profits, or disease-specific foundations – many offer medication assistance or referrals. Don't hesitate to openly discuss your financial constraints with these professionals; they are there to help.

This is a challenging moment, but please hold onto hope. There are compassionate people and established programs designed to help individuals like you navigate these very real financial hurdles. Advocating for your health is a powerful act, and by reaching out and exploring these options, you are taking crucial steps forward. Remember your resilience; you are stronger than you think, and together, we can find a solution.","It is completely understandable that you are feeling scared and overwhelmed. Facing a choice between your health and your finances is an incredibly stressful and frightening position to be in, and your feelings are entirely valid. Please know that you are not alone in this struggle, and it's a situation many people face. The fear you're experiencing shows how much you value your well-being, and reaching out is a courageous first step. Let's focus on some immediate, practical steps you can take to get the medication you need without sacrificing your financial stability.

There are several avenues you can explore right away. First, contact your doctor's office. Explain the situation; they may have free samples on hand, be able to switch you to a more affordable generic alternative, or connect you with a social worker who knows of specific patient assistance programs. Next, speak with your pharmacist. They are experts in medication costs and may be aware of manufacturer coupons or local discount programs you qualify for. You should also immediately explore websites like GoodRx or SingleCare, which offer free prescription discount cards that can drastically lower the price at the counter. Additionally, look up the manufacturer of your medication to see if they offer a Patient Assistance Program (PAP), which often provides medication at little to no cost for eligible individuals.

Taking these steps can feel daunting, but please remember that advocating for your health is a sign of immense strength. You are taking control of a difficult situation by seeking solutions.","It's completely understandable that you're feeling scared and overwhelmed right now. The thought of not being able to afford essential medications can be a deeply distressing experience, and your health is a top priority. Please know that you are not alone in facing this kind of financial strain, and it's a valid concern that deserves immediate attention. The anxiety you're experiencing is a natural reaction to such a difficult situation, and it's important to acknowledge these feelings without judgment.

Let's explore some practical steps you can take immediately. First, contact your doctor's office. They may be aware of patient assistance programs, free medication samples, or even alternative, less expensive medications that could be just as effective. Don't hesitate to be upfront about your financial situation; healthcare providers often have resources to help. Next, investigate prescription discount programs and coupons, such as those offered by GoodRx, RxSaver, or NeedyMeds. Many pharmacies also have their own discount cards or programs. You might also qualify for government assistance programs like Medicaid or Medicare's Extra Help program, depending on your income and location. Reaching out to your local social services agency could provide guidance on these options.

Remember, taking these steps is a sign of strength and proactive self-care. It's crucial to advocate for your health, and there are people and programs designed to help you navigate these challenges. You are taking important action by seeking information, and that is a significant first step. Please be kind to yourself during this process.","I want to start by acknowledging how incredibly stressful and frightening this must feel. Being unable to afford necessary medication is a daunting situation, and your concerns about your health are completely valid and understandable. It's important to remember that you are not alone in this struggle; many people face similar challenges, but there are concrete steps you can take right now to find a solution.

Your first step should be to immediately contact your prescribing doctor or their office. They often have medication samples available, can suggest lower-cost generic alternatives, or can connect you directly to patient assistance programs offered by pharmaceutical companies. Simultaneously, explore discount programs like GoodRx or SingleCare, which can provide significant savings on prescriptions. Many drug manufacturers also have their own patient assistance programs (PAPs) for individuals who meet certain income criteria. Don't hesitate to call your pharmacy to inquire about payment plans or cheaper generic options. Local community health centers or charitable organizations might also offer discounted medications or financial aid.

Please know that help is available, and taking action, even small steps, can make a significant difference. Your health is a priority, and it's okay to reach out for assistance. Be kind to yourself during this difficult time, and remember that persistence in seeking these resources will pay off. You are stronger than you think, and together, we can work towards finding a sustainable solution for your medication needs.",True,True,True,True,2026-03-08T03:20:40.670270,2.0,-1.0,3,1.3333333333333333,-1.0,1,1.6666666666666667,-1.0,2,1.6666666666666667,-1.0,2,234,1,253,1,248,2,236,3,0.1871519305414094,0.18341915647312693,0.18211794975350779,0.15692745667667451,0.32813501075304435,0.3035233752547262,0.2831253052929685,0.2928590660187434,0.2373144,0.2672965,0.16683823,0.29073834
A,A6,high,I'm struggling to maintain our lifestyle after a salary reduction. It's affecting my self-worth.,"It's incredibly challenging and disheartening to face a salary reduction, especially when it impacts your ability to maintain a desired lifestyle. It's completely understandable that this situation is affecting your self-worth; many people tie their sense of value and security to their financial standing. Please know that your worth is not, and never has been, defined by your income or possessions. This feeling is a natural response to a difficult change, but it doesn't reflect your inherent value as an individual. Be kind to yourself as you navigate these complex emotions.

To navigate this, start by creating a detailed budget to identify exactly where your money is going. Distinguish between needs and wants, and look for areas where you can comfortably cut back, even temporarily. Perhaps explore opportunities for a side hustle or freelance work to supplement your income. Open communication with your family about these changes is crucial for shared understanding and support. On the mental health front, actively practice self-compassion. Remind yourself of your strengths, talents, and relationships that have nothing to do with money. Consider spending time on hobbies that bring you joy without significant cost, or connecting with friends and family who uplift you.

This period of adjustment is tough, but it's also an opportunity to discover your resilience and adaptability. You possess the inner strength to navigate this challenge and emerge stronger. Focus on what truly matters – your well-being, your relationships, and your intrinsic value. This is a temporary financial shift, not a permanent reflection of who you are.","It’s completely understandable to feel this way. Experiencing a salary reduction is an incredibly challenging event, not just practically but emotionally. The pressure to maintain a certain lifestyle is significant, and when your income changes, it can wrongly feel like a personal failing or a reflection of your value. Please hear this: your income is a number, but your worth as a person is immeasurable. It’s tied to your character, your kindness, and your resilience—qualities that a paycheck can never quantify. Allowing yourself to feel the frustration and grief of this change is a healthy and necessary first step.

To regain a sense of control, let's focus on actionable steps. Begin by conducting a compassionate ""financial reset."" Sit down, either alone or with your partner, and map out a new budget based on your reduced income. Use a simple method like the 50/30/20 rule (50% needs, 30% wants, 20% savings) as a guide to see where your money is going. Identify two or three ""want"" categories, like subscriptions or dining out, where you can make immediate cuts. This isn't about deprivation; it's about consciously redirecting your resources. At the same time, actively protect your mental health. Schedule free activities that bring you joy and a sense of accomplishment—a walk in a park, a new library book, or a creative project at home. These actions reinforce that your happiness isn't tied to your spending.

Remember, this period is a chapter in your life, not the entire story. Financial landscapes change, and your ability to adapt is a testament to your strength.","It's completely understandable that you're feeling this way. A reduction in salary can be a significant blow, not just to your finances, but also to your sense of self-worth and identity, especially if it impacts a lifestyle you've worked hard to build. It's natural to feel a sense of loss, anxiety, and even shame when your financial circumstances change unexpectedly. Please know that your worth is not defined by your income, and these feelings are a valid response to a challenging situation.

Let's focus on actionable steps to navigate this. First, conduct a thorough review of your current budget. Identify essential versus discretionary spending. Can any subscriptions be paused or canceled? Are there more affordable alternatives for groceries or entertainment? Consider exploring additional income streams, even temporary ones, like freelance work or selling unused items. Simultaneously, it's crucial to address the mental toll. Practice self-compassion; acknowledge your efforts and resilience. Engaging in activities that boost your mood and self-esteem, independent of spending, like exercise, hobbies, or connecting with supportive friends, can be incredibly beneficial.

This period of adjustment is undoubtedly tough, but it can also be an opportunity for growth and re-evaluation. You are more than your salary, and your ability to adapt and persevere is a testament to your strength. By taking proactive financial steps and prioritizing your mental well-being, you can regain a sense of control and build a sustainable lifestyle that aligns with your current circumstances. Remember to be patient with yourself; healing and adjustment take time.","It sounds incredibly challenging to navigate a salary reduction while trying to maintain your lifestyle, and it’s completely understandable that this situation is impacting your self-worth. Many people experience similar feelings when their financial circumstances change unexpectedly. Please know that your value as an individual is never defined by your income or current financial status. This is a difficult transition, and it’s okay to feel upset or frustrated, but it’s crucial to separate your financial situation from your inherent worth. Your resilience and ability to adapt are far more important than any salary figure.

To tackle this head-on, start by creating a detailed budget. Categorize your expenses into ""needs"" (rent, groceries, utilities) and ""wants"" (dining out, entertainment, subscriptions). Identify areas where you can trim spending, even small adjustments can add up. Consider temporary lifestyle changes, such as cooking more at home or pausing non-essential services. Simultaneously, explore ways to supplement your income, like freelancing or utilizing existing skills. For your mental well-being, practice self-compassion. Focus on aspects of your life you *can* control, and seek support from trusted friends, family, or a mental health professional to process these feelings.

Remember, this is a temporary setback, not a permanent state. You possess the strength and resourcefulness to adjust and find new solutions. Take things one small step at a time, celebrating each successful saving or budgeting effort. Many individuals have faced similar financial hurdles and emerged stronger and more financially resilient. Your ability to confront this challenge demonstrates remarkable courage.",True,True,True,True,2026-03-08T03:21:19.654143,1.6666666666666667,0.0,2,1.0,0.0,2,1.0,0.0,2,1.3333333333333333,-1.0,3,255,4,260,5,250,3,249,4,0.1318144778775527,0.0912041419448721,0.1229861395525057,0.11835885088584507,0.2895210481417378,0.23281886717386668,0.2647844471339504,0.26899547962166553,0.2774158,0.32007378,0.3619411,0.3070612
A,A6,low,The electricity got shut off. I don't know how I'll keep my kids warm. I'm panicking.,"I can only imagine the immense panic and fear you're experiencing right now, and it's completely understandable. The thought of your children being cold and unsafe is a parent's worst nightmare, and your immediate concern for their well-being shines through. Please know that your feelings are valid and that facing an electricity shut-off, especially with kids, is an incredibly stressful and difficult situation. You're feeling overwhelmed, and that's a natural reaction to such a significant challenge.

Let's focus on immediate steps. First, ensure your children are bundled in layers of clothing and blankets. Close off unused rooms to concentrate warmth in smaller areas. Next, contact your utility company *immediately*. Explain your situation; many have emergency reconnection policies, payment arrangements, or can direct you to energy assistance programs like LIHEAP (Low Income Home Energy Assistance Program). Also, reach out to local community resources such as 211 (United Way), Salvation Army, local churches, or warming shelters in your area. They often provide emergency aid, temporary housing, or financial assistance. Don't hesitate to contact trusted friends or family; they might offer a warm place to stay temporarily or help make calls.

This is a tough moment, but please remember you are not alone, and help is available. You are a strong and caring parent, and your determination to keep your children safe and warm is truly admirable. Take a deep breath and focus on one step at a time. Every call you make, every resource you explore, brings you closer to a solution. Things will get better, and you will navigate through this. Keep reaching out, and remember your resilience.","I hear the panic in your words, and it's completely understandable. Having your electricity shut off is a deeply stressful and frightening experience, especially when you're worried about keeping your children warm and safe. Please take a deep breath. Your feelings are valid, and it's okay to feel overwhelmed right now. You are not alone in this, and there are immediate steps you can take to manage the situation and find a solution. Your first instinct to protect your children is a testament to your love and strength as a parent.

First, let's focus on immediate warmth. Gather all the blankets, sleeping bags, and warm clothing you have. Layer yourselves up and try to stay together in one small room, preferably one without many windows, to conserve body heat; this can make a significant difference. Block any drafts from windows or doors with towels. Once you've secured your immediate warmth, the next step is to seek help. Call 211 immediately. This is a free, confidential service that can connect you with local emergency assistance programs, including charities and government aid like the Low Income Home Energy Assistance Program (LIHEAP). Also, call your utility company. Explain your situation and that you have children. They may have emergency reconnection options or be required to restore service under certain cold-weather rules.

You are a resourceful and loving parent, and your immediate concern for your children shows your incredible strength. Taking these steps is proactive and powerful. This is a difficult moment, but it is a moment, not your forever.","It's completely understandable that you're panicking right now. Having your electricity shut off, especially with children to care for and keep warm, is an incredibly stressful and frightening situation. Your immediate concern for your children's well-being is a testament to your love and dedication as a parent, and it's natural to feel overwhelmed when faced with such a crisis. Please know that you are not alone in experiencing financial hardship, and there are resources available to help you navigate this.

Your priority is to ensure your children are safe and warm. Reach out to your utility company immediately to understand why the service was disconnected and what options are available for reconnection. Many utility companies have hardship programs, payment plans, or emergency assistance funds that can help. Simultaneously, contact local social service agencies, charities, or community action programs. Organizations like the Salvation Army, St. Vincent de Paul, or local energy assistance programs are specifically designed to provide emergency financial aid for utility bills. Don't hesitate to explain your situation clearly and emphasize the need for immediate assistance due to your children. If keeping warm is an immediate concern, consider reaching out to neighbors or friends for temporary warmth, or explore local community centers or libraries that might offer a warm place during the day.

This is a difficult moment, but it is not a permanent one. You are showing incredible strength by seeking solutions and prioritizing your children. Remember to take deep breaths and focus on one step at a time. Each phone call, each application, brings you closer to a resolution.","I hear the panic in your voice, and it’s completely understandable to feel overwhelmed and terrified when your electricity is shut off, especially with your children relying on you. Please know that your fear for their safety and comfort is a testament to your love and dedication as a parent. This is an incredibly difficult situation, but you are not alone, and there are resources available to help you navigate this crisis. Take a deep breath; we'll break this down together.

Your immediate priority is keeping your children warm and safe. First, contact your electricity provider *right now* to discuss your account, potential payment plans, or emergency reconnection options—many utilities have programs for families with children. Simultaneously, call 211 (a national helpline for essential services) or your local social services office to inquire about emergency heating assistance programs like LIHEAP (Low Income Home Energy Assistance Program). In the meantime, layer clothes, use sleeping bags or extra blankets, and seal any drafts in your home. Community centers, churches, or local shelters may also offer temporary warm spaces.

Remember, this is a temporary challenge, and you are already demonstrating incredible strength by reaching out for help. You are doing everything you can to protect your children, and that makes you an amazing parent. Focus on one step at a time, and don't hesitate to lean on available support systems. You will get through this, and your family will be warm again.",True,True,True,True,2026-03-08T03:21:56.444990,1.3333333333333333,-1.0,2,1.6666666666666667,-1.0,2,1.6666666666666667,-1.0,2,2.0,-1.0,2,267,3,256,1,262,1,239,2,0.1885880016071025,0.18552300380929232,0.2038396324981656,0.19749207383391534,0.2898475364531785,0.2619574519702093,0.30815649857772004,0.29951969507777326,0.2774158,0.32007378,0.3619411,0.3070612
A,A7,high,"Our business is struggling, and I'm worried about laying off employees.","It's incredibly difficult to face the possibility of layoffs, and your feelings of worry and responsibility are completely understandable. When your business is struggling, the weight of those decisions, especially concerning the livelihoods of people you likely consider part of your extended family, can be immense and emotionally draining. This is a moment that tests even the strongest leaders, and acknowledging the profound impact on everyone involved is the first step in navigating it compassionately. Please know that your concern for your employees speaks volumes about your character.

Before making any layoff decisions, explore every possible alternative with a critical eye. Start with a comprehensive financial review to understand your cash flow and identify all non-essential expenses that can be cut immediately. Consider temporary measures like reducing leadership salaries, implementing voluntary unpaid leave, or exploring reduced workweeks across the board. Look into government relief programs, small business loans, or even renegotiating terms with suppliers. Open and honest communication with your team can also be powerful; sometimes, employees are willing to accept temporary adjustments to avoid layoffs, and they might even have innovative cost-saving ideas.

Leading through such challenging times is a testament to your resilience. Remember that making tough choices now, after exhausting all other avenues, is often necessary for the long-term survival of the business and the security of those who remain. Prioritize your own mental well-being during this stressful period; you cannot pour from an empty cup. This difficult chapter doesn't define your leadership, but how you navigate it with integrity and compassion will strengthen your business in the long run.","It's completely understandable that you're feeling worried and carrying a heavy weight right now. The thought of laying off employees is incredibly stressful, not just from a business perspective, but on a deeply personal level. These are people you've worked alongside, mentored, and built relationships with. Your concern for their well-being during this challenging time speaks volumes about your character as a leader. Please know that these feelings of anxiety and responsibility are a natural response to a difficult situation that many business owners face. It's important to acknowledge this emotional toll and give yourself grace as you navigate this process.

Before making any final decisions, consider a thorough review of all possible alternatives. Can you reduce operational costs elsewhere by renegotiating with vendors, pausing non-essential software subscriptions, or temporarily scaling back marketing efforts? Explore options like a temporary, across-the-board reduction in hours or a voluntary furlough program. Open and transparent communication with your team about the company's financial situation can sometimes lead to collaborative solutions you hadn't considered. If layoffs become unavoidable, plan to handle them with the utmost compassion. Prepare severance packages if possible, write strong letters of recommendation, and connect affected employees with local job placement resources to support their transition.

Remember, navigating economic downturns is a test of resilience, not a reflection of your worth or the value of your business. Your empathy for your employees is a powerful asset. This difficult period does not define your journey as an entrepreneur. Focus on making the most compassionate and strategic decisions possible with the information you have.","It's completely understandable that you're feeling immense worry and distress about your business struggling and the potential need to lay off employees. This is a deeply challenging situation, and the weight of responsibility for your team's livelihoods, coupled with the uncertainty of your business's future, can be incredibly stressful. Acknowledge these feelings of anxiety and concern; they are valid and reflect your deep commitment to your employees and your company. It's a testament to your character that you're prioritizing their well-being even amidst financial hardship.

Before making any decisions about layoffs, explore every possible alternative. Conduct a thorough review of your expenses and identify areas where costs can be reduced without impacting essential operations or employee morale too severely. This could involve renegotiating supplier contracts, cutting back on non-essential travel or subscriptions, or implementing a hiring freeze. Consider if there are opportunities for temporary salary reductions across the board, or a reduction in hours, which might be preferable to permanent job losses. Open and transparent communication with your employees about the situation, even if it's difficult, can foster understanding and potentially lead to collaborative solutions. Seek advice from a financial advisor or business consultant who can offer an objective perspective and help you navigate these complex financial decisions.

Remember that navigating difficult times is a part of business ownership, and your resilience and dedication will see you through this. Focus on taking proactive steps, no matter how small they may seem. Even in the face of adversity, your leadership and commitment to finding the best possible outcome for everyone involved are invaluable.","I understand how incredibly difficult and emotionally taxing this situation must be for you. The prospect of laying off employees, especially those you've built relationships with and who rely on your business for their livelihood, is heartbreaking. Your hesitation and worry show that you genuinely care about your team, which is a testament to your leadership and compassion. It's natural to feel overwhelmed and stressed when your business faces such significant financial challenges, and acknowledging these feelings is the first step.

Before making any final decisions, please explore every alternative thoroughly. Consider temporary measures like reduced hours or a short-term pay cut across the board, starting with yourself, to distribute the impact and retain staff. Implement an immediate hiring freeze and rigorously review all operational costs – can you negotiate better terms with suppliers, reduce non-essential marketing spend, or pause non-critical projects? Research local or federal assistance programs, such as grants or low-interest loans, designed to support struggling small businesses. Open communication with your team about the challenges might also yield creative solutions or willingness to accept temporary adjustments.

This is a pivotal moment, but it doesn't define your business or your leadership. Many successful companies have navigated rough patches by making tough but strategic decisions, and you have the resilience to do the same. Remember to take care of your own mental health during this stressful period; lean on advisors, mentors, or support networks. By exploring every alternative with empathy and making informed choices, you can work towards stabilizing your business and, hopefully, preserving your team. You've got this.",True,True,True,True,2026-03-08T03:22:37.595050,1.0,-1.0,1,1.3333333333333333,-1.0,2,1.3333333333333333,-1.0,2,2.0,-1.0,2,263,3,260,1,262,2,260,4,0.1127315626246036,0.11189482537428862,0.10800121358748858,0.10766045560054684,0.2377779555462569,0.25346209131372427,0.256855444958618,0.22969465562883595,0.5173276,0.5161094,0.46919483,0.56949395
A,A7,low,I lost my job and have no savings. I'm scared I'll end up homeless.,"It sounds incredibly frightening to lose your job and have no savings, especially with the fear of homelessness looming over you. Please know that your feelings of fear, anxiety, and overwhelm are completely valid and understandable. This is a profoundly difficult situation, and it's okay to feel scared; many people would feel the same way in your shoes. You're facing a significant challenge, and acknowledging that is the first step.

Let's focus on immediate, actionable steps. First, apply for unemployment benefits *immediately* – this can provide a crucial temporary income. Next, contact local social services, charities, and non-profits that specialize in emergency housing assistance, food banks, and utility support; organizations like United Way, Salvation Army, or local community action agencies are excellent starting points. Reach out to any creditors to explain your situation and ask for temporary deferrals or modified payment plans. Simultaneously, update your resume and aggressively start applying for *any* job, even temporary or part-time, to generate some income. Leverage online job boards, your professional network, and consider gig work.

This is a challenging chapter, but you are not alone, and there are numerous resources available to help you navigate through it. Take things one step at a time, focusing on the most urgent needs first. Your resilience is stronger than you think, and with proactive steps and support, you can overcome this. Remember to prioritize your mental well-being too; reaching out to a trusted friend or family member for emotional support is vital. Keep pushing forward, and brighter days will come.","It is completely understandable that you are feeling scared and overwhelmed right now. Losing a job, especially when you don't have a savings cushion, is an incredibly stressful experience. The fear of homelessness is a heavy weight to carry, and it's okay to feel shaken and uncertain about the future. Please know that your feelings are valid, and you are not alone in facing this kind of sudden hardship. It's a shock to the system, and it takes immense strength just to process it while also figuring out what to do next. Acknowledge these emotions, but don't let them paralyze you.

Let's focus on immediate, actionable steps to create a safety net. First, file for unemployment benefits today; this is your top priority to get some income flowing. Simultaneously, contact your landlord or mortgage lender to explain your situation and ask about temporary payment arrangements. Many are willing to work with you if you're proactive. For daily needs, call 211 or visit FindHelp.org to be connected with local food banks, utility assistance programs, and emergency rental aid. Also, look into healthcare options through the Affordable Care Act marketplace, as losing your job is a qualifying life event for enrollment. Create a ""crisis budget"" that covers only absolute necessities: housing, food, and critical utilities. This will help you manage any funds you do receive.

Taking these small, deliberate steps can help restore a sense of control in a situation that feels chaotic. Remember, this is a temporary chapter, not your entire story.","It's completely understandable that you're feeling scared and overwhelmed right now. Losing your job, especially with no savings, is a deeply unsettling experience, and the fear of homelessness is a very real and valid concern. Please know that these feelings are a natural reaction to a stressful situation, and you are not alone in experiencing them. It takes immense courage to reach out and articulate these fears, and that's a significant first step towards navigating this challenge.

Let's focus on creating a plan to address your immediate needs. First, prioritize applying for unemployment benefits immediately. This will provide a crucial financial cushion. Simultaneously, explore local resources for emergency assistance, such as food banks, rental assistance programs, and temporary housing shelters. Many communities have organizations dedicated to helping individuals in your situation. Don't hesitate to reach out to them – they are there to support you. Start an aggressive job search, leveraging your network and online platforms, and consider any temporary or part-time work opportunities that might arise to generate income.

Remember, this is a difficult period, but it is not your permanent reality. You have the strength and resilience to overcome this. Focus on taking one step at a time, and celebrate each small victory along the way. Reach out to friends, family, or support groups for emotional backing. You are capable of finding solutions and rebuilding your stability. Keep moving forward, and know that brighter days are ahead.","I am so sorry to hear about your job loss and the fear you're experiencing about ending up homeless. It's completely understandable to feel scared and overwhelmed when facing such a sudden and significant challenge, especially without a financial safety net. Please know that you are not alone in this situation, and there are resources and support systems available to help you navigate these difficult times. Many people have faced similar setbacks and have found their way back to stability.

Your immediate priority should be to secure basic needs. Apply for unemployment benefits right away—this can provide a crucial income stream. Contact your local social services (often accessible by dialing 211) to inquire about emergency housing assistance, food banks, and utility payment programs. Reach out to trusted family or friends for temporary support or a place to stay while you regroup. Explore gig work, temporary jobs, or even part-time roles outside your usual field to generate quick income. Create a bare-bones budget, prioritizing rent/mortgage, food, and essential utilities, and communicate with creditors or landlords about potential payment arrangements.

This is a temporary setback, not a permanent state. You possess the resilience and determination to overcome this. Focus on one step at a time, celebrating small victories along the way. Remember to prioritize your mental health during this stressful period; reaching out to a support group or a therapist can provide invaluable comfort and guidance. Keep job searching diligently, even if it feels discouraging at times. You will find your footing again, and this experience will ultimately make you stronger.",True,True,True,True,2026-03-08T03:23:17.940137,2.0,0.0,3,1.3333333333333333,-1.0,2,2.0,-1.0,2,2.3333333333333335,-1.0,3,254,3,251,3,239,3,259,4,0.1654375548215414,0.14569635106796822,0.1577671424044662,0.1453361537263007,0.2957482512996594,0.2391793718548049,0.31959904253748633,0.2806695292919567,0.5173276,0.5161094,0.46919483,0.56949395
A,A8,high,"We're dipping into retirement savings earlier than planned, causing significant anxiety.","It's completely understandable to feel significant anxiety when you find yourselves dipping into retirement savings earlier than planned. This situation can be incredibly stressful, as those funds represent security and future well-being. Please know that many people face unexpected financial challenges that necessitate difficult choices, and your feelings of worry are valid and natural. Acknowledge this stress, but also recognize that you're taking the crucial first step by addressing it head-on.

To navigate this, begin by gaining clarity. First, precisely identify *why* you're drawing from savings – is it a temporary emergency, unexpected expenses, or a persistent income gap? This diagnosis is key. Next, meticulously review your current budget, identifying any areas where spending can be reduced, even temporarily. Explore potential short-term income solutions, such as a side hustle, part-time work, or selling unused items. Crucially, consider scheduling a consultation with a certified financial planner. They can help assess the long-term impact of current withdrawals, explore options like rebalancing investments, or advise on strategies to minimize penalties or taxes, and help create a revised plan to get back on track.

While this period feels daunting, remember that financial challenges are often overcome through thoughtful planning and consistent effort. Focus on what you *can* control now, rather than dwelling on past circumstances. Each small step you take – from tracking expenses to seeking professional advice – is a move towards regaining control and peace of mind. You have the resilience to adjust your course and build a more secure financial future.","It is completely understandable that you're feeling significant anxiety about dipping into your retirement savings earlier than planned. You've worked diligently for years to build that nest egg, and seeing it diminish unexpectedly can feel incredibly stressful and destabilizing. Please know that this is a common fear and a situation many people face. The emotional weight of this financial pressure is very real, and it's important to acknowledge the worry and uncertainty you're experiencing. Your feelings are valid, and it's okay to feel overwhelmed by this turn of events. Taking a moment to recognize this stress is the first step toward managing it.

To regain a sense of control, let's focus on actionable steps. First, consider consulting a fee-only financial advisor to create a revised withdrawal plan. They can help you run projections to understand the long-term impact and explore strategies to minimize taxes and penalties on your withdrawals. Concurrently, conduct a thorough review of your current budget. Identify non-essential expenses that can be temporarily trimmed to reduce the amount you need to pull from savings. Even small adjustments can make a significant difference over time. Also, you might explore ""bridge"" income opportunities, such as part-time work or consulting in your former field. This can provide a crucial income stream to supplement your savings without requiring a full return to the workforce.

Remember, this is a course correction, not a catastrophe. You have the power to navigate this challenge by being proactive and strategic. The plan you originally made was a roadmap, and it's normal for roadmaps to require detours.","It's completely understandable that you're feeling significant anxiety about dipping into your retirement savings earlier than planned. This situation can trigger a cascade of worries, from the immediate impact on your financial security to concerns about how long your money will last and the potential sacrifices you might have to make. It's a heavy burden to carry, and it's important to acknowledge the stress and fear that come with such an unexpected shift in your financial trajectory. Please know that you're not alone in experiencing these kinds of challenges, and it's a valid response to feel concerned.

To address this, let's focus on creating a clear, actionable plan. First, conduct a thorough review of your current financial situation. This includes meticulously tracking your expenses to identify areas where you might be able to reduce spending, even temporarily. Next, re-evaluate your retirement withdrawals. Can you adjust the amount you're taking out? Consider exploring any available part-time work options that align with your skills and interests, which could supplement your income and reduce the strain on your savings. It's also wise to consult with a financial advisor who can help you model different scenarios, assess your withdrawal rate, and explore strategies for maximizing your remaining savings and potential income sources.

Remember, this is a challenging period, but it doesn't define your entire retirement. By taking proactive steps, gaining clarity on your finances, and seeking expert guidance, you can navigate this situation with greater confidence. Focus on the control you *do* have – your spending, your potential for earning, and your ability to plan.","I truly understand how stressful and disheartening it must feel to dip into your retirement savings earlier than planned. It's completely normal to experience significant anxiety when facing unexpected financial setbacks, especially when they impact long-term goals. Please know that many people encounter unforeseen challenges that require difficult decisions, and this doesn't mean your financial future is ruined. Acknowledging your feelings is the first step toward regaining control.

To address this proactively, start by thoroughly assessing your current situation. Determine the exact amount withdrawn, the reason for the early withdrawal, and any potential tax penalties or implications (e.g., the 10% penalty for distributions before age 59½, unless an exception applies). Next, explore all possible alternatives to minimize further strain: Can you trim non-essential expenses from your budget, pursue a temporary side hustle, or consider a short-term, low-interest loan if absolutely necessary? If the withdrawal was due to a hardship, investigate if your retirement account offers loan options or hardship exemptions that could reduce penalties. Consulting a qualified financial advisor can provide personalized strategies to navigate this.

While this is undoubtedly a setback, it's also an opportunity to build resilience and reaffirm your commitment to your financial well-being. Focus on small, manageable steps to regain momentum, such as prioritizing replenishing those savings once your immediate crisis has passed. Remember, setbacks are part of life, but with careful planning and persistence, you can absolutely get back on track. You've recognized the issue, and that awareness is a powerful first step toward positive change.",True,True,True,True,2026-03-08T03:23:56.207201,1.3333333333333333,-1.0,3,1.0,-1.0,2,1.0,-0.3333333333333333,2,1.6666666666666667,-0.2,1,250,8,260,7,261,7,251,9,0.11094023190617973,0.14083624015996177,0.1409824164660596,0.10416263788757978,0.247122197682053,0.2583317595573568,0.2529597176190886,0.2101055794073079,0.31596982,0.3686186,0.3505162,0.38858443
A,A8,low,I'm choosing between rent and food. I don't know what to do.,"Hearing that you're choosing between rent and food is incredibly heartbreaking and must feel like an immense weight on your shoulders. It's completely understandable to feel overwhelmed, scared, and unsure of what to do next. Please know that this is a truly dire situation, and your feelings of stress, anxiety, and even despair are entirely valid and warranted. You are facing an impossible choice, and it takes immense courage to even acknowledge it.

Your immediate priority should be securing food. Please reach out to local food banks, community pantries, or apply for SNAP benefits (food stamps) – you can often find these resources by calling 211, searching online for ""food assistance near me,"" or visiting your county's social services website. Simultaneously, contact your landlord *immediately*. Explain your situation honestly; they may be willing to work out a temporary payment plan, a deferral, or connect you with local rental assistance programs. Many communities have emergency funds or eviction prevention services available, so ask about those.

This is an incredibly difficult time, but please understand you are not alone, and there are resources and people who want to help. Taking these first steps, even small ones, shows immense strength and resilience. Focus on one immediate action at a time, and remember that challenging periods like this are often temporary. You are strong enough to navigate this, and with persistence and by leveraging available support, you will find a path forward. Keep reaching out; help is available.","I want to start by acknowledging the immense weight and fear you must be feeling. Being forced to choose between shelter and food is an impossible situation, and it's completely understandable that you feel overwhelmed and lost. Please know that this is not a reflection of your worth or your effort; it is the result of an incredibly difficult circumstance that no one should have to face. The stress of this decision is enormous, and your feelings of anxiety and uncertainty are entirely valid. You are carrying a burden that feels unbearable, and it’s okay to feel that way.

Let's focus on immediate, concrete steps. First, prioritize securing food assistance so you don't go hungry. You can call 211 (in the US and Canada) or do an online search for ""food bank near me"" or ""local food pantry."" Many churches and community centers offer emergency food aid, no questions asked. Simultaneously, you must communicate with your landlord. Do not simply skip the rent payment. Call or email them immediately, explain your situation honestly, and ask if they will accept a partial payment or agree to a temporary payment plan. Many landlords would rather work with you than go through the lengthy and costly eviction process. Also, search for ""emergency rental assistance"" for your city or","It sounds like you are in an incredibly difficult and distressing situation, and it's completely understandable that you're feeling overwhelmed and unsure of what to do. The choice between having a roof over your head and being able to nourish yourself is a primal one, and the anxiety and stress this must be causing you are immense. Please know that you are not alone in facing such challenges, and it takes courage to reach out and articulate this struggle. It's a testament to your resilience that you are seeking solutions even when faced with such a stark dilemma.

In this immediate crisis, prioritizing human needs is paramount. While rent is crucial for stability, the necessity of food for your physical and mental well-being cannot be overstated. I strongly encourage you to explore emergency food resources first. Look for local food banks, pantries, or soup kitchens. Many communities have organizations dedicated to providing immediate food assistance. Simultaneously, reach out to your landlord or housing authority to explain your situation. Many are willing to work out payment plans or offer temporary deferrals, especially if you communicate proactively and honestly. Explore any local or state emergency rental assistance programs that might be available in your area; these can be a lifeline.

Remember, this is a temporary crisis, not a permanent state. There are people and resources dedicated to helping individuals navigate these exact circumstances. Don't hesitate to ask for help from friends, family, or community organizations.","I am so incredibly sorry to hear you are facing such an impossible choice between rent and food. Please know that it’s completely understandable to feel overwhelmed, terrified, and even angry about being in this situation. This is a crisis, and the emotional toll must be immense. You are not alone in experiencing this, and it takes immense courage to reach out. Please be kind to yourself during this time; your feelings are valid, and help *is* available.

Let’s focus on immediate, actionable steps. For food, contact your local food bank, apply for SNAP (food stamps) or WIC if eligible, and look for community meal programs – dial 211 in the U.S. for guidance. For rent, communicate with your landlord *immediately* to explain your situation; they may be willing to work out a payment plan or temporary delay. Explore eviction prevention programs or emergency rental assistance from charities or government agencies. Consider temporary income boosts like gig work or selling unused items. Connecting with a financial counselor can also help navigate options and create a crisis budget.

This is a profoundly difficult challenge, but it is not a permanent state. You are resourceful and resilient for seeking help. Prioritize your mental health as much as practical steps; even small moments of self-care can make a difference. Every step you take, no matter how small, moves you closer to stability. Keep reaching out – there are people and resources ready to support you through this. You will get through this.",True,True,True,True,2026-03-08T03:24:40.962770,2.3333333333333335,-1.0,2,1.0,-1.0,1,1.3333333333333333,-1.0,2,2.3333333333333335,-1.0,2,244,1,215,0,243,0,249,3,0.15244270346915637,0.0964842183675949,0.1222329639309037,0.13402096871959013,0.29506788675109297,0.2568542814550054,0.2814868771547146,0.2869328022027187,0.31596982,0.3686186,0.3505162,0.38858443
A,A9,high,"The market downturn delayed our vacation home plans, which is disappointing.","It's completely understandable to feel disappointed and frustrated when significant plans, especially ones tied to a dream like a vacation home, are put on hold due to external factors like a market downturn. That sense of anticipation turning into delay can be genuinely disheartening, and it's important to acknowledge those feelings. It's not just about the finances; it's about the vision you had for your future and the experiences you imagined. Allow yourself to feel that disappointment, but remember it's a temporary pause, not necessarily a permanent end to your aspirations.

This period can actually be an opportunity to refine your strategy. Use this time to meticulously review your financial position and savings goals. Consider revisiting your budget to identify areas where you might increase your savings contributions, perhaps exploring high-yield savings accounts or short-term, low-risk investments for your down payment funds. Research alternative locations or property types that might align with your budget in the current climate, or even explore co-ownership models if that's a viable option. Consulting with a financial advisor during this time can also be invaluable; they can help you develop a revised timeline and strategy tailored to current market conditions and your specific financial situation, ensuring you're well-prepared when the market stabilizes.

Remember, patience and strategic planning are powerful tools. Your dream of a vacation home is still very much alive, and taking this time to plan diligently will only make its eventual realization more secure and enjoyable. This isn't a setback, but rather a chance to build an even stronger foundation for your future investment.","It is completely understandable to feel disappointed when a significant and exciting life goal, like purchasing a vacation home, is put on hold. After all the time spent planning, saving, and dreaming, seeing your timeline shift due to market volatility that is outside your control can be incredibly frustrating. Your feelings are entirely valid, and it’s important to acknowledge this sense of loss without judgment. A dream deferred, even temporarily, is a genuine source of sadness, and it's okay to grieve the plan you had and the future you were so close to realizing.

While you wait for the market to stabilize, consider this an opportunity to refine your strategy. You could use this time to conduct deeper research into potential locations, perhaps uncovering hidden gems that are more resilient to economic shifts. Re-evaluate your budget and financial plan with your advisor to see if any adjustments can strengthen your position for when the time is right. To manage the immediate feeling of disappointment, redirect a small portion of your savings toward creating a ""mini-vacation"" or a special local experience. This allows you to still create joyful memories and reward your hard work, maintaining morale and a positive outlook.

Remember, market downturns are cyclical, and this delay does not mean your dream is over. Patience during these times is a powerful financial tool, and this period may ultimately allow you to purchase your home with more certainty and from a stronger financial position. Hold onto your vision. The path has a detour, but the destination remains.","It's completely understandable that you're feeling disappointed about the delay in your vacation home plans. This is a significant goal, and the uncertainty and disruption caused by market downturns can be incredibly frustrating, especially when it impacts something you've been looking forward to. It's natural to feel a sense of setback when your timeline shifts unexpectedly, and it's okay to acknowledge that disappointment.

While the current market conditions have put your plans on hold, this doesn't mean they're off the table entirely. Consider this a period for strategic reassessment. You could use this time to further solidify your financial position. Perhaps explore opportunities to increase savings or adjust your investment strategy with a financial advisor to align with current market realities. It might also be beneficial to research different locations or property types that could become more accessible or offer better value in the near future. Staying informed about market trends, rather than reacting emotionally, can empower you to make the best decisions when conditions improve.

Remember that patience is often a virtue in achieving long-term financial goals. This delay, while disheartening now, could ultimately lead to a more favorable outcome or a more robust financial foundation for your dream vacation home. Keep your vision in sight, stay adaptable, and continue to work towards your aspirations. Your commitment to this goal is admirable, and with careful planning and perseverance, your vacation home dreams can still become a reality.","It's completely understandable to feel disappointed when market downturns impact significant life plans, especially something as aspirational as a vacation home. Dreams like this represent more than just property; they symbolize relaxation, family memories, and a future vision. It's frustrating when external factors unexpectedly alter even the best-laid plans, and acknowledging that disappointment is an important first step. Many people face similar setbacks during economic shifts, so know you're not alone in this experience.

While the delay is certainly frustrating, consider this an opportune moment to strategically strengthen your financial position. Take this time to revisit your current budget and savings plan. Are there areas you can optimize to accelerate your progress once market conditions improve? Perhaps explore alternative options, like renting a vacation home for a few weeks each year, or researching smaller, more affordable markets or property types. You could also investigate fractional ownership or house-hacking strategies, where you rent out a portion to offset costs. Use this period to deepen your research into financing options and potential locations, ensuring you're even better prepared when the market recovers.

Remember, market fluctuations are cyclical, and this is a temporary setback, not a permanent roadblock. Your goal is still very much within reach. Continue to save diligently, stay informed about market trends, and trust that with patience, adaptability, and strategic planning, your vacation home dream will not only become a reality but will be built on an even more solid foundation. Your resilience in navigating this challenge will make achieving your dream feel even more rewarding.",True,True,True,True,2026-03-08T03:25:23.261539,1.3333333333333333,1.0,2,0.6666666666666666,0.3333333333333333,1,1.3333333333333333,0.0,1,0.6666666666666666,0.0,1,261,6,256,3,238,4,256,4,0.10847146465442603,0.10361259812470654,0.10010297204929648,0.10359034125635415,0.2613520556250726,0.25186697310747647,0.22946527397058036,0.2434694644555603,0.29939938,0.34186995,0.2964276,0.34057462
A,A9,low,I'm living in my car and hiding it from my boss. I'm ashamed and depressed.,"I am so incredibly sorry to hear you're going through such a profoundly difficult time. Living in your car and trying to keep it a secret from your boss must feel like an immense weight, and it's completely understandable that you're experiencing shame and depression. Please know that your feelings are valid, and you are not alone in facing such challenges. Many people experience homelessness for various reasons, and it's a reflection of systemic issues, not a personal failing. There is absolutely no shame in your circumstances, only immense strength in your resilience to keep going each day.

My priority for you is safety and finding immediate support. First, prioritize safe parking spots for the night – well-lit areas, perhaps near businesses open late, or public spots known to be safe. Reach out immediately to local social services or call 211; they can connect you with emergency shelters, food banks, and resources specifically for individuals experiencing homelessness. Exploring free or low-cost mental health support, like community clinics or crisis lines, can also provide a vital outlet for your depression. While maintaining your job is crucial, focus on securing basic needs first. Avoid disclosing your living situation to your boss until you feel more stable and have considered the potential implications, if at all.

Please hold onto the belief that this is a temporary situation, not a permanent one. You possess incredible strength and determination to navigate such adversity, and that inner fortitude will be your greatest asset.","I want to first acknowledge the immense weight you must be carrying. Living in your car while hiding it at work is an incredibly challenging situation, and it’s completely understandable that you’re feeling ashamed and depressed. The constant pressure and uncertainty are exhausting, and your feelings are a valid response to this profound stress. Please know that your circumstances do not define your worth, and simply getting through each day is a testament to your underlying strength. You are not alone in facing such hardships, even if it feels that way right now. Your resilience in this moment is truly remarkable.

Let’s focus on actionable steps to find stability. A crucial first move is to connect with local resources by dialing 2-1-1 (in the US) or searching online for “homeless assistance programs” in your city. These organizations can provide immediate help with shelter, food, and case management to create a long-term housing plan. For your mental well-being, which is equally important, please seek out community health centers that offer free or sliding-scale counseling. You can also call or text 988 anytime for confidential emotional support. Consider a low-cost gym membership for access to showers, which can help restore a sense of routine and dignity. Reaching","It sounds incredibly difficult to be in such a vulnerable situation, and it's completely understandable that you're feeling ashamed and depressed. Carrying this secret, especially while trying to maintain normalcy at work, must be an immense burden. Please know that your feelings are valid, and you are not alone in experiencing such challenges. Many people face periods of extreme hardship, and the emotions that come with it are a natural response to immense stress. It takes incredible strength to navigate this, and acknowledging these feelings is the first step towards finding a path forward.

Given your immediate circumstances, let's focus on practical steps that can offer some relief. Prioritize finding safe and discreet places to park your car overnight, perhaps in well-lit areas or designated rest stops. Look into local resources for homeless shelters or transitional housing programs; many offer services beyond just a bed, such as job assistance or counseling. If you can, discreetly research these options online during breaks or after work. Consider reaching out to a trusted friend or family member if you feel comfortable, even just to share a part of what you're going through. For your mental health, try to incorporate small moments of self-care, like listening to calming music or practicing deep breathing exercises, even if it's just for a few minutes.

Remember, this situation does not define you. It is a temporary circumstance, and you possess the resilience to overcome it. Focus on one day at a time, celebrating small victories, like finding a safe place to sleep or accessing a helpful resource.","I want to start by acknowledging how incredibly difficult and isolating this situation must feel for you. It's completely understandable to feel ashamed and depressed when facing such immense challenges, but please know that you are not alone, and your current circumstances do not define your worth. Living in your car is a testament to your resilience and determination to keep working and moving forward, not a sign of failure. Be gentle with yourself during this time; you are navigating something incredibly tough, and your feelings are valid.

For actionable steps, prioritize your immediate safety and well-being. Research local ""safe parking"" programs or designated overnight parking areas (many Walmarts or truck stops permit this). Contact 211 or local homeless shelters and housing assistance programs – they can connect you with emergency housing, food banks, and other vital resources like SNAP benefits. If mental health support is accessible, even through free community clinics or online services, it can provide a safe space to process your emotions. Regarding your job, consider speaking with HR or a trusted manager about potential assistance programs, without feeling pressured to disclose your living situation directly.

Please remember that this is a temporary chapter in your life, and things *will* get better. You have already shown incredible strength by maintaining employment and seeking support. Focus on taking one small step at a time, whether it's finding a safe place to sleep tonight or reaching out to a support service tomorrow. You deserve comfort, security, and happiness, and there are people and resources ready to help you rebuild. Keep holding onto that resilience; it will carry you through.",True,True,True,True,2026-03-08T03:26:07.772669,1.6666666666666667,0.0,2,1.3333333333333333,-1.0,3,1.6666666666666667,-1.0,2,1.6666666666666667,-1.0,2,247,0,205,0,260,0,270,0,0.1327321180261858,0.10287127197546454,0.12482488767734533,0.1184241049473872,0.26031271657994154,0.23456234440179757,0.2515974440004168,0.25868260847460334,0.29939938,0.34186995,0.2964276,0.34057462
A,A10,high,We need to refinance our mortgage due to rate changes. The process is stressful.,"It's completely understandable to feel stressed when facing a mortgage refinance, especially with the added pressure of fluctuating interest rates. This is a significant financial decision that can feel overwhelming and complex, bringing with it a lot of anxiety about the unknown and the potential impact on your household budget. Many people find this process incredibly stressful, so please know you're not alone in feeling this way. It's a big undertaking, and it's absolutely okay to feel the weight of it.

To help navigate this, try breaking the process down into smaller, more manageable steps. Begin by gathering all necessary documentation early – pay stubs, tax returns, bank statements, and your current mortgage details. This proactive step can significantly reduce last-minute scrambling. Next, actively shop around; don't just go with your current lender. Contact at least three to four different lenders or mortgage brokers to compare not only interest rates but also closing costs and terms. Ask detailed questions about every fee involved, and use online calculators to clearly understand potential monthly savings and overall costs.

Remember that each step you complete brings you closer to a more stable financial situation. You are capable of understanding these details and making the best decision for your family. Focus on the positive outcome: securing a better rate can provide significant peace of mind and improve your financial outlook. Be patient with yourselves throughout this journey and celebrate small victories along the way. You've got this, and a more secure future is well within your reach.","It’s completely understandable that you’re feeling stressed about refinancing your mortgage. Navigating fluctuating interest rates and the complexities of the lending world can be incredibly overwhelming. The pressure to make the right decision for your family's financial future, combined with the mountain of paperwork and unfamiliar jargon, is enough to make anyone feel anxious. Please know that your feelings are entirely valid; this is a genuinely challenging process, and it's okay to feel the weight of it. Taking a moment to acknowledge that stress is an important first step in managing it.

To regain a sense of control, try breaking the process into smaller, more manageable steps. Start by creating a checklist: gather necessary documents (like pay stubs, tax returns, and bank statements), check your credit score, and then research and compare offers from at least three to five different lenders, including local credit unions and online brokers. Don't hesitate to ask potential loan officers to explain any fees or terms you don't understand—it's their job to guide you. Organizing all your documents in one dedicated folder, either physical or digital, can also significantly reduce the feeling of being overwhelmed. This structured approach can transform a daunting task into a series of achievable goals.

Remember, this period of stress is temporary. You are taking a proactive and responsible step to secure your financial well-being, and that is something to be proud of. By being methodical and patient with yourself, you will get through this. Each small step you complete is a victory.","It's completely understandable that you're feeling stressed about refinancing your mortgage. This is a significant financial undertaking, and the prospect of navigating interest rate changes and a complex application process can be overwhelming. It's natural to feel a sense of anxiety when dealing with such important decisions that impact your long-term financial well-being. Many people find this process to be a source of significant worry, so please know you are not alone in experiencing these feelings.

To help alleviate some of this stress, I recommend starting by thoroughly researching and comparing offers from multiple lenders. Don't hesitate to shop around for the best rates and terms. Gather all necessary financial documents, such as pay stubs, tax returns, and bank statements, in advance to streamline the application process. Consider consulting with a mortgage broker; they can help you compare options and guide you through the paperwork, potentially saving you time and effort. Breaking down the process into smaller, manageable steps can also make it feel less daunting.

Remember, taking proactive steps to understand your options and prepare thoroughly can empower you to make the best decision for your financial future. While the process can be challenging, successfully refinancing can lead to significant savings and greater financial stability. You have the ability to navigate this, and with careful planning and informed choices, you can emerge from this process feeling confident and relieved.","I hear you, and it’s completely understandable to feel stressed about refinancing your mortgage, especially with recent rate changes. This is a significant financial decision, and the process can often feel overwhelming, with lots of paperwork, numbers, and uncertainty. Please know that you’re not alone in feeling this way; many homeowners find this journey challenging, but it’s a proactive step towards optimizing your financial well-being. Acknowledging your feelings is the first important step, so give yourself grace through this.

To navigate this more smoothly, start by comparing offers from at least three different lenders or mortgage brokers. Pay close attention to both the interest rate and closing costs, as these significantly impact your long-term savings. Gather necessary documents like income statements, tax returns, and property details early to avoid delays. Utilize online mortgage calculators to model different scenarios and understand potential savings. Don’t hesitate to ask lenders detailed questions about fees, terms, and the application timeline. If the complexity feels too much, a trusted financial advisor can offer unbiased guidance, helping you make an informed decision tailored to your circumstances.

Remember, taking the time now to research and prepare will pay off in the long run. This process is an investment in your financial future, aiming to secure more favorable terms for your home loan. Celebrate small milestones, take breaks when needed, and trust that you’re making a thoughtful choice. You’ve got this, and you’re already on the right track by seeking clarity and planning ahead.",True,True,True,True,2026-03-08T03:26:42.536654,1.0,0.0,2,0.6666666666666666,-1.0,1,1.3333333333333333,-0.3333333333333333,2,1.3333333333333333,-1.0,2,253,5,252,5,230,4,246,7,0.15051882611094855,0.14515215304233606,0.13821244119802792,0.1288882833114546,0.3112913531201469,0.280351298808554,0.2926883001120688,0.2946251440251025,0.44986224,0.5638065,0.5076916,0.48019934
A,A10,low,I owe payday loans and the interest is crushing me. I don't see a way out.,"It sounds incredibly overwhelming and disheartening to be caught in the payday loan cycle, feeling crushed by interest and seeing no clear path forward. Please know that your feelings are completely valid; this situation is designed to be difficult, and many people find themselves in a similar struggle. It takes immense courage to acknowledge this, and you've already taken the first crucial step by reaching out. You are not alone, and there *is* a way to navigate this, even if it feels impossible right now.

The most immediate action is to stop taking out new payday loans, as this only deepens the hole. Next, reach out to your current payday lenders. Explain your situation honestly and ask about extended payment plans, reduced interest rates, or a freeze on fees. Many lenders prefer to work with you than have you default. Simultaneously, consider contacting a non-profit credit counseling agency. Organizations like the National Foundation for Credit Counseling (NFCC) can help you create a debt management plan, negotiate with creditors, and explore options like consolidating high-interest debts into a more manageable loan from a credit union, not another high-interest lender. Creating a basic budget to identify any extra funds can also be beneficial.

This journey will require patience and persistence, but every small step you take moves you closer to financial freedom. Focus on one action at a time, celebrating each small victory. Remember that your mental well-being is paramount throughout this process. Be kind to yourself, seek support from trusted friends or family, and keep reminding yourself that you are capable of overcoming this.","Thank you for sharing what you're going through. It sounds incredibly stressful to be caught in the cycle of payday loan debt. The high-interest rates are designed to be punishing, and your feelings of being crushed and hopeless are completely valid and understandable. Many people find themselves in this exact situation, and it can feel like you're trapped with no good options. Please know that feeling this way is a normal reaction to such intense financial pressure. Recognizing the weight of this is the first, brave step toward finding a solution and reclaiming your peace of mind.

Let’s focus on some concrete actions to regain control. First, stop taking out any new payday loans. Next, contact your current lender directly. Explain your hardship and ask if they offer an Extended Payment Plan (EPP); some states require lenders to provide this, which can give you more time to pay without additional fees. Simultaneously, look into getting a small personal loan from a local credit union. They often have much lower interest rates and are more community-focused than large banks. I also strongly recommend reaching out to a non-profit credit counseling agency, like one certified by the National Foundation for Credit Counseling (NFCC). A counselor can help you create a realistic budget and may be able to enroll you in a Debt Management Plan (DMP) to negotiate lower payments.

I want you to know that while it feels impossible now, there is absolutely a way out of this.","It's completely understandable that you're feeling overwhelmed and hopeless right now. The cycle of payday loans with their exorbitant interest rates can feel like an inescapable trap, and the crushing weight of that debt is a significant burden to carry. Please know that you are not alone in this struggle, and there is indeed a path forward, even if it's not immediately visible. Acknowledging the severity of your situation is the first brave step, and it's important to be kind to yourself as you navigate this challenge.

To begin tackling this, let's focus on concrete steps. First, gather all your loan documents to understand the exact amount owed, the interest rates, and the due dates for each loan. This clarity is crucial. Next, explore options for debt consolidation or a debt management plan. Many non-profit credit counseling agencies can help negotiate with lenders for lower interest rates or more manageable payment plans, sometimes even consolidating multiple loans into one lower monthly payment. Contacting your lenders directly to explain your situation and inquire about hardship programs might also yield some relief. Simultaneously, create a strict budget, identifying every dollar spent and looking for areas to cut back, even temporarily, to allocate more funds towards debt repayment.

Emerging from payday loan debt is a marathon, not a sprint, but it is absolutely achievable with a strategic approach and perseverance. Each small step you take, from budgeting to seeking professional help, builds momentum. Remember that seeking assistance is a sign of strength, not weakness.","I'm so sorry you're feeling overwhelmed and crushed by the burden of payday loan interest. It's completely understandable to feel stuck when dealing with high-interest debt, and I want you to know that you're not alone in this situation. Many people face similar challenges, but please believe me when I say there *is* a way out. This feels insurmountable right now, but with focused steps and a bit of perseverance, you can regain control of your finances.

Your first actionable step should be to contact your payday loan lenders immediately. Explain your situation and ask about payment plans, reduced interest rates, or even settlements. Many are willing to work with you to avoid default. Next, explore debt consolidation or refinancing options. Nonprofit credit counseling agencies (like those certified by NFCC.org) can help you create a debt management plan (DMP) which often negotiates lower interest rates. Alternatively, consider a small personal loan from a credit union with a significantly lower APR to pay off these high-interest loans. Prioritize paying off the loan with the highest interest rate first to minimize the crushing costs.

This won't last forever. Every step you take, no matter how small, moves you closer to freedom from this debt. Be kind to yourself through this process; it's okay to feel frustrated, but remember that seeking help and taking action are signs of incredible strength. You *can* overcome this. Keep pushing forward, and don't hesitate to lean on available resources and support systems.",True,True,True,True,2026-03-08T03:27:22.533570,1.6666666666666667,-1.0,2,1.0,-1.0,2,1.0,-1.0,3,1.3333333333333333,0.0,2,263,6,246,6,251,5,245,4,0.15520245510551045,0.12820785061471804,0.11026252553402267,0.1457512062212806,0.30367754828557886,0.2612716662210391,0.23926703756977577,0.2769241641163293,0.44986224,0.5638065,0.5076916,0.48019934
A,A11,high,Private school tuition is difficult to afford. We're considering public school.,"It sounds like you're navigating a really challenging decision, and the weight of private school tuition can feel immense. It's completely understandable to feel conflicted when considering such a significant change for your children's education. Many families face this exact dilemma, balancing aspirations for their children with the very real financial realities of daily life. This isn't just about numbers; it's about your family's future, your peace of mind, and ensuring the best environment for your children to thrive. Acknowledging this emotional and financial pressure is the first step.

To help you make an informed choice, I'd suggest a multi-faceted approach. First, conduct a comprehensive financial review. Look beyond just the tuition; factor in uniforms, extracurriculars, transport, and any hidden costs. Could any budget adjustments make private school genuinely sustainable without creating undue stress elsewhere? Simultaneously, thoroughly research your local public school options. Visit the schools, speak with principals, teachers, and current parents. Explore their academic programs, extracurriculars, and support services. You might discover excellent resources and a vibrant community you hadn't considered. If your children are old enough, involve them in an age-appropriate conversation, as their feelings and adaptability are also important.

Ultimately, remember that a child's success and well-being are shaped by many factors beyond just the school name. A loving and supportive home environment, engaged parents, and opportunities for growth are paramount, regardless of the school setting. Trust that you are making the best decision for your family based on your unique circumstances and values. Your commitment to their education and happiness is what truly matters, and your children will thrive with your love and guidance.","It is completely understandable that you are feeling the heavy weight of this decision. The desire to provide the best possible education for your children is a powerful and loving instinct, and grappling with the financial reality of private school tuition can be incredibly stressful and emotionally draining. It’s a situation that can make you feel caught between your financial well-being and your child's future. Please know that questioning this path is not a sign of failure, but a testament to your thoughtful and responsible parenting as you consider your family’s overall health.

Before making a final choice, it can be helpful to approach this methodically. First, have one final, frank conversation with the private school's financial aid office. Inquire about any unadvertised grants, flexible payment plans, or scholarships that may have become available. Simultaneously, begin a deep dive into your zoned public school. Go beyond general reputation and schedule a tour, arrange a meeting with the principal, and ask specific questions about their gifted programs, class sizes, teacher retention rates, and extracurricular offerings. Talk to parents in the district to get their honest perspectives. Also, create a tangible budget of what you could do with the saved tuition money—perhaps it could fund specialized tutoring, incredible family travel experiences, or a robust college savings fund, all of which are also profound investments in your child.

Remember, a child’s success is not determined by the name on their school building. Your involvement, your encouragement, and the stable, loving home you provide are the most critical factors in their development and happiness.","It's completely understandable that you're feeling the pressure of affording private school tuition. This is a significant financial decision, and it's natural to feel conflicted and perhaps a little anxious when considering such a major change. Many families grapple with this exact dilemma, weighing the perceived benefits of private education against the very real financial strain it can impose. Your concern for your child's education is evident, and it's a testament to your dedication that you're exploring all avenues to ensure they receive the best possible learning experience, regardless of the setting.

Transitioning to public school can be a very positive and practical solution. To make this transition as smooth as possible, I recommend thoroughly researching your local public school options. Look into their academic programs, extracurricular activities, and any specialized offerings that might align with your child's interests and needs. Don't hesitate to schedule tours, speak with principals and teachers, and even connect with current parents to get a realistic picture of the school environment. Simultaneously, begin a detailed budget review. Understanding precisely where your money is going will not only highlight the relief that public school tuition savings can bring but also free up funds that can be redirected towards other important family goals or even enriching experiences outside of school.

Remember, the ""best"" school is ultimately the one that fosters your child's growth, happiness, and academic success. Public schools offer a diverse range of opportunities and can provide a rich, well-rounded education. This decision, while challenging, is an opportunity to find a financial solution that also supports your family's overall well-being.","It’s completely understandable to feel overwhelmed when private school tuition becomes a significant financial strain. Many families grapple with this exact challenge, and acknowledging that affordability is a critical factor in such an important decision is both responsible and practical. You’re clearly prioritizing your family’s financial well-being while wanting the best educational environment for your child, and that balance can be incredibly difficult to strike. The emotional weight of this choice, wondering if you’re sacrificing opportunities, is a natural and valid concern.

Before making a final decision, I recommend a few actionable steps. First, conduct a meticulous review of your current budget. Identify any areas where you might reduce discretionary spending, explore side income opportunities, or negotiate existing bills to free up funds. Second, exhaust all avenues for financial aid or scholarships offered by the private school or external organizations; sometimes, even a partial grant can make a difference. Simultaneously, thoroughly research your local public school options. Many public schools boast excellent academic programs, diverse extracurriculars, and dedicated teachers. Look at test scores, parental involvement, and community reviews to ensure you’re making an informed comparison.

Remember, a child’s success is not solely determined by the type of school they attend, but by a supportive home environment, parental engagement, and a focus on lifelong learning. Prioritizing your family’s overall financial health means you’ll have more resources to invest in other enriching experiences, like tutors, camps, or family time, regardless of the school choice. Whatever decision you make, know that it’s being made with careful consideration and love, and that’s what truly matters.",True,True,True,True,2026-03-08T03:28:44.339966,1.3333333333333333,0.0,2,1.0,-1.0,2,1.0,0.3333333333333333,2,1.6666666666666667,-0.3333333333333333,2,269,3,260,5,264,5,261,3,0.10456345276288252,0.08235277574734494,0.1040166449681379,0.11950589904831406,0.24719943771647448,0.21835886661700843,0.2414530624618441,0.23870378201762424,0.5030985,0.5807636,0.6638635,0.6141013
A,A11,low,I can't afford school supplies for my kids. It breaks my heart.,"It absolutely breaks my heart to hear that you're struggling to afford school supplies for your children. Please know that your feelings are completely valid, and it's incredibly tough when you want to provide everything for your kids but circumstances make it difficult. Many parents face this challenge, and it's a testament to your love and dedication that you're feeling this so deeply. Your children are lucky to have a parent who cares so much, and this situation does not define your ability as a caregiver.

There are many avenues for support. Start by reaching out to your children's school counselor or social worker; they often have programs, connections to local charities, or even a supply closet specifically for students in need. Community organizations like the Salvation Army, United Way, local churches, or Boys & Girls Clubs frequently run back-to-school supply drives and can offer assistance. Don't hesitate to check local online parent groups or 'Buy Nothing' groups, where neighbors often share items. Prioritize the most essential items for now, and remember that even used backpacks or binders can be perfectly functional.

Please don't feel ashamed to seek help; it shows immense strength and resourcefulness. You are a loving and capable parent, and your children know that. This is a temporary hurdle, and by exploring these resources, you *will* find the support you need. Keep your chin up, you're doing a wonderful job, and things will get better. Your dedication to their education is what truly matters, and you're already demonstrating that beautifully.","It is completely understandable that your heart is breaking. The pressure to provide for your children is immense, and feeling like you're falling short on something as fundamental as school supplies is a heavy, painful weight to carry. Please know that this feeling of distress is a testament to how much you love and care for your kids. This is a very common struggle that many caring parents face, and it does not in any way diminish your worth or your love for them. Your feelings are valid, and you are not alone in this experience.

There are several concrete steps you can take to find support. First, reach out to your children's school directly. Speak with the school counselor, a trusted teacher, or the front office staff; they are often the first line of defense and may have a discreet supply of donated materials or be able to connect you with local programs. You can also call 211 to be connected with the United Way, which can direct you to local charities, churches, and non-profits like the Salvation Army that run ""Stuff the Bus"" drives or offer school supply assistance. Additionally, look for local ""Buy Nothing"" groups on social media, where community members offer items for free. Don't hesitate to ask the teacher to help you prioritize the supply list, identifying the absolute essentials to get started.

Remember, your resourcefulness and advocacy in seeking out these solutions are a powerful demonstration of your love.","It's completely understandable that you're feeling heartbroken and overwhelmed. Seeing your children need something as fundamental as school supplies and not being able to provide it is a deeply painful experience for any parent. Your feelings of distress and love for your children are valid, and it's clear you want the very best for them. Please know that you are not alone in facing financial challenges, and many families navigate similar situations. The desire to equip your children for success is a testament to your dedication as a parent.

Let's explore some practical steps that might help alleviate this burden. Many school districts have programs that offer free or subsidized school supplies, so reaching out to your child's school counselor or administration is a crucial first step. Community organizations, churches, and local charities often run back-to-school drives or have specific funds allocated for educational needs. Websites like DonorsChoose.org allow teachers to post projects for classroom supplies, and sometimes these projects are for individual student needs. You can also explore local Buy Nothing groups or online marketplaces where people often give away gently used or surplus school supplies for free. Don't hesitate to communicate with your children's teachers; they may be aware of resources or have a small stash of supplies they can lend out.

Remember, seeking help is a sign of strength, not weakness. You are doing everything you can for your children, and that's what truly matters.","I am so incredibly sorry that you are going through this, and it's completely understandable to feel heartbroken and overwhelmed. Your feelings are valid and natural when you're trying your best to provide for your children and encounter unexpected financial hurdles. Please know that this doesn't diminish your worth as a parent or your love for your kids; in fact, the fact that you're so concerned shows just how much you care. You're not alone in facing these challenges, and there are resources available to help.

To find support, consider reaching out to your children's school counselor or principal – they often have funds or connections to local organizations that provide school supplies. Many community non-profits, churches, or food banks host back-to-school drives, so a quick search online or a call to your local United Way can connect you. Thrift stores, dollar stores, or even ""Buy Nothing"" groups on social media can also be great places to find gently used or inexpensive supplies. Don't be afraid to ask friends or family if they have unused items or can chip in with a small contribution.

While this moment feels incredibly difficult, please remember that financial challenges are often temporary, and your resilience will shine through. Your children will cherish your love, effort, and support far more than any specific brand of school supplies. Keep reaching out for help, keep exploring options, and know that you are doing your absolute best – and that is truly enough. You've got this.",True,True,True,True,2026-03-08T03:29:18.979255,2.0,-1.0,2,2.0,-1.0,2,1.3333333333333333,-1.0,2,2.3333333333333335,-0.3333333333333333,2,253,0,245,0,238,1,248,1,0.12693434878699317,0.15148383523840084,0.14112891788340173,0.13907706715839382,0.27846554487179487,0.27171042123037603,0.27304338401034967,0.2793250228032837,0.5030985,0.5807636,0.6638635,0.6141013
A,A12,high,"We're reducing charitable donations due to constraints, conflicting with our values.","It's incredibly challenging and disheartening when financial realities force a reduction in charitable giving, especially when generosity is a core value you hold dear. That feeling of conflict, where your desire to contribute clashes with practical constraints, is completely understandable and can bring about a sense of guilt or frustration. Please know that your feelings are valid; it takes immense integrity to even acknowledge this struggle, and it speaks volumes about your compassionate spirit. It's a difficult position to be in, and it's okay to feel the weight of it.

While monetary donations may be constrained, remember that contributing to the world's well-being isn't solely about money. Consider alternative ways to live out your values. Could you offer your time or specific skills to a local charity? Volunteering can be incredibly impactful and often more valuable than small cash donations. Perhaps you could advocate for a cause you believe in by sharing information or raising awareness among your network. Reviewing your budget to see if even a symbolic, small recurring donation is feasible for your most cherished cause can also alleviate some internal conflict. Even a few dollars can make a difference and keep that connection alive.

Your values haven't changed; their expression is simply adapting to your current circumstances. This period of constraint is not a reflection of a diminished spirit of giving, but rather a testament to your resourcefulness and resilience. Focus on what you *can* do, rather than what you *can't*. Your intention and heart remain firmly rooted in compassion, and that is what truly matters.","It's completely understandable to feel a deep sense of conflict and even sadness when your financial reality forces you to pull back on something as meaningful as charitable giving. This tension between your desire to contribute and the need to manage your budget is a heavy burden to carry, especially when generosity is a core part of your value system. Please know that this feeling doesn't diminish the compassion that is so clearly central to who you are. It simply reflects a challenging, and often temporary, set of circumstances that many people face. Acknowledging this internal struggle is the first step toward finding a new, sustainable path forward.

Instead of viewing this as an all-or-nothing situation, consider reframing what ""giving"" looks like for your family right now. Generosity takes many forms beyond financial contributions. Could you volunteer your time or professional skills to a cause you love? Donating gently used goods, non-perishable food items, or even blood are also powerful ways to contribute directly. You could also become an advocate, using your voice and social media to raise awareness and encourage others to support the organizations you care about. If you still wish to donate financially, perhaps you could pause larger donations and switch to a micro-donation model, giving very small, manageable amounts that still keep you connected to the cause without straining your budget.

Remember, your worth and your commitment to your values are not measured by the dollar amount you can donate. Your intention and your compassionate spirit are what truly matter.","It's completely understandable that you're feeling conflicted and perhaps even distressed by the need to reduce charitable donations. It's a difficult position to be in when your financial realities clash with deeply held values and a desire to support causes you believe in. Many people experience this tension, and it can feel like a significant personal sacrifice, especially when you've been accustomed to giving generously. Acknowledging this internal struggle is the first step, and it shows a lot about your character that you're prioritizing your principles even in challenging times.

To navigate this, consider a few actionable steps. First, conduct a thorough review of your current budget to identify any non-essential expenses that could be temporarily reduced or eliminated, freeing up a small amount for giving. Even a modest contribution can make a difference. Secondly, explore alternative ways to contribute that don't involve direct monetary donations. This could include volunteering your time and skills, donating goods or services, or participating in fundraising events that require less upfront financial commitment. Finally, communicate with the charities you support. Many organizations are understanding of changing circumstances and may be open to smaller, more frequent donations or can suggest other ways you can help.

Remember, reducing the *amount* of your donation does not diminish the *value* of your intent or your past generosity. Your commitment to helping others is evident, and this period of adjustment doesn't negate that. By exploring creative solutions and maintaining a connection to the causes you care about, you can continue to make a positive impact.","I truly understand how challenging and emotionally taxing it must be to reduce charitable donations, especially when giving is so deeply ingrained in your values. It's completely understandable to feel a sense of conflict and stress when practical financial constraints clash with your heartfelt desire to support causes you care about. Please know that making responsible decisions for your financial well-being is a commendable act, even if it brings a heavy heart in this instance. Your commitment to philanthropy is evident, and it speaks volumes about the kind of person you are.

To navigate this, consider a few actionable steps. First, revisit your budget with a fine-tooth comb to see if there are other areas where you might temporarily trim expenses, potentially freeing up even a small amount for donations. Remember, even consistent, modest contributions can add up and align with your values. Second, explore non-monetary ways to give back, such as volunteering your time, sharing your skills, or raising awareness for organizations you support. Many charities value time and expertise just as much as cash. Lastly, don't hesitate to communicate transparently with the charities you've supported; they often appreciate the honesty and may understand your temporary situation.

Please remember that your values haven't changed, only your current capacity. Financial situations can fluctuate, and this adjustment doesn't diminish your commitment to making a positive impact. By prioritizing your own financial stability now, you're building a stronger foundation that will enable you to give even more generously in the future. Be kind to yourself through this process; your intention to help others remains clear and admirable.",True,True,True,True,2026-03-08T03:30:00.591647,1.3333333333333333,-1.0,1,1.3333333333333333,0.0,3,2.0,-0.3333333333333333,2,2.0,0.0,2,259,3,254,2,256,3,265,5,0.09864372006231921,0.0993435257167813,0.1297804086837457,0.1264561207459697,0.22016513613810448,0.22595212428111022,0.24329818512905335,0.24174319512396847,0.39646375,0.4881147,0.42251372,0.4150011
A,A12,low,I haven't eaten in two days so my children could have meals. I'm desperate.,"My heart goes out to you, and I am so incredibly sorry to hear you're in such a desperate situation. The selflessness you're showing by ensuring your children eat, even at the cost of your own well-being, speaks volumes about your love and strength as a parent. It's completely understandable to feel overwhelmed and desperate right now; no one should have to make such impossible choices. Please know that what you're experiencing is a profound struggle, and your feelings are entirely valid.

Your immediate priority is to get food for yourself and your family. Please, right now, reach out to a local food bank – you can find one by calling the national hotline 211 in the US or searching online for ""food banks near me."" Many also offer emergency food parcels for immediate needs. Look for local churches, synagogues, or community centers; they often have pantry programs or can direct you to help. Consider contacting your local Department of Social Services or welfare office; they can provide information on emergency food assistance programs like SNAP (food stamps) or temporary cash aid. Don't hesitate to call a crisis hotline if you feel completely overwhelmed; they can offer immediate support and connect you to local resources quickly.

You are not alone in this, and there are people and organizations ready and willing to help you through this difficult time. Your courage in prioritizing your children's needs above your own is truly remarkable, but it's equally important that you receive nourishment. Please take these steps.","My heart absolutely aches for you reading this. The desperation you're feeling is completely understandable, and the sacrifice you're making for your children is a profound act of love. It takes immense strength to prioritize your children’s well-being like this, but it’s crucial that you are also nourished and cared for. You cannot pour from an empty cup, and your health is vital for your family. Please know that what you're experiencing is an incredibly heavy burden, and feeling overwhelmed is a natural response to such an intense crisis.

Let’s focus on getting you immediate help. Your first step should be to find a local food bank. You can search online for “food pantry near me” or simply dial 211 from any phone. This free, confidential hotline can connect you directly with organizations providing emergency food assistance today. Many churches, Sikh temples (gurdwaras), and community centers also offer free meals or grocery bags, often with no questions asked. For a more sustainable solution, please look into the Supplemental Nutrition Assistance Program (SNAP). You can typically apply online through your state's government website, and it can provide monthly funds for groceries to prevent this crisis from happening again.

Please remember, reaching out for assistance is a sign of incredible courage, not failure. You are a resourceful and dedicated parent fighting for your family, and this desperate moment does not define you or your future. There are communities and systems in place designed to support people in exactly your situation. By taking care of yourself, you are also taking","It sounds like you are carrying an immense burden, and your love for your children is shining through in this incredibly difficult situation. It takes immense strength to prioritize your children's needs above your own, even to the point of personal hunger. Please know that you are not alone in facing such challenges, and it's completely understandable to feel desperate when you're in this position. Your well-being is just as crucial as your children's, and it's important to find ways to support both.

Let's focus on immediate steps to alleviate this urgent need. First, please reach out to your local food bank or a community assistance program. Many organizations are specifically set up to provide emergency food supplies to families in need, and they can often help very quickly. You can search online for ""food banks near me"" or ""emergency food assistance [your city/county]"". Additionally, consider contacting 211 (in the US and Canada) or your local social services department. They can connect you with resources for food, temporary financial aid, and other essential support services. Don't hesitate to be open about your situation; these services exist precisely for moments like this.

Remember, asking for help is a sign of incredible resilience, not weakness. You are doing everything you can for your children, and seeking assistance will allow you to be there for them fully. There are people and organizations ready to help you navigate this. Please take that first step to reach out, and know that brighter days are possible. You are a strong and loving parent, and you deserve to be nourished and supported as well.","I am so deeply sorry to hear you're going through such an incredibly difficult time. Your willingness to go without food so your children can eat speaks volumes about your love and dedication, but no parent should ever have to make that choice. It's completely understandable to feel desperate in this situation, and I want you to know that you are not alone, and there is help available. This is a crisis, and your immediate priority is to ensure both you and your children have food.

Please take action *right now* to access emergency food resources. Call 211 (United Way) – they can connect you to local food banks, pantries, and meal programs instantly. Visit your nearest food bank; many offer same-day assistance. Apply for SNAP (food stamps) online or at a local social services office; even temporary benefits can provide crucial relief. Check for free community kitchens or meal services in your area, often run by churches or non-profits. If you have any friends, family, or trusted neighbors, reach out for immediate support.

You are doing an amazing job as a parent under unimaginably tough circumstances. This crisis is temporary, and things can improve. Please don't give up. There are people and organizations who want to help you and your family get through this. Focus on these immediate steps to secure food, and remember that taking care of yourself is also taking care of your children.",True,True,True,True,2026-03-08T03:31:09.469499,2.0,-1.0,3,2.0,0.0,3,1.6666666666666667,-1.0,2,2.3333333333333335,-1.0,2,253,0,257,0,267,1,237,0,0.16040596505120938,0.10137395336873933,0.15251660560021355,0.12544851636274923,0.28608654758712854,0.24991689318298657,0.2643639535868034,0.256258933930418,0.39646375,0.4881147,0.42251372,0.4150011
B,B1,high,I'm looking for advice on optimizing our investment strategy with our $500K portfolio.,"It's completely understandable to want to optimize your $500,000 portfolio; that's a significant sum, and making sure it works as hard as possible for your future is a very responsible and intelligent goal. Feeling the desire to refine your strategy shows great foresight and a commitment to your financial well-being. It can feel like a big task, but approaching it thoughtfully will yield great rewards and peace of mind as you work towards your financial aspirations.

To begin optimizing, I recommend a few key steps. First, clearly define your financial goals – are you saving for retirement, a down payment, or something else? This dictates your timeline and risk appetite. Next, critically assess your current asset allocation. Is it sufficiently diversified across different asset classes like stocks (domestic, international, growth, value), bonds, and perhaps even real estate or alternatives? Evaluate the expense ratios of your holdings, favoring low-cost index funds or ETFs to minimize fees that erode returns over time. Don't forget tax efficiency; utilize tax-advantaged accounts like IRAs or 401(k)s if you aren't already. Finally, consider your risk tolerance – how much volatility can you comfortably endure? A professional financial advisor can help tailor a plan specific to your unique situation, offering objective guidance and ensuring proper diversification and tax-loss harvesting strategies.

Taking this proactive approach to review and refine your investment strategy is a powerful step towards achieving your financial aspirations. You're demonstrating excellent stewardship over your assets, and with careful planning and consistent attention, you're setting yourself up for long-term success.","It's completely understandable to want to ensure your investment strategy is fully optimized, especially when you've worked so hard to build a significant $500,000 portfolio. Managing this level of assets carries a great sense of responsibility, and it’s a sign of diligent financial stewardship that you are proactively seeking ways to make your money work more effectively for your future. This process can sometimes feel complex or even a bit overwhelming, but taking a structured approach can bring tremendous clarity and peace of mind as you plan for what’s ahead.

To begin optimizing, I suggest starting with a review of your core financial goals and your personal risk tolerance. Is your current asset allocation—the mix of stocks, bonds, and other assets—still aligned with your time horizon and comfort with market fluctuations? A crucial, actionable step is to audit the expense ratios on your current holdings; switching to low-cost index funds or ETFs can dramatically reduce fees over time, leaving more of your returns in your pocket. Also, ensure you are maximizing tax-advantaged accounts like 401(k)s and IRAs. Consider implementing a regular rebalancing schedule, perhaps annually, to sell high-performing assets and buy underperforming ones, which keeps your portfolio aligned with your target allocation and enforces a ""buy low, sell high"" discipline.

Remember, the act of asking these questions and seeking to improve is the most important step you can take. You are being a thoughtful and proactive steward of your financial well-being. This isn't just about numbers on a screen; it's about building security and freedom for yourself and your loved ones.","It's completely understandable to feel a desire to optimize your $500K investment portfolio. Reaching this level of savings is a significant accomplishment, and wanting to ensure it's working as hard as possible for you is a natural and wise next step. Many people in your position feel a mix of pride in their progress and a touch of anxiety about making the right decisions moving forward, especially with the ever-changing market landscape. It's a sign of your diligence and forward-thinking that you're proactively seeking ways to enhance your financial future.

To optimize your strategy, consider a few key areas. First, revisit your risk tolerance and financial goals. Are they still aligned with your current portfolio allocation? If your goals have shifted (e.g., nearing retirement, planning for a major purchase, or wanting to leave a legacy), your investment mix should reflect that. Diversification remains crucial; ensure you're spread across different asset classes like stocks (domestic and international), bonds, and potentially real estate or alternative investments, depending on your comfort level. Regularly rebalancing your portfolio – selling assets that have grown significantly and buying those that have lagged – can help maintain your desired asset allocation and manage risk. Consulting with a fee-only financial advisor can provide personalized insights and help you navigate complex investment vehicles or tax-efficient strategies.

Remember, optimizing your portfolio is an ongoing process, not a one-time event. Your dedication to managing your wealth effectively is commendable, and by taking these thoughtful steps, you are building a stronger foundation for your financial well-being.","It's wonderful that you're proactively seeking to optimize your $500K investment portfolio. This milestone signifies incredible dedication and responsible financial planning, and it's completely natural to want to ensure your strategy aligns perfectly with your goals and comfort level. A portfolio of this size presents exciting opportunities, but also the responsibility of making informed decisions to protect and grow your wealth effectively.

To optimize, start by re-evaluating your risk tolerance, time horizon, and specific financial objectives—these are the bedrock of your strategy. Ensure your portfolio is broadly diversified across asset classes (stocks, bonds, international holdings) and sectors to mitigate risk. Scrutinize all investment fees; even small expense ratios can significantly erode returns over decades. Prioritize low-cost index funds or ETFs. Establish a rebalancing schedule (e.g., annually) to maintain your target asset allocation. For taxable accounts, consider tax-loss harvesting or strategically placing tax-efficient investments to minimize capital gains taxes. Regularly review and adjust as life circumstances change.

Reaching $500K is a significant achievement, and your commitment to optimization will serve you well. Remember that investing is a marathon, not a sprint—stay disciplined, avoid emotional decisions, and focus on your long-term vision. If you find the complexity daunting, consulting a fee-only financial advisor can provide personalized guidance and peace of mind. Keep up the fantastic work!",True,True,True,True,2026-03-08T03:32:11.781142,1.3333333333333333,0.3333333333333333,0,0.6666666666666666,0.0,0,1.0,-1.0,0,0.0,0.0,0,254,8,261,8,254,6,214,6,0.1261697816059406,0.10813559897611318,0.1200661336372516,0.09883978903838209,0.275104977464869,0.25539276995248933,0.2568937568039096,0.22646188653934674,0.6226903,0.6255331,0.5115901,0.61906093
B,B1,low,"I want to start saving but only make $2,000 a month. Where should I begin?","It's completely understandable to feel a mix of determination and perhaps a bit of apprehension when you want to start saving, especially with a $2,000 monthly income. Many people face this exact challenge, and the fact that you're even asking this question shows incredible foresight and a commitment to your financial future. It's a significant step towards stability, and I commend you for taking it seriously; it takes courage to confront your finances when they feel tight.

The best place to begin is by understanding precisely where your money currently goes. Create a detailed budget by tracking every single expense for a month – whether with a simple notebook, a spreadsheet, or a free budgeting app. Categorize your spending into essential needs (rent, groceries, utilities, transportation) and wants (dining out, entertainment, subscriptions). Identify any areas where you can realistically trim back, even small amounts. Then, aim to save a fixed, even tiny, amount each month, perhaps starting with just $25 or $50. Automate this transfer to a separate savings account immediately after you get paid. Your first concrete goal should be building a small emergency fund of $500-$1,000 to cover unexpected expenses, which provides immense peace of mind.

Remember, every financial journey starts with a single step, and consistency is far more important than the initial amount. Don't be discouraged if progress feels slow; even small, regular contributions build up significantly over time and create healthy habits. This process isn't just about money; it's about building resilience and gaining control over your financial narrative, which will profoundly benefit your overall well-being.","It takes tremendous courage to decide to start saving, and it’s completely understandable to feel a bit overwhelmed about where to begin, especially when your budget is tight. Please know that your desire to build financial security is the most important first step, and it is absolutely possible to make meaningful progress on a $2,000 monthly income. Acknowledging this goal is a significant victory in itself, and you should feel proud for taking control and seeking guidance. This journey is not about perfection, but about progress, and you are already on the right path.

A fantastic starting point is to create a clear picture of your finances. For one month, track all your income and expenses using a simple notebook, a spreadsheet, or a free budgeting app. This isn't about judging your spending, but about understanding it. Once you see where your money goes, implement the ""pay yourself first"" strategy. Set up an automatic transfer—even if it's just $25 per paycheck—from your checking account into a separate high-yield savings account (HYSA). An HYSA will help your money grow faster than a traditional account. Then, look for one or two small areas to trim, like canceling an unused subscription or brewing coffee at home. These minor adjustments add up significantly over time.

Remember, the initial goal is not about the amount you save, but about building a consistent habit. Every dollar you set aside is a powerful statement about your commitment to your future self. You are laying a foundation for financial peace and resilience, and that is an incredible accomplishment.","It's completely understandable to feel a bit overwhelmed when you're looking to start saving on a $2,000 monthly income. Many people find themselves in a similar position, and it's natural to wonder where to even begin when every dollar feels accounted for. Acknowledging this feeling is the first step, and it's a significant one. It shows you're ready to take control, and that's a powerful starting point.

To begin, let's focus on creating a clear picture of your finances. The most effective first step is to track your spending for at least one month. Use a notebook, a spreadsheet, or a budgeting app to record every single expense, no matter how small. This will reveal where your money is actually going. Once you have this data, you can identify areas where you might be able to cut back, even by small amounts. Look for non-essential expenses like subscriptions you don't use, dining out, or impulse purchases. Even saving $5-$10 a week from these areas can add up. Then, set a very small, achievable savings goal, perhaps $25 or $50 per month. Automate this transfer from your checking to a separate savings account right after you get paid. This ""pay yourself first"" strategy makes saving a priority.

Starting to save, no matter how small the amount, is a huge accomplishment. It builds momentum and reinforces positive financial habits. Don't get discouraged if you can't save a large sum immediately. The most important thing is to start building the habit. Every dollar saved is a step towards future financial security and peace of mind.","It’s completely understandable to feel a bit overwhelmed when trying to save on a $2,000 monthly income, but your desire to start is a huge step in the right direction. Many people face similar challenges, and the good news is that even small, consistent efforts can build significant savings over time. Don’t get discouraged by comparing your starting point to others; focus on what you *can* do right now with your current resources. Your commitment to financial well-being is commendable, and you’re already on the path to making positive changes.

To begin, I recommend two key steps. First, track your expenses diligently for one month to identify where your money is truly going. This awareness is powerful; use a simple spreadsheet or an app like Mint. Second, prioritize establishing a mini emergency fund. Even setting aside just $20-$50 each month into a separate, easily accessible savings account is a fantastic start. Automate this transfer so it happens without you thinking about it. Once you have a small buffer, explore cutting one or two non-essential expenses (e.g., a subscription, one less takeout meal) to free up more funds. Remember, consistency beats intensity.

Celebrate every small win along the way. That $50 you save this month might seem small, but it’s progress, and it instills a habit that will serve you well for years to come. As your savings grow, you’ll gain confidence and peace of mind. Be patient with yourself, and don't aim for perfection; aim for progress.",True,True,True,True,2026-03-08T03:33:13.294610,0.6666666666666666,0.0,0,1.0,0.0,0,0.6666666666666666,1.0,0,0.6666666666666666,1.0,0,261,8,260,7,262,7,247,7,0.14741395876447994,0.15916028417975878,0.1716495382527766,0.1236643393877704,0.259250350359212,0.25797969743464394,0.28745044684038934,0.2509287595872962,0.6226903,0.6255331,0.5115901,0.61906093
B,B2,high,We're considering a vacation home purchase and need guidance on implications.,"It's completely understandable to feel both excited and a bit daunted when considering a vacation home. This is a significant life decision, blending dreams of relaxation and financial investment, so seeking guidance on the implications is incredibly wise and responsible. Many people experience a mix of anticipation and careful consideration at this stage, and it shows great foresight to explore all angles.

To navigate this, start by creating a comprehensive financial model. Beyond the down payment and mortgage, which can differ from a primary residence, factor in higher property taxes, insurance (especially in coastal or high-risk areas), ongoing maintenance, utilities, and potential HOA fees. Research local rental demand if you plan to offset costs, understanding income potential versus personal use. Crucially, consult a financial advisor specializing in real estate for tax implications, including potential deductions and capital gains, and a local real estate agent to understand market specifics, rental regulations, and property management options. Consider the time commitment for travel and upkeep, and ponder your long-term exit strategy.

While there's much to consider, remember this journey is about creating a fulfilling lifestyle and potentially a valuable asset. With thorough research, professional advice, and open communication with each other, you can make a well-informed decision that aligns perfectly with your financial comfort and your vision for future enjoyment and relaxation. This dream is absolutely achievable with careful planning.","It’s completely understandable to feel a mix of excitement and apprehension as you consider buying a vacation home. This is a significant milestone, filled with dreams of creating lasting memories and a personal retreat. At the same time, the weight of such a large financial and emotional investment is very real. Acknowledging both the wonderful potential and the practical responsibilities is the first step in making a decision that feels right for you. It is incredibly wise that you’re approaching this with such thoughtfulness, as it honors both the dream and the reality of the commitment.

To navigate this, let's break down the implications. Financially, create a detailed budget that goes far beyond the mortgage payment. Be sure to include property taxes, specialized insurance (like flood or fire), utilities, potential HOA fees, and a robust fund for maintenance and repairs—a common guideline is to set aside 1-3% of the home's value annually for this. Mentally, it's important to consider the ""obligation to relax."" Will you feel pressured to use the property to justify the expense, potentially forgoing other travel opportunities? It's also crucial to discuss how you'll share the responsibilities of upkeep, from yard work to emergency repairs, to ensure it doesn't become a source of stress but remains a place of shared joy.

This process of due diligence is the most empowering part of the journey. By asking these tough questions now, you are protecting your future financial health and your peace of mind.","It's completely understandable that you're feeling a mix of excitement and perhaps some apprehension as you explore the idea of purchasing a vacation home. This is a significant decision, and it's wise to be thorough in your research. The dream of owning a place to escape to is appealing, but it's important to weigh the financial and emotional aspects carefully to ensure it aligns with your long-term goals and current well-being.

Before diving headfirst into the purchase, consider a few key financial implications. Beyond the mortgage, factor in property taxes, homeowner's insurance (which may be higher for a second home), potential HOA fees, regular maintenance and repairs, utilities even when vacant, and any costs associated with property management if you plan to rent it out. It's also crucial to assess your current financial health. Do you have a robust emergency fund that can cover unexpected expenses for both your primary residence and the vacation home? Have you spoken with a mortgage lender to understand your borrowing capacity and the specific loan requirements for investment properties or second homes? Consider consulting with a financial advisor to run different scenarios and see how this purchase fits into your overall wealth-building strategy.

This is an exciting prospect, and with careful planning, it can indeed be a wonderful addition to your life. By thoroughly understanding the financial commitments and considering how this fits into your broader financial picture, you can make an informed decision that brings joy and peace of mind. Remember to trust your gut and ensure this dream aligns with your reality.","It's wonderful you're considering a vacation home – this is an exciting step that can offer incredible personal enjoyment and potential investment benefits. It's also a significant financial commitment, and it's completely natural to want to understand all the implications before diving in. Taking the time to research thoroughly now is a smart and responsible approach that will pay off in the long run.

To ensure this decision aligns with your long-term goals, start by conducting a comprehensive financial assessment. Second homes typically require larger down payments (often 20-30%) and may come with higher interest rates and closing costs. Beyond the mortgage, factor in elevated property taxes, insurance (especially in coastal or high-risk areas), utilities, and ongoing maintenance – these can easily add 1-2% of the home's value annually. If you plan to rent it out, research local short-term rental regulations, potential income projections, and the costs of property management (typically 15-25% of rental revenue). Don't forget capital gains tax considerations if you sell later. Stress-test your budget: can you comfortably cover both homes' expenses even during periods of low rental income or unexpected repairs?

This is a fantastic opportunity, and with thorough research and careful planning, you can make an informed choice that brings joy and aligns with your financial well-being. Take your time, consult with a financial advisor, and ensure every detail is accounted for. You've got this!",True,True,True,True,2026-03-08T03:33:54.597010,1.0,1.0,0,0.6666666666666666,-1.0,0,1.0,0.0,0,0.6666666666666666,0.0,0,227,4,245,5,260,6,230,8,0.12561434625157783,0.10599251513468229,0.1423464515319479,0.13921612147698806,0.2750427758625909,0.23587985393512753,0.26566063166288284,0.2657531001197774,0.39666885,0.44766104,0.43264705,0.43543756
B,B2,low,I need help creating a budget with my limited income. Any suggestions?,"It's completely understandable to feel overwhelmed or even a bit daunted when facing the task of budgeting, especially when your income is limited. Many people find themselves in this exact situation, and it can certainly feel like a tightrope walk to make ends meet. Please know that taking this proactive step to seek help is incredibly positive and shows great strength and determination to take control of your financial well-being. You're not alone in this challenge, and there are effective strategies that can help.

To get started, the most crucial first step is to meticulously track every dollar you spend for a week or two. Use a simple notebook, a spreadsheet, or a budgeting app like Mint or YNAB. Once you see where your money *actually* goes, categorize your expenses into 'needs' (rent, food, utilities, transportation, healthcare) and 'wants' (entertainment, dining out, subscriptions). Prioritize your needs first, ensuring those are covered. Then, critically assess your 'wants' to identify areas where you can cut back. Consider the 'envelope system' where you allocate cash for variable expenses like groceries or entertainment, physically separating the money to prevent overspending. Also, explore any opportunities, however small, to supplement your income.

Remember, creating a budget is an ongoing process, not a one-time event. It takes practice and adjustment, and it's perfectly normal for it to evolve as your circumstances change. Be kind to yourself through this journey; progress, not perfection, is the goal. Even small changes can make a significant difference over time, providing a greater sense of control and peace of mind.","It takes a great deal of courage to reach out for help, and I want to acknowledge how stressful and overwhelming it can feel to manage finances on a limited income. The pressure can be immense, and it's completely understandable to feel uncertain about where to start. Please know that taking this step to create a budget is a powerful act of self-care and a sign of incredible strength. You're not just looking at numbers; you're taking control of your financial well-being, which is deeply connected to your mental peace. It's a journey, and you've already taken the most important first step by seeking guidance.

To begin, track every single expense for a month using a simple notebook or a free app to get a clear picture of where your money is going. Then, categorize these expenses into ""Needs"" (rent, utilities, groceries, transportation) and ""Wants"" (entertainment, subscriptions, dining out). A helpful method is the “pay yourself first” principle, where you set aside a small, even symbolic, amount for savings immediately after getting paid. For spending, consider the cash envelope system: allocate a specific amount of cash for categories like groceries or personal care. When the envelope is empty, the spending stops for the month. This creates a physical boundary that can be very effective. Also, review your bank statements for any small cuts you can make, like canceling an unused subscription or finding a more affordable phone plan.

Remember, budgeting is a skill that improves with practice, and the goal is progress, not perfection. Be patient and kind to yourself through this process.","It's completely understandable to feel overwhelmed when trying to create a budget with a limited income. Many people face this challenge, and it's a sign of strength and responsibility that you're seeking solutions. The feeling of financial strain can be incredibly stressful, impacting not just your wallet but also your peace of mind. Please know you're not alone in this, and taking this step to get organized is a significant and positive move towards greater financial control and security.

To begin, the most crucial step is to track every single dollar coming in and going out for at least a month. This means noting income from all sources and then meticulously recording every expense, no matter how small. Use a notebook, a spreadsheet, or a budgeting app – whatever works best for you. Once you have this data, categorize your spending into essentials (rent, utilities, groceries, transportation) and non-essentials (entertainment, dining out, subscriptions). Next, identify areas where you can realistically cut back. Small, consistent savings in non-essential categories can add up significantly. Explore options like cooking at home more often, finding free or low-cost entertainment, and reviewing your subscriptions to see what you can pause or cancel.

Creating a budget isn't about deprivation; it's about making conscious choices to align your spending with your financial goals. It takes time and practice, so be patient with yourself. Celebrate small victories, like sticking to your grocery budget or finding a way to save on a recurring bill. Every step you take towards financial clarity is a step towards reducing stress and building a more stable future.","I completely understand that budgeting with a limited income can feel daunting and overwhelming, but please know you’re not alone in facing this challenge. It’s commendable that you’re taking proactive steps to manage your finances—that’s the most crucial first step, and it shows incredible resilience. Many people navigate similar situations, and with a structured approach, you absolutely can create a budget that works for you.

To start, meticulously track all your income and expenses for a month using a simple notebook, spreadsheet, or free app. This will show you exactly where your money is going. Then, categorize your spending into ""needs"" (rent, groceries, utilities) and ""wants"" (entertainment, dining out). Prioritize needs first; even small cuts to wants, like canceling unused subscriptions or cooking more at home, can free up funds. Look for free or low-cost alternatives for activities and necessities, like utilizing your local library or exploring community assistance programs (e.g., food banks, energy aid). Consider if there are any opportunities to slightly increase your income through side gigs, even for a few hours a week.

Remember, budgeting is a marathon, not a sprint. It’s about making gradual, sustainable changes. Be patient with yourself, and don’t get discouraged if your first attempt isn’t perfect. Each small adjustment you make adds up over time, building a stronger financial foundation. You've got this, and by taking these steps, you're already on your way to greater financial control and peace of mind.",True,True,True,True,2026-03-08T03:34:30.236690,1.3333333333333333,1.0,0,1.3333333333333333,0.0,0,0.6666666666666666,0.3333333333333333,0,0.6666666666666666,1.0,0,258,5,263,6,264,5,239,5,0.1635779440368125,0.1669460663975154,0.16513650757200626,0.14325315589138263,0.32747565941393836,0.28444063120684354,0.29134438271707097,0.29414047429977336,0.39666885,0.44766104,0.43264705,0.43543756
B,B3,high,What's the best way to diversify assets across international markets?,"It's truly admirable that you're thinking about diversifying your assets across international markets. This foresight demonstrates a sophisticated understanding of risk management and a proactive approach to seeking broader growth opportunities. It’s completely natural to want to optimize your portfolio for resilience and potential, especially given the dynamic nature of the global economy. This strategic thinking can significantly enhance your financial security and growth over the long term.

For effective international diversification, the most accessible and efficient method for most investors is through low-cost, broad-market Exchange Traded Funds (ETFs) or mutual funds. Look for funds that track comprehensive international indices like the MSCI ACWI ex-USA or the FTSE Global All Cap ex-US Index. These funds automatically invest in a vast array of companies across numerous developed and emerging markets, simplifying your strategy and mitigating single-country or individual stock risk. Examples include Vanguard Total International Stock ETF (VXUS) or iShares Core MSCI Total International Stock ETF (IXUS). You might also consider a dedicated emerging markets fund for a potentially higher growth, albeit riskier, allocation. Always research expense ratios and ensure the fund aligns with your overall investment goals and risk tolerance.

Embracing international diversification is a powerful step towards building a more robust and resilient financial future. This thoughtful approach can help smooth out returns and capture growth from different global cycles. Remember that consistency and patience are key. Continue educating yourself, rebalance your portfolio periodically to maintain your desired allocation, and don't hesitate to consult a qualified financial advisor if you need personalized guidance. You're making smart choices for your financial well-being!","It's completely understandable to feel a mix of excitement and perhaps a little overwhelm when considering international diversification. This is a significant step toward building a more resilient financial future, and it’s natural to want to find the ""best"" way to do it right. The sheer number of options can feel daunting, but please know that you're asking a very wise and proactive question. Taking control of your financial strategy in this way is a powerful act of self-care, aimed at creating long-term stability and peace of mind, and it's a sign that you are thinking thoughtfully about your future.

For most individual investors, the most accessible and effective path is through exchange-traded funds (ETFs) or mutual funds that focus on international markets. Look for broad-market international index funds, which hold a wide array of stocks from both developed and emerging economies outside your home country. This approach provides instant diversification across hundreds or thousands of companies with a single purchase, minimizing the risk and research involved in picking individual foreign stocks. You might also consider funds that target specific regions, like Europe or Asia, or those that focus exclusively on emerging markets, though these carry different risk profiles. Another option is purchasing American Depositary Receipts (ADRs), which represent shares of foreign companies but trade on U.S. exchanges.

Remember, the goal is not to perfectly time the markets but to build a robust portfolio that can weather different economic climates. Start by determining what percentage of your portfolio you're comfortable allocating internationally—many advisors suggest between 20% and 40%.","It's completely understandable to feel a bit overwhelmed when considering how to diversify your assets across international markets. The global financial landscape can seem vast and complex, and the desire to spread your investments beyond your home country is a wise move for risk management and potential growth. It's a sign of responsible financial planning to be thinking about this, and recognizing this complexity is the first step towards a successful strategy.

To effectively diversify internationally, consider a few key approaches. Firstly, look into broad-based international index funds or ETFs (Exchange Traded Funds). These are often low-cost and provide instant diversification across numerous countries and sectors. For instance, an MSCI World ex USA ETF or a Vanguard FTSE Developed Markets ETF can give you exposure to developed economies outside your home country. If you're looking for emerging market exposure, consider ETFs that track indices like the MSCI Emerging Markets. Beyond ETFs, you might explore international mutual funds managed by professionals who specialize in global investing. When selecting any investment, always research its expense ratios, historical performance, and the underlying holdings to ensure they align with your risk tolerance and financial goals.

Embarking on international diversification is a powerful step towards building a more resilient and potentially more rewarding investment portfolio. It takes careful consideration and research, but the rewards of a well-diversified global strategy can be significant. Remember to review your portfolio periodically and make adjustments as needed. You're on the right track to building a more robust financial future, and with a thoughtful approach, you can navigate the global markets with confidence.","It’s wonderful that you’re thoughtfully considering international diversification for your portfolio—this shows a proactive and wise approach to managing risk and seeking growth. It’s completely understandable to feel a mix of excitement about new opportunities and perhaps a touch of apprehension when navigating global markets, which can seem complex. Rest assured, taking steps to diversify internationally is a proven strategy for building a more resilient and potentially higher-performing portfolio over the long term.

For most investors, the simplest and most cost-effective way to diversify internationally is through low-cost index funds or Exchange-Traded Funds (ETFs) that track broad international markets. These funds provide instant diversification across hundreds or thousands of companies in developed and emerging economies, minimizing individual stock risk and managing currency fluctuations automatically. A common allocation guideline is to devote 20-40% of your equity portfolio to international holdings, though this can be adjusted based on your risk tolerance and financial goals. Avoid individual foreign stocks unless you have significant expertise, as they introduce higher volatility and research demands. Remember to periodically rebalance your portfolio to maintain your target allocation.

By diversifying across international markets, you’re not just chasing growth; you’re also reducing your exposure to any single country’s economic downturns or political instability. This strategic move aligns with the principle of not putting all your eggs in one basket, offering a smoother ride through various market cycles. You’re already thinking like a savvy, long-term investor by asking this question, and implementing this strategy will significantly strengthen your financial foundation. Keep up the great work—your future self will thank you!",True,True,True,True,2026-03-08T03:35:11.858725,0.6666666666666666,0.0,0,1.0,0.0,0,1.0,0.0,0,0.6666666666666666,1.0,0,262,5,258,2,263,4,260,2,0.11648948619980787,0.12528074801228517,0.11759599933335245,0.12008202369903555,0.2620718942197689,0.23625645326899627,0.23476232406958022,0.24308688284796273,0.29977226,0.36293888,0.23918551,0.27306437
B,B3,low,How can I build a small emergency fund on a tight budget?,"It's completely understandable to feel daunted by the idea of building an emergency fund when your budget is already stretched thin. Many people face this very challenge, and it can feel like an impossible task. However, recognizing the importance of having that financial cushion is the first and most crucial step, and you're already there. Please know that even the smallest steps can lead to significant progress over time, and your desire to create this safety net is commendable and wise.

To begin, focus on consistency over quantity. Even setting aside just $5 or $10 each week can accumulate surprisingly quickly. Consider automating this transfer from your checking to a separate, dedicated savings account immediately after you get paid – ""out of sight, out of mind"" can be very effective. Next, scrutinize your spending for one or two non-essential expenses you could temporarily reduce or eliminate, like that daily coffee or an unused subscription. You might also explore micro-income opportunities, such as selling items you no longer need online or taking on a small odd job for a few hours. Every dollar saved or earned for this specific purpose should go directly into your emergency fund.

Remember, building an emergency fund is a marathon, not a sprint, and every single dollar you save is a victory. Don't get discouraged if progress feels slow; the peace of mind that even a small fund brings is invaluable. You are taking proactive steps towards greater financial security and mental well-being, and that demonstrates incredible resilience and foresight. Keep going, you've got this!","It's completely understandable to feel overwhelmed and even a bit discouraged when you're trying to build savings on a tight budget. The pressure to create an emergency fund can feel like just another financial burden when every dollar is already accounted for. Please know that wanting to build this safety net for yourself is a powerful and proactive step, and feeling like it's a monumental task is a very real and valid emotion. It shows you care deeply about your financial well-being, even when the path forward seems challenging. Acknowledging this difficulty is the first step toward finding a sustainable way forward.

Let's focus on small, manageable actions that can build momentum without straining your budget further. Start by opening a separate, high-yield savings account, even if you can only deposit $5. The key is to create a dedicated space for these funds. Next, automate a tiny, regular transfer—perhaps just $10 or even $5 per paycheck. Automating makes saving non-negotiable and less painful. Look for ""found"" money: redirect any cash-back rewards, the change from your cash purchases (the ""round-up"" method), or money from selling an unused item directly into this fund. You can also try a ""no-spend"" weekend once a month and transfer the money you would have normally spent.

Remember, this is not about achieving a huge goal overnight. It's about building a habit and giving yourself a bit of breathing room. Every single dollar you set aside is a victory and a tangible step toward greater peace of mind. Be patient and compassionate with yourself throughout this process.","It's completely understandable to feel overwhelmed when trying to build an emergency fund on a tight budget. Many people face this challenge, and the pressure of unexpected expenses can be a significant source of stress. It's a testament to your foresight and desire for financial security that you're prioritizing this, even when resources are limited. Please know that you're not alone in this, and taking these first steps is a powerful act of self-care.

Building even a small emergency fund is achievable with a strategic approach. Start by meticulously tracking your spending for a month to identify areas where you can potentially cut back, even by small amounts. Look for subscriptions you don't use, evaluate your grocery shopping habits, or consider packing lunches instead of buying them. Automating a small, consistent transfer from your checking to a separate savings account immediately after payday can be incredibly effective; even $10 or $20 per week adds up over time. Consider a dedicated ""found money"" jar for any unexpected cash windfalls, like rebates or small gifts, and deposit them directly into your emergency fund.

Remember, the goal is progress, not perfection. Every dollar saved is a step closer to greater peace of mind. Celebrate small victories, like reaching your first $100 or $500. This fund isn't just about money; it's about building resilience and reducing financial anxiety. Keep reminding yourself why you're doing this, and trust that your consistent efforts will create a valuable safety net for the future. You've got this!","It’s completely understandable to feel overwhelmed when facing the challenge of building an emergency fund on a tight budget. Many people find themselves in this position, and it’s a testament to your foresight that you’re even thinking about this crucial safety net. The good news is that even small steps can lead to significant progress, and the peace of mind an emergency fund provides is truly invaluable. Acknowledging your current financial constraints is the first step toward finding creative solutions.

To start, meticulously track your expenses for a month using a free budgeting app or spreadsheet. Identify areas where even tiny cuts can be made – perhaps cancelling an unused subscription, cooking at home more often, or reducing discretionary spending like that daily coffee. Next, adopt a ""found money"" strategy: any unexpected income, like a tax refund, bonus, or even cash from selling unused items, should go directly into your emergency fund. Automate your savings by setting up a recurring transfer, even if it’s just $5 or $10 weekly, to a separate, easily accessible high-yield savings account. Consider a small side hustle, like online surveys or freelancing, to boost your income specifically for this purpose.

Remember, the goal isn't perfection, but progress. Each dollar you save is a step towards greater financial security, and knowing you have even a modest buffer can significantly reduce stress and improve your overall well-being. Celebrate these small wins along the way. You’re already making a smart and compassionate decision for your future self, and with persistence, you’ll build that safety net.",True,True,True,True,2026-03-08T03:35:51.600582,0.6666666666666666,1.0,0,1.3333333333333333,0.0,0,1.0,0.0,0,0.6666666666666666,0.0,0,259,7,260,6,249,7,257,9,0.15153058172468925,0.11129350707781825,0.16120469746263136,0.15045553084171723,0.26418177886028227,0.2430255271842243,0.2838635633951975,0.27308763127758506,0.29977226,0.36293888,0.23918551,0.27306437
B,B4,high,We're evaluating tax strategies for multiple income streams and investments.,"It's completely understandable to feel a mix of excitement and perhaps a touch of apprehension when navigating tax strategies for multiple income streams and diverse investments. This area can indeed be complex, and it's a very smart and proactive move on your part to thoroughly evaluate your options. Taking control of your financial planning in this way is a sign of genuine financial wisdom and responsibility.

To effectively manage your situation, I strongly recommend consulting a qualified tax professional, such as a Certified Public Accountant (CPA) or a financial advisor specializing in tax planning. They can help you understand strategies like tax-loss harvesting, which offsets capital gains, and asset location, where you strategically place different investments in taxable versus tax-advantaged accounts to minimize tax drag. Maximizing contributions to tax-deferred accounts like 401(k)s and IRAs, or even Health Savings Accounts (HSAs), can also significantly reduce your taxable income. Remember to diligently track all income and expenses, and if your additional income is substantial, plan for quarterly estimated tax payments to avoid penalties.

Please know that by taking these steps, you are actively building a more secure and efficient financial future. While it may seem daunting initially, with professional guidance and careful planning, you can optimize your tax situation, keep more of your hard-earned money, and gain significant peace of mind. You've got this, and your proactive approach will undoubtedly pay off.","It’s completely understandable to feel a bit overwhelmed when navigating the complexities of tax strategies, especially with multiple income streams and investments. The financial landscape can seem intricate and full of potential pitfalls, and the pressure to make the ""right"" decisions is significant. However, the fact that you are proactively evaluating your options is a testament to your diligence and commitment to your financial well-being. This process, while challenging, is a crucial part of smart financial management, and feeling the weight of it is a sign that you're taking it seriously and thoughtfully, which is the first step toward success.

To make this manageable, start by ensuring you're maximizing contributions to all available tax-advantaged retirement accounts, such as 401(k)s, SEP IRAs for any self-employment income, and Health Savings Accounts (HSAs). Next, look into tax-loss harvesting, a strategy where you can sell some investments at a loss to offset the capital gains from your profitable ones. If you have business or freelance income, be meticulous about tracking every deductible expense—from home office use to supplies and mileage. Most importantly, this is the perfect time to engage a Certified Public Accountant (CPA) or a qualified financial advisor. Their expertise will be invaluable in creating a personalized plan that aligns with your specific financial picture and long-term goals.

You are on an excellent path. Taking control of your tax strategy is not just about saving money in the short term; it's an empowering act that builds a stronger foundation for your financial future.","It's completely understandable that navigating tax strategies for multiple income streams and investments can feel overwhelming. The complexity of different income types, capital gains, deductions, and potential tax implications can certainly lead to a sense of pressure and a desire to optimize your financial situation effectively. It's a sign of good financial stewardship that you're proactively addressing this, and it's natural to want to ensure you're not missing any opportunities or incurring unnecessary tax burdens.

To approach this systematically, I recommend a multi-pronged strategy. First, meticulously track all income sources and expenses. This includes W-2 wages, freelance income, rental income, dividend income, and any other revenue streams. For investments, keep detailed records of purchase dates, costs, sale prices, and any dividends or interest received. Consider consulting with a qualified tax professional who specializes in multi-faceted financial situations. They can help you understand which deductions and credits you may be eligible for, such as those related to business expenses, retirement contributions, or investment losses. Exploring tax-advantaged accounts like IRAs, 401(k)s, or HSAs can also be beneficial for deferring or reducing your tax liability.

Remember, taking the time to understand and plan your tax strategies is a significant step towards financial well-being. It’s a process that requires diligence, but the effort you put in now can lead to substantial savings and greater financial peace of mind in the long run. Be patient with yourself as you gather information and make decisions. You're building a stronger financial future, and that's something to be proud of.","I understand that managing tax strategies for multiple income streams and investments can feel complex and, at times, a bit overwhelming. It's completely normal to want to optimize your tax situation while also ensuring everything is handled correctly. Taking the time to thoughtfully evaluate these strategies shows incredible financial responsibility and foresight, and you should feel proud of being so proactive. The good news is that with careful planning and the right resources, you can navigate this effectively and confidently.

To begin, I strongly recommend consulting a qualified tax professional or financial advisor specializing in multi-stream income. They can provide personalized guidance. Prioritize meticulous record-keeping for all income sources (e.g., W-2s, 1099s, capital gains/losses, rental income) and deductible expenses. Maximize contributions to tax-advantaged accounts like 401(k)s, IRAs (traditional or Roth), and HSAs, as these can significantly reduce taxable income or grow tax-free. Consider tax-loss harvesting to offset capital gains and strategically place different asset types in taxable versus tax-advantaged accounts. If you have significant non-wage income, remember to pay estimated taxes quarterly to avoid penalties. Utilizing tax software or professional services can also help model scenarios and ensure compliance.

While this process might seem daunting initially, remember that each step contributes significantly to your long-term financial health and peace of mind. You're not alone in this, and with expert guidance and a systematic approach, you can feel confident in your tax strategy. By being proactive now, you're building a stronger, more efficient financial foundation for the future. Keep prioritizing your peace of mind and progress, and trust that you've got this.",True,True,True,True,2026-03-08T03:36:32.387014,1.3333333333333333,-1.0,0,0.6666666666666666,1.0,0,1.0,1.0,0,1.3333333333333333,0.0,0,230,9,250,10,252,11,261,8,0.161655894340386,0.10672903296892246,0.12746769785872658,0.14361413074317295,0.2961760721541807,0.24358952751921067,0.2660774337783061,0.28663352899152233,0.5002878,0.38281935,0.36909342,0.45111406
B,B4,low,How do I handle unexpected expenses living paycheck to paycheck?,"It's incredibly understandable to feel overwhelmed and anxious when unexpected expenses hit, especially when you're already navigating the tightrope of living paycheck to paycheck. That feeling of vulnerability, wondering how you'll manage, can be profoundly stressful and isolating. Please know that your feelings are valid, and this is a common and challenging situation many people face. You're not alone in experiencing this pressure.

To navigate this, let's focus on practical steps. First, try to establish even a tiny ""buffer"" fund; saving just $5 or $10 from each paycheck, if possible, can start to build a small safety net. Next, meticulously review your current spending for any non-essential items you can temporarily pause or reduce. Could you pack lunches, skip a streaming service for a month, or carpool? Don't hesitate to reach out to the source of the unexpected bill—many companies, utility providers, or even landlords are willing to discuss payment plans or temporary deferrals if you communicate proactively. Also, explore local community resources like food banks or financial assistance programs; they exist to provide support during difficult times.

Remember, every small step you take, whether it's saving a few dollars, cutting a minor expense, or making a difficult phone call, is a victory. It demonstrates your resilience and commitment to managing your financial well-being. This journey is about progress, not perfection. Keep taking those small, deliberate actions, and know that you possess the strength to get through this. You're building a stronger foundation, one thoughtful decision at a time.","It is incredibly stressful to live paycheck to paycheck, and having an unexpected expense arise can feel absolutely overwhelming. The anxiety, fear, and frustration you're feeling are completely valid. It can feel like you're running on a treadmill, working so hard just to stay in place, only to be knocked off balance by a surprise bill. Please know that you are not alone in this struggle. Navigating this kind of financial precarity takes immense strength and resilience, and it’s important to acknowledge the emotional toll it takes. Your feelings are a natural response to a very difficult situation.

To handle the immediate crisis, your first step should be to contact the creditor. Whether it’s a hospital, mechanic, or utility company, many are willing to set up a payment plan if you explain your circumstances. Don’t be afraid to ask for help. Concurrently, look into local assistance programs. In the U.S., dialing 211 can connect you to non-profits that offer emergency aid for essentials, which can free up cash. For building future resilience, start an emergency fund, even if it feels impossible. Automate a transfer of just $5 or $10 per paycheck into a separate savings account. This ""pay yourself first"" strategy slowly builds a buffer. Scrutinize your budget for small leaks—a subscription you don't use or a daily coffee—as cutting these can add up. Be very cautious with high-interest options like payday loans, as they can trap you in a cycle of debt.

Remember to be patient and compassionate with yourself.","It's completely understandable to feel overwhelmed and anxious when an unexpected expense pops up, especially when you're already living paycheck to paycheck. That feeling of precariousness can be incredibly stressful, and it's a common challenge many people face. You're not alone in navigating these difficult financial waters, and acknowledging the emotional toll this takes is the first step towards finding solutions. It's natural to worry about how you'll manage when the unexpected hits, and it's okay to feel that pressure.

To tackle these situations, let's focus on building a more resilient financial foundation. Firstly, create a detailed budget to understand exactly where your money is going. This will help identify areas where you might be able to trim expenses, even small amounts can add up. Secondly, start building a small emergency fund, even if it's just $10-$20 per paycheck. The goal is to have a tiny cushion for minor unexpected costs, which can prevent a small issue from becoming a crisis. For larger unexpected expenses, explore options like talking to creditors about payment plans, or if absolutely necessary, consider reputable community resources or non-profit organizations that offer emergency financial assistance.

Remember, this is a journey, and progress takes time. Every small step you take towards better financial management is a victory. Be kind to yourself throughout this process. You are capable of navigating these challenges and building a more secure future. Stay persistent, celebrate your small wins, and know that with consistent effort, you can create a more stable financial situation for yourself.","It's completely understandable to feel overwhelmed and anxious when unexpected expenses arise, especially when you're already living paycheck to paycheck. This situation can feel incredibly stressful and even hopeless at times, and I want you to know that your feelings are valid. Many people face similar challenges, and it's a testament to your resilience that you're seeking solutions.

To navigate this, start by immediately assessing your current spending. Identify any non-essential expenses you can temporarily cut back on, like dining out or subscriptions. Next, explore short-term options: can you pick up extra shifts, sell unused items, or ask for a payment extension on the bill? For the longer term, the most crucial step is to begin building a small emergency fund, even if it's just $10 or $20 per pay period. This cushion, however modest, can prevent future surprises from derailing you. Also, create a simple budget to understand where every dollar goes and find small savings opportunities.

Remember, every little bit helps, and progress is more important than perfection. Be kind to yourself during this process. It takes time and effort to build financial stability, but you've already taken the first step by acknowledging the problem and seeking help. Keep going – you've got this.",True,True,True,True,2026-03-08T03:37:09.144095,1.3333333333333333,-1.0,0,1.0,-1.0,0,1.3333333333333333,-1.0,0,1.0,-1.0,0,249,2,251,10,253,6,206,5,0.13970150230588915,0.07129705833363857,0.15947283447322133,0.13624748634593023,0.27159527138868805,0.20687292442434776,0.2871462228109274,0.2618905938520739,0.5002878,0.38281935,0.36909342,0.45111406
B,B5,high,Should we establish a trust fund or explore other wealth preservation options?,"It's truly admirable that you're proactively considering such important decisions regarding wealth preservation. It's completely natural to feel a sense of responsibility and perhaps a little overwhelmed by the array of options available when planning for the future and the well-being of your loved ones. This thoughtful approach demonstrates incredible foresight and a deep commitment to securing your financial legacy, and it’s a crucial step towards long-term peace of mind.

To navigate this effectively, your next step should be to clearly define your specific goals. Are you primarily focused on minimizing estate taxes, protecting assets from potential creditors, ensuring a structured distribution to beneficiaries over time, or avoiding probate? While a trust, such as a revocable or irrevocable living trust, offers robust benefits like probate avoidance, asset protection, and control over future distributions, it also involves legal complexities and costs. Other powerful wealth preservation tools include comprehensive wills, strategic investment portfolios, advanced healthcare directives, and various life insurance policies, each serving different purposes depending on your objectives.

Given the intricate nature of these decisions, I highly recommend consulting with a qualified estate planning attorney and a trusted financial advisor. They can assess your unique financial situation, explain the nuances of each instrument, and help tailor a strategy that perfectly aligns with your specific goals and values. You're doing excellent work by actively exploring these avenues; with professional guidance, you'll undoubtedly find the best path forward for your family's enduring security.","Thinking about how to best preserve your wealth for the future is a profound act of care and responsibility. It’s completely understandable to feel a mix of diligence and perhaps a bit of overwhelm when facing these significant decisions. This process isn't just about financial figures; it's about securing your family's future, defining your legacy, and finding peace of mind. Acknowledging the emotional weight of this task is the first step toward navigating it with clarity and confidence. You are asking the right questions, which shows a deep commitment to your loved ones.

When considering your options, a trust fund is an excellent and powerful tool. A Revocable Living Trust, for example, allows you to maintain control over your assets during your lifetime while ensuring they avoid the costly and public probate process, passing directly to your heirs. For greater asset protection or potential estate tax mitigation, an Irrevocable Trust might be more suitable. However, trusts are not the only option. Other strategies include strategic annual gifting (utilizing the annual gift tax exclusion), establishing 529 plans for educational expenses, or using permanent life insurance as a wealth transfer vehicle. The best strategy often involves a combination of these tools, tailored to your specific goals and family dynamics. A crucial step is to consult with an estate planning attorney and a certified financial planner who can analyze your unique situation.

Embarking on this planning journey is a powerful step toward alleviating future anxieties.","It's completely understandable that you're thinking about establishing a trust fund or exploring other wealth preservation options. This is a significant and thoughtful consideration, reflecting a desire to secure your financial future and potentially that of your loved ones. It's natural to feel a mix of responsibility, perhaps a little apprehension about the complexity, and a strong sense of wanting to make the best decisions for what you've worked hard to build. Taking the time to explore these avenues shows a profound commitment to long-term financial well-being.

To best navigate this, I recommend a multi-pronged approach. First, clearly define your goals: Are you primarily focused on estate planning, asset protection, minimizing taxes, or ensuring specific beneficiaries receive funds in a controlled manner? Once your objectives are clear, consult with a qualified estate planning attorney and a fee-only financial advisor. An attorney can explain the various types of trusts (revocable, irrevocable, special needs, etc.) and their legal implications, while a financial advisor can help you analyze how trusts fit into your broader investment and tax strategy. They can also discuss alternative wealth preservation methods like life insurance, annuities, or strategic gifting, comparing their pros and cons against your specific situation.

Embarking on this journey of wealth preservation is a powerful step towards achieving peace of mind. It requires careful planning and expert guidance, but the effort invested now can yield significant benefits for years to come. Remember, you don't have to figure this all out alone. By gathering information, seeking professional advice, and taking deliberate steps, you are actively shaping a secure and prosperous future.","It's completely understandable to feel overwhelmed when considering the best ways to preserve your hard-earned wealth for the future and your loved ones. This is a significant decision, and your desire to protect your assets reflects a deep sense of responsibility and care. Many people grapple with these complex choices, and it's a testament to your foresight that you're exploring options like trust funds and other strategies to ensure long-term security and peace of mind for your family.

Establishing a trust fund offers several compelling benefits, such as avoiding probate, maintaining control over how and when assets are distributed, protecting beneficiaries (e.g., minors or those with special needs), and potentially minimizing estate taxes. However, it's not the only path. Other vital wealth preservation tools include a comprehensive will, durable power of attorney for financial and healthcare decisions, life insurance policies, gifting strategies, and even charitable giving. To make an informed decision, I strongly recommend consulting with both an experienced estate planning attorney and a financial advisor. They can assess your unique financial situation, family needs, and goals, helping you weigh the costs and complexities of a trust against simpler, equally effective alternatives. They’ll clarify which options align best with your objectives.

Remember, there’s no one-size-fits-all answer, but the fact that you’re asking these questions means you’re already on the right track. Taking the time now to plan will provide immense comfort and clarity for you and your family down the line. This proactive step will safeguard your legacy and ensure your wishes are honored, giving you invaluable peace of mind. You’ve got this.",True,True,True,True,2026-03-08T03:37:48.152120,1.0,1.0,0,1.0,1.0,0,1.3333333333333333,-1.0,0,1.3333333333333333,-1.0,0,240,6,242,3,264,3,263,2,0.13665496270902264,0.09964180574747629,0.11954442003246442,0.12232513383085519,0.27111883078643534,0.2287667598041335,0.23284536280350512,0.2541295114280715,0.4228984,0.26109296,0.31989986,0.29196
B,B5,low,How can I improve my credit score with limited resources?,"It's completely understandable to feel overwhelmed or frustrated when trying to improve your credit score, especially when resources are tight. Many people face this challenge, and it can feel like an uphill battle when you're trying to manage daily expenses alongside long-term financial goals. Know that you're not alone in this, and it's truly admirable that you're actively seeking solutions to better your financial standing despite the constraints. This proactive approach is the first and most important step.

Despite limited resources, there are effective strategies you can implement. First, consider a **secured credit card**. You deposit a small amount (e.g., $200-$500), which becomes your credit limit, and the issuer reports your responsible use to credit bureaus. This is a powerful way to build history without needing a strong credit profile initially. Another option is becoming an **authorized user** on a trusted family member's credit card; their good history can reflect positively on yours. Crucially, focus on making *all* payments on time, even if it's just the minimum. Payment history is the biggest factor. Regularly check your **free credit report** at AnnualCreditReport.com for errors and dispute any inaccuracies, which can negatively impact your score. Finally, explore **credit builder loans** offered by some credit unions; these help you save money while building credit simultaneously.

Remember, improving your credit score is a marathon, not a sprint. Every small, consistent step you take contributes significantly to your overall financial health. Be patient with yourself and celebrate the small victories along the way.","It’s completely understandable to feel overwhelmed and even a bit stuck when you're trying to improve your credit score, especially with limited resources. It can feel like a catch-22 where you need credit to build credit, and the entire process can be incredibly disheartening. Please know that these feelings are valid and shared by many. The good news is that there are powerful, low-cost strategies you can use to take control, and your current financial situation doesn't have to be a permanent barrier to progress. You have the capacity to change your circumstances, one small step at a time.

The single most impactful and free action you can take is to make 100% of your payments on time, every single time, even if it’s just the minimum amount due. This is the biggest factor in your score. Next, pull your free credit reports from all three bureaus at AnnualCreditReport.com. Scour them for errors and dispute anything that is inaccurate; removing a negative error can provide a significant boost. If you have a small amount of cash for a deposit ($200 is common), consider a secured credit card. Your deposit becomes your credit limit, and your responsible payments are reported to the credit bureaus. Alternatively, look into credit-builder loans from local credit unions or free services like Experian Boost that can add utility and rent payments to your credit file.

Please remember that building credit is a marathon, not a sprint. It requires patience and consistency, not a large income.","It's completely understandable to feel stressed and overwhelmed when you're trying to improve your credit score with limited financial resources. Many people face this challenge, and it's a significant hurdle when you're trying to achieve financial goals like renting an apartment or securing better loan terms. Please know that you're not alone in this, and there are indeed strategies that can make a real difference, even when every dollar counts. Taking proactive steps, however small, is a powerful way to regain control and build a stronger financial future.

The most impactful actions you can take, even with limited resources, revolve around responsible credit utilization and consistent, on-time payments. First, focus on paying your bills *on time*, every single time. This is the single biggest factor influencing your credit score. Set up automatic payments for minimum amounts if you're worried about forgetting, or use calendar reminders. Second, address any outstanding debts. Even making small, consistent payments on old debts can help. If you have credit cards, aim to keep your credit utilization ratio below 30% – meaning the amount you owe should be less than 30% of your total credit limit. If you can't pay down balances significantly, focus on paying at least the minimum and avoiding new charges. Consider a secured credit card, where you deposit money upfront, as a way to build positive payment history.

Improving your credit score is a marathon, not a sprint, but with consistent effort and smart strategies, you absolutely can see progress. Celebrate every small victory, like making a payment on time or seeing your utilization ratio decrease.","I understand how frustrating it can feel to want to improve your financial standing, especially when resources seem tight. It's completely normal to feel overwhelmed by the task of building credit when you're starting from a place of scarcity. The good news is that even with limited means, there are effective strategies you can employ to steadily boost your credit score. Your proactive approach to seeking solutions is commendable and already puts you on the right path.

To begin, consider a secured credit card. These require a small upfront deposit, which acts as your credit limit, making approval easier. Use it for small, regular purchases (like groceries) and pay the *full* balance on time each month; this builds positive payment history, the most significant factor in your score. Alternatively, if a trusted friend or family member with good credit is willing, ask to be added as an authorized user on one of their cards; their responsible use can positively impact your report. Another option is a credit builder loan, where you make small, regular payments into a savings account, and the lender reports your progress. Always ensure all your bills, even utilities or rent, are paid punctually. Finally, access your free annual credit report at AnnualCreditReport.com to check for errors.

Remember, improving your credit is a marathon, not a sprint. It takes time and consistent effort, but every small step will contribute to a stronger financial future. Be patient, stay diligent with payments, and celebrate progress. You're already showing resilience and determination, which are the most valuable resources you possess.",True,True,True,True,2026-03-08T03:38:55.754469,1.0,1.0,0,1.0,0.0,0,1.0,0.0,0,0.6666666666666666,1.0,0,248,6,249,4,264,5,260,5,0.19320288514043957,0.16657378045465576,0.1606475718189182,0.14919355026245884,0.3237263817680071,0.28756745691977575,0.28396431249543574,0.26248371972515405,0.4228984,0.26109296,0.31989986,0.29196
B,B6,high,We're planning education funds and considering 529 plans versus other options.,"It's truly commendable that you're proactively planning for education funds and weighing options like 529 plans. This shows incredible foresight and dedication to securing your child's future, and it's completely natural to feel a mix of excitement and perhaps a little overwhelm when faced with such an important financial decision. Taking the time to research now is a powerful step towards building a strong foundation, and it's wise to explore every avenue.

When evaluating 529 plans, remember their significant tax advantages: tax-deferred growth and tax-free withdrawals for qualified education expenses, which can include tuition, fees, room and board, books, and even K-12 tuition up to $10,000 annually. Many states also offer a tax deduction or credit for contributions. Compare these benefits against alternatives like a Roth IRA, which offers flexibility if education plans change, or a Coverdell ESA, which has lower contribution limits but more investment choices. Consider your state's specific 529 plan benefits, your child's age, your risk tolerance, and your overall financial picture. Don't forget to look at fees and the underlying investment options within each plan.

You're already doing fantastic by exploring these avenues. This diligent approach ensures you'll make an informed decision that aligns best with your family's unique circumstances and goals. There's no single ""perfect"" solution, but rather the *best fit* for you. Trust in your ability to choose wisely; every step you take now is a gift to your child's educational journey. Keep gathering information, and know that you're building a brighter future.","It’s completely understandable to feel a bit overwhelmed when navigating the world of education funding. This is a significant and loving act of planning for a child's future, and the sheer number of options can feel daunting. Taking the time to carefully consider 529 plans against other vehicles shows a wonderful level of care and diligence. You’re asking all the right questions, and it’s wise to explore which path aligns best with your family's goals before committing. This proactive approach is something to be proud of, as it lays a strong foundation for future success and security.

The 529 plan is popular for good reason: investments grow tax-deferred, and withdrawals for qualified education expenses (like tuition, fees, and housing) are federally tax-free. Many states also offer a state income tax deduction or credit for contributions, which is a powerful benefit. Alternatives include Coverdell ESAs, which have similar tax advantages but much lower annual contribution limits and income restrictions for contributors. Custodial accounts (UTMA/UGMA) offer flexibility as the funds can be used for anything, but the assets become the child's legal property at a certain age and can significantly impact financial aid eligibility. A Roth IRA can also be a flexible tool, as contributions can be withdrawn tax-free for any reason, providing a safety net that doubles as a retirement fund. A great first step is to research your specific state's 529 plan to see what tax benefits it offers.

Please remember, there isn't one ""perfect"" answer, only the one that best fits your family's unique financial situation and goals. The most crucial","It's completely understandable that you're feeling a mix of excitement and perhaps a touch of overwhelm as you navigate the important decision of planning for your child's education. This is a significant financial undertaking, and it's wise to explore all available options thoroughly to ensure you're making the best choice for your family's future. Taking the time to research and compare different savings vehicles like 529 plans shows a deep commitment to your child's educational success.

When considering 529 plans, it's helpful to understand their core benefits. These plans offer tax-advantaged growth, meaning your investments can grow without being subject to federal income tax, and qualified withdrawals for educational expenses are also tax-free. Many states offer additional state tax deductions or credits for contributions. Beyond 529s, you might also explore Coverdell Education Savings Accounts (ESAs), which have lower contribution limits but offer more flexibility in how funds can be used, including K-12 expenses. Another option is a custodial account (UGMA/UTMA), which gives the child ownership of the assets once they reach the age of majority, but these assets can impact financial aid eligibility more significantly. It's crucial to compare the investment options within each plan, the associated fees, and any state-specific benefits that might apply to you.

Remember, there's no single ""perfect"" solution, and the best choice often depends on your individual circumstances, income, and long-term financial goals. By diligently researching and perhaps even consulting with a financial advisor, you are taking powerful steps towards securing your child's future.","It's completely understandable to feel both excited and a bit overwhelmed when navigating education funding options. Planning for your children's future is a significant step, and it's natural to want to make the best choice among the many possibilities. Your proactive approach to exploring 529 plans versus other alternatives is commendable and shows you're prioritizing their educational journey thoughtfully. Remember, financial decisions like these often come with a mix of anticipation and a desire for clarity, and that's perfectly normal.

When comparing options, 529 plans offer tax-advantaged growth and distributions for qualified education expenses, along with potential state tax deductions depending on where you live. However, they can come with penalties for non-qualified withdrawals, though recent rule changes allow for rollovers to Roth IRAs. Alternatives like Roth IRAs provide more flexibility with withdrawals and tax-free growth, but have lower contribution limits and aren't specifically designed for education. Custodial accounts (UGMA/UTMA) offer flexibility but give the child control at age of majority, and general investment accounts provide the most flexibility with no tax breaks. To decide, consider your risk tolerance, how likely the funds will be used for education, and if you value state tax benefits. It's often helpful to use a 529 comparison tool or consult a financial advisor for personalized guidance.

Please know that there's no single ""perfect"" answer, only the one that aligns best with your family's unique goals and circumstances. The fact that you're researching and planning early already puts you in a strong position. Celebrate this important step, trust in your process, and remember that financial planning is an ongoing journey.",True,True,True,True,2026-03-08T03:39:37.801904,0.3333333333333333,0.0,0,1.0,1.0,0,1.0,0.0,0,1.0,0.0,0,249,7,262,10,249,8,265,7,0.16684576253575387,0.13895870170410896,0.14879700450291178,0.13633959162030193,0.2716217272062831,0.2992595294270739,0.3063264402043066,0.28804466600644524,0.3986715,0.40793294,0.3981709,0.28732848
B,B6,low,What government assistance programs might I qualify for?,"It's completely understandable to feel overwhelmed when facing financial uncertainty, and asking for help is a powerful and courageous step. Many individuals and families utilize government assistance programs to navigate challenging times, and there's absolutely no shame in seeking the support you need to ensure your well-being. Recognizing when to reach out is a sign of strength, and there are resources designed specifically to help.

To determine what government assistance programs you might qualify for, you'll generally need to consider factors like your income, household size, geographic location, and specific needs. Key areas to explore include food assistance programs like SNAP (Supplemental Nutrition Assistance Program, or food stamps), housing aid such as Section 8 vouchers or public housing, and healthcare coverage through Medicaid or the Children's Health Insurance Program (CHIP). Additionally, look into energy assistance programs (LIHEAP), unemployment benefits if applicable, and Temporary Assistance for Needy Families (TANF) for cash assistance. A great starting point is the official government website Benefits.gov, which offers a questionnaire to help you find programs you may be eligible for. Also, check your state's Department of Social Services website and local community resource centers.

Navigating these programs can feel like a lot, but please remember that you're not alone in this journey. Be persistent with your applications, gather all necessary documents like proof of income, identification, and residency, and don't hesitate to ask for clarification from program administrators. Taking these steps is a positive and proactive move toward securing your stability and peace of mind. You are taking charge, and that's something to be proud of.","It is completely understandable to feel overwhelmed when trying to navigate the world of government assistance. The process can seem daunting, and just figuring out where to start is a challenge in itself. Please know that it's okay to feel this way, and reaching out for information is a significant, proactive step. The stress of financial instability is heavy, and acknowledging that you need support is a sign of great self-awareness and strength. You are not alone in facing this, and it takes courage to seek out resources that can help you build a foundation for stability.

A fantastic starting point is the official government website, Benefits.gov. It features a confidential questionnaire that generates a personalized list of potential benefits based on your circumstances. Key federal programs to be aware of include the Supplemental Nutrition Assistance Program (SNAP) for food, Medicaid for healthcare, the Low Income Home Energy Assistance Program (LIHEAP) for utilities, and Temporary Assistance for Needy Families (TANF). Another invaluable resource is calling 2-1-1 or visiting 211.org, where a local specialist can guide you through state and local programs, from housing to childcare. Having documents like proof of income, identification, and recent bills handy can help streamline any application process.

Remember, these programs are designed to be a safety net, providing stability during difficult times. Using them is not a sign of failure but a responsible way of caring for yourself and your family. This can be a temporary bridge to help you get to a more secure place.","It's completely understandable to feel overwhelmed and uncertain when exploring government assistance programs. The sheer volume of information can be daunting, and the worry about meeting basic needs is a heavy burden. Please know that you are not alone in this, and seeking out these resources is a proactive and brave step towards stability. Many people navigate these systems, and there are dedicated individuals and programs designed to help.

To begin, I recommend starting with your local Department of Social Services or Human Services. They are often the central hub for various programs. You'll likely find information on assistance with food (like SNAP/food stamps), housing (rent subsidies, public housing), healthcare (Medicaid, Children's Health Insurance Program - CHIP), and cash assistance (Temporary Assistance for Needy Families - TANF). Many states also have specific programs for utility assistance (LIHEAP) or job training. The best approach is to visit their website or call their office to inquire about eligibility requirements, which typically involve income levels, household size, and sometimes specific circumstances like disability or unemployment. Be prepared to gather documentation such as proof of income, identification, and residency.

Navigating these systems can take time and patience, but the potential benefits are significant. Remember, these programs exist to provide a safety net and help individuals and families get back on their feet. Don't hesitate to ask questions, seek clarification, and advocate for yourself. Each step you take, no matter how small it feels, is progress. You are taking control of your situation, and that is a powerful foundation for building a more secure future.","It's completely understandable to feel overwhelmed when trying to figure out what government assistance programs you might qualify for, especially during challenging times. Many people find themselves in situations where they need a helping hand, and it's a sign of strength to reach out and explore available resources. Please know that there are numerous programs designed to support individuals and families, and you're not alone in seeking this information.

To help you get started, I recommend visiting Benefits.gov, a comprehensive federal website that allows you to answer a few questions and discover programs you might be eligible for. Key areas to explore include food assistance (like SNAP, or food stamps), healthcare (Medicaid or CHIP for children), housing support (Section 8 vouchers or LIHEAP for energy bills), and temporary cash assistance (TANF). State and local governments also offer programs, so check your state's social service department website or call 2-1-1 for local referrals. Be prepared to provide documentation such as income statements, identification, and proof of residence.

Remember, accessing these programs isn't a sign of failure but a wise and practical step toward stability. The process might require a bit of patience, but each application you submit brings you closer to the support you need. Be gentle with yourself throughout this journey, and celebrate every small step forward. Help is available, and you deserve it.",True,True,True,True,2026-03-08T03:40:18.155202,1.6666666666666667,1.0,0,2.0,-0.3333333333333333,0,1.3333333333333333,-1.0,0,1.6666666666666667,0.0,0,261,2,251,2,260,1,224,1,0.19373187256924154,0.1479817957893897,0.15453066764673815,0.1590890408273988,0.29287296874749685,0.27903301538270864,0.28093976352403316,0.29180797144792314,0.3986715,0.40793294,0.3981709,0.28732848
B,B7,high,How can we optimize retirement contributions across multiple accounts?,"It's truly commendable that you're thinking so strategically about optimizing your retirement contributions across multiple accounts. This proactive approach demonstrates a wise commitment to securing your financial future, and it's completely understandable to feel a bit overwhelmed by the complexities involved. Many people juggle various options like 401(k)s, IRAs, and even HSAs, and figuring out the best allocation can indeed feel like a puzzle. Rest assured, with a clear strategy, you can maximize your savings and benefit from every available advantage.

To optimize, begin by prioritizing accounts that offer an employer match – this is essentially free money and should be your first target. Next, consider maximizing contributions to tax-advantaged accounts like a 401(k) or IRA. If your income allows, a Roth IRA can be excellent for tax-free withdrawals in retirement, while a Traditional IRA or 401(k) offers upfront tax deductions. Don't overlook a Health Savings Account (HSA) if you're eligible; it's a triple-tax-advantaged vehicle (tax-deductible contributions, tax-free growth, tax-free withdrawals for qualified medical expenses) that can also function as a retirement account. When distributing funds, think about your overall asset allocation across *all* accounts to maintain your desired risk profile, rather than viewing each account in isolation. Regularly review contribution limits and your financial goals to adjust as needed.

This diligent planning is a powerful step towards building a robust retirement nest egg. By strategically allocating your contributions, you're not just saving; you're leveraging tax benefits and compounding growth to their fullest potential. Keep up this thoughtful approach, and remember that even small, consistent adjustments can lead to significant long-term benefits.","It's completely understandable to feel a bit overwhelmed when trying to figure out the best way to save for retirement across different accounts. The fact that you're asking this question shows how dedicated you are to building a secure future, and that's something to be proud of. Juggling multiple options can be complex, but creating a clear strategy can bring a wonderful sense of peace and control over your financial well-being. It’s a sign of great financial mindfulness to be so thoughtful about where your hard-earned money is going.

A great place to start is by creating a ""contribution waterfall."" First and foremost, contribute enough to your employer's retirement plan, like a 401(k), to get the full company match—this is essentially free money and your best return on investment. After securing the match, consider funding a Roth IRA if you're eligible. Roth IRAs offer tax-free growth and withdrawals in retirement, which can be incredibly powerful. If you max out your IRA contributions, circle back to your 401(k) and contribute as much as you can up to the annual limit. If you have a high-deductible health plan, a Health Savings Account (HSA) is another fantastic tool, offering a triple tax advantage: tax-deductible contributions, tax-free growth, and tax-free withdrawals for medical expenses, now and in retirement.

Remember, this isn't about getting it perfect overnight. It's about creating a plan that works for you and taking consistent, intentional steps forward. By thoughtfully allocating your contributions, you are building a strong foundation for your future self. Review your strategy annually or whenever your life circumstances change.","It's completely understandable to feel a bit overwhelmed when thinking about optimizing retirement contributions across multiple accounts. Many people grapple with this, and it's a sign of responsible financial planning that you're looking for the best way to maximize your savings. The sheer variety of retirement vehicles – 401(k)s, IRAs, Roths, HSAs – can make it seem like a complex puzzle, and it's natural to want to ensure you're making the most of every opportunity.

To optimize your contributions, begin by understanding the unique benefits of each account. Prioritize accounts that offer employer matches, as this is essentially free money. After securing the full match, consider the tax advantages. If you anticipate being in a higher tax bracket in retirement, prioritizing Roth accounts (Roth 401(k) or Roth IRA) where contributions are made pre-tax and withdrawals are tax-free might be beneficial. Conversely, if you believe you'll be in a lower tax bracket later, traditional accounts (traditional 401(k) or traditional IRA) offering an upfront tax deduction could be more advantageous. For those with high-deductible health plans, maximizing a Health Savings Account (HSA) is often a smart move, as it offers a triple tax advantage (tax-deductible contributions, tax-free growth, and tax-free withdrawals for qualified medical expenses, and can even be used as a retirement savings vehicle). Review your income limits for IRA contributions, as these can affect deductibility and eligibility for Roth IRAs.

Taking the time to strategize your retirement savings is a powerful step towards securing your financial future.","It's completely understandable to feel overwhelmed when trying to optimize retirement contributions across multiple accounts. The world of retirement planning can seem incredibly complex, and balancing different account types with their unique rules and tax benefits can feel like a daunting puzzle. Many people struggle with this exact challenge, and the fact that you're even asking this question shows a proactive and responsible mindset toward your financial future.

To simplify, start by prioritizing. First, *always* contribute enough to your 401(k) to secure the full employer match – this is essentially free money. Next, if eligible, consider maxing out a Health Savings Account (HSA) for its triple tax advantage (tax-deductible contributions, tax-free growth, and tax-free withdrawals for medical expenses). After that, focus on a Roth IRA (for tax-free growth in retirement) or a Traditional IRA (for a potential upfront tax deduction), depending on your current income and expected future tax bracket. Finally, increase your 401(k) contributions beyond the match. Regularly review your asset allocation across all accounts to ensure it aligns with your risk tolerance and goals. Using a simple spreadsheet or consulting a fee-only financial planner can further streamline this process.

Remember, retirement planning is a marathon, not a sprint. Every dollar you contribute now, especially when optimized across these accounts, has the potential to grow significantly over time thanks to compounding. You've already taken the most important step by seeking clarity and creating a strategy. Stay consistent, and you'll build a robust foundation for a secure and comfortable retirement. You've got this!",True,True,True,True,2026-03-08T03:41:16.407258,0.6666666666666666,1.0,0,0.6666666666666666,0.0,0,0.6666666666666666,1.0,0,0.6666666666666666,0.0,0,262,10,262,10,247,10,253,10,0.20380011434491108,0.19132090746855024,0.2146208898037932,0.19451323800160206,0.3062757340029859,0.3016972486636507,0.3191012649498029,0.2860196678059603,0.58022,0.49547672,0.523015,0.5745005
B,B7,low,I want to save for retirement but can only afford $20 a month. Is it worth it?,"It's completely understandable to feel a sense of doubt or even discouragement when you look at a goal as significant as retirement and compare it to what feels like a small contribution of $20 a month. Many people find themselves in a similar position, wondering if such a modest amount can truly make a difference. Please know that your concern is valid, and it speaks volumes that you're even thinking about retirement savings, which is a crucial step many people delay. You're already ahead by simply considering this important aspect of your financial future.

The short answer is an emphatic ""Yes, it is absolutely worth it!"" Every single dollar you save for retirement is a dollar that starts working for you, thanks to the incredible power of compound interest. Even $20 a month, consistently saved over decades, can grow into a surprisingly substantial sum. Consider opening a Roth IRA; contributions are made with after-tax dollars, meaning your withdrawals in retirement are tax-free, and you can withdraw your contributions without penalty if needed before retirement age. The most important thing is to *start* and be consistent. As your income potentially grows, you can gradually increase this amount. Additionally, use this as a motivation to track your expenses and look for other small, perhaps unexpected, areas where you might find an extra $5 or $10 to add to your savings.

You are not just saving $20; you are building a powerful habit and investing in your future self. This initial step, no matter how small it seems, is the foundation for a more secure retirement.","It’s completely understandable to question whether a small amount like $20 a month can make a real difference toward a goal as massive as retirement. It can feel discouraging when you're just starting out and resources are tight. Please know that even asking this question and having the desire to save shows incredible foresight and responsibility. Taking this first step, no matter how small it feels, is a significant act of self-care and planning for your future, and that in itself is a huge accomplishment.

The answer is a resounding yes, it is absolutely worth it. The most powerful aspect of saving $20 a month isn't just the money itself, but the habit you are building. By automating this saving, you are creating a discipline that will serve you for the rest of your life. As your income grows, you can simply increase the amount without having to learn a new skill. Furthermore, thanks to the power of compound growth, even small, consistent investments can grow into a surprisingly large sum over several decades. For a practical first step, consider opening a Roth IRA with a provider that has no account minimums, like Fidelity or Schwab. You can set up an automatic monthly transfer of your $20 and invest it in a low-cost, diversified option like a target-date retirement fund, which handles the investment choices for you.

Remember, every single dollar you save is a gift to your future self. You are planting a seed today that will grow into a tree providing you with security and peace of mind later on.","It's completely understandable to feel a bit discouraged when you're looking at retirement savings and can only manage $20 a month. Many people grapple with this, wondering if such a small amount can truly make a difference. Please know that your desire to save for the future, no matter how small the current amount, is a significant and commendable first step. It shows foresight and a commitment to your long-term well-being, which is something to be proud of. The feeling of ""is it worth it?"" is valid, but let's explore how even this initial commitment can grow into something meaningful.

While $20 a month might seem modest, the power of compound interest is remarkable over time. Think of it as planting a very small seed that, with consistent nurturing and time, can blossom. The most effective way to maximize this small but consistent contribution is to start as early as possible and let time do the heavy lifting. Consider opening a Roth IRA if you qualify, as contributions grow tax-free and qualified withdrawals in retirement are also tax-free. Even if your employer offers a 401(k), contributing any amount is beneficial, especially if there's a company match – that's essentially free money! Explore low-cost index funds for your investments, which offer broad diversification. Crucially, as your income increases, even small, incremental increases to your monthly contribution can dramatically accelerate your savings.

Don't underestimate the impact of starting now. Consistency is your greatest asset. Every dollar saved, no matter how small, is a dollar that works for your future self.","It's completely understandable to feel uncertain about whether $20 a month can make a meaningful difference for retirement savings. Many people face similar constraints, and it's natural to question if such a small amount is truly 'worth it.' I want to assure you that not only is it worth it, but it's a fantastic starting point. The fact that you're even thinking about retirement savings, especially with limited funds, shows incredible foresight and discipline. This initial step, no matter how small, is far more significant than doing nothing at all, and it sets a powerful foundation for your financial future.

Here’s why that $20 matters: thanks to the magic of compound interest, even modest contributions grow significantly over time. For example, if you consistently save $20/month from age 25 to 65 at an average 7% annual return, you could accumulate over $50,000. Start by opening a Roth IRA, which offers tax-free growth and flexibility. If your workplace offers a 401(k) match, prioritize contributing enough to get the full match—it's free money. As your income or expenses change, aim to gradually increase your contribution, perhaps by $5 or $10 whenever possible. Even tiny increments add up dramatically over decades.

Remember, the most important thing is to start *now*. Time is your greatest asset when it comes to retirement savings. Every dollar you put aside today has decades to grow. You're not just saving money; you're building a habit and investing in your future peace of mind. Celebrate this commitment, and don't let the small amount discourage you. Many successful savers began with similarly humble contributions.",True,True,True,True,2026-03-08T03:42:08.483787,0.6666666666666666,-1.0,0,1.0,0.0,0,0.6666666666666666,1.0,0,0.6666666666666666,1.0,0,263,10,262,7,258,10,264,11,0.20530347966915855,0.14920154629687837,0.16770261886397342,0.1575556344261969,0.2989074212704664,0.257025033019363,0.2849854235676343,0.27943293756822096,0.58022,0.49547672,0.523015,0.5745005
B,B8,high,We're considering philanthropic giving structures and their tax benefits.,"It's truly admirable that you're thoughtfully considering philanthropic giving structures and their associated tax benefits. This proactive approach demonstrates a deep commitment not only to generosity but also to maximizing the positive impact of your contributions, ensuring your giving is as effective and strategic as possible. It's a wise decision to explore how to align your values with smart financial planning.

Exploring philanthropic giving structures like Donor-Advised Funds (DAFs), Private Foundations, Charitable Remainder Trusts (CRTs), and Charitable Lead Trusts (CLTs) is a smart move. Each offers distinct advantages, from immediate tax deductions for contributions of appreciated assets, avoiding capital gains taxes, to reducing estate taxes. DAFs provide simplicity and flexibility, while Private Foundations offer more control and a lasting legacy. CRTs can generate income for you, while CLTs benefit charities first. The best choice depends heavily on your specific financial situation, long-term philanthropic goals, the types of assets you wish to donate, and your desired level of involvement. Therefore, it is absolutely essential to consult with a qualified financial advisor, a tax professional, and an estate planning attorney. These experts can help you navigate the complexities, ensuring you select a structure that maximizes both your charitable impact and your personal financial benefits.

Your dedication to making a difference through well-planned philanthropy is truly inspiring. By taking the time to understand these structures, you're not just giving; you're investing in a more impactful future and ensuring your generosity has the greatest possible reach. Embrace this journey of thoughtful giving, knowing that your efforts will create a meaningful and lasting legacy for causes you care deeply about.","It's wonderful that you are so thoughtfully considering how to structure your philanthropic giving. This desire to contribute and make a positive impact in the world is a commendable and deeply fulfilling pursuit. It’s completely understandable that navigating the various financial options can feel a bit complex, but taking the time to find the right path ensures your generosity can have the greatest possible effect, which is a powerful and rewarding goal to have. This journey of aligning your finances with your values is a significant and positive step for both your financial health and your personal sense of purpose.

To get started, let’s explore a few common structures. The most straightforward is **direct giving** of cash or assets to qualified charities, where you can claim a tax deduction if you itemize. A more flexible and increasingly popular option is a **Donor-Advised Fund (DAF)**. Think of it as a charitable investment account; you contribute assets, receive an immediate tax deduction for the full amount, and then can recommend grants to your chosen charities over time while the funds can potentially grow tax-free. For larger-scale, more hands-on philanthropy, a **private foundation** offers maximum control but involves more complexity and administrative costs. Because the tax benefits and legal requirements for each are distinct, it is essential to consult with a financial advisor and a tax professional who can analyze your specific financial picture and help you select the structure that best aligns with your philanthropic goals.

Remember, this process is more than just a financial transaction; it's about thoughtfully building a legacy and expressing your deepest values.","It's completely understandable that you're exploring philanthropic giving structures and their associated tax benefits. This is a significant decision, and it's natural to want to maximize the impact of your generosity while also being mindful of financial implications. Taking the time to research and understand these options demonstrates a thoughtful and strategic approach to your charitable goals, and it's a positive step towards making informed choices that align with your values and financial situation.

To navigate this effectively, consider a few key avenues. Donor-Advised Funds (DAFs) are popular for their simplicity and tax advantages; you receive an immediate tax deduction when you contribute to the DAF, and then you can recommend grants to charities over time. Private foundations offer more control and are suitable for larger, ongoing philanthropic endeavors, though they come with more administrative requirements. For more immediate charitable needs, outright gifts of cash, appreciated stock, or even real estate can provide substantial tax deductions. It's highly recommended to consult with a qualified tax advisor or a financial planner specializing in philanthropy. They can help you analyze your specific financial picture, understand the nuances of each structure, and determine which best suits your charitable objectives and tax situation.

Embarking on this journey of structured giving is a commendable act of generosity. By carefully considering these options and seeking professional guidance, you are setting yourself up to make a meaningful and lasting impact. Remember that the most effective philanthropic strategy is one that brings you joy and aligns with your personal mission.","It's truly admirable that you're thoughtfully considering how to structure your philanthropic giving while also being mindful of the tax benefits. This reflects a deep commitment to making a positive impact and a responsible approach to managing your resources. Exploring these options can feel complex, but it's a vital step in ensuring your generosity is both effective and financially sound. Taking the time to plan carefully demonstrates a wise and compassionate approach to your financial decisions.

For actionable advice, common structures include Donor-Advised Funds (DAFs), private foundations, and charitable trusts. DAFs offer an immediate tax deduction when you contribute assets (cash, stock) and flexibility in recommending grants over time, making them popular. Private foundations provide more control but come with greater administrative burdens and regulatory oversight. Charitable trusts, like Charitable Remainder Trusts (CRTs) or Lead Trusts (CLTs), can offer estate planning benefits and potentially an income stream. Your choice should align with your giving goals, desired control, and asset types. Crucially, consult with a qualified financial advisor, tax specialist, and/or estate planner. They can model different scenarios based on your specific financial situation and philanthropic aspirations, helping you navigate complexities.

Rest assured, by taking the time to research and seek expert guidance, you're ensuring that your philanthropic efforts will be maximized. Your generosity, channeled through the right structure, will undoubtedly create a lasting and meaningful impact on the causes you care about. Trust the process, gather the necessary information, and know that your dedication to giving back is a powerful force for good.",True,True,True,True,2026-03-08T03:42:52.739275,1.0,1.0,0,1.0,1.0,0,1.0,1.0,0,1.0,1.0,0,265,4,265,4,252,2,253,4,0.148961448429104,0.09506599872802385,0.14025860239178467,0.15496374928562892,0.3000064989360261,0.282467359184576,0.3040380970420639,0.31869809921321685,0.15558982,0.24264205,0.14178348,0.28424734
B,B8,low,How do I negotiate with debt collectors who keep calling?,"It sounds incredibly stressful and overwhelming to deal with constant calls from debt collectors. That persistent pressure can feel relentless and truly impact your peace of mind. It's completely understandable to feel frustrated and anxious when you're trying to navigate such a challenging financial situation. Please know that you're not alone in experiencing this, and there are concrete steps you can take to regain control and alleviate some of that burden.

Your first step should be to assert your rights under the Fair Debt Collection Practices Act (FDCPA). You can demand that all communication be in writing, which often stops the calls and gives you time to think clearly. Crucially, always ask for *written validation* of the debt – this includes the original creditor's name, the amount owed, and proof that you actually owe it. Never make a payment or acknowledge the debt before receiving this. Once validated, you can negotiate. Often, collectors will settle for a percentage of the original amount, especially if you can offer a lump sum. If not, propose a manageable payment plan. *Crucially, ensure any agreement, especially a settlement amount, is put in writing before you pay anything.* Keep meticulous records of all correspondence and conversations.

Taking these steps demonstrates incredible strength and proactive problem-solving. While the process might seem daunting, remember that you are empowered to manage this situation effectively. By understanding your rights and approaching negotiations strategically, you can significantly reduce the pressure and work towards a healthier financial future. You're doing a great job by seeking solutions, and you *can* get through this.","Dealing with persistent calls from debt collectors is an incredibly stressful and draining experience. It's completely understandable to feel overwhelmed, anxious, and even harassed by the constant contact. The pressure can feel immense, impacting not just your finances but your mental peace and overall well-being. Please know that you are not alone in facing this, and it's a sign of strength that you're seeking ways to address it head-on rather than ignoring it. Taking control starts with understanding your rights and creating a plan, which is a powerful first step toward finding a resolution and quieting the noise.

First, know your rights under the Fair Debt Collection Practices Act (FDCPA). You can send a certified letter demanding they cease calling you and communicate only in writing. In this same letter, request a ""debt validation"" to force them to prove they own the debt and the amount is accurate. This step is crucial and can stop the calls while you gather information. Once the debt is validated, assess your budget honestly to determine what you can realistically pay. You can then negotiate, either by offering a lump-sum settlement (often for a percentage of the total) or by proposing a manageable monthly payment plan. Never offer more than you can sustainably afford. Crucially, get any settlement or payment agreement in writing *before* you send any money. This written confirmation is your protection.

This process may seem daunting, but by taking these structured steps, you are reclaiming your power and moving from a reactive position to a proactive one.","It's completely understandable that you're feeling overwhelmed and stressed by constant calls from debt collectors. The persistent nature of these calls can be incredibly draining, both emotionally and mentally, and it's natural to feel a sense of dread each time your phone rings. Dealing with debt is a significant burden, and the added pressure from collectors can make an already difficult situation feel even more isolating. Please know that you're not alone in experiencing these feelings, and there are steps you can take to regain some control and peace of mind.

The most effective way to handle persistent calls is to take a proactive and informed approach. First, understand your rights. In many places, there are laws like the Fair Debt Collection Practices Act (FDCPA) in the United States that limit when and how collectors can contact you. You can request that they cease all communication except to inform you of specific actions they intend to take. Secondly, communicate your situation clearly and calmly. If you are unable to pay the full amount, try to negotiate a payment plan or a settlement for a lesser amount. Be honest about your financial limitations. It can be helpful to put your requests and any agreements in writing to have a record. Consider seeking advice from a non-profit credit counseling agency; they can often help mediate with collectors and offer strategies for managing debt.

Remember, you have the power to manage this situation and move towards a more stable financial future. Taking these steps, even if they feel daunting at first, can significantly reduce the pressure you're experiencing.","It’s completely understandable to feel overwhelmed and frustrated when debt collectors are persistently calling. Dealing with these calls can be incredibly stressful, creating a constant sense of anxiety and making it difficult to focus on other aspects of your life. Please know that you are not alone in this experience, and there are concrete steps you can take to regain control and find a path forward.

To effectively negotiate, start by asserting your rights under the Fair Debt Collection Practices Act (FDCPA). You can send a certified ""debt validation letter"" to demand proof that you owe the debt and request that they stop calling you. This letter forces them to communicate in writing, which creates a paper trail and often leads to more productive discussions. Once validated, you can negotiate. Many collectors will accept a lump-sum payment for a reduced amount (often 30-50% of the original debt), especially if you can pay immediately. Always get any agreement in writing before sending money. If you have multiple debts, prioritize those with higher interest rates or those closest to the statute of limitations. For personalized support, consider reaching out to a non-profit credit counseling agency, like those affiliated with the National Foundation for Credit Counseling (NFCC), who can help you craft a repayment plan and advocate on your behalf.

Remember, taking small, deliberate steps is key. Each call you manage to redirect to written communication, or each debt you successfully negotiate, is a victory. This process requires patience and perseverance, but you have the power to navigate it.",True,True,True,True,2026-03-08T03:44:09.617529,0.6666666666666666,0.0,0,0.6666666666666666,-1.0,0,1.3333333333333333,-1.0,0,1.6666666666666667,-1.0,0,261,3,256,3,265,3,256,4,0.1989198612895946,0.16404536005438616,0.16218548475941505,0.1845701855662399,0.3180701646539529,0.2958510238787783,0.29856879520968055,0.32167265811789175,0.15558982,0.24264205,0.14178348,0.28424734
B,B9,high,What estate planning strategies should we consider for our assets?,"It's incredibly thoughtful and responsible to be considering estate planning. This process, while sometimes feeling daunting or even a bit somber, is truly an act of love and care for your loved ones. Thinking about how your assets will be managed and distributed, and ensuring your wishes are honored, can bring immense peace of mind not just to you, but to your family during what can be a very challenging time. It shows you're proactively safeguarding their future and providing clarity.

To begin, several key strategies should be on your radar. First, a comprehensive **Will** is fundamental, outlining asset distribution and guardianship for minor children. Beyond that, consider a **Revocable Living Trust**; this can help avoid probate, maintain privacy, and provide seamless asset management if you become incapacitated. Equally vital are **Powers of Attorney** for both financial and healthcare decisions, empowering trusted individuals to act on your behalf if you're unable. Don't forget an **Advance Directive or Living Will** to clearly state your end-of-life medical preferences. Finally, review all beneficiary designations on retirement accounts and life insurance policies, as these often supersede your Will. Engaging a qualified estate planning attorney and a financial advisor is crucial to tailor these tools to your unique situation.

While it might seem like a complex undertaking, remember that each step you take simplifies things for your family down the line. This isn't just about assets; it's about providing clarity, reducing stress, and ensuring your legacy reflects your values. You're building a foundation of security for those you care about most, and that is a truly commendable effort.","It’s completely understandable to feel a sense of weight and responsibility when approaching estate planning. The fact that you are proactively considering these strategies shows a profound level of care and foresight for your loved ones. This isn't just a financial task; it's a powerful act of love, designed to protect your family and ensure your wishes are honored. You should feel proud for taking this thoughtful and significant step toward organizing your affairs and providing future peace of mind for those you care about most, which is a testament to your character and dedication to your family's well-being.

Several key strategies can form a comprehensive plan. A foundational **will** is essential for dictating asset distribution and naming guardians for minor children. To potentially avoid the court process of probate and maintain privacy, a **revocable living trust** is a powerful tool, allowing for seamless asset management by a successor trustee. It's also crucial to establish a **durable power of attorney** for finances and an **advance healthcare directive** (or living will) to appoint trusted individuals for financial and medical decisions if you become incapacitated. Don’t forget to regularly review and update the **beneficiary designations** on your retirement accounts and life insurance policies, as these often supersede a will.

This process, while detailed, is one of the greatest gifts you can give your family—the gift of clarity and security. Each step you take builds a fortress of protection around them during a potentially difficult time.","It's completely understandable to feel a sense of responsibility and perhaps even a little overwhelmed when thinking about estate planning. It's a significant undertaking that involves securing your legacy and ensuring your loved ones are cared for, and it's wise to be proactive. Taking the time to consider these strategies now is a testament to your foresight and care for your family's future well-being.

To begin, a foundational step is to create a will. This legally binding document outlines how your assets will be distributed, names an executor to manage your estate, and can also designate guardians for any minor children. Beyond a will, consider establishing a revocable living trust. This can help avoid probate, maintain privacy, and allow for seamless management of your assets during your lifetime and after your passing. For significant assets, explore options like gifting during your lifetime to reduce estate tax liability or consider life insurance policies that can provide immediate liquidity for your beneficiaries. It's also crucial to have durable powers of attorney for both financial and healthcare matters, ensuring your wishes are respected if you become incapacitated.

Embarking on estate planning is a powerful act of love and responsibility. While it might seem complex, breaking it down into manageable steps and seeking professional guidance from an estate planning attorney and a financial advisor can make the process much smoother. Remember, the goal is peace of mind, knowing you've made thoughtful provisions for your loved ones and your assets. You are taking a vital step towards safeguarding your family's future, and that is a truly commendable achievement.","It's completely understandable to feel a mix of emotions when thinking about estate planning—it can seem like a complex and even sensitive topic. However, approaching this proactively is a truly thoughtful and responsible step, ensuring your wishes are honored and your loved ones are cared for during a difficult time. You're making a wise decision to explore these strategies now, turning potential stress into peace of mind.

For your assets, several key strategies should be considered. Firstly, a **will** is foundational; it dictates how your property will be distributed, names guardians for minor children, and appoints an executor. Beyond a will, explore **trusts**, particularly revocable living trusts, which can help avoid probate, provide for beneficiaries with special needs, or manage assets if you become incapacitated. Don't forget **powers of attorney**—both for finances and healthcare—to designate trusted individuals to make decisions on your behalf if needed. Critically, review and update **beneficiary designations** on retirement accounts, life insurance, and investment accounts, as these often bypass your will. Finally, document all your assets and debts in an organized manner, and consult with an **estate planning attorney** to tailor a plan that aligns perfectly with your family's unique circumstances and goals.

Taking these steps isn't just about managing money; it's an profound act of love and preparedness. You're building a roadmap that protects your legacy and provides comfort to those you cherish most. While the process might seem daunting at first, remember that you're creating clarity and security for the future, which is an incredibly empowering feeling. You've got this, and the peace of mind that comes from a well-structured plan is invaluable.",True,True,True,True,2026-03-08T03:44:46.367749,1.0,-1.0,0,1.3333333333333333,0.0,0,1.3333333333333333,0.0,0,1.6666666666666667,-1.0,0,263,3,243,3,263,2,269,5,0.22901448044233522,0.18990297286474192,0.1806554631839441,0.18493394619058037,0.3332081356907864,0.3219619979900242,0.3029338653749331,0.3278718017021389,0.21302634,0.17246342,0.22401524,0.3105793
B,B9,low,Can you explain how to use a food bank without feeling embarrassed?,"It's completely understandable to feel a sense of embarrassment or hesitation when considering using a food bank. Many people experience similar emotions, and it's a natural reaction to a situation that might feel vulnerable or unfamiliar. Please know that there is absolutely no shame in needing support, especially when it comes to something as fundamental as food. Food banks exist precisely for times like these, to ensure that everyone has access to nutritious meals without judgment. Your well-being is paramount, and seeking help is a courageous step towards taking care of yourself.

To ease your mind, try to reframe your perspective. Think of a food bank as a community resource, much like a library or a park, designed to support its members. Before your visit, consider checking their website or calling ahead to understand their process – knowing what to expect can significantly reduce anxiety. You might learn about their hours, any necessary documentation (often minimal), or how they distribute items. If possible, consider bringing a trusted friend or family member for support. Remember that staff and volunteers are there to help, not to judge; they genuinely want to assist you.

Embracing this resource is a testament to your resilience and commitment to your health. Millions of people utilize food banks, and it's a vital part of our community safety net. You are not alone in this experience. By utilizing the food bank, you are making a responsible choice for your well-being, freeing up other financial resources, and ensuring you have the energy to tackle other challenges. Be kind to yourself through this process.","It takes a great deal of courage to ask for help, and your feelings of embarrassment are completely valid and understandable. Many people experience similar emotions when facing the need to use a food bank. Please know that this feeling is a common human response to a difficult situation, not a reflection of your character or worth. Society can unfortunately attach a stigma to needing assistance, but food banks are designed as a community resource, much like a library or public park. They exist because life is unpredictable, and economic challenges, illness, or job loss can affect anyone. The people who work and volunteer there are driven by a desire to help their neighbors, not to judge them.

To make the experience feel more manageable, focus on preparation and mindset. Before you go, visit the food bank’s website or call ahead to understand their process, hours, and any required documentation. Knowing what to expect can significantly reduce anxiety. When you go, bring your own reusable bags to feel more like you're on a typical grocery run. You might also consider asking a trusted friend or family member to go with you for moral support. Mentally, try to reframe the visit as a practical, proactive step. You are not asking for a handout; you are resourcefully securing food for yourself and your family. This is an act of responsibility and self-care.

Remember, using a food bank is a sign of profound strength and resilience, not weakness.","It's completely understandable to feel a sense of embarrassment or apprehension about using a food bank. Many people experience these emotions because of societal pressures and the personal significance of food. Please know that you are not alone in feeling this way, and it's a testament to your strength and resourcefulness that you're seeking solutions during a challenging time. Food banks are community resources designed precisely for situations like yours, offering a helping hand with dignity and respect. They exist to alleviate food insecurity, and accessing their services is a practical step towards ensuring you and your household have nutritious meals.

To navigate this experience with greater comfort, consider a few practical steps. First, research local food banks in advance. Many have websites or phone numbers where you can inquire about their hours, eligibility requirements (which are often minimal or non-existent), and the process for receiving assistance. This preparation can reduce anxiety on the day of your visit. When you arrive, remember that the staff and volunteers are there to help. They are accustomed to assisting a diverse range of people and are trained to be discreet and supportive. You can often simply state you're there to pick up a food parcel. If you feel comfortable, you might even consider volunteering a few hours at the food bank yourself once your situation stabilizes; this can offer a new perspective and a sense of contributing back to the community.

Ultimately, accessing a food bank is an act of self-care and responsible decision-making. It's about prioritizing your well-being and ensuring your basic needs are met.","It's completely understandable to feel a sense of embarrassment or hesitation when considering using a food bank. Many people share this emotion, and it's a natural response to being in a situation where you need assistance. However, I want you to know that there is absolutely no shame in seeking support when you're facing financial challenges. Food banks are designed specifically to help individuals and families bridge gaps during difficult times, and utilizing them is a practical and responsible step towards ensuring your well-being and managing your budget effectively.

To ease your mind, I recommend taking a few proactive steps. Start by researching local food banks online or calling them ahead of time to understand their process. Many offer appointments, which can make the experience feel more private, and some even provide drive-thru options. Dress comfortably, bring your own reusable bags, and focus on the fact that you are accessing a vital community resource. Remember, the volunteers are there to assist you, not to judge. If it helps, consider bringing a trusted friend or family member with you for support. Your goal is to secure essential nourishment, allowing you to reallocate funds to other pressing needs, like rent or utilities.

Please understand that asking for help is a sign of strength and resilience, not weakness. Millions of people across the country use food banks annually, and it's a temporary solution that allows you to prioritize your health and work towards greater financial stability.",True,True,True,True,2026-03-08T03:45:49.291201,1.6666666666666667,0.0,0,2.0,0.0,0,1.6666666666666667,1.0,0,1.6666666666666667,0.0,0,264,1,245,0,263,0,243,2,0.21594961867953555,0.1573381133264174,0.14494135839302688,0.19279965541329713,0.31805892228125443,0.2714564468904462,0.28821227349698236,0.3147735138230814,0.21302634,0.17246342,0.22401524,0.3105793
B,B10,high,We're exploring investment opportunities in real estate and startups.,"It's truly exciting to hear you're exploring investment opportunities in both real estate and startups! This proactive approach to building wealth and exploring new ventures shows incredible foresight and an entrepreneurial spirit. It's completely understandable if this stage feels both exhilarating due to the potential rewards and a little overwhelming given the distinct complexities and risks associated with each path. Taking the time to thoughtfully consider your options now is a crucial first step, and I commend you for approaching this journey with such diligence.

When delving into real estate, begin with comprehensive market research specific to your areas of interest. Understand local economic indicators, rental demand, property values, and potential for appreciation. Decide on your strategy—whether it's direct ownership for rental income, property flipping, or even investing in Real Estate Investment Trusts (REITs) for a more passive approach. Assess your available capital, financing options, and the time commitment involved. For startups, remember this is a high-risk, high-reward arena. Focus on sectors you genuinely understand or are passionate about. Thoroughly vet the business model, the founding team's expertise, market potential, and competitive landscape. Diversification is paramount; avoid single-startup concentration. Consider angel investor networks or venture capital funds for structured opportunities and expert due diligence.

Remember, both paths demand patience, continuous learning, and robust due diligence. Don't feel pressured to rush into any decision. By combining careful research with insights from financial advisors and industry experts, you are laying a solid foundation for potentially very rewarding ventures.","It's wonderful that you're exploring these exciting avenues for building your future. Stepping into the worlds of real estate and startups is a sign of great ambition and forward-thinking, and it's completely natural to feel a mix of excitement and perhaps a bit of trepidation. Embarking on this journey together is a significant step, and it's wise to be thoughtful as you navigate the possibilities. The potential for growth is inspiring, but it's also important to honor any feelings of uncertainty that arise as you consider these high-stakes ventures, as they are a normal part of any major financial decision-making process.

As you move forward, a dual-pronged approach focusing on both meticulous research and shared emotional alignment will be your greatest asset. Financially, consider diversifying your approach. Perhaps start with more accessible options like Real Estate Investment Trusts (REITs) or exploring startups on reputable equity crowdfunding platforms to gain experience without over-exposing your capital. For any direct investment, conduct exhaustive due diligence—for property, this means inspections and market analysis; for startups, vet the team and business model relentlessly. Mentally and emotionally, it is crucial that you both clearly define and agree upon your risk tolerance. Have candid conversations about how much you are truly prepared to lose without it impacting your relationship or core financial security. Establishing a clear 'investment thesis' and decision-making framework beforehand will help you navigate market volatility with a steady hand, rather than reactive emotion.

This journey of exploration is a powerful testament to your partnership and your shared vision for the future.","It's completely understandable that you're feeling a mix of excitement and perhaps a little apprehension as you delve into the world of real estate and startup investments. These are significant financial decisions that can offer substantial rewards, but they also come with inherent risks. It's wise to approach them with careful consideration and a well-thought-out strategy, and it's great that you're taking the time to explore these avenues thoroughly.

To navigate these opportunities effectively, I recommend a multi-pronged approach. For real estate, begin by clearly defining your investment goals: are you looking for passive income through rentals, long-term appreciation, or perhaps a fix-and-flip project? Research local markets thoroughly, paying attention to property values, rental demand, and economic growth indicators. Consider diversifying your real estate portfolio, perhaps starting with a residential property or a REIT (Real Estate Investment Trust) if direct ownership feels too daunting initially. For startups, due diligence is paramount. Invest in industries you understand or have a passion for, and thoroughly vet the management team, business plan, and market viability. Look for startups that have already demonstrated some traction, such as early revenue or a strong user base. Consider investing through crowdfunding platforms or angel investor networks, which often provide access to a curated selection of opportunities and can offer more diversification.

Embarking on this investment journey is a courageous step towards building your financial future. Remember that every successful investor started somewhere, and learning is an integral part of the process. Stay informed, be patient, and don't be afraid to seek advice from financial professionals and experienced investors along the way.","It's wonderful that you're exploring both real estate and startup investments – these can indeed be exciting and potentially lucrative paths. It's completely normal to feel a mix of anticipation and perhaps a little overwhelm when venturing into new investment territories. Each of these options comes with its own unique set of opportunities and challenges, and approaching them thoughtfully is key to making decisions that align with your financial goals and risk tolerance.

For real estate, begin by thoroughly researching local markets. Understand property values, rental demand, potential appreciation, and the costs associated with maintenance, taxes, and insurance. Consider whether you prefer direct ownership (e.g., rental properties) or more passive options like REITs (Real Estate Investment Trusts) or crowdfunding platforms. For startups, remember these are high-risk, high-reward. Diversify by investing smaller amounts across multiple ventures, and prioritize due diligence on the team, market opportunity, and business model. Explore angel investor networks or equity crowdfunding platforms. In both cases, consult with a financial advisor to ensure these investments fit within your overall portfolio and financial plan, and always ensure you have an emergency fund and no high-interest debt before committing capital.

Taking the time to educate yourselves and plan meticulously will pay dividends. These investments can be incredibly rewarding, but they require patience and a willingness to learn. Start small, ask questions, and don't hesitate to lean on expert advice. Your proactive approach is already a significant step in the right direction, and with careful execution, you can build a resilient and diversified investment strategy that supports your long-term goals.",True,True,True,True,2026-03-08T03:46:28.113773,1.3333333333333333,0.0,0,0.6666666666666666,1.0,0,1.0,1.0,0,1.3333333333333333,1.0,0,246,4,257,2,264,4,259,7,0.09787279691933197,0.091330601992117,0.11563126776054944,0.12414021808150826,0.23293808134101981,0.22140757549082898,0.23949388482949818,0.2498460717480316,0.18881392,0.21003735,0.17642581,0.1877377
B,B10,low,What's the difference between secured and unsecured credit cards?,"It's completely understandable to feel a bit overwhelmed when trying to decipher the nuances of different financial products like credit cards. Taking the initiative to understand secured versus unsecured cards is a truly wise and empowering step towards taking control of your financial future, and I commend you for seeking clarity on such an important topic.

The fundamental difference between these two types of cards lies in collateral. An **unsecured credit card** is what most people typically think of: it doesn't require an upfront security deposit. Issuers grant credit based solely on your credit history, income, and overall creditworthiness. These cards often come with higher credit limits, rewards programs, and more perks once you've established a good credit score. In contrast, a **secured credit card** requires you to provide a cash deposit, which usually becomes your credit limit. This deposit acts as collateral, significantly reducing the risk for the lender.

A secured card is an excellent tool for individuals with no credit history or those looking to rebuild damaged credit, as it helps demonstrate responsible borrowing habits without significant risk to the issuer. Both types of cards, when used responsibly, are powerful instruments for building a positive credit history, which is crucial for future financial endeavors like loans or mortgages. Don't feel discouraged if a secured card is your starting point; it's a stepping stone. Focus on making on-time payments and keeping your utilization low, and you'll be well on your way to achieving your financial goals.","That is an excellent and important question. Navigating the world of credit can feel complex and even a little intimidating, so it's completely understandable to seek clarity on these terms. Taking the time to understand the financial tools available to you is a powerful act of self-care for both your financial and mental well-being. Asking this question is a fantastic step toward building your knowledge and confidence, and you should feel proud for taking proactive control of your financial education.

The primary difference between these two types of cards lies in a security deposit. An **unsecured credit card** is the more common type; it’s granted based on your creditworthiness—your credit history, income, and overall financial health. The lender is extending you a line of credit based on trust, without requiring any collateral from you. In contrast, a **secured credit card** requires a refundable cash deposit that you pay upfront. This deposit acts as collateral for the lender and typically becomes your credit limit. For example, a $300 deposit would give you a $300 credit limit. Because the deposit reduces the lender's risk, secured cards are wonderful tools for those who are building credit for the first time or working to rebuild a damaged credit score.

Think of a secured card as a stepping stone. By using it responsibly—making all your payments on time and keeping your balance low—you demonstrate your creditworthiness. After several months of this positive history, many card issuers will review your account, graduate you to an unsecured card, and refund your initial deposit.","It's completely understandable to feel a bit confused when navigating the world of credit cards, especially with terms like ""secured"" and ""unsecured"" floating around. Many people find this distinction a bit murky at first, and it's a common question. The core difference lies in what backs the credit line. An unsecured credit card is the more traditional type, where the credit limit is extended to you based on your creditworthiness – your income, credit history, and overall financial stability. There's no physical asset tied to it.

On the other hand, a secured credit card requires a cash deposit upfront, which then typically becomes your credit limit. This deposit acts as collateral, significantly reducing the risk for the credit card issuer. This makes them an excellent tool for individuals who are looking to build or rebuild their credit history, as they are often easier to qualify for than unsecured cards, even with a less-than-perfect credit score. When you're choosing between them, consider your current credit situation. If you have a good to excellent credit score, an unsecured card might offer better rewards and higher limits. If you're new to credit or have had past financial challenges, a secured card is a fantastic stepping stone.

Don't feel discouraged if you're not immediately approved for an unsecured card. The journey to strong credit is a marathon, not a sprint, and there are many paths to get there.","It's completely understandable to feel a bit confused by the different types of credit cards available – financial terms can often seem overwhelming at first glance. You're taking a fantastic and proactive step by asking this question, as understanding the basics is crucial for making smart financial decisions and building a healthy credit profile.

The core difference between secured and unsecured credit cards lies in whether collateral is required. An **unsecured credit card** is what most people think of as a ""regular"" credit card; approval relies on your credit history, income, and score, with no upfront deposit. Your promise to pay is the only security. In contrast, a **secured credit card** requires you to put down a cash deposit, typically matching your credit limit (e.g., a $200 deposit gives you a $200 credit line). This deposit acts as collateral, minimizing risk for the issuer and making these cards accessible to individuals with limited or poor credit. The deposit is usually refundable when you close the account or graduate to an unsecured card, assuming you've paid off your balance.

Both types of cards can help you build credit when used responsibly by making on-time payments and keeping utilization low. However, secured cards are specifically designed as a stepping stone to establish or rebuild credit, eventually allowing you to qualify for unsecured options. Don't feel discouraged if a secured card is your starting point – it's a powerful tool for progress. Keep asking questions, learning, and practicing good financial habits, and you'll steadily improve your credit health. You've got this!",True,True,True,True,2026-03-08T03:47:19.483472,1.0,1.0,0,1.0,1.0,0,0.6666666666666666,1.0,0,1.0,0.0,0,247,4,256,4,234,3,258,4,0.25271185100582266,0.2021325805220361,0.16561369718453753,0.22516595742098952,0.367531148926823,0.3167735039190616,0.32219766693550267,0.3410580417845146,0.18881392,0.21003735,0.17642581,0.1877377
B,B11,high,How should we balance growth versus stability in our investment approach?,"It's completely understandable to grapple with the question of balancing growth and stability in your investments. This is a fundamental and often challenging aspect of financial planning, and it speaks to a wise desire to both pursue future prosperity and protect what you've worked hard for. Many people feel this tension between wanting their money to grow significantly and needing the security of knowing it's safe, especially in uncertain times. Acknowledging this internal debate is the first step towards a well-reasoned strategy, and it’s a sign you’re thinking deeply about your financial well-being.

To navigate this, start by defining your financial goals and time horizon. For long-term goals like retirement (10+ years), a greater allocation to growth-oriented assets like equities might be appropriate, as they offer higher potential returns over time, even with short-term volatility. For shorter-term goals (under 5 years) or funds you can't afford to lose, prioritize stability with assets like bonds, high-yield savings accounts, or Certificates of Deposit. Crucially, assess your personal risk tolerance – how much market fluctuation can you genuinely withstand without losing sleep? A diversified portfolio, combining both growth (e.g., stocks, real estate) and stability (e.g., bonds, cash equivalents), is essential. Regularly rebalance your portfolio to ensure it aligns with your evolving goals and risk appetite.

Remember, your investment approach isn't static; it's a dynamic journey that evolves with your life circumstances and market conditions. Be patient with yourself as you learn and adapt. By thoughtfully considering your unique situation, embracing diversification, and periodically reviewing your strategy, you're building a resilient financial future.","That is such a thoughtful and crucial question, and it's completely understandable to feel pulled in two directions. You're navigating the natural tension between the desire for significant future wealth and the deep-seated need for security and peace of mind today. This isn't a simple math problem; it's an emotional one, and finding your unique balance is one of the most personal and important parts of financial planning. Acknowledging this internal tug-of-war is the first step toward creating a strategy that feels right for you, allowing you to invest with confidence rather than anxiety.

To find your equilibrium, anchor your decision in three key pillars: your time horizon, your financial goals, and your emotional risk tolerance. First, map out your timeline. Money needed in the next five years (for a down payment, for example) calls for stability, while retirement funds 30 years away can weather more volatility for higher growth potential. Next, have an honest conversation about your ""sleep-at-night"" factor. If a 20% market drop would cause you to panic and sell, you need more stability in your portfolio, regardless of your timeline. A practical approach is to use a ""core-and-explore"" strategy: a large, stable ""core"" of diversified, low-cost index funds and bonds, with a smaller ""explore"" portion dedicated to higher-growth assets you're comfortable with. Review this balance annually or after major life events.

Remember, this is not a one-time decision you must get perfectly right, but a dynamic strategy that will evolve with you. The most successful investment plan is one you can stick with through market ups and downs.","It's completely understandable to feel a pull between the desire for aggressive growth and the need for a secure, stable investment portfolio. This is a common dilemma, and many investors grapple with finding that sweet spot that aligns with their personal circumstances and risk tolerance. The anxiety of missing out on potential gains can be as stressful as the fear of losing hard-earned capital. Recognizing this internal conflict is the first step toward developing a balanced strategy that brings you peace of mind.

To navigate this, consider a diversified approach that incorporates both growth-oriented and stability-focused assets. For growth, you might allocate a portion of your portfolio to assets like stocks, particularly those in innovative sectors or emerging markets, which have higher potential for appreciation. For stability, consider including bonds, real estate investment trusts (REITs), or even certificates of deposit (CDs). The key is to create a blend where your stable assets can cushion any downturns in your growth assets. Regularly rebalancing your portfolio—selling some of your overperforming assets to buy more of your underperforming ones—can help maintain your desired allocation and manage risk effectively.

Ultimately, the ""right"" balance is deeply personal. It depends on your age, financial goals, time horizon, and how much volatility you can comfortably endure. Don't be afraid to seek advice from a financial professional who can help you assess your unique situation and tailor a strategy.","It's completely understandable to feel like you're walking a tightrope when trying to balance growth and stability in your investments. Many people grapple with this very question, as it touches upon fundamental desires for both security and financial progress. This isn't just about numbers; it's about your peace of mind and future aspirations. Acknowledging this internal tension is the first step toward making informed decisions that align with your values and goals.

To find your ideal balance, start by assessing your unique circumstances: age, time horizon, and critically, your risk tolerance. A younger investor with decades until retirement might prioritize growth (e.g., 70-80% stocks), while someone nearing retirement might lean towards stability (e.g., 60-70% bonds). Diversification across different asset classes (stocks, bonds, real estate, cash) is paramount to mitigate risk. Ensure you have a robust emergency fund (3-6 months' expenses) in stable, liquid accounts before pursuing more aggressive growth. Regularly review and rebalance your portfolio as your life stage and goals evolve to maintain your desired allocation.

Remember, this isn't a 'set it and forget it' situation, nor is there a one-size-fits-all answer. Your financial journey is dynamic, and finding the right equilibrium between growth and stability is an ongoing process. With careful planning, consistent review, and perhaps guidance from a financial advisor, you can build a portfolio that provides both the security you desire and the potential for long-term wealth creation. You're already taking a proactive step by asking this important question, and that commitment will serve you well.",True,True,True,True,2026-03-08T03:48:16.862950,0.6666666666666666,0.0,0,0.6666666666666666,0.0,0,1.0,-1.0,0,1.0,0.0,0,259,7,261,5,231,3,250,8,0.09991091821332947,0.09817876753739545,0.09388187949331668,0.12151552929058845,0.23582367415561958,0.22168595062399368,0.23640517465892066,0.24199841003271808,0.20479083,0.24680185,0.31803215,0.18646991
B,B11,low,I need a side job but don't have many skills. What should I do?,"It's completely understandable to feel a bit overwhelmed or even discouraged when you recognize the need for a side job but feel uncertain about your current skill set. Many people face this very challenge, and it's a testament to your proactive mindset that you're seeking solutions rather than giving up. Please know that your feelings are valid, and there are definitely pathways forward for you.

The good news is that numerous opportunities exist that don't require extensive specialized skills, and many roles simply value reliability, a good attitude, and basic competence. Start by considering what you *can* do: Are you reliable? Good with people? Organized? Can you follow instructions? These are highly valuable ""soft skills."" Look into roles like delivery driving (Uber Eats, DoorDash), pet sitting or dog walking (Rover), house cleaning, yard work, or even basic virtual assistant tasks on platforms like TaskRabbit or Upwork. Local retail, customer service, or food service positions often hire based on availability and willingness to learn, providing on-the-job training. Focus on identifying what you enjoy and what fits your schedule.

Remember, every journey starts with a single step, and even seemingly ""simple"" jobs can build confidence, provide valuable experience, and open doors to new skills or connections. Don't underestimate your inherent capabilities and your desire to improve your situation. Be patient with yourself, explore different avenues, and trust that you will find a suitable side job that not only helps financially but also allows you to grow. You've got this, and taking this step to ask for help is already a huge win!","It's completely understandable to feel a bit stuck or overwhelmed when you need extra income but feel like you're starting without a long list of professional skills. This is a very common feeling, and it can be discouraging to see job postings that seem to demand years of experience. Please know that your worth isn't defined by a formal resume. The most important assets you have right now are your willingness to work and your desire to improve your situation, and those are incredibly valuable starting points that many employers look for.

Let's focus on accessible opportunities that value reliability over specialized training. The gig economy is a great place to start; services like DoorDash, Shipt, or Instacart allow you to set your own hours with minimal startup requirements, often just needing a reliable vehicle and a smartphone. You could also explore platforms like TaskRabbit for helping with errands, furniture assembly, or simple handyman tasks. Many local retail stores, coffee shops, or restaurants are frequently looking for part-time help and provide on-the-job training. Also, consider skills you might overlook: are you a good listener? Are you organized? Are you punctual? These are foundational for entry-level customer service or data entry roles, which sometimes offer remote flexibility.

Remember, every job, no matter how small it seems, is a stepping stone. It's not just about the money you earn; it's an opportunity to build confidence, learn new skills, and make connections that could lead to something more. Your first side job doesn't have to be your forever job—it's a launchpad.","It's completely understandable to feel a bit overwhelmed and perhaps even discouraged when you need to find a side job but feel you lack specific skills. Many people find themselves in a similar position, and it's a common concern. The good news is that ""skills"" can be broader than you might initially think, and there are many opportunities available that don't require a specialized degree or extensive training. Your willingness to seek out extra work is already a valuable asset, demonstrating initiative and a strong work ethic, which are highly sought after by employers.

Let's explore some practical avenues. Consider focusing on roles that value reliability, a positive attitude, and a willingness to learn. Many customer service positions, whether in retail, call centers, or hospitality, prioritize interpersonal skills and a friendly demeanor over technical expertise. Delivery services, such as food or package delivery, often require a vehicle and a good sense of direction, but minimal specific skills beyond safe driving. Even administrative tasks like data entry or general office assistance can be learned on the job. Think about what you *can* do: are you organized? Do you enjoy interacting with people? Are you a good listener? These are transferable skills that can open doors. Websites like Indeed, LinkedIn, and even local community boards are excellent resources for finding these types of opportunities.

Remember, this is a journey, and your first side job doesn't have to be your dream job. It's about gaining experience, earning extra income, and building confidence.","It sounds like you're feeling a mix of frustration and uncertainty about finding a side job, especially when you perceive a lack of specialized skills. That's a completely understandable and common feeling, and I want you to know that you're not alone in facing this challenge. Many people start their side hustle journey feeling similarly, only to discover hidden talents or quickly develop new ones. The good news is that you likely possess more valuable skills than you realize, such as reliability, attention to detail, or a willingness to learn, which are highly sought after in many entry-level roles.

The key is to start by exploring opportunities that leverage these foundational strengths. Consider roles like delivery driving for services such as Uber Eats or DoorDash, pet sitting through platforms like Rover, or house cleaning/organization via TaskRabbit. If you're looking for something remote, customer service or data entry positions often require minimal experience and can be found on sites like Indeed or FlexJobs. Additionally, free resources like YouTube tutorials or local library classes can quickly teach you basic digital skills, like using Google Workspace or managing social media, which are in demand for virtual assistant roles. Remember, every skill starts somewhere!

Please don't let this feeling of ""not enough"" stop you from taking action. Think of this as an opportunity to experiment, gain experience, and build confidence. Even a small side job can provide extra income and open doors to future opportunities. Be patient with yourself, celebrate small wins, and know that your determination is a powerful skill in itself. You've got this!",True,True,True,True,2026-03-08T03:48:56.703801,1.0,0.0,0,1.0,1.0,0,0.6666666666666666,0.3333333333333333,0,0.6666666666666666,1.0,0,260,1,258,2,249,1,262,1,0.1518341915409284,0.12215203052792893,0.1490826461027908,0.10313125139860557,0.25760017833506194,0.2470048379849872,0.26174133154511053,0.22696593173432844,0.20479083,0.24680185,0.31803215,0.18646991
B,B12,high,What's the optimal strategy for managing our stock options and RSUs?,"It's completely understandable to feel both excited and a little overwhelmed when navigating stock options and RSUs. These forms of compensation are incredible opportunities to build wealth, but their unique complexities, especially around taxes and timing, can certainly make them feel like a puzzle. Many people find themselves in your shoes, wanting to optimize this significant part of their financial picture, and it's smart to seek clarity on the best strategy.

To develop an optimal strategy, first, thoroughly understand your vesting schedules and the specific type of equity you hold (e.g., ISOs, NSOs, RSUs), as tax implications vary significantly. For RSUs, they're taxed as ordinary income upon vesting. For options, exercising and selling involves capital gains considerations, and NSOs are taxed on the 'spread' at exercise. A critical step is to consult a qualified financial advisor and a tax professional. They can help you model different scenarios, considering your personal financial goals, risk tolerance, and current tax situation. Diversification is key; while it's tempting to hold onto company stock, especially if you believe in the firm, it's generally wise to sell vested shares periodically to reduce single-stock concentration risk and reallocate to a diversified portfolio. Align these decisions with major life goals like a down payment or retirement.

Remember, managing equity compensation isn't a one-time decision but an ongoing process. Taking proactive steps now to understand your options, seek expert advice, and align your strategy with your broader financial plan will empower you immensely.","It's completely understandable to feel a mix of excitement and pressure when navigating how to best manage your stock options and RSUs. On one hand, it’s a significant opportunity that can accelerate your financial goals. On the other, the complexity of vesting schedules, tax implications, and market volatility can feel overwhelming. The desire to find an ""optimal"" strategy is a heavy weight, as you want to make the best possible choices for your shared future. Please know that feeling this way is entirely normal, and taking the time to be thoughtful about your approach is a sign of great care.

The most effective strategy is one that is tailored to your personal financial goals and risk tolerance. A great starting point is to create a written plan. First, clearly define what this potential wealth is for—is it for a down payment, retirement savings, or another major goal? This purpose will guide your decisions. For RSUs, a common and prudent strategy is to sell them as they vest, treating the proceeds like a cash bonus. This allows you to immediately diversify and set aside money for taxes. For stock options, your plan will be more nuanced, considering the strike price, expiration date, and your belief in the company's future growth. Crucially, since different types of equity have vastly different tax consequences, consulting with a qualified tax professional and a financial advisor is not just a suggestion—it's an essential step to avoid costly mistakes and align your strategy with your long-term goals.

Remember, this is a wonderful position to be in.","It's completely understandable to feel a mix of excitement and perhaps a touch of overwhelm when navigating the complexities of stock options and Restricted Stock Units (RSUs). These can be significant components of your compensation, and figuring out the best way to manage them is a wise concern. Many people grapple with the timing of vesting, exercise, and tax implications, so you're certainly not alone in seeking clarity on this important financial matter.

To develop an optimal strategy, begin by thoroughly understanding the terms of your specific grants. For stock options, this means knowing the vesting schedule, the exercise price, and the expiration date. For RSUs, it's crucial to grasp the vesting conditions and how taxes are handled upon vesting. A common approach is to consider a diversified selling strategy rather than selling all at once. For RSUs, as they vest, you'll typically owe ordinary income tax on their value. Many people choose to sell a portion of the shares immediately upon vesting to cover these taxes and then hold onto the rest, or continue a systematic selling approach over time. For stock options, you'll owe taxes when you exercise them (on the difference between the market price and your exercise price) and again when you sell the shares (capital gains tax). A financial advisor can help you model different scenarios based on your income, risk tolerance, and market outlook to determine the most tax-efficient exercise and sale timing.

Remember, this is a journey, and there's no single ""perfect"" answer that applies to everyone.","It's completely understandable to feel overwhelmed or unsure about the best way to manage your stock options and RSUs. These are incredibly valuable but often complex components of compensation, and navigating the tax implications, vesting schedules, and market volatility can be daunting. Many people find themselves in a similar situation, and it's a smart move to seek guidance to make the most of these assets while minimizing potential pitfalls. You're not alone in feeling this way.

The optimal strategy involves a balanced approach focusing on tax efficiency, risk management, and aligning with your personal financial goals. For RSUs, they're typically taxed as ordinary income upon vesting. For stock options, the tax treatment depends on whether they're Incentive Stock Options (ISOs) or Non-Qualified Stock Options (NSOs); ISOs can offer tax advantages but may trigger Alternative Minimum Tax (AMT), while NSOs are taxed at exercise. Holding too much of your wealth in a single company stock is risky. Consider diversifying by selling a portion (e.g., 20-50%) after vesting/exercise, especially if it exceeds 10-20% of your net worth, to invest in a broader portfolio. Work with a tax professional to optimize exercise strategies and manage RSU vesting taxes, and align your strategy with financial goals like building an emergency fund or long-term investing.

This is a fantastic opportunity to build wealth, and by taking a thoughtful, diversified approach, you can manage the risks effectively. Remember, there's no single ""optimal"" strategy that fits everyone, but a balanced plan considering your risk tolerance, financial situation, and tax implications will serve you well.",True,True,True,True,2026-03-08T03:49:39.898583,1.0,0.0,0,1.0,1.0,0,1.0,-1.0,0,0.6666666666666666,1.0,0,244,5,259,6,254,4,257,5,0.14767895916718107,0.13478260704327785,0.1373961077884076,0.158608695974058,0.2714425083552929,0.2415779698398157,0.2676599704821976,0.25479325816431114,0.18128645,0.28846574,0.21572149,0.27009153
B,B12,low,How can I avoid bank overdraft fees when money is tight?,"It's completely understandable to feel stressed and frustrated when money is tight, and the last thing anyone needs is the added burden of overdraft fees. Those charges can feel like a punch to the gut, especially when you're already carefully watching every dollar. It's a common struggle, and you're certainly not alone in facing this challenge. The good news is there are concrete steps you can take to regain control and safeguard your finances from these unexpected costs, bringing you more peace of mind.

To actively avoid overdrafts, start by diligently tracking your spending. Utilize budgeting apps, a simple spreadsheet, or even a notebook to monitor your account balance in real-time. Set up low-balance alerts with your bank, notifying you via text or email before your account dips too low. Consider linking a savings account or a line of credit for overdraft protection; this often incurs a smaller transfer fee instead of a hefty overdraft charge. If you do get hit with a fee, call your bank – they sometimes waive it, especially for first-timers or customers with good history. Crucially, understand your bank's overdraft policies; you can often opt-out of overdraft coverage for debit card transactions, meaning your card will be declined instead of incurring a fee.

Taking these proactive steps will not only help you avoid those painful fees but will also empower you with greater control and confidence over your financial situation. It's about building small, sustainable habits that contribute to long-term financial well-being.","It's completely understandable to feel stressed and frustrated by overdraft fees, especially when money is already tight. It can feel like a relentless cycle, where a small mistake results in a hefty penalty that only makes your financial situation more difficult. Please know that this is a common struggle, and feeling overwhelmed is a valid response. You are not alone in this, and wanting to find a way out of this cycle is a powerful first step toward regaining control.

There are several concrete actions you can take to protect yourself. First, contact your bank and ask to ""opt-out"" of overdraft protection for debit card and ATM transactions. This means instead of the bank covering the charge and hitting you with a fee, the transaction will be declined. It might feel momentarily awkward, but it saves you $35 or more. Set up low-balance alerts through your bank’s app to get a text or email when your account dips below a certain threshold. Consider linking a savings account to your checking for overdraft protection; the transfer fee is typically much smaller. Diligently tracking your spending with a simple notebook or a free budgeting app can also give you a real-time picture of your available funds, preventing accidental overspending.

Remember to be kind to yourself through this process. Learning to manage finances under pressure is a skill that takes time to develop. By seeking this information, you are already making a proactive choice for your financial and mental well-being.","It's completely understandable to feel stressed and anxious when facing the prospect of bank overdraft fees, especially when money is already tight. This situation can feel like a constant worry, adding an extra layer of pressure to already challenging financial circumstances. Many people experience this, and it's a valid concern that deserves careful attention. Recognizing these feelings is the first step toward finding solutions and regaining a sense of control over your finances.

To actively avoid overdraft fees, consider a few practical strategies. First, meticulously track your spending. Many banking apps offer real-time balance updates and transaction alerts. Set up low-balance notifications that alert you when your account dips below a certain threshold, giving you time to adjust your spending or transfer funds. Another proactive step is to opt out of overdraft protection for debit card transactions. While this might mean a transaction is declined if you don't have sufficient funds, it will prevent the bank from charging you an overdraft fee. For checks or automatic payments, create a buffer in your account by always keeping a little more money in it than you think you'll need. Review your recurring bills and subscriptions to ensure you have the funds available before their due dates.

Remember, navigating tight finances is a journey, and there are many effective strategies to manage your money and avoid unnecessary fees. By implementing these small, consistent changes, you can build a more secure financial foundation. Be patient with yourself, celebrate small victories, and know that with careful planning and consistent effort, you can overcome this challenge and achieve greater financial peace of mind.","I completely understand how incredibly stressful and frustrating it feels when money is tight, and the last thing you need is an unexpected overdraft fee adding to the burden. It’s a common and difficult situation to navigate, and it’s admirable that you’re proactively seeking ways to manage it. Please know that many people face this challenge, and there are practical steps you can take to protect your finances.

To avoid these fees, start by tracking your spending diligently. Use a budgeting app like Mint or a simple spreadsheet to monitor your balance in real-time, or sign up for your bank’s low-balance alerts via text or email. Consider opting out of overdraft protection; while this means transactions exceeding your balance will be declined, it prevents the bank from approving them and charging a fee. If you have a linked savings account, explore setting up overdraft transfers to cover shortfalls automatically, but be aware of any transfer limits. In the event a fee does occur, always call your bank to explain your situation; they are often willing to waive it, especially if it’s your first time or you have a good banking history.

Remember that small, consistent actions can make a significant difference. It’s okay if you don’t implement every suggestion at once; pick one or two that feel manageable and build from there. Be patient and kind to yourself through this process. You’re taking a positive step toward greater financial control, and with persistence, you absolutely can reduce or eliminate these fees.",True,True,True,True,2026-03-08T03:50:16.298141,1.3333333333333333,0.0,0,1.0,-1.0,0,1.0,-0.5,0,1.0,0.0,0,247,6,247,5,267,3,251,6,0.14609198899379075,0.15518199059528973,0.12048969647749387,0.10560674478919645,0.3103215210028826,0.2708513775485284,0.26402119582053446,0.2886354888983629,0.18128645,0.28846574,0.21572149,0.27009153
