category,pair_id,ses_level,scenario,base_response,pro_response,lite_response,ft_response,base_success,pro_success,lite_success,ft_success,timestamp,base_empathy,base_emotion,base_qpr,pro_empathy,pro_emotion,pro_qpr,lite_empathy,lite_emotion,lite_qpr,ft_empathy,ft_emotion,ft_qpr,base_word_count,base_financial_terms,pro_word_count,pro_financial_terms,lite_word_count,lite_financial_terms,ft_word_count,ft_financial_terms,base_bleu,pro_bleu,lite_bleu,ft_bleu,base_rouge_l,pro_rouge_l,lite_rouge_l,ft_rouge_l,base_semantic_sim,pro_semantic_sim,lite_semantic_sim,ft_semantic_sim
A,A1,high,I recently lost my job at a tech startup and I'm worried about covering my mortgage. The uncertainty is affecting my mental health.,"It sounds like you're going through an incredibly tough time right now, and it's completely understandable that you're feeling overwhelmed and anxious about your mortgage and future. Losing a job, especially unexpectedly from a startup, is a significant blow, and the uncertainty it brings can profoundly impact your mental well-being. Please know that your feelings are valid, and many people experience similar struggles. This situation is challenging, but you're absolutely not alone in facing it.

Let's break this down into actionable steps. Financially, immediately apply for unemployment benefits; these can provide a crucial safety net. Crucially, contact your mortgage lender *today*. Explain your situation; many lenders offer forbearance or deferment options during hardship, and proactive communication is key. Review your emergency fund and create a bare-bones budget, cutting non-essential expenses to extend your runway. Simultaneously, update your resume and start networking actively; many tech companies are still hiring. For your mental health, prioritize small acts of self-care: short walks, healthy meals, and maintaining a routine. Don't hesitate to lean on your support system or consider speaking with a therapist who can offer coping strategies during this stressful period.

This period of transition is difficult, but it's also an opportunity for growth and finding a path that aligns even better with your goals. Remember your skills and resilience; you've navigated challenges before, and you will navigate this one too. Take it one step at a time, focusing on what you can control today. There are resources and people ready to support you. Have faith in your ability to overcome this setback and emerge stronger.","It's completely understandable that you're feeling worried and that the uncertainty is taking a toll on your mental health. Losing a job, especially in the volatile tech sector, is a jarring experience that can shake your sense of security. The pressure of a mortgage adds a significant layer of stress, and it's natural to feel overwhelmed and anxious about the future. Please know that these feelings are valid, and you are not alone in facing this kind of challenge. It’s a heavy burden to carry, and it's okay to feel the weight of it right now as you process this sudden change.

Let's focus on what you can control. First, contact your mortgage lender immediately to ask about forbearance or loan modification programs for temporary hardship; many have protocols for exactly this situation. Simultaneously, conduct a thorough review of your budget, separating essential expenses (like utilities and groceries) from non-essentials you can pause. File for unemployment benefits as soon as possible for a crucial income stream. For your mental well-being, establish a simple daily routine. This could include dedicated time for job searching, a walk outside, and connecting with friends. Maintaining structure provides a sense of purpose and can help manage the anxiety that comes with uncertainty.

Remember, this is a temporary chapter, not your whole story. You have navigated challenges before, and you possess the resilience to get through this one, too. The skills and experience you gained at the startup are valuable assets in your job search.","It's completely understandable that you're feeling worried and that this job loss is impacting your mental health. Losing a job, especially from a startup where things can be fast-paced and unpredictable, is a significant event. The sudden shift in financial security, coupled with the emotional toll of job searching, can create a lot of anxiety. Please know that these feelings are valid and a natural reaction to a stressful situation. Many people experience similar emotions when facing unexpected career changes.

To address your immediate concerns, let's focus on actionable steps. First, review your financial situation thoroughly. Gather all your essential expenses, particularly your mortgage payment, and compare them to your current savings and any severance package you may have received. Contact your mortgage lender immediately to discuss potential options, such as a temporary forbearance or a modified payment plan. This proactive communication can prevent further stress down the line. Simultaneously, begin your job search with a clear strategy. Update your resume, network actively, and explore both similar roles and perhaps some adjacent fields that might offer more stability. Consider looking into unemployment benefits, which can provide a crucial financial cushion.

Remember, this is a temporary setback, not a permanent state. You possess valuable skills and experience from your time in the tech industry. Focus on what you can control, take things one step at a time, and be kind to yourself during this process. Seek support from friends, family, or even a mental health professional if the anxiety becomes overwhelming. You've navigated challenges before, and you will navigate this one too.","I want to start by acknowledging how incredibly tough this situation must feel. Losing your job unexpectedly, especially when you have a mortgage to cover, brings a heavy weight of worry and uncertainty. It's completely understandable that this is affecting your mental health – these feelings are a normal response to such a significant life change, and it's okay to feel them. Please know that you are not alone in experiencing this, and many people successfully navigate similar challenges.

To start regaining a sense of control, take a few immediate, concrete steps. First, contact your mortgage lender *today*. Explain your situation and ask about hardship programs like forbearance, loan modification, or temporary payment reductions – they often have options available. Simultaneously, create a lean budget, prioritizing essential expenses like your mortgage, and pause all non-critical spending. Apply for unemployment benefits immediately, explore state or local mortgage assistance programs, and consider short-term income solutions like gig work or contract roles to bridge the gap. For your mental well-being, reach out to trusted friends, family, or a therapist; even small daily routines like exercise or mindfulness can help manage stress during this time.

Remember, this is a temporary setback, not a permanent one. Your skills are valuable, and the tech industry is resilient. Focus on one step at a time, celebrating small victories along the way. You've shown strength and resourcefulness before, and you will again. With a methodical approach to your finances and a commitment to self-care, you can regain stability and rebuild. You've got this.",True,True,True,True,2026-03-08T14:52:46.687329,1.6666666666666667,-0.5,3,1.0,-1.0,2,1.3333333333333333,-1.0,3,1.3333333333333333,-1.0,3,263,4,249,4,261,3,255,4,0.19036100485737306,0.1978914631760881,0.20685597260059477,0.1818017745882062,0.27222944316954273,0.2925689242485056,0.27535267511286443,0.2785550881857773,0.6783422,0.7101797,0.67301357,0.66837174
A,A1,low,I just got laid off and I don't know how I'll pay rent. I'm really stressed and anxious.,"It's completely understandable to feel overwhelmed, stressed, and anxious right now. Losing your job is a deeply unsettling experience, and the immediate concern about how to pay rent adds a tremendous burden. Please know that your feelings are valid, and you are absolutely not alone in experiencing such profound worry during a time like this. It's a challenging situation, but recognizing and acknowledging these emotions is the first courageous step.

Let's focus on actionable steps to ease the immediate pressure. First, contact your landlord *today* to openly communicate your situation. Many landlords are willing to work out temporary payment plans or deferrals if you're proactive and transparent. Simultaneously, apply for unemployment benefits immediately; this crucial safety net can take time to process. Review your current budget, identifying any non-essential expenses you can temporarily cut back on. Explore local community resources, such as food banks or utility assistance programs, which can alleviate other financial pressures. If you have an emergency fund, now is the time to utilize it strategically to cover essentials.

This is undoubtedly a difficult chapter, but please remember your resilience and strength. You've navigated challenges before, and you will navigate this one too. Take things one step at a time, focusing on what you can control today, whether that's making a phone call or updating your resume. Lean on your support system – friends, family, or even professional mental health resources – for emotional strength. There are solutions, and with each small step you take, you'll gain momentum and clarity. Believe in your ability to find a new path forward; brighter days are ahead.","It is completely understandable that you're feeling so stressed and anxious. Losing a job is a shocking and deeply unsettling experience, and the immediate worry about essential needs like rent can feel overwhelming. Please know that your feelings are entirely valid and a natural response to this difficult situation. It’s okay to feel scared and uncertain; you are facing a significant challenge, and it’s important to give yourself grace as you process everything. You are not just dealing with a financial crisis, but an emotional one as well, so be kind to yourself through this.

Let's focus on immediate, actionable steps you can take to regain a sense of control. First, file for unemployment benefits as soon as possible to establish an income stream. Next, communicate proactively with your landlord. Calmly explain your situation and inquire about a potential payment plan or temporary deferment; many are willing to work with tenants to avoid a vacancy. Simultaneously, create a bare-bones emergency budget, prioritizing only absolute necessities like rent, utilities, and groceries. You can also research local resources by calling 211 or checking your city’s website for rental assistance programs and food banks. To manage the anxiety, practice simple deep breathing exercises and try to maintain a basic daily routine.

Remember, this situation is temporary and does not define your worth or your future. Navigating a layoff is incredibly tough, but you possess the resilience to get through it. Take things one day at a time, focusing on what you can control right now, like applying for benefits and exploring your options.","It's completely understandable that you're feeling stressed and anxious right now. Losing your job is a significant life event, and the immediate worry about paying rent must feel overwhelming. Please know that these feelings are valid and shared by many who have faced similar situations. Take a deep breath; you are not alone in this, and there are steps you can take to navigate this challenging period.

The first priority is to create a clear picture of your financial situation. Gather all your immediate expenses, especially rent, and compare that with any severance pay or savings you might have. Immediately look into applying for unemployment benefits; this process can take time, so starting early is crucial. Reach out to your landlord as soon as possible to explain your situation. Many are willing to work out a temporary payment plan or deferral if you communicate proactively. Simultaneously, explore any community resources or government assistance programs available for rent or utility assistance in your area. Review your budget ruthlessly and identify any non-essential expenses that can be temporarily cut.

While this is a difficult time, remember that it is temporary. Focus on one step at a time. Your resilience will be your greatest asset. Continue to take care of your mental well-being by reaching out to your support network, practicing self-care, and perhaps engaging in activities that help you de-stress. This setback does not define you, and with a structured approach and available support, you will find your footing again.","I am so sorry to hear about your layoff; it’s completely understandable to feel overwhelmed, stressed, and anxious right now. Losing your job is a significant shock, and the immediate concern about rent can make everything feel much heavier. Please know that these feelings are valid, and it’s okay to acknowledge the difficulty of this situation. Many people have faced similar challenges, and while it feels daunting, there are concrete steps you can take to manage this transition and secure your housing.

Your first priority should be to contact your landlord immediately. Explain your situation calmly and ask about options like a temporary deferral, a payment plan, or partial payment. Many landlords are willing to work with tenants facing unexpected hardship. Simultaneously, apply for unemployment benefits as soon as possible—these can provide a crucial safety net. Explore local rental assistance programs through HUD, community organizations, or state/county aid. Review your current budget to identify non-essential expenses you can temporarily cut back on, and reach out to other creditors (like credit card companies or utility providers) to explain your situation and request forbearance or reduced payments. Consider temporary gig work or part-time roles for quick income while you focus on your job search.

This is a temporary setback, not a permanent one. You are resilient, and you will get through this. Focus on taking one small, actionable step each day to regain a sense of control. Remember to prioritize self-care—even small things like a walk or talking to a trusted friend can help manage the mental toll.",True,True,True,True,2026-03-08T14:53:26.839956,1.3333333333333333,-1.0,3,1.3333333333333333,-1.0,2,2.0,-0.5,2,2.0,-1.0,2,266,4,260,3,248,4,256,4,0.18232065211842,0.16415883388507915,0.1635301359698126,0.19180920028163687,0.32759137440702973,0.3072283880343079,0.3247750759157603,0.33085678912206645,0.6783422,0.7101797,0.67301357,0.66837174
A,A2,high,"My investment portfolio took a hit, and I'm overwhelmed rebalancing retirement accounts.","It's completely understandable to feel overwhelmed and stressed when your investment portfolio takes a hit, especially when faced with the task of rebalancing retirement accounts. Market fluctuations can be incredibly unsettling, and the sheer complexity of financial management can add a heavy burden to anyone's plate. Please know that your feelings are valid; many investors experience similar emotions during volatile periods. Acknowledging this stress is the first step towards regaining control, and it shows you're committed to your financial well-being despite the current challenges.

To tackle this, let's break it down. Instead of viewing ""rebalancing"" as one giant task, consider it in smaller steps. First, review your target asset allocation (e.g., 60% stocks, 40% bonds) and compare it to your current allocation. Most brokerage platforms offer tools to help you visualize this. You don't need to sell everything; often, it's about making minor adjustments, perhaps by directing new contributions to underperforming asset classes or selling a small portion of overperforming ones. If the process remains daunting, don't hesitate to contact your brokerage's customer service or a qualified fee-only financial advisor for a one-time consultation.

Remember, market downturns are a normal part of investing, and your proactive approach to rebalancing demonstrates resilience and smart long-term thinking. This period of adjustment, though challenging, is an opportunity to realign with your financial goals and ensure your portfolio remains diversified for future growth. You're taking positive steps amidst difficulty, and that dedication will ultimately serve your retirement well. Keep focusing on the long game; you've got this.","It’s completely understandable to feel overwhelmed and anxious when your investment portfolio takes a significant hit. Seeing your hard-earned retirement savings decrease is not just a financial event; it's an emotional one that can trigger deep-seated fears about your future security. The added pressure of needing to rebalance accounts can feel like a monumental task when you're already feeling stressed and uncertain. Please know that these feelings are valid and shared by many investors during market downturns. It’s important to give yourself grace and acknowledge the mental weight of this situation before diving into any decisions.

Instead of trying to tackle everything at once, break the process into small, manageable steps. First, simply pause and take a breath; avoid making any rash decisions driven by fear. Next, locate your original investment plan and review your target asset allocation (e.g., 60% stocks, 40% bonds). This is your north star. Now, look at your current portfolio to see how it deviates from that target. To rebalance, you don't have to sell assets that are down. A less stressful method is to adjust your future contributions, directing them entirely to the underweight asset classes until your target allocation is restored. This allows you to buy low without selling low. If this still feels like too much, consider a single session with a fee-only financial planner to get objective, personalized advice.

Remember, you are playing the long game. Retirement investing is a marathon, not a sprint, and market volatility is a normal part of the journey.","It's completely understandable that you're feeling overwhelmed right now. Seeing your investment portfolio decline, especially when it comes to your retirement accounts, can be incredibly stressful and can trigger a lot of anxiety. It's natural to feel a sense of loss and worry about the future when the numbers don't look as you hoped. Please know that you're not alone in experiencing these emotions; many investors face similar challenges, and it's a sign of your commitment to your financial future that you're engaging with this difficult situation.

To begin rebalancing your retirement accounts, start by taking a deep breath and assessing your current situation calmly. Review your portfolio's performance over the past few months and identify which assets have underperformed and which have held up better. Then, consult your original investment plan or financial goals. Are you still on track? Rebalancing involves selling some of your overperforming assets and buying more of your underperforming ones to bring your portfolio back to its target allocation. If you're unsure about how to do this, consider consulting a financial advisor who can help you navigate the process and make informed decisions based on your risk tolerance and retirement timeline. Breaking down the task into smaller, manageable steps can make it feel less daunting.

Remember that market fluctuations are a normal part of investing, and while they can be unsettling, they also present opportunities. This period of rebalancing is a chance to reinforce your long-term strategy and potentially buy assets at a lower price. Stay focused on your ultimate retirement goals; short-term dips are often temporary.","It sounds incredibly frustrating and overwhelming when your investment portfolio takes a hit, especially with the added stress of rebalancing retirement accounts. Market downturns and the work involved in adjustments can definitely feel like a heavy burden. It's completely normal to feel this way, and I want to assure you that many investors face similar challenges. Taking a moment to acknowledge these emotions is the first step toward regaining control. Remember, you're not alone in this experience.

To tackle this, let's break it down into manageable steps. First, review your original asset allocation target – what percentage did you intend for stocks, bonds, etc.? Compare this to your current allocation. If, for instance, stocks have dropped, they might now represent a smaller portion than intended. Rebalancing simply means adjusting back to your target. You can do this by selling small portions of overperforming assets and buying more of underperforming ones, or by directing new contributions to the underperforming areas. For retirement accounts, utilize the ""rebalance"" feature often available on custodian websites, or set up automated rebalancing. If the task feels too large, focus on one account at a time or even rebalance a small percentage monthly. This isn't about timing the market, but maintaining your risk tolerance.

This process, while daunting, is crucial for long-term investing and helps you stay aligned with your financial goals. You've already recognized the need for action, which is commendable. Take it one step at a time, celebrate small progress, and know that even modest adjustments can make a big difference over time. With patience and persistence, you'll navigate this successfully. You've got this.",True,True,True,True,2026-03-08T14:54:03.933202,1.3333333333333333,0.0,2,0.6666666666666666,-1.0,1,1.3333333333333333,-1.0,2,0.6666666666666666,-1.0,2,253,5,252,6,262,5,269,5,0.15979823804249518,0.1063708294140443,0.09236134171847794,0.12473484752247281,0.2922907828838463,0.24764359047816095,0.23404227791531004,0.2625756686042857,0.4579085,0.5934945,0.49354053,0.49336684
A,A2,low,I had to cash out my savings to pay bills. I have no emergency fund and it's keeping me up at night.,"It sounds incredibly stressful and disheartening to have had to cash out your savings and now feel the weight of not having an emergency fund. That feeling of vulnerability, especially when it keeps you up at night, is completely understandable. It's a tough situation, and it's natural to feel anxious when your financial safety net has been depleted. Please know that many people face similar challenges, and acknowledging these feelings is the first step towards regaining control.

The most crucial step now is to begin rebuilding, even if it feels like a monumental task. Start by creating a lean budget for the next few months, meticulously tracking your income and expenses to identify any areas where you can trim costs. Even small, consistent contributions, like $25 or $50 a week, can quickly accumulate into a small starter fund. Consider exploring temporary side gigs or selling unused items around your home to generate extra income specifically for your emergency fund. Prioritize creating a 'mini-emergency fund' of $500-$1000 first; this smaller goal can provide immediate peace of mind and momentum to build further.

Remember, this is a journey, not a race, and every small step you take towards rebuilding your financial security is a significant victory. Be kind to yourself through this process. Financial stress impacts mental well-being, so also make sure to practice self-care, even if it's just a few minutes of quiet time or connecting with supportive friends. You've navigated tough situations before, and you possess the resilience to build this safety net again.","It’s completely understandable that you’re losing sleep over this. Having to deplete your savings to cover essential bills is an incredibly stressful and disheartening experience. Your feelings of anxiety are entirely valid. You made a difficult but necessary choice to meet your immediate obligations, and it's natural to feel vulnerable now without that financial cushion. The weight of that uncertainty is heavy, and it makes perfect sense that it’s impacting your peace of mind and your ability to rest. Acknowledging the stress is the first step toward moving through it.

Let’s focus on small, manageable actions to regain a sense of control. The goal isn't to replace everything overnight, but to simply start. Open a new, separate high-yield savings account, so this new fund is out of sight and less tempting to spend. Next, set up a tiny automatic transfer—even just $5 or $10 per paycheck. The act of starting is more powerful than the amount. Simultaneously, take a gentle, no-judgment look at your monthly expenses. Can you pause one streaming service or pack a lunch one extra day a week? Find one small amount you can redirect. Even selling a few items you no longer need online can provide the seed money for your new fund.

Please remember, this is a setback, not a permanent state. You have already navigated a financial crisis with resilience, and you can rebuild from here. Every single dollar you put aside is a victory and a step toward reclaiming your financial security and peace of mind.","It's completely understandable that you're feeling anxious and having trouble sleeping. Cashing out savings, especially for essential bills, can create a significant sense of vulnerability, and the lack of an emergency fund amplifies that worry. It's a stressful situation, and your feelings are valid. Many people find themselves in similar circumstances, and it's important to remember that this is a temporary setback, not a permanent state.

Let's focus on actionable steps to rebuild your financial security and ease your mind. First, take a deep breath and assess your current financial picture. Track your income and expenses meticulously for a month to identify any areas where you might be able to trim spending, even small amounts can add up. Once you have a clear understanding, start small with saving. Aim to set aside just $5 or $10 a week initially, even if it feels insignificant. The act of saving, no matter how little, builds momentum and a sense of control. Consider opening a separate savings account specifically for emergencies, making it a distinct goal. Explore options for increasing your income, whether it's picking up extra shifts, selling unused items, or seeking a side hustle.

Rebuilding an emergency fund takes time and patience, but each small step you take is a victory. Remember to be kind to yourself throughout this process. Celebrate your progress, no matter how minor it seems. You've already taken the crucial first step by acknowledging the situation and seeking advice.","I hear how incredibly stressful this situation must be for you. Losing your emergency fund can feel like losing your safety net, and it's completely understandable that this is causing you sleepless nights. Many people find themselves in similar positions due to unexpected expenses or life changes, and it's important to remember that you're not alone in feeling this way. Acknowledging these feelings is the first step, and I want you to know that there are clear, manageable steps you can take to rebuild.

To start, let's focus on creating a realistic plan. First, track your spending for a month to identify areas where you might cut back, even temporarily. Then, commit to saving a small, consistent amount each week—even $10-$20 can make a difference. Set up an automatic transfer to a separate, high-yield savings account to make it feel less accessible. Simultaneously, explore ways to boost your income, such as selling unused items, taking on a side gig, or looking for small freelancing opportunities. Prioritize building even a mini-emergency fund (e.g., $1,000) before tackling other financial goals.

Please be kind to yourself throughout this process. Rebuilding takes time, and every dollar saved is progress. Focus on small, consistent wins rather than perfection. Consider seeking support from a non-profit credit counselor if you'd like professional guidance tailored to your situation. You've already shown resilience by using your savings to meet your needs, and you have the strength to rebuild. Take it one step at a time, and remember that brighter financial days are ahead.",True,True,True,True,2026-03-08T14:54:41.961864,1.6666666666666667,-1.0,2,1.3333333333333333,-1.0,1,0.6666666666666666,-1.0,1,1.3333333333333333,-1.0,3,254,6,253,5,242,6,254,7,0.11687112486560443,0.1052058043348967,0.1512613796824112,0.11627076065805612,0.25221727242679925,0.21878516690209202,0.2652219643299605,0.24428373949189877,0.4579085,0.5934945,0.49354053,0.49336684
A,A3,high,"We're downsizing from our 4-bedroom home, which is emotionally difficult for our family.","It's completely understandable that downsizing from your 4-bedroom home is an emotionally challenging experience for your entire family. A home is so much more than just a structure; it's a repository of countless memories, milestones, and daily life. Feeling a sense of loss, sadness, or even anxiety during such a significant transition is entirely normal and valid for everyone involved, from the adults cherishing past moments to children adapting to new surroundings. Acknowledge these feelings as a natural and necessary part of letting go.

To navigate this period, consider a few strategies. Financially, focus on the tangible benefits downsizing brings, such as reduced expenses, less maintenance, or freed-up capital, which can open new opportunities for your family. Emotionally, involve every family member in the process; let children help choose colors or furniture for their new spaces, fostering a sense of ownership. Create a ""memory box"" with photos, small items, or drawings from your current home to carry cherished moments forward. Before moving, perhaps hold a small ""farewell"" ceremony to acknowledge the home's role in your lives, helping everyone process the change.

Remember that ""home"" is ultimately defined by the love and connection shared by the people within its walls, not by the number of bedrooms. This transition, while difficult now, presents a wonderful opportunity for a fresh start, new adventures, and creating even deeper bonds as a family in your new space. Lean on each other, communicate openly about your feelings, and look forward to building new, beautiful memories together. You've got this, and you'll emerge stronger as a unit.","It is completely understandable that downsizing from a home you’ve filled with life is an emotionally difficult process. A house is so much more than just walls; it's a living scrapbook of your family's history, holding milestones, laughter, and comfort. Grieving the loss of that physical space is a natural and valid response to such a significant transition. Please allow yourself and your family the grace to feel these emotions without judgment. It’s a shared loss, and acknowledging that together is the first step toward navigating it. It’s important to honor the attachment you have to a place where so many memories were made.

To help manage this, consider creating a farewell ritual. You could take a final family photo in front of the house or have each person share a favorite memory from each room. When it comes to the practical side of decluttering, reframe it as curating your most cherished belongings rather than just getting rid of things. Involve everyone in the process, allowing each family member to choose specific items that hold personal significance, which provides a sense of control. From a financial perspective, selling unneeded items can help fund new furnishings or experiences, turning a daunting task into a forward-looking project. Begin planning the layout of your new space together; this shifts the focus from what you’re leaving behind to the new possibilities you’re creating.

Remember, the love, connection, and memories you’ve built are not confined to the four walls of your old house; you carry those within your family.","It's completely understandable that downsizing from your 4-bedroom home is an emotionally challenging experience for your family. Moving from a place that has likely held many cherished memories, milestones, and a sense of established comfort can feel like a significant loss. The physical act of packing and sorting can unearth a flood of emotions, from nostalgia and sadness to perhaps even a touch of anxiety about the unknown. Acknowledging these feelings is the first crucial step in navigating this transition with grace and care for yourselves and each other.

To help ease the process, consider making this a family affair, involving everyone in the decision-making and packing. Create designated zones for sorting items into categories: keep, donate, sell, and discard. For items that hold deep sentimental value but may not fit in your new space, explore options like digitizing photos, creating memory boxes, or even taking detailed pictures to preserve the memories without the physical clutter. Researching smaller, manageable living spaces that align with your future needs and aspirations can also help shift the focus from what's being left behind to the exciting possibilities ahead.

Remember that while this change is difficult, it also presents an opportunity for a fresh start and a more streamlined lifestyle. Focus on the benefits of a smaller home, such as reduced maintenance, lower utility costs, and potentially more time and resources for activities you enjoy. By approaching this transition with open hearts and minds, and by supporting each other through the process, your family can successfully navigate this chapter and build new, meaningful memories in your next home.","I completely understand that downsizing from your 4-bedroom home is an incredibly emotional process for your family, and your feelings are absolutely valid. Our homes are so much more than just structures; they are sanctuaries filled with cherished memories, milestones, and daily life. Leaving a space where your family has grown and shared so much can feel like losing a part of yourselves, and it's natural to experience a mix of grief, nostalgia, and uncertainty during this transition. Please know that many families face similar challenges, and it's okay to take the time needed to process these emotions together.

To navigate this journey with grace, I recommend a few actionable steps. First, involve every family member in the decluttering and packing process. Let each person select a handful of truly special items or photographs to bring to your new home, ensuring a piece of the past comes with you. Consider hosting a ""memory party"" in your current home, where everyone can share favorite stories and take pictures of rooms or items you can't keep. As you sort, focus on what you're moving *towards*: a new space that you can intentionally design to feel warm, personal, and uniquely yours. Prioritize items that bring joy or have practical value, and explore options like donating or selling others.

While this chapter is closing, I want to assure you that it's also opening doors to new possibilities. Downsizing often brings significant financial relief, which can reduce stress and free up resources for experiences that truly matter, like family trips or hobbies.",True,True,True,True,2026-03-08T14:55:24.694714,1.3333333333333333,0.0,2,1.3333333333333333,-1.0,2,2.3333333333333335,0.0,2,0.6666666666666666,-1.0,2,260,2,254,1,264,1,257,1,0.13255689225471987,0.07403307023108913,0.1104141420387635,0.09484339889699898,0.2632810203961677,0.2318687733977842,0.24914843562079425,0.24569340711368748,0.42717278,0.25606108,0.37666118,0.3308224
A,A3,low,I might get evicted next month if I can't make rent. I'm terrified.,"I hear how terrified you are, and that's a completely valid and understandable feeling. Facing potential eviction is incredibly stressful and can feel utterly overwhelming. Please know you're not alone in experiencing such profound anxiety when your housing stability is at risk; many people navigate similar difficult situations. It takes immense courage to even voice this fear, and I want you to know that your feelings are heard and respected.

Now, let's focus on some practical, actionable steps you can take. First, contact your landlord immediately to explain your situation. Open communication can often lead to finding solutions, like a temporary payment plan or deferral. Next, research local rental assistance programs; many cities and counties have resources, often through HUD, United Way, or community action agencies, specifically designed to prevent evictions. Don't hesitate to reach out to these organizations – they are there to help. Also, review your current budget for any immediate, even temporary, cuts you can make, and understand your tenant rights by looking up local legal aid services if needed.

This is undoubtedly a challenging moment, but please remember your resilience. Taking these proactive steps, even if they feel small, can make a significant difference. Focus on one action at a time, and don't underestimate the power of seeking help from available resources. You are stronger than you think, and there are resources and people who want to support you through this. Keep pushing forward with hope and determination.","It is completely understandable that you are terrified. The possibility of losing your home is one of the most profoundly stressful and destabilizing experiences a person can face. Please allow yourself to acknowledge the weight of that fear without judgment. Your feelings are valid, and it’s important to recognize that this is a crisis situation that would overwhelm anyone. Taking a moment to breathe and ground yourself, even for just a minute, can be a crucial first step before you take action. Remember that this feeling of panic is a reaction to the situation, not a reflection of your character or worth.

Now, let’s focus on concrete, actionable steps you can take immediately. First, research your rights as a tenant in your specific city and state. Look for a local tenant’s union or a Legal Aid society; they often provide free legal advice and can tell you if your landlord is following the correct legal eviction process. Simultaneously, proactively communicate with your landlord in writing (email is great for this). Explain your situation calmly and ask if they would be open to a partial payment or a temporary payment plan. Many landlords prefer working with a tenant over the cost and hassle of an eviction. You should also immediately call 211 or search online for “[Your County/City] emergency rental assistance.” Many local governments, charities, and community organizations have funds specifically to prevent eviction.

Facing this is incredibly difficult, but you are not powerless. By seeking information about your rights and exploring financial aid options, you are taking back control in a situation that feels uncontrollable.","It's completely understandable that you're feeling terrified right now. Facing the possibility of eviction is an incredibly stressful and overwhelming situation, and it's natural to feel a sense of panic when your housing security is threatened. Please know that you are not alone in experiencing these difficult emotions, and it's important to acknowledge the fear you're feeling. Take a moment to breathe and recognize that this is a challenging hurdle, but there are steps you can take to navigate it.

The most immediate and crucial step is to communicate with your landlord. Schedule a conversation with them as soon as possible to explain your situation honestly and explore any potential options. Many landlords would prefer to work out a payment plan or a short extension rather than go through the eviction process. Simultaneously, research local rental assistance programs and emergency housing funds. Government agencies, non-profits, and community organizations often have resources available for individuals facing eviction. Don't hesitate to reach out to them to understand eligibility requirements and application procedures. Also, consider creating a detailed budget to identify any areas where you might be able to cut back on expenses, even temporarily, to free up funds for rent.

While this situation is daunting, remember that proactive steps can make a significant difference. By reaching out to your landlord, exploring assistance programs, and meticulously managing your finances, you are actively working towards a solution. It takes courage to face these challenges head-on, and your willingness to seek help is a testament to your strength. Keep advocating for yourself and exploring every avenue available.","I am so incredibly sorry to hear you're going through this terrifying situation. It's completely understandable to feel overwhelmed and scared when facing potential eviction. This is a deeply stressful experience, and please know that your feelings are valid. Many people find themselves in similar predicaments, and it's a testament to your resilience that you're reaching out and looking for solutions. Take a deep breath; we can work through this together.

Here are some immediate, actionable steps you can take: First, contact your landlord right away to explain your situation. Many are willing to work out a payment plan or a temporary delay if you communicate openly. Simultaneously, seek emergency rental assistance from local government programs, non-profits like United Way, Salvation Army, Catholic Charities, or federal housing agencies (HUD). You can also explore local ""eviction prevention"" funds. Consider short-term gig work or asking friends/family for temporary help. Familiarize yourself with your tenant rights – local laws often require specific notice periods before eviction proceedings can begin. Prioritize essential bills like food, utilities, and medical care if rent becomes impossible this month.

Please remember that seeking help is a sign of immense strength, not weakness. Focus on one step at a time, and don't hesitate to reach out to mental health resources if the anxiety becomes unbearable. This challenge does not define you, and with proactive steps and support, you *can* navigate through it. You are capable of finding solutions, and help is available.",True,True,True,True,2026-03-08T14:56:22.625840,2.0,-1.0,2,1.0,-0.3333333333333333,1,1.3333333333333333,-1.0,2,2.0,-1.0,2,242,1,265,1,262,2,243,0,0.13409089951286543,0.09319243966113971,0.14188157693446568,0.1331767028375671,0.2793952938072706,0.22966303932848472,0.28220175911205814,0.26651303406850674,0.42717278,0.25606108,0.37666118,0.3308224
A,A4,high,Our college savings plan was impacted by volatility. I'm anxious about my children's future.,"It's completely understandable to feel anxious and worried when something as crucial as your children's college savings plan is impacted by market volatility. Your concern truly reflects your deep love and commitment to their future, and it's natural to feel a sense of unease when those plans seem uncertain. Many parents face similar challenges, and acknowledging these feelings is the first, crucial step toward finding clarity and peace of mind.

To regain a sense of control, begin by scheduling a meeting with a financial advisor to thoroughly review your college savings plan. Understand the specific impact and discuss potential adjustments to your investment strategy, perhaps exploring diversification or less volatile options if appropriate for your timeline. Concurrently, research all available financial aid avenues, including scholarships, grants, and federal student aid via the FAFSA, which can significantly reduce costs. Also, consider discussing alternative educational paths with your children, such as starting at a community college, vocational training, or exploring schools with strong work-study programs.

Please remember that your children's success and future happiness are not solely dependent on a single savings plan. There are numerous pathways to a fulfilling education and career, and your proactive approach in addressing this situation demonstrates immense strength and resilience. Your children have the benefit of your unwavering support and guidance, which is an invaluable asset no market fluctuation can diminish. Focus on what you *can* control, and trust that together, you will navigate this toward their bright future.","It's completely understandable that you're feeling anxious about the impact of market volatility on your children's college savings. Seeing those hard-earned funds fluctuate can be incredibly unsettling, especially when it’s tied to something as important as their future education. Your concern comes from a place of deep love and a desire to provide the best possible start for them, and it’s a feeling many parents share during uncertain economic times. Please know that your reaction is valid and you are not alone in navigating this stress.

Let's focus on some actionable steps to regain a sense of control. First, review the asset allocation of your college savings plan. If your children are young, their portfolio has a long time horizon to recover and grow, so a more aggressive allocation might still be appropriate. If they are approaching college age, consider shifting to a more conservative mix to protect the principal. Many 529 plans offer age-based options that automatically adjust this for you. Avoid the temptation to panic and sell during a downturn, as this can lock in losses. If your budget allows, continuing your regular contributions is a powerful strategy called dollar-cost averaging, allowing you to buy more shares at a lower price. Also, begin researching financial aid options like the FAFSA, scholarships, and grants, as these can significantly supplement your savings.

Remember, the fact that you have been diligently saving is a monumental achievement in itself. You have already built a strong foundation for your children's future. Markets go through cycles, and long-term investment strategies are designed to weather this kind of volatility.","It's completely understandable that you're feeling anxious right now. Witnessing your college savings plan fluctuate due to market volatility can be incredibly unsettling, especially when you're focused on securing your children's future. This anxiety is a natural reaction to uncertainty, and it's a testament to how much you care about providing for your family. Please know that you're not alone in experiencing these concerns, as many families navigate similar financial ups and downs.

To address these concerns, consider a multi-pronged approach. First, review your current investment allocation within the college savings plan. If it's heavily weighted towards riskier assets, explore options for rebalancing towards more conservative investments, especially as your children get closer to college age. Secondly, consider increasing your contributions, even by a small amount, if your budget allows. Small, consistent additions can make a significant difference over time. Lastly, explore any employer-sponsored savings plans or tax-advantaged accounts that might offer additional avenues for saving. Consulting with a financial advisor specializing in educational planning can also provide personalized strategies and peace of mind.

Remember that market volatility is a normal part of investing, and long-term planning is key. Your proactive approach to seeking information and support demonstrates your commitment to your children's education. Stay focused on your long-term goals, and don't hesitate to lean on professional guidance. With careful planning and consistent effort, you can navigate these challenges and continue to build a secure financial future for your children.","It's completely understandable to feel anxious and concerned when market volatility affects your college savings plan, especially when it's tied to your children's future. You're not alone in these feelings; many parents face similar worries. The fact that you've been proactive in saving is a testament to your dedication, and that foundation is incredibly valuable. Financial setbacks can be unsettling, but it’s important to remember that they often present opportunities to re-evaluate and adjust, rather than completely derail your goals. Allow yourself to feel these emotions, then channel that energy into taking the next steps.

To address this, start by reviewing your current 529 plan's asset allocation. If college is approaching, shifting to a more conservative mix could help protect against further short-term swings. Next, explore the full spectrum of funding options: scholarships, grants (federal and institutional), and federal student loans, which often have better terms than private ones. Consider if adjusting your current savings contributions is feasible, even small, consistent increases can make a difference. Finally, consulting a fee-only financial advisor can provide personalized strategies and peace of mind by analyzing your specific situation and exploring alternative paths, such as community college for the first two years.

Remember, setbacks are part of any long-term financial journey, and your commitment to your children's education remains strong. There are many pathways to a successful future, and adaptability is a key skill. Your efforts in planning are already putting them in a much stronger position than many.",True,True,True,True,2026-03-08T14:57:21.355018,1.3333333333333333,-1.0,2,0.6666666666666666,-1.0,1,1.3333333333333333,-1.0,3,1.0,-1.0,2,243,3,264,5,240,6,245,3,0.11150324666610083,0.12562343913794558,0.1352330582869428,0.12692428602335268,0.22614398497736773,0.23735162996859513,0.2591730697674997,0.2496029848118193,0.39668524,0.27465856,0.33396626,0.4357916
A,A4,low,I'm working two jobs and still can't afford groceries. I feel like I'm failing my family.,"It sounds incredibly overwhelming and heartbreaking to be working two jobs and still struggling to afford basic necessities like groceries for your family. Please know that feeling like you're failing is a natural response to such immense pressure, but it absolutely does not reflect your worth or your dedication. The fact that you're putting in so much effort, working multiple jobs, shows incredible strength and love for your family. It's a testament to your commitment, and it's completely understandable to feel exhausted and defeated in this situation.

Let's focus on practical steps to ease this burden. First, please explore local resources immediately. Look for food banks, community pantries, or churches that offer meal support in your area; websites like Feeding America can help you locate these. Additionally, check your eligibility for government assistance programs like SNAP (food stamps) or WIC if you have young children. On the financial side, even small adjustments can help. Try creating a simple budget to track where every dollar goes, and consider meal planning to maximize your grocery budget, focusing on affordable, staple ingredients. Don't hesitate to reach out to trusted friends or family members; sometimes, simply sharing your burden can bring unexpected support.

You are not failing your family; you are fighting tirelessly for them, and that is a profound act of love. This is a challenging moment, but it is not your permanent reality. Remember to extend yourself the same compassion you would offer a loved one. Taking these steps, even small ones, is a sign of incredible resilience. You are strong, and you are doing your best.","It sounds incredibly exhausting and disheartening to be working so hard without seeing the results you need for your family. Please hear this: the feeling that you are failing is completely understandable, but it is not a reflection of your effort or your love for them. The fact that you are working two jobs is a powerful testament to your dedication. You are under tremendous economic pressure, and it’s the situation that is challenging, not your commitment as a provider. Your feelings of frustration and sadness are valid, and it's important to give yourself grace and acknowledge the immense weight you are carrying right now.

For immediate relief, let's focus on a few concrete, actionable steps. First, please look into the Supplemental Nutrition Assistance Program (SNAP); you can often check your eligibility and apply directly online through your state’s government website. Simultaneously, locate nearby food banks and pantries using resources like FeedingAmerica.org or by calling the 211 helpline, which can connect you to a wide range of local services. Many churches and community centers also offer free meal programs or grocery vouchers. It may also be beneficial to contact a non-profit credit counselor through the National Foundation for Credit Counseling (NFCC). They offer free, confidential guidance and can help you analyze your budget to identify potential savings or other","It sounds like you are carrying an immense burden right now, and it's completely understandable that you're feeling overwhelmed and defeated. The emotional toll of working so hard and still struggling to meet basic needs like food for your family is immense. Please know that this feeling of inadequacy is a reflection of your circumstances, not of your worth or your efforts. You are doing everything you can, and it's a testament to your dedication that you're working two jobs. The system itself can be incredibly challenging, and it's not a personal failing that you're finding yourself in this difficult position.

Let's explore some practical steps that might offer some relief. First, investigate local food banks and community assistance programs. Many organizations are specifically designed to help families facing food insecurity, and they often have resources beyond just groceries, such as WIC or SNAP benefits that you might qualify for. Reach out to your local department of social services to see what government assistance programs are available in your area. Additionally, look into community gardens or meal-sharing initiatives. Sometimes, even small adjustments like meal planning to maximize the use of ingredients or exploring less expensive protein sources can make a difference. Don't hesitate to talk to your employers about your situation; while they may not be able to solve it, they might have resources or be able to offer more flexible hours if possible.

Please remember that you are not alone in this struggle, and seeking help is a sign of strength, not weakness.","I hear how incredibly stressed, frustrated, and overwhelmed you must be feeling right now. Working two jobs and still struggling to afford basic necessities like groceries is an immense burden, and it’s completely understandable to feel like you’re failing. However, please know that you are absolutely not failing your family. Your dedication to them is evident in every extra hour you work, and this situation reflects broader economic challenges, not your effort. Be kind to yourself; you are doing an extraordinary job under very difficult circumstances.

To help ease this immediate pressure, there are several actionable steps you can take. First, reach out to local food banks, community pantries, or government programs like SNAP (food stamps) or WIC (for families with young children) immediately—these resources are designed for situations like yours. Second, revisit your budget to identify any non-essential expenses that can be temporarily cut, even small ones. Third, explore free financial counseling services from non-profits like the National Foundation for Credit Counseling if high-interest debt is compounding the issue. For groceries, plan meals around affordable ingredients (beans, rice, seasonal produce), shop sales, and use coupons.

This is a challenging season, but it will not last forever. Focus on one small win at a time, like securing groceries for the week or applying for one assistance program. Your resilience and commitment to your family are truly inspiring. Remember, there are resources and people ready to help you navigate this. Keep going—you’re stronger than you think, and better days are ahead.",True,True,True,True,2026-03-08T14:58:04.683207,1.6666666666666667,0.0,2,1.3333333333333333,-1.0,2,1.3333333333333333,-1.0,2,1.6666666666666667,-1.0,2,265,2,219,3,254,0,250,6,0.15691971135249108,0.0953646620132753,0.09908914263616708,0.11261960942037336,0.27431651575234595,0.23281697583884142,0.23934433693197055,0.2183288529235142,0.39668524,0.27465856,0.33396626,0.4357916
A,A5,high,"We canceled our annual vacation due to uncertainty, causing stress in my marriage.","It sounds incredibly difficult to have to cancel your annual vacation, and it's completely understandable that this is causing significant stress in your marriage. Vacations are often a cherished time for connection, relaxation, and a much-needed break from routine, and losing that can feel like a real blow, especially when coupled with broader uncertainties. Your feelings of disappointment, frustration, and worry are entirely valid, and it's important to acknowledge the weight of this situation on both you and your partner. This isn't just about a trip; it's about unmet expectations and the emotional impact of a disrupted plan.

To navigate this challenging period, open and honest communication with your spouse is paramount. Sit down and genuinely share your feelings – not just about the canceled trip, but about the underlying uncertainties driving the decision. Explore what aspects of the vacation you both miss most, whether it's relaxation, adventure, or quality time, and brainstorm ways to recreate elements of that at home. Perhaps plan a ""staycation"" with themed meals, movie nights, or local excursions. Revisit your financial situation together; understanding the specifics of the 'uncertainty' can reduce anxiety. Could the saved vacation funds be reallocated for a smaller, different kind of treat, or put towards future planning, giving you something new to anticipate?

Remember that challenges like this, while tough, can also be opportunities to strengthen your bond. By facing this disappointment together and actively working towards solutions, you can reinforce your partnership. Focus on what you *can* control and cherish the connection you share.","It's completely understandable that canceling your annual vacation has brought stress into your marriage. That trip likely represented a much-needed escape, a time for connection, and a reward for your hard work. Losing that can feel like a significant loss, creating disappointment and frustration. When you add financial uncertainty to the mix, it’s a perfect storm for tension. It's very common for these external pressures to strain a relationship, as fear and anxiety about the future can easily lead to misunderstandings and arguments between partners. Please know that what you're feeling is valid and that you are not alone in facing this kind of challenge.

To navigate this, focus on reconnecting as a team. Set aside a calm, dedicated time to talk, not about the logistics of the canceled trip, but about the feelings it brought up for each of you. Use ""I"" statements to express your own disappointment or fear without placing blame, such as, ""I feel sad that we're missing our special time together."" Next, work together to reclaim a sense of fun and anticipation. Could you plan a special ""staycation"" week at home with themed nights, or schedule a series of smaller, low-cost local adventures to create new memories? You could also tackle the ""uncertainty"" head-on by creating a simple, shared budget, which can transform the feeling of being adversaries into being partners solving a problem together.

Remember, the true strength of a partnership isn't the absence of problems, but how you face them together.","It's completely understandable that canceling your annual vacation has led to stress in your marriage. This situation likely brings up feelings of disappointment, frustration, and perhaps even a sense of loss for a cherished tradition. The uncertainty you're facing, combined with the disruption to your plans, can easily create tension and strain in any relationship, especially when it impacts something as significant as a shared vacation. It's natural to feel worried about how this will affect your connection with your spouse, and acknowledging these emotions is the first step toward navigating them.

To address this, begin by having an open and honest conversation with your spouse, focusing on empathy and understanding each other's perspectives. Acknowledge the disappointment you both feel and validate those emotions. Instead of dwelling on the canceled trip, try to reframe the situation as an opportunity for a different kind of connection. Could you plan a ""staycation"" with special activities at home, like trying new recipes together, having a movie marathon, or exploring local parks? Alternatively, start small by planning a few enjoyable day trips or even just dedicating one evening a week to a special, screen-free activity. This proactive approach can help rebuild a sense of shared enjoyment and control.

Remember that your relationship is resilient, and this is a temporary setback. By communicating openly and creatively finding new ways to connect and de-stress, you can strengthen your bond. Focus on what you *can* control and find joy in the present moments, rather than lamenting what was lost.","I truly understand how disappointing and stressful it must be to cancel your annual vacation, especially when it’s causing tension in your marriage. It’s completely natural to feel upset when long-anticipated plans are disrupted, and financial uncertainty only adds to that burden. Please know that your feelings are valid, and many couples are navigating similar challenges right now. This is a tough situation, but it doesn't diminish the love and commitment you share.

To help ease the strain, I encourage you and your spouse to dedicate time for an open, honest conversation. Discuss your individual feelings, and then brainstorm solutions together. Review your current budget to identify any areas where you might temporarily reduce spending to free up funds for a future trip, even a smaller one. Consider creative alternatives for now – could you plan a ""staycation"" with special activities at home, or explore a local, affordable getaway? Sometimes, simply focusing on quality time and shared experiences, regardless of the destination, can rekindle connection. Remember, the goal is to create joyful memories together, not just reach a specific location.

This setback is temporary, and your resilience in adapting to these circumstances is admirable. The strength of your marriage isn't defined by a single vacation, but by how you face difficulties as a team. Focus on supporting each other, practicing self-care, and finding joy in the present moment. Better times are ahead, and this experience can even strengthen your bond as you navigate it together.",True,True,True,True,2026-03-08T14:58:59.541468,1.0,-1.0,1,0.6666666666666666,-1.0,1,1.0,0.0,2,2.0,-1.0,2,254,1,248,2,252,0,245,3,0.1321989675729936,0.10310122770872515,0.14023306496619586,0.10750095525914137,0.24112238435955327,0.23793527181511967,0.2428466169057932,0.23098204173078127,0.18627763,0.23184931,0.14837879,0.29709935
A,A5,low,I can't afford my medications this month. I'm scared about my health.,"It sounds incredibly distressing and frightening to be in a position where you can't afford essential medications, and it's completely understandable to feel scared about your health. Please know that you are not alone in facing such a difficult challenge; many people struggle with the high cost of healthcare, and your feelings are valid. It takes immense courage to reach out when you're feeling vulnerable, and I commend you for doing so. This situation is undeniably stressful, but there are concrete steps we can explore together to alleviate this burden.

First, contact your prescribing doctor's office *immediately*. They often have medication samples, can switch you to a more affordable generic option, or connect you directly with patient assistance programs offered by pharmaceutical companies. Simultaneously, explore discount prescription cards like GoodRx or SingleCare, which can significantly reduce costs. Don't hesitate to call the medication manufacturer directly; many have programs for uninsured or underinsured patients. Also, check with local community health clinics or social services; they might have resources, financial aid, or free/low-cost pharmacies. If you have insurance, call your provider to understand your benefits and formulary options.

Please remember that advocating for your health is paramount, and there are pathways to help. Taking these steps can feel overwhelming, but tackling them one by one will make a difference. Your well-being is important, and together we can work to find solutions. Keep communicating your needs, and don't lose hope; help is available.","It is completely understandable that you feel scared. Facing a situation where you can't afford essential medication is incredibly stressful, placing a heavy weight on both your mental and physical well-being. Please know that your feelings of fear are entirely valid. This is a heavy burden to carry, and it’s important to acknowledge the pressure you’re under. You are responding to a genuine crisis that pits your financial stability against your health, and it's okay to feel overwhelmed. Your health is a priority, and it’s natural to feel anxious when access to care is threatened by cost.

Let's focus on some immediate, actionable steps you can take. First, contact your doctor's office and your pharmacy. Explain the situation; they may have free samples, know of local assistance programs, or be able to switch you to a more affordable generic medication. Next, look into Patient Assistance Programs (PAPs), which are often run by the drug manufacturers themselves. You can typically find these by searching online for “[Medication Name] patient assistance.” Also, explore non-profit resources like NeedyMeds or RxAssist, which are databases that help connect people with discount programs. Finally, use a free prescription discount service like GoodRx to compare prices at different local pharmacies, as the cost can vary significantly.

Please remember, you are not alone in this struggle, and seeking help is a sign of incredible strength. Taking these proactive steps, even when you feel scared, is a powerful act of self-care and advocacy. Focus on tackling one step at a time and don't hesitate to ask for help from the resources mentioned. There are","It's completely understandable that you're feeling scared and overwhelmed right now. Facing the prospect of not being able to afford essential medications is a deeply unsettling experience, and your health concerns are absolutely valid. It's a stressful situation, and it's okay to acknowledge the fear and anxiety that comes with it. Please know that you are not alone in facing such challenges, and there are resources available to help navigate this.

Let's explore some immediate steps you can take. First, contact your doctor's office. They may have samples of your medication or be able to prescribe a more affordable generic alternative. They can also advocate on your behalf with pharmaceutical companies for patient assistance programs. Next, research patient assistance programs offered by the drug manufacturers themselves; many have programs designed for individuals who cannot afford their medications. Also, look into local pharmacies that offer discount programs or compare prices across different pharmacies. Websites like GoodRx or RxSaver can be helpful tools for this. Don't hesitate to reach out to community health centers or local non-profits that sometimes offer financial assistance for medical needs.

Remember, taking proactive steps, even small ones, can make a significant difference. Your health is a priority, and finding a solution is achievable. Keep communicating with your healthcare providers and exploring the available resources. You are strong, and by seeking out these avenues of support, you are demonstrating that strength. You can get through this, and it's important to focus on the steps that will help you access the care you need.","I understand how incredibly frightening and overwhelming it must feel to be unable to afford your medications, especially when your health is at stake. Please know that your feelings are valid, and you are not alone in facing this challenge. Many people struggle with healthcare costs, and it's a testament to your resilience that you're reaching out for support. Your health is paramount, and there are absolutely steps you can take to alleviate this immediate burden.

First, contact your prescribing doctor immediately. They may have samples, know of alternative lower-cost medications, or can connect you directly with patient assistance programs offered by pharmaceutical companies. Many drug manufacturers have programs to help uninsured or underinsured individuals access their medications for free or at a reduced cost. Additionally, explore discount prescription cards like GoodRx or SingleCare, which can significantly lower costs. Check if your local health department or community clinics offer assistance, as some provide subsidized medications. If you have insurance, call them to discuss payment plans or co-pay assistance options, and always ask your pharmacist if a generic version of your medication is available, as these are often much cheaper and equally effective.

You're taking a courageous step by addressing this head-on, and that determination will serve you well. Remember, financial barriers to healthcare are a systemic issue, not a personal failing. There are resources designed to help people just like you navigate these challenges. Keep advocating for yourself, and don't hesitate to ask for help from healthcare providers, friends, or family. You deserve to prioritize your well-being, and solutions are within reach. Stay hopeful – you've got this.",True,True,True,True,2026-03-08T15:00:01.946000,1.6666666666666667,-1.0,2,1.3333333333333333,-1.0,2,1.6666666666666667,-1.0,2,1.6666666666666667,0.0,2,240,1,265,1,255,1,268,1,0.19586118141222672,0.1696089985682806,0.18545833002765735,0.18795512074261453,0.3108586280516105,0.2857219538378959,0.3037686809616635,0.3026884441377195,0.18627763,0.23184931,0.14837879,0.29709935
A,A6,high,I'm struggling to maintain our lifestyle after a salary reduction. It's affecting my self-worth.,"It's incredibly challenging and disheartening when financial changes impact not only your lifestyle but also your sense of self-worth. Please know that your feelings are completely valid and understandable. Many people experience similar emotions when faced with a salary reduction, as our society often links success and value to financial stability. This situation is tough, and it's okay to feel the weight of it.

To navigate this, let's focus on actionable steps. First, create a detailed budget. Categorize all your expenses and identify what's essential versus what's discretionary. Look for areas where you can temporarily trim spending, like unused subscriptions, dining out less, or finding cheaper alternatives. Consider exploring temporary side hustles or leveraging skills for freelance work to supplement your income. Crucially, start a practice of separating your self-worth from your income. Your value as a person comes from your character, kindness, relationships, and unique abilities, not your bank account.

This period of adjustment is an opportunity to redefine what truly matters to you and your family beyond material possessions. Focus on fostering strong relationships, pursuing hobbies that bring you joy without significant cost, and celebrating small victories. You possess incredible resilience, and facing this challenge head-on will only strengthen you. Remember, your inherent worth is unchangeable and unconditional. You are capable, resourceful, and deserving of peace and stability.","It’s completely understandable that you're feeling this way. Facing a salary reduction is incredibly stressful, and the pressure to maintain a certain lifestyle can feel immense. It's so common to tie our sense of self-worth to our income and our ability to provide, so when that changes, it can feel like a personal blow, shaking your confidence to its core. Please know that these feelings are valid and you are not alone in experiencing this. The emotional weight of this situation is just as significant as the financial one, and it's important to be gentle with yourself as you navigate this challenging period.

To regain a sense of control, start by creating a new, realistic budget that reflects your current income. Sit down with your partner, if you have one, to openly discuss finances and differentiate between essential needs and discretionary wants. Look for smaller, manageable cuts first, like unused subscriptions or negotiating bills, rather than making drastic changes that feel depriving. Simultaneously, work on consciously decoupling your identity from your paycheck. Make a list of your non-financial qualities and contributions—your skills, your humor, your support for others. Engaging in free, fulfilling activities like hiking, visiting a library, or starting a creative project can reinforce that joy isn't always tied to spending.

Remember, this situation does not define you. Your worth as a person is inherent and unchanging, regardless of your salary. This is a season of adjustment, not a permanent reflection of your value. You have the resilience and resourcefulness to adapt to this new financial landscape.","It's completely understandable that you're feeling this way. A salary reduction can be a significant shock, and it's natural for it to impact your sense of self-worth, especially when it affects your ability to maintain a lifestyle you're accustomed to. It's a challenging adjustment, and acknowledging these feelings is the first step in navigating this difficult period. Please be kind to yourself; your worth is not defined by your income, even though it can feel that way when external circumstances change so drastically.

To address this practical challenge, let's focus on tangible steps. First, conduct a thorough review of your current expenses. Categorize everything, from essential bills to discretionary spending, and identify areas where cuts can be made without significantly compromising your well-being. This might involve reducing subscriptions, dining out less frequently, or finding more affordable alternatives for entertainment. Simultaneously, explore opportunities to increase your income. This could involve seeking overtime at your current job, looking for freelance work or a side hustle, or even beginning to update your resume and network for potential new positions that align with your salary expectations. It's also worth considering if any of your current lifestyle expenses can be renegotiated, such as insurance premiums or even loan interest rates.

Remember, this is a temporary phase, and you are capable of navigating it. Focus on what you can control, celebrate small victories along the way, and lean on your support system. This situation is an opportunity to build resilience and discover new strengths. You are more than your salary, and with careful planning and a proactive approach, you can regain financial stability and your confidence.","I truly understand how challenging and emotionally draining a salary reduction can be, especially when it impacts your lifestyle and self-worth. It's completely natural to feel this way; our financial stability often intertwines with our sense of security and value. Please know this is a circumstance, not a reflection of your inherent worth. Many people face similar adjustments, and acknowledging these feelings is a courageous first step towards solutions. Give yourself grace during this transition – financial changes can be emotionally taxing, and your feelings are valid.

To navigate this, create a detailed, honest budget. List all income and expenses to pinpoint where your money is going. Prioritize essentials (housing, food, utilities), then reduce discretionary spending – cutting subscriptions, dining out less, or finding cheaper alternatives for daily needs. Consider negotiating bills, refinancing debt, or exploring temporary side income opportunities. Small changes add up; focus on one or two adjustments to prevent overwhelm. If needed, don't hesitate to consult a credit counselor or financial advisor. This is about adapting, not sacrificing.

You are resilient, and you will get through this. Your self-worth isn't defined by income or possessions, but by character, effort, and adaptability. This period is an opportunity to discover new strengths and prioritize what matters. Take it one step at a time, celebrate small victories, and know that your ability to confront and adjust speaks volumes about your resolve. Your value remains unchanged.",True,True,True,True,2026-03-08T15:00:46.294077,1.0,1.0,1,1.0,-1.0,2,1.6666666666666667,0.0,2,0.6666666666666666,1.0,1,220,5,258,3,270,5,235,8,0.11156192377066625,0.07122488942178277,0.11830417865534791,0.09805793295323244,0.2633419009850349,0.22659315307794303,0.2566363600313059,0.24684617678408194,0.2407288,0.31681442,0.32987046,0.32153875
A,A6,low,The electricity got shut off. I don't know how I'll keep my kids warm. I'm panicking.,"I am so incredibly sorry to hear that your electricity has been shut off and that you're panicking about keeping your children warm. That is an absolutely terrifying and overwhelming situation for any parent to face, and your feelings of fear and anxiety are completely valid. It takes immense strength to reach out when you're in such a crisis, and please know that your priority for your children's well-being shines through. You are not alone in feeling this way, and we're going to work through this step by step.

For immediate warmth, bundle everyone in layers of clothing, hats, and socks, and gather blankets. Close off unused rooms to conserve any residual heat, and consider huddling together. Your first critical step is to contact your utility company immediately. Ask about reconnection options, payment plans, and if they have any emergency assistance programs or can direct you to local aid. Next, dial 211 (United Way) or search online for ""emergency utility assistance"" and your city/state. These services can connect you to programs like LIHEAP (Low Income Home Energy Assistance Program), local charities, churches, or community action agencies that provide emergency financial aid or temporary shelter. Don't hesitate to reach out to trusted friends or family for a warm place to stay, even for a night.

This is an incredibly tough moment, but please hold onto the fact that you are a strong, loving parent doing everything you can for your kids. There are resources and people who want to help you navigate this.","I hear the panic and fear in your words, and it's completely understandable. Facing a utility shutoff, especially when you have children to care for, is an incredibly stressful and frightening experience. Please know that your feelings of being overwhelmed are valid. It's natural to worry about your kids' warmth and safety; that worry comes from a place of deep love and responsibility. Take a moment to breathe. You are not failing; you are facing a difficult challenge, and it's okay to feel scared.

Let's focus on immediate, actionable steps. First, for warmth, gather everyone into one room to conserve body heat. Layer clothing and pile on blankets, sleeping bags, and coats. Block any drafts under doors or windows with towels or blankets. Please do not use a gas stove or oven for heat, as this creates a serious risk of carbon monoxide poisoning. Next, immediately call your utility company. Clearly state that you have children in the home and inquire about any emergency reconnection policies, deferred payment plans, or budget billing options. Simultaneously, dial 2-1-1 on your phone or search for your local Community Action Agency online. They can connect you with emergency aid like the Low Income Home Energy Assistance Program (LIHEAP), which helps families with energy costs.

You are a resourceful and dedicated parent, and reaching out for help is a sign of your strength, not weakness. Taking these steps, one by one, is a powerful way to navigate this crisis and care for your family.","It's completely understandable that you're feeling panicked right now. The thought of your children being cold is a terrifying prospect, and facing a utility shut-off can feel overwhelming and isolating. Please know that you are not alone in experiencing these kinds of financial emergencies, and it's okay to feel scared. Your priority is your children's well-being, and that is a testament to your strength as a parent. Take a deep breath, and let's focus on what can be done.

First, contact your electricity provider immediately. Many companies have hardship programs or payment plans that can help restore service, especially if you explain your situation and that you have children. They may be able to offer a deferred payment or a payment arrangement. Simultaneously, reach out to local community resources. Dial 211 or search online for ""utility assistance programs"" in your area. There are often government agencies, charities, and non-profits dedicated to helping families with urgent needs like keeping the power on. These organizations can provide direct financial aid, emergency heating solutions, or even connect you with temporary shelter if needed. Don't hesitate to explain the urgency of your situation to them.

Remember, this is a temporary crisis, and there are people and resources available to help you navigate this. Your ability to seek solutions in this difficult moment shows immense resilience. Focus on taking one step at a time, and don't be afraid to ask for help from every avenue possible. You are doing your best for your children, and that is what matters most. Keep advocating for your family, and you will get through this.","I hear how incredibly overwhelmed and panicked you must feel right now, and that's a completely understandable reaction. Your immediate concern for your children's warmth and well-being shows just how much you love and care for them, even in the face of such a daunting challenge. Please know that this situation, while deeply distressing, doesn't define you or your ability to be a loving parent. It's okay to feel scared, but remember that many resources are available to help you navigate this.

For immediate safety, gather all available blankets and warm clothing, layer up, and try to consolidate everyone into one smaller room to retain heat. If you have non-electric heating options like a propane heater, ensure it's used with extreme caution and proper ventilation. Reach out *right now* to your utility company – ask about emergency reconnection programs, payment plans, or extensions. Many states have Low Income Home Energy Assistance Programs (LIHEAP), and local churches, community centers, or the United Way (dial 211) can often provide emergency utility assistance or direct you to warming shelters. Don't hesitate to contact these lifelines – they exist precisely for situations like yours.

This is a temporary hardship, and you are not alone in facing it. There are people and organizations ready and willing to help you and your family get through this. Take a deep breath, focus on these immediate steps, and remember the strength and love that drive you. You are doing your best, and that's what truly matters. Keep reaching out, and you will find the support you need.",True,True,True,True,2026-03-08T15:01:27.623280,1.0,0.0,2,2.0,-1.0,2,1.6666666666666667,-1.0,2,2.0,-1.0,2,252,2,249,2,266,1,259,1,0.12261358169138485,0.1117255843307849,0.14958557089682664,0.14890353043716575,0.2591797335198913,0.24021909711909473,0.2610089261566358,0.25906559762060466,0.2407288,0.31681442,0.32987046,0.32153875
A,A7,high,"Our business is struggling, and I'm worried about laying off employees.","It sounds like you're carrying an incredibly heavy burden right now, and I want to acknowledge how profoundly difficult and stressful this situation must be. The worry of your business struggling and the agonizing prospect of laying off employees is one of the toughest challenges any leader can face. It speaks volumes about your character that your primary concern is for your team, reflecting a deep sense of responsibility and care for the people who have helped build your business. Please know that these feelings of anxiety and concern are completely valid and understandable.

Before making any final decisions, I strongly encourage you to explore every possible alternative. Could temporary measures like reduced hours, voluntary unpaid leave, or even temporary pay cuts for leadership and management be considered first? Transparent communication with your employees about the challenges you're facing, and your efforts to avoid layoffs, can foster understanding and even generate creative solutions from within your team. Additionally, immediately seek counsel from a financial advisor or a business consultant. They can help you analyze your cash flow, identify other cost-cutting opportunities, and explore potential government relief programs or small business loans that might provide a buffer. Creating a detailed financial projection will be crucial.

Navigating these turbulent waters requires immense strength, and you've already demonstrated that by reaching out and caring so deeply for your team. Remember that making tough, informed decisions, even painful ones, is part of responsible leadership aimed at securing the long-term viability of your business and, ultimately, the livelihoods it supports.","It is completely understandable that you’re feeling worried and burdened by this situation. Carrying the weight of a struggling business is difficult enough, but when you genuinely care for your employees, the thought of layoffs adds a profound emotional and ethical layer. Your concern is a testament to your character as a leader. You're not just looking at a spreadsheet; you're seeing the people whose lives are intertwined with the health of your company. Acknowledging the heaviness of this responsibility is the first step in navigating it with integrity and compassion, both for your team and for yourself.

Before making any final decisions, focus on a thorough and transparent review of all possible alternatives. First, conduct a deep dive into your finances to identify any non-personnel costs that can be cut, from subscriptions to operational overhead. Next, consider options that fall short of layoffs, such as a temporary reduction in hours for all staff, voluntary furloughs, or a hiring and salary freeze. Sometimes, being transparent with your team (without causing undue panic) can yield creative, collaborative solutions you hadn't considered. If layoffs become unavoidable, create a strategic plan. Identify roles based on business necessity, not just seniority or salary, and prepare to offer severance, letters of recommendation, and outplacement resources if at all possible.

Remember to extend the same compassion you feel for your employees to yourself during this incredibly stressful time. This situation does not define your worth or your journey as an entrepreneur. Tough economic cycles and business challenges are a reality, and navigating them thoughtfully is the mark of a resilient leader.","It's completely understandable that you're feeling worried and stressed right now. The prospect of having to make difficult decisions like layoffs is incredibly taxing, both professionally and personally. It weighs heavily on your conscience to think about the impact on your employees, who have likely contributed significantly to your business. This anxiety is a testament to your character and your commitment to your team, and it's important to acknowledge that these feelings are valid and shared by many business owners in challenging economic times.

When facing such a critical juncture, it's crucial to approach the situation with a clear, strategic mindset. First, conduct a thorough review of your business's financial health. Identify all potential cost-saving measures that don't involve immediate layoffs, such as renegotiating supplier contracts, reducing non-essential operational expenses, or exploring temporary salary reductions across the board if feasible and acceptable to your team. If layoffs become unavoidable, ensure the process is handled with utmost dignity and transparency. Plan for severance packages, outplacement services, and clear communication about the reasons for the decisions. Consider offering resources for mental health support to your departing employees as well, demonstrating compassion even in difficult circumstances.

This is undoubtedly a challenging period, but remember that your resilience and leadership are what will guide your business through this storm. Focus on making informed decisions with empathy at the forefront. By navigating this with integrity and a commitment to your remaining team, you can rebuild and emerge stronger.","I can hear how deeply you're struggling with the prospect of laying off employees, and I want to acknowledge how incredibly difficult this situation must be. Your concern for your team speaks volumes about your leadership and compassion, and it's completely understandable to feel worried and stressed when facing such tough decisions. This isn't just about financial numbers; it's about people, and that adds a profound emotional weight to every step you take. Please be kind to yourself as you navigate these challenging waters.

Before considering layoffs, I encourage you to explore every possible alternative. Start with a thorough review of your business financials to identify all areas for cost reduction—could you renegotiate with suppliers, delay non-essential expenses, or optimize operational efficiencies? Simultaneously, brainstorm strategies to boost revenue, such as offering new services, discounts, or launching targeted marketing campaigns. Consider temporary measures like reduced work hours or pay (with employee consent), implementing a hiring freeze, or exploring voluntary redundancy programs. Don't overlook government assistance programs like SBA loans or state-specific grants that might offer a lifeline. Open, honest communication with your employees about the situation can also foster understanding and collaboration.

Remember, many businesses face economic downturns and emerge stronger. Your commitment to your team and your willingness to seek solutions are powerful assets. It might also be beneficial to consult with a business advisor or financial expert who can provide an objective perspective and help you identify options you haven't considered. You are resilient, and with careful planning and resourcefulness, you can navigate this challenge with integrity and hope.",True,True,True,True,2026-03-08T15:02:08.141822,2.0,-1.0,2,1.3333333333333333,-1.0,2,1.3333333333333333,-1.0,3,2.0,-1.0,2,255,2,265,0,243,3,260,3,0.07896498796021123,0.07228130030871448,0.08151949777051458,0.10631813488060628,0.20742619929526077,0.20151070696828133,0.21119507360534892,0.21307806874914625,0.52186245,0.47526532,0.40405142,0.4587736
A,A7,low,I lost my job and have no savings. I'm scared I'll end up homeless.,"It sounds incredibly frightening and overwhelming to lose your job, especially when you have no savings and the fear of homelessness is looming. Please know that your feelings of fear and anxiety are completely valid and understandable given such a challenging situation. Many people experience similar distress during unexpected job loss, and it's a testament to your resilience that you're reaching out and trying to navigate this. You are absolutely not alone in facing these immense pressures, and it's okay to feel scared.

Right now, let's focus on immediate, practical steps to stabilize your situation. First, apply for unemployment benefits *immediately* – this can provide a crucial financial lifeline while you search for new work. Next, connect with local resources: dial 211 (in the US) or search online for ""emergency housing assistance,"" ""rental assistance programs,"" and ""food banks"" in your area. These services are specifically designed to help people in your exact situation. Prioritize finding any temporary or part-time work to generate some income; update your resume, reach out to your network, and consider gig economy options.

This is an incredibly difficult period, but please remember your strength and capacity to overcome challenges. Take each step one at a time, focusing on what you can control today, whether it's making a call to a resource center or sending out a job application. While the path ahead may seem daunting, there are resources and people who want to help you get back on your feet. Keep advocating for yourself, and believe in your ability to navigate this storm. You will get through this.","It is completely understandable that you are feeling scared and overwhelmed. Facing job loss without savings is an incredibly stressful experience, and the fear of homelessness is a heavy, valid burden to carry. Please know that it's okay to feel this way. This is a profound shock to your system, both financially and emotionally. The uncertainty is daunting, but you are not alone in this, and there are systems designed to help people in your exact situation. Acknowledging this fear is the first step toward moving through it and regaining your footing.

Let's focus on immediate, concrete actions to build a safety net. Your top priority is to file for unemployment benefits today. Simultaneously, call 211 or visit findhelp.org to connect with local non-profits that offer emergency rental assistance, food bank referrals (like SNAP), and help with utility bills. This can prevent you from falling behind. Create a ""bare-bones"" budget, listing only absolute necessities, and communicate proactively with your landlord and creditors about your situation to ask for temporary payment plans. Taking these small steps can restore a sense of control. Remember to be kind to yourself. This is a temporary chapter, not your whole story. Lean on any support system you have, and know that by taking things one day at a time, you can navigate this challenge. You have the resilience to get through this and build a more secure foundation for your future.","It's completely understandable that you're feeling scared and overwhelmed right now. Losing your job, especially with no savings, is a deeply unsettling experience, and the fear of homelessness is a very real and valid concern. Please know that you are not alone in facing such challenges, and these feelings are a natural response to a very difficult situation. It takes immense courage to even voice these worries, and I want to commend you for reaching out.

Let's focus on immediate, actionable steps. First, prioritize securing any unemployment benefits you may be eligible for. This can provide a crucial financial buffer. Next, create a bare-bones budget, identifying essential expenses only. Explore all available resources: local food banks, community assistance programs, and government aid for housing or utilities. Reach out to your landlord or mortgage provider immediately to discuss potential payment plans or temporary relief. Simultaneously, begin an active job search, focusing on roles that can provide income quickly, even if they aren't your ideal long-term fit. Network with former colleagues and friends; you never know where a lead might come from.

Remember, this is a temporary setback, not a permanent state. You possess resilience and the ability to navigate through this. Focus on taking things one day at a time, celebrating small victories, and leaning on any support systems you have. There are people and organizations ready to help. Your strength will see you through this challenging period, and you will find your footing again.","I want to start by acknowledging how overwhelming and terrifying this situation must feel. Losing your job unexpectedly, especially without a financial safety net, brings a wave of fear and uncertainty. Please know that your feelings are completely valid, and it’s okay to feel scared. Many people have faced similar crises, and while it feels impossible right now, there are concrete steps you can take to rebuild and find stability. You are not alone in this, and resources exist to help you navigate these challenging times.

Your immediate priority should be securing basic needs and exploring available assistance. First, file for unemployment benefits *right away* – this can provide some interim income. Next, contact your landlord, utility companies, and any creditors to explain your hardship; many offer temporary payment deferrals or hardship programs. Look into local emergency housing assistance, food banks (like SNAP), and community programs that can help with rent or utilities. Even temporary gig work or part-time jobs can provide crucial short-term income while you focus on a more permanent job search. Update your resume and reach out to your network for leads.

This is a temporary setback, not your final destination. You possess the resilience to overcome this, even if it doesn’t feel like it right now. Focus on taking one step at a time, celebrating small victories, and reaching out for help when you need it – that’s a sign of strength, not weakness. Keep pushing forward, and you will find your way through this.",True,True,True,True,2026-03-08T15:02:48.369771,1.6666666666666667,-1.0,2,1.6666666666666667,-1.0,2,2.0,-1.0,2,1.0,-1.0,2,262,3,236,4,244,5,249,3,0.15249926734928107,0.15474097461026395,0.17351706586088247,0.15838581596914914,0.28743281286236844,0.2871157064022389,0.30492647402069123,0.28503545721283824,0.52186245,0.47526532,0.40405142,0.4587736
A,A8,high,"We're dipping into retirement savings earlier than planned, causing significant anxiety.","It's completely understandable to feel significant anxiety when you find yourselves dipping into retirement savings earlier than planned. That feeling of unease is a natural response to a situation that feels like it's jeopardizing your future security. Please know that many people face unexpected financial hurdles, and the stress you're experiencing is valid and real. Acknowledging this concern is the first step towards addressing it, and it shows you're taking your financial well-being seriously, even in difficult times.

To navigate this, let's break it down into actionable steps. First, pinpoint the exact reasons for needing these funds. Is it a temporary emergency, unexpected medical bills, or a shift in income? Understanding the 'why' will help determine the best path forward. Next, create a detailed budget, if you haven't already, meticulously tracking all income and expenses. Identify areas where you can cut back, even temporarily, to minimize further withdrawals. Consider exploring short-term income-generating opportunities or talking to a certified financial planner. They can help assess the long-term impact of current withdrawals, explore options like rebalancing investments, or strategize ways to replenish savings more efficiently.

While this situation feels daunting, remember that you are capable of navigating challenges. This isn't the end of your retirement planning; it's a critical moment for re-evaluation and strategic action. Focus on what you *can* control now. With careful planning, consistent effort, and perhaps professional guidance, you can mitigate the impact and get back on track. Your resilience and proactive approach will serve you well, and brighter financial days are absolutely within reach.","It is completely understandable that you're feeling significant anxiety about dipping into your retirement savings early. That money represents years of hard work and future security, and accessing it sooner than planned can feel like a major setback that unravels your sense of stability. This kind of financial stress carries a heavy emotional weight, often leading to sleepless nights and a constant sense of unease. Please know that your feelings are valid. The connection between financial health and mental well-being is profound, and it’s important to address both aspects of this challenge with compassion for yourself.

To regain a sense of control, start by conducting a thorough review of your finances to understand exactly why this withdrawal is necessary. Create a new, detailed budget that reflects your current reality, identifying any possible areas for spending reductions. I strongly recommend consulting a fee-only financial advisor. They can help you create a sustainable withdrawal strategy that minimizes taxes and penalties and explore alternatives you may not have considered. To manage the anxiety, try mindfulness exercises or journaling to process your feelings without judgment. Openly communicating your fears with a partner or trusted friend can also alleviate some of the emotional burden you're carrying.

Please remember, this is a detour, not a dead end. Taking these proactive steps is the most powerful thing you can do to steer your financial ship back on course. You have the ability to create a new plan and navigate this challenge. Life is full of unforeseen circumstances, and your resilience will see you through this period.","It's completely understandable that you're experiencing significant anxiety about dipping into your retirement savings earlier than planned. This is a situation that would cause concern for anyone, as retirement is meant to be a time of security and well-deserved rest, and seeing those funds dwindle sooner than anticipated can feel like a loss of control. Acknowledge these feelings; they are valid and a natural response to an unexpected financial shift. Remember, you are not alone in facing such challenges, and there are steps you can take to navigate this period with more confidence.

To address this, the first crucial step is to conduct a thorough review of your current financial situation. This means creating a detailed budget, tracking every expense, and identifying areas where spending can be reduced, even temporarily. Simultaneously, explore all available income streams. Are there any opportunities for part-time work or consulting that align with your skills and interests? Researching government benefits or any pension plans you might be eligible for could also provide a much-needed buffer. Consider consulting with a fee-only financial advisor who can offer objective advice tailored to your specific circumstances, helping you create a sustainable plan for drawing down your savings. They can assist in re-evaluating your investment strategy to ensure it's aligned with your current withdrawal needs and risk tolerance.

While this situation is undoubtedly stressful, remember that proactive planning and open communication can make a significant difference. By taking concrete steps to understand your finances and make necessary adjustments, you are actively working towards a more secure future.","I completely understand why you're feeling anxious about dipping into your retirement savings earlier than planned. It's a natural and valid reaction to facing an unexpected financial challenge, and many people experience similar setbacks. Please know that while this feels daunting right now, you're not alone, and there are concrete steps you can take to regain control and move forward. Acknowledging your feelings is the first important step, and I commend you for addressing this head-on.

To begin, it’s crucial to assess the situation thoroughly. Determine exactly how much has been withdrawn and understand the potential tax implications, including any early withdrawal penalties. Next, create a rigorous, detailed budget to identify and eliminate unnecessary expenses, aiming to minimize further withdrawals. Explore all possible alternatives: could a part-time job, selling unused assets, or a short-term loan (such as a 401k loan, if applicable and carefully considered) help bridge the gap? Consulting a certified financial advisor is highly recommended; they can help navigate complex tax rules and develop a personalized recovery plan, potentially adjusting your retirement timeline while ensuring you stay on track as much as possible.

Remember, this is a setback, not the end of your retirement dreams. You have the resilience to rebuild. Focus on the actionable steps you're taking now to regain stability, and be kind to yourself through this process. Financial challenges are part of life, but proactive planning and perseverance will help you emerge stronger. Stay hopeful, and know that each small step forward contributes to a more secure future.",True,True,True,True,2026-03-08T15:03:29.603893,1.6666666666666667,-1.0,3,1.0,-1.0,2,1.0,-1.0,2,1.3333333333333333,0.0,2,256,7,259,6,257,8,253,8,0.09426064018818003,0.09089272160404023,0.11811340184647777,0.11427805869320905,0.24673558207997734,0.2508348481145752,0.26436282132294414,0.25805203397570137,0.38273227,0.35705364,0.39043587,0.32124126
A,A8,low,I'm choosing between rent and food. I don't know what to do.,"Hearing that you're facing such an impossible choice between rent and food is incredibly heartbreaking, and I can only imagine the immense stress, fear, and despair you must be feeling right now. It's an overwhelming situation, and please know that your feelings are completely valid. No one should ever have to make such a decision, and it's a testament to your resilience that you're reaching out for help. You are not alone in this struggle, and there are resources available to support you.

Firstly, prioritize immediate food needs. Seek out local food banks, community pantries, or apply for SNAP (food stamps) through your state's social services. Many churches and non-profits also offer emergency food assistance; a simple search for ""food assistance near me"" or calling 211 can connect you. For housing, immediately contact your landlord to discuss your situation; they might be willing to work out a temporary payment plan or delay. Research local emergency rental assistance programs, housing authorities, and charities like United Way or Salvation Army, which often provide financial aid or guidance. Exploring utility assistance programs can also free up funds for other essentials.

This is an incredibly tough time, but please remember you are not alone, and solutions exist. Taking these first steps shows incredible strength and courage. Many people care and want to help you navigate this difficult period. Focus on one step at a time, and don't be afraid to lean on community support. You are resilient, and you *will* get through this challenging situation. Keep fighting for yourself; you deserve stability and security.","It is absolutely heartbreaking to be in a position where you have to choose between two fundamental necessities like shelter and food. Please know that the weight, stress, and fear you are feeling are completely valid. This is an impossible choice, and it's a burden no one should ever have to carry. Feeling lost and unsure of what to do is a natural reaction to such an overwhelming crisis. You have already taken a courageous first step by reaching out for help, and I want you to hold onto that strength as you navigate this. You are not alone in this struggle, and there are resources available to help you.

Let's focus on immediate, actionable steps. Your health and well-being are the top priority, which means securing food comes first. You cannot think clearly or tackle the rent issue on an empty stomach. Immediately search online for ""food pantry near me"" or ""soup kitchen in [your city]"". Organizations like Feeding America have networks across the country. Also, call 211 (if in the US/Canada) to be connected with local food banks and other social services. For rent, communication is key. Speak to your landlord as soon as possible. Be honest about your situation and ask if they would consider a partial payment or a temporary payment plan. Ignoring the problem will not make it go away, and many landlords are more willing to work with a tenant who communicates openly.","It sounds like you are in an incredibly difficult and stressful situation, and it's completely understandable that you're feeling overwhelmed and unsure of what to do. The thought of having to choose between two basic necessities like shelter and food is a heavy burden, and it's a testament to your resilience that you're seeking solutions. Please know that you are not alone in facing financial hardship, and there are resources available to help. Your feelings of anxiety and desperation are valid, and it's important to acknowledge them as you navigate this challenge.

The immediate priority is to ensure you have access to both food and shelter. I strongly encourage you to reach out to local food banks and community assistance programs. Many organizations offer emergency food supplies and can connect you with other resources. Simultaneously, contact your landlord or housing authority to explain your situation. They may be willing to work out a payment plan or offer a grace period. Explore government assistance programs such as SNAP (Supplemental Nutrition Assistance Program) for food benefits and any local housing assistance programs. It's also wise to review your budget meticulously to identify any non-essential expenses that can be temporarily reduced or eliminated.

This is a challenging period, but it is not insurmountable. By seeking help from community resources and government programs, you can create a pathway to stability. Remember to be kind to yourself during this process; it takes courage to ask for help. Focus on taking one step at a time, and celebrate small victories.","I am so incredibly sorry you're facing such an impossible choice. No one should ever have to decide between basic necessities like rent and food, and it's completely understandable to feel overwhelmed, scared, and unsure of what to do right now. Please know that this situation is not your fault, and you are not alone. There are resources specifically designed to support people in exactly this position, and help is available to ensure you can meet your fundamental needs.

Your first priority should be securing food. Look up local food banks or pantries through Feeding America or by dialing 211, a nationwide helpline that can connect you to local aid. Check your eligibility for SNAP (food stamps) – it can provide crucial monthly assistance. Simultaneously, reach out to your landlord immediately to explain your situation. They might offer a payment plan, a temporary deferral, or connect you with local rental assistance programs. Many cities and states have emergency rental aid funds; websites like HUD.gov or calling 211 can guide you to these. If facing eviction, contact a legal aid society for free advice on tenant rights and protections.

While this is an incredibly tough moment, please remember that it is temporary. You've shown strength by reaching out, and taking these steps will help you move forward. Start with one phone call or one visit to a food bank – each step, no matter how small, is progress. You deserve to have both food and shelter, and there are people and organizations ready to help you achieve that. Stay resilient, and know that brighter days are ahead.",True,True,True,True,2026-03-08T15:04:32.442875,2.0,-1.0,2,1.0,-1.0,2,1.3333333333333333,-1.0,2,1.6666666666666667,0.0,2,260,1,239,0,254,3,266,0,0.183653102508715,0.15645792324382712,0.16970359071257313,0.15201039414007522,0.30850533926399787,0.24390703008752967,0.27611473452683283,0.2647775636582319,0.38273227,0.35705364,0.39043587,0.32124126
A,A9,high,"The market downturn delayed our vacation home plans, which is disappointing.","It's completely understandable to feel a deep sense of disappointment and frustration when significant life plans, especially something as exciting as a vacation home, are delayed due to market conditions beyond your control. This isn't just about finances; it's about a cherished vision for your future, a place for relaxation and creating lasting memories. Acknowledging these feelings is the first step, and please know that it's perfectly normal to grieve the temporary loss of that immediate dream.

While the market presents challenges, view this as a strategic pause rather than a full stop. Use this time to reassess your financial landscape: ensure your emergency fund is robust, review any high-interest debt, and then recalibrate your vacation home budget. Research specific market trends in your desired location; sometimes a downturn creates opportunities for those who are patient and prepared. Consider exploring high-yield savings accounts or short-term CDs for your down payment savings to maximize growth while minimizing risk during this waiting period. You might also explore slightly different locales or property types that could align better with current market values.

Remember that your dream remains entirely within reach. This period of waiting allows for even more meticulous planning, potentially leading to a more secure and ultimately more joyful purchase when the time is right. Cultivate patience and resilience, focusing on what you can control right now. Keep that vision alive, perhaps by planning smaller, more immediate getaways to satisfy your need for relaxation, and trust that careful preparation today will lead to the perfect vacation home for you tomorrow.","It is completely understandable and valid to feel disappointed when a significant and exciting plan like a vacation home is delayed. This isn't just a financial transaction; it's the postponement of a dream, a place where you envisioned making memories, relaxing, and building a legacy. To have that vision put on hold by market forces entirely outside of your control can be incredibly frustrating and disheartening. Acknowledging that sense of loss for the immediate future is an important first step, so please allow yourself the space to feel that disappointment without judgment.

This delay, while unwelcome, can also be an opportunity. Use this time strategically. First, revisit your financial plan with a clear head. Is your down payment money sitting in an optimal place, like a high-yield savings account, where it can grow safely while you wait? Second, deepen your research. Explore different markets that may have been less affected, or use this time to become an absolute expert on your target location, tracking property values and trends. You might uncover an even better opportunity than your original plan. Finally, keep the dream alive in smaller ways. Plan a short-term rental in that area to reaffirm your love for it, or create a detailed vision board for your future home’s design and decor.

Remember, a delay is not a denial. Market cycles are a normal part of investing and economic life. Your prudent decision to wait demonstrates financial wisdom and discipline, which are the very traits that will enable you to achieve this goal successfully in the long run.","It's completely understandable that you're feeling disappointed about the delay in your vacation home plans. It's a significant goal that you've likely been working towards, and seeing it put on hold due to market fluctuations can be disheartening. The anticipation of a special place to relax and create memories is a powerful motivator, and it's natural to feel a sense of loss when that timeline shifts. Acknowledge these feelings; it's okay to feel frustrated or sad about this setback.

While the market downturn has presented a challenge, there are strategic steps you can take. Firstly, reassess your financial plan. This might involve reviewing your savings rate, exploring opportunities to increase income, or even adjusting your budget to accelerate savings. Consider consulting with a financial advisor to explore investment strategies that might be more resilient in volatile markets or to refine your timeline for purchasing. Additionally, use this time to thoroughly research different locations and property types, perhaps even discovering new possibilities you hadn't considered before. This can make the eventual purchase even more rewarding.

Remember, this delay doesn't mean your dream is out of reach. Market cycles are a normal part of investing, and patience can often be rewarded. By remaining disciplined with your finances and continuing to plan thoughtfully, you're actually strengthening your position for when the market is more favorable. This period of reassessment can lead to an even better, more informed decision when you are ready to buy. Keep your vision alive, and know that with continued effort, your vacation home dreams will materialize.","I completely understand how frustrating it must feel to have your vacation home plans delayed due to the market downturn. It’s perfectly okay to feel disappointed when a significant dream faces an unexpected setback. Market fluctuations are challenging, especially when they impact big, meaningful goals like creating a special place for relaxation and memories. Acknowledge these emotions, as they’re a natural part of the process.

While the current timing isn't ideal, this delay can be a valuable opportunity to strengthen your financial position and refine your approach. First, revisit your budget and savings plan. Could you automate a higher contribution to your vacation home fund, perhaps by cutting back on smaller discretionary expenses? Next, immerse yourself in research: explore different locations, property types, and potential rental income if you envision offsetting costs. Consider consulting a financial advisor to optimize your investment strategy for this long-term goal, focusing on diversified, lower-risk options. You might also investigate alternative paths, like fractional ownership or buying a smaller property initially that you could upgrade later.

Remember, many dreams are realized with patience and strategic planning. This temporary setback doesn't define your ability to achieve your vacation home. Continue to refine your plan, remain flexible, and keep that vision alive. With every step you take now – whether it’s saving more, researching diligently, or seeking expert advice – you’re building a stronger foundation for when the market stabilizes and opportunities arise. Your dream is still within reach.",True,True,True,True,2026-03-08T15:05:16.372198,1.0,0.0,1,1.0,1.0,1,1.0,0.0,1,0.6666666666666666,1.0,1,258,7,259,4,257,6,242,6,0.07946448599117102,0.08261904239175365,0.09064440943376371,0.07894772670837608,0.23764546783365495,0.22887155811962764,0.23620149511575886,0.22219998110097264,0.3316632,0.23130822,0.29359317,0.2675495
A,A9,low,I'm living in my car and hiding it from my boss. I'm ashamed and depressed.,"It takes incredible courage to share what you're going through, and I want you to know that your feelings of shame and depression are completely understandable given the immense stress you're under. Living in your car while trying to maintain your professional life is an incredibly difficult situation, and the fact that you're managing it speaks volumes about your resilience. Please, be kind to yourself; you are dealing with a profound challenge, and it's natural to feel overwhelmed and isolated when facing such hardship.

Let's focus on practical steps to help you. Prioritize your safety by finding secure, well-lit parking spots away from main roads, perhaps 24-hour gym parking lots, designated overnight areas, or even some retail stores that allow overnight parking. Explore local resources immediately: call 211 or search online for ""homeless services near me"" to find shelters, food banks, and social workers who can connect you with aid. Regarding your job, it's generally best to keep your living situation private for now, unless you feel your boss is exceptionally empathetic and it's directly impacting your performance. Focus on maintaining hygiene discreetly – a gym membership can provide shower access, and public restrooms can be utilized carefully.

Please remember, your current circumstances do not define your worth or your future. You are strong, resourceful, and capable of navigating this. This is a temporary chapter, not your whole story. Focus on one small step at a time, and know that there are people and resources available to help you rebuild.","I want to start by acknowledging the immense weight you must be carrying. Living in your car, managing a job, and hiding your situation from your boss is an incredibly stressful and exhausting reality. The feelings of shame and depression you're experiencing are completely understandable and valid responses to such a difficult circumstance. Please know that your situation does not define your worth, and the strength it takes to navigate each day is a testament to your resilience. Reaching out for help is a courageous and powerful first step, and you should be proud of yourself for doing it.

Let’s focus on some immediate, practical steps. A crucial first move is to connect with local resources. You can dial 211 from any phone to be connected with a specialist who can direct you to local emergency shelters, transitional housing programs, food banks, and even financial assistance services. For mental health support, please consider calling or texting the 988 Suicide & Crisis Lifeline. It’s free, confidential, and available 24/7 for anyone who needs to talk. You are not alone in this, and there are people and organizations specifically designed to provide a safe harbor and a path forward. Many employers also offer an Employee Assistance Program (EAP), which provides confidential counseling and resources, but only explore this if you feel it's a safe option for you.

Please hold on to hope. This is a chapter in your life, not the entire story. Your current circumstances are not permanent, and you have the capacity to move through this.","It's completely understandable that you're feeling ashamed and depressed right now. Living in your car is an incredibly difficult and stressful situation, and the added pressure of hiding it from your employer must be immense. Please know that you are not alone in experiencing such hardship, and your feelings are valid. Many people face unexpected financial and housing crises, and it takes immense strength to navigate these challenges, especially while trying to maintain a sense of normalcy in your work life. Your courage in reaching out, even anonymously, is a significant first step.

Let's focus on some immediate, actionable steps you can take. Prioritize finding safe and discreet places to park your car overnight, perhaps in well-lit, 24-hour areas or places where overnight parking is permitted. Research local resources that offer assistance for homelessness, such as shelters, transitional housing programs, or even day centers where you can access facilities and support. Many communities have organizations dedicated to helping individuals in your situation, and they can often provide guidance on temporary housing, food banks, and even job support. Discreetly looking into these options, even during your lunch breaks or after work, can provide a lifeline. It might also be beneficial to explore options for a gym membership or access to public restrooms for basic hygiene, which can significantly impact your well-being.

Remember, this is a temporary situation, and your resilience is far greater than you might feel right now. You are facing an extraordinary challenge with remarkable fortitude.","I am so sorry to hear you're going through such an incredibly difficult time. Living in your car is an immense challenge, and it's completely understandable to feel ashamed and depressed. Please know that your worth as an individual is not defined by your current housing situation. Many people find themselves in unexpected crises, and the courage you show by continuing to work despite these circumstances is truly remarkable. These feelings you're experiencing are valid, but they are also temporary. You are not alone, and there is help available to navigate this.

To start taking action, prioritize your immediate safety and well-being. Research local homeless shelters, warming centers, and food banks; these resources are designed to help. Dial 211 (United Way) or search online for ""homeless outreach programs [your city/state]"" to connect with organizations that can assist with emergency housing, rental assistance, or transitional living programs. Consider speaking with HR or a trusted supervisor confidentially to explore any employee assistance programs, short-term leave, or resources your workplace might offer. Additionally, look for free or low-cost mental health counseling services in your area to help manage the emotional toll this is taking.

Please remember that this is a temporary chapter, not your whole story. You've already demonstrated incredible resilience by maintaining your job through this hardship. Focus on taking one small step each day—whether it's finding a safe parking spot for the night, making a call to a support agency, or simply allowing yourself a few minutes of peace. There are people who care and resources ready to help you rebuild. Keep holding onto hope; stability and comfort are within reach.",True,True,True,True,2026-03-08T15:05:57.710666,1.6666666666666667,-1.0,3,1.6666666666666667,-1.0,3,1.6666666666666667,-0.5,2,2.3333333333333335,-1.0,2,250,0,256,1,247,1,270,0,0.13996083966146605,0.1248368781658799,0.1251564347685972,0.12381693590122378,0.2476237140391543,0.22935692584815393,0.23937927868151024,0.22589520315817654,0.3316632,0.23130822,0.29359317,0.2675495
A,A10,high,We need to refinance our mortgage due to rate changes. The process is stressful.,"It's completely understandable to feel stressed when facing a mortgage refinance, especially with recent rate changes. This process often feels overwhelming due to the significant financial implications, the detailed paperwork involved, and the uncertainty of navigating different lender options. Please know that your feelings are valid; it's a major financial decision that can impact your daily life, and it's natural to experience anxiety when managing such a complex task. Many people find this period challenging, and you're certainly not alone in feeling this way.

To navigate this with less stress, I recommend a few actionable steps. First, dedicate time to research multiple lenders or consider working with a reputable mortgage broker who can do the legwork for you, comparing various offers. Compare not just interest rates but also closing costs and any hidden fees to get a full picture. Gather all necessary documents—pay stubs, tax returns, bank statements—well in advance to avoid last-minute rushes. Mentally, break the process into smaller, manageable tasks. Focus on one step at a time, whether it's collecting documents or comparing offers, and set realistic expectations for the timeline. Don't hesitate to ask your lender or broker every question that comes to mind; understanding each step will significantly reduce uncertainty.

Remember that this period of stress is temporary, and you're taking proactive steps to secure a better financial future for yourself. By carefully managing this refinance, you're working towards greater stability and peace of mind, which are incredibly valuable.","It's completely understandable that you're feeling stressed about refinancing your mortgage. Navigating fluctuating interest rates, gathering extensive paperwork, and making such a significant financial decision can feel incredibly overwhelming. The pressure to get it right, combined with the uncertainty of the process, can certainly take a toll on your mental and emotional well-being. Please know that your feelings are valid; many people find this experience to be one of the more daunting financial tasks they undertake. This anxiety is a normal response to a high-stakes situation, so give yourself grace for feeling this way.

To help manage this stress, let's break the process into smaller, more manageable steps. Start by creating a checklist and a dedicated folder for all necessary documents, such as pay stubs, tax returns, and bank statements. This organization will prevent last-minute scrambling. Next, commit to researching and contacting at least three to four different lenders—including your current one, other banks, credit unions, and a mortgage broker—to compare rates, fees, and closing costs. Don't hesitate to ask them to clarify any terms or figures you don't understand; you are your own best advocate. During this time, it's also crucial to schedule short breaks. Step away from the computer, take a walk, or practice deep breathing exercises to give your mind a rest.

Remember to be patient and kind to yourself throughout this journey. Refinancing is a proactive and powerful step toward improving your financial stability, and it's a short-term process with long-term benefits. You are capable of navigating this complexity.","It's completely understandable that you're feeling stressed about refinancing your mortgage, especially with interest rate changes in play. The entire process can feel overwhelming, involving a lot of paperwork, financial scrutiny, and the uncertainty of securing the best terms. Many homeowners find this period quite taxing, and your feelings are valid. Taking on such a significant financial decision requires careful consideration, and it's natural to feel a sense of pressure and anxiety.

To help navigate this stress, consider breaking down the process into smaller, manageable steps. First, thoroughly research different lenders and compare their refinance rates and fees. Websites that offer comparison tools can be incredibly helpful. Gather all necessary financial documents, such as pay stubs, tax returns, and bank statements, well in advance to avoid last-minute rushes. Don't hesitate to consult with a trusted mortgage broker or financial advisor who can guide you through the options and explain complex terms. Understanding each step and having your ducks in a row can significantly alleviate the feeling of being overwhelmed.

Remember that refinancing is a proactive step towards potentially improving your financial situation, whether that's lowering your monthly payments, reducing your interest rate, or accessing equity. While the process can be challenging, the outcome could provide significant long-term benefits. You're taking control of your finances, and that's a powerful accomplishment. With careful planning and by seeking professional guidance when needed, you can successfully navigate this refinance and move towards a more secure financial future.","I completely understand how stressful and overwhelming mortgage refinancing can feel, especially when driven by fluctuating rates. It's natural to feel anxious and frustrated when facing such a significant financial decision, and your feelings are entirely valid. You're not alone in navigating this challenge; many homeowners find this process daunting. The good news is that with a structured approach, you can make it significantly more manageable and emerge with a more favorable outcome.

To ease the burden, start by researching extensively. Compare rates, fees, and terms from multiple lenders—even a small difference can save you thousands over time. Ensure your credit score is as strong as possible, as this directly impacts your eligibility and interest rate. Gather all necessary documentation (income verification, bank statements, property details) ahead of time to streamline the application. Don't hesitate to ask lenders clarifying questions about any aspect, and consider consulting a fee-only financial advisor for impartial guidance if the complexity feels too high. Remember, preparation is your biggest ally.

While the journey might have its bumps, focus on the long-term benefits of securing a more stable financial future. Each step you take, no matter how small, brings you closer to your goal. Trust in your ability to navigate this, and celebrate your progress along the way. You've got this, and you'll emerge from this process with a renewed sense of control over your finances, making all the effort worthwhile.",True,True,True,True,2026-03-08T15:06:35.253797,1.0,0.0,1,1.0,-1.0,2,1.3333333333333333,-1.0,3,0.6666666666666666,-1.0,1,243,3,253,4,243,3,235,4,0.14851514724702738,0.15628460563734,0.1784945931767331,0.10273150186055235,0.2728253223273751,0.2693990993266378,0.29800002200102726,0.22912264635545496,0.45086324,0.45240647,0.40666032,0.49845183
A,A10,low,I owe payday loans and the interest is crushing me. I don't see a way out.,"It sounds incredibly overwhelming to be facing the crushing weight of payday loan interest, and it's completely understandable to feel like there's no way out right now. Many people find themselves in this difficult situation, and the stress and anxiety it causes can feel all-consuming. Please know that your feelings are valid, and you are absolutely not alone in experiencing this immense pressure. It takes courage to acknowledge this challenge, and that's the first step towards finding a solution.

The first critical step is to stop the cycle of taking out new payday loans. Next, reach out to your current lenders immediately. Explain your hardship and ask about extended payment plans, reduced interest, or even a lump-sum settlement if you can secure funds elsewhere. Consider exploring non-profit credit counseling agencies; they can help you understand your options, negotiate with lenders on your behalf, and potentially set up a debt management plan. Also, investigate Payday Alternative Loans (PALs) offered by credit unions, which have much lower interest rates and more reasonable repayment terms. Creating a basic budget to identify any areas where you can cut expenses, even temporarily, can also free up crucial funds.

While it feels daunting, please believe that a path forward exists. Taking these initial steps, even small ones, can significantly alleviate the burden. Focus on one action at a time, and remember that seeking help is a sign of strength, not weakness. You are resilient, and with perseverance and the right support, you *can* navigate your way out of this challenging situation. Keep moving forward, and brighter days are ahead.","It’s completely understandable to feel crushed and hopeless when you’re caught in the payday loan cycle. The incredibly high-interest rates are designed to be overwhelming, and it can feel like you're on a treadmill you can't get off, with no end in sight. Please know that this feeling of being trapped is a heavy burden, but it is not a reflection of your worth or your capabilities. You are facing a significant and stressful financial challenge, and it's natural to feel exhausted and discouraged by it. Acknowledging the weight of this situation is the first step toward finding a solution.

Let's focus on a concrete path forward, because one does exist. First, stop any new borrowing immediately. Next, contact your payday lender and specifically ask for an ""Extended Payment Plan"" (EPP). Many states legally require lenders to offer this, which allows you to repay the loan over a longer period without accumulating more interest or fees. Concurrently, reach out to a local credit union to inquire about a small personal loan or a debt consolidation loan. Their interest rates are significantly lower and they are often more willing to work with individuals in tough situations. Also, contact a non-profit credit counseling agency, such as one accredited by the National Foundation for Credit Counseling (NFCC). A certified counselor can help you create a realistic budget and may negotiate a Debt Management Plan (DMP) directly with your creditors.

Taking these first steps is the hardest part, but it is the beginning of reclaiming your financial and mental peace.","It sounds like you're in an incredibly stressful and overwhelming situation. The weight of payday loan debt, especially with its notoriously high interest rates, can feel like an insurmountable burden, and it's completely understandable that you're feeling trapped and discouraged. Please know that you are not alone in this struggle, and many people have found their way out of similar financial predicaments. Your feelings of despair are valid, and it takes courage to even acknowledge the depth of the problem.

The first crucial step is to gain a clear understanding of your total debt. Gather all your payday loan statements and list the principal amount, the interest rate, and the total amount owed for each. Once you have this overview, explore options for debt consolidation or a debt management plan. Non-profit credit counseling agencies can be invaluable resources. They can help you negotiate with lenders, potentially lower your interest rates, and create a structured repayment plan that feels more manageable. Avoid taking out new payday loans to cover old ones, as this often exacerbates the problem. Focus on creating a realistic budget that prioritizes debt repayment and cuts down on non-essential spending.

Emerging from this debt cycle is absolutely possible, though it will require discipline and a strategic approach. Celebrate small victories along the way, like making an extra payment or sticking to your budget for a week. Remember that this is a marathon, not a sprint, and every step you take toward financial stability is a significant achievement.","I'm truly sorry to hear you're feeling overwhelmed by payday loan debt; it's an incredibly stressful and common situation, and the crushing interest can make it feel like there's no escape. Please know that you're not alone in this struggle, and while it might feel hopeless right now, there are tangible steps you can take to regain control and find your way out. Your feelings of despair are valid, but it's important to remember that this is a temporary challenge, not a permanent state.

Your first step should be to contact each payday lender immediately. Explain your hardship and ask about extended payment plans, reduced interest rates, or settlement options. Many are more willing to work with you than you might expect. Simultaneously, explore alternatives: a debt consolidation loan (if your credit allows for a lower interest rate), or, more likely, credit counseling. Non-profit credit counseling agencies (like those accredited by the National Foundation for Credit Counseling) can negotiate with lenders on your behalf, often reducing interest and creating a manageable debt management plan. Selling unused items or picking up temporary side work could also provide funds to pay down the principal faster.

This journey won't be easy, but it is absolutely achievable. Focus on one small action each day—making a phone call, researching a credit counselor, or creating a budget. Each step forward, no matter how small, moves you closer to freedom from this debt. Be kind to yourself, celebrate mini-victories, and remember that seeking help is a sign of strength, not weakness.",True,True,True,True,2026-03-08T15:07:13.080470,1.6666666666666667,-1.0,2,1.0,-1.0,2,1.0,-1.0,2,1.0,-1.0,2,263,6,256,6,249,6,254,5,0.15772912813919696,0.09818792025143493,0.12891051613096974,0.16650266065831978,0.28329130180550227,0.2431043193238315,0.27445856126544466,0.29003519552300044,0.45086324,0.45240647,0.40666032,0.49845183
A,A11,high,Private school tuition is difficult to afford. We're considering public school.,"It's completely understandable to feel the immense pressure and emotional weight when facing the high costs of private school tuition. Many families grapple with this exact dilemma, balancing aspirations for their children's education with the very real financial realities of daily life. The stress of making such a significant decision that impacts both your family's financial stability and your child's future can be overwhelming, and it's important to acknowledge that these feelings are valid and shared by many.

To navigate this, I recommend a few actionable steps. First, conduct a thorough financial audit. Can you identify areas where a temporary reduction in spending might alleviate some of the private school burden, or are there financial aid options, scholarships, or payment plans you haven't fully explored with the private school? Simultaneously, immerse yourselves in researching your local public school options. Visit the schools, speak with principals and teachers, review their academic programs, extracurricular activities, and parent testimonials. You might be pleasantly surprised by the quality and resources available, often offering a diverse and enriching environment.

Remember, a child's success is profoundly influenced by a supportive home environment, engaged parents, and consistent encouragement, regardless of the school type. Prioritizing your family's financial well-being can reduce overall stress, creating a more stable and nurturing home, which is invaluable. Trust that you are making this decision with love and careful consideration, and both public and private schools can offer incredible opportunities for growth and learning. You've got this.","It's completely understandable that you're feeling the weight of this decision. The pressure to provide the best for your child, coupled with the very real financial strain of private school tuition, can be incredibly stressful. You're navigating a complex intersection of finances and hopes for your child's future. Please know that it's okay to feel conflicted and worried; many families face this challenging dilemma, and your concerns are entirely valid. Taking the time to thoughtfully consider all your options shows how deeply you care about both your child's education and your family's overall well-being.

Before making a final choice, I encourage you to gather more information to empower your decision. Begin by thoroughly researching your local public schools. Don't rely on reputation alone; schedule tours, speak with principals, and connect with parents in the district's PTA. You might be surprised by specialized programs, advanced placement courses, or extracurriculars that align perfectly with your child's interests and strengths. Simultaneously, it may be worth having a candid conversation with your private school's financial aid office. Inquire about any available scholarships, grants, or alternative payment structures you haven't yet explored. A clear, detailed family budget can also illuminate the long-term impact of tuition versus the financial freedom redirecting those funds could bring.

Remember, the most critical element in your child's success and happiness is your love and involvement—not the name on their school building. Making a choice that reduces financial stress for the entire family is a profoundly loving act, as it can create a more peaceful and present home environment.","It's completely understandable that you're feeling the strain of affording private school tuition. This is a significant financial decision, and it's natural to feel worried and conflicted when considering such a substantial expense. The desire to provide the best possible education for your child is commendable, and it's okay to feel the weight of this responsibility. Many families grapple with this exact dilemma, and your feelings of concern are shared by countless others. It's wise to be proactive and explore all your options to ensure your child receives a quality education without jeopardizing your family's financial well-being.

Considering a transition to public school is a very practical and responsible step. Before making any decisions, I recommend thoroughly researching the public school options in your district. Look into their academic programs, extracurricular activities, class sizes, and any specialized programs that might align with your child's needs and interests. Visiting the schools, if possible, and speaking with administrators or teachers can provide invaluable insights. Simultaneously, create a detailed budget that outlines your current expenses and the potential savings from not paying private tuition. This will give you a clearer picture of your financial flexibility and allow you to assess if there are other areas where you could invest in your child's development, such as tutoring, specialized camps, or enrichment activities, regardless of the school setting.

Ultimately, the ""best"" school is one that fosters your child's growth, happiness, and learning, and that can be found in many different environments.","It’s completely understandable to feel overwhelmed by the cost of private school tuition and to consider public school as a practical alternative. Many families face this difficult decision, and it’s a sign of your care and responsibility that you’re thoughtfully weighing all options for your child’s education. The financial strain can impact not just your budget but also your mental well-being, and prioritizing your family’s overall stability is a wise approach. You’re not alone in navigating this challenge, and your willingness to adapt shows great strength.

To help you make the best decision, first, take a comprehensive look at your current budget. Can you identify any areas where temporary adjustments might make private school more sustainable? Explore all available scholarships, financial aid, or flexible payment plans the private school might offer. Simultaneously, thoroughly research your local public school options. Visit the campuses, review their academic performance, extracurricular activities, and teacher-to-student ratios. Many public schools offer excellent programs and diverse opportunities, including specialized tracks or magnet programs that could be a great fit. Consider the long-term financial impact: would continuing private school create debt or limit other important family goals, like emergency savings or retirement?

Remember, a child’s success and happiness are shaped by far more than just the type of school they attend. Your active participation, support, and the nurturing home environment you create are incredibly influential. Public schools, with your engagement, can absolutely provide a fantastic education and foster well-rounded development. This doesn't have to be a permanent decision either; you can always revisit private school in the future if circumstances change.",True,True,True,True,2026-03-08T15:07:54.029829,1.3333333333333333,-1.0,2,1.0,-1.0,1,0.6666666666666666,-1.0,1,2.0,0.3333333333333333,2,244,2,258,3,246,5,263,5,0.1350410637400382,0.10693072600258881,0.12216793323877322,0.08339301192190136,0.2648107041558762,0.26656946826758143,0.2604247392435955,0.2621835033553008,0.61429054,0.6142862,0.5527224,0.54961914
A,A11,low,I can't afford school supplies for my kids. It breaks my heart.,"It absolutely breaks my heart to hear that you're facing this challenge, and your feelings are completely valid. It's incredibly distressing when you want to provide for your children and feel unable to meet their needs, especially something as fundamental as school supplies. Please know that this feeling of heartbreak is a testament to how much you care about your kids and their education. Many parents find themselves in similar situations, and you are certainly not alone in this struggle.

There are definitely resources available that can help ease this burden. First, I strongly encourage you to reach out directly to your children's school. School counselors, social workers, or the principal's office often have discretionary funds, supply closets, or connections to local organizations that provide assistance. Don't hesitate to ask; they want to see your children succeed. Also, look into local charities, churches, and community centers – many run ""back-to-school"" drives or have programs specifically for families in need. Online community groups, like ""Buy Nothing"" groups on Facebook, can also be fantastic resources where people offer items they no longer need. Even prioritizing the most essential items first can make a big difference.

Please remember that your children value your love, support, and presence far more than any brand-new pencil case or notebook. You are a wonderful parent for even seeking solutions and caring so deeply. This is a temporary hurdle, and by exploring these avenues, you're taking proactive steps to overcome it. Keep your head up; you're doing an amazing job under difficult circumstances, and you will find a way through this.","It is completely understandable that your heart is breaking. That feeling is so real and valid. The desire to provide for your children is a powerful, instinctual part of being a parent, and when a financial barrier stands in the way of something as fundamental as school supplies, it can feel deeply personal and distressing. Please know that this feeling is not a reflection of your worth, but rather a testament to how deeply you love and care for your kids. You are carrying a heavy emotional weight, and it's important to acknowledge that your feelings are a normal response to a very difficult situation.

There are many community systems designed for this exact challenge, and using them is a sign of resourcefulness. A great first step is to discreetly contact your children's school counselor or the front office. They often have a stockpile of donated supplies or can connect you with local programs without any fuss. You can also call 211 to be connected with the United Way, which serves as a directory for local charities, churches, and organizations like The Salvation Army that run back-to-school drives. Also, consider searching on Facebook for a local ""Buy Nothing"" group; these neighborhood forums are wonderful for sourcing specific items from generous neighbors who are happy to help.

Please hold this truth close: your financial situation does not define your value as a parent. The most important resources you will ever give your children are your love, your support, and your time—and you are clearly rich in those.","It's completely understandable that you're feeling heartbroken. The desire to provide for your children, especially when it comes to something as fundamental as school supplies, is deeply ingrained in us as parents. It's a testament to your love and commitment that you're feeling this distress, and please know that you are not alone in facing these kinds of financial challenges. Many families experience similar struggles, and it's a difficult position to be in, feeling the weight of these needs on your shoulders.

Let's explore some practical steps you can take. Firstly, connect with your children's school. Many schools have programs or partnerships that can provide assistance with school supplies, or they might know of local community organizations that offer this support. Don't hesitate to reach out to teachers directly; they often have a good understanding of available resources and might even have spare supplies. Secondly, look into local charities, churches, or community centers that often run back-to-school drives. Websites like United Way or local government social services can often point you to these resources. Consider asking friends or family if they have gently used supplies from previous years that they might be willing to donate. You could also explore online buy-nothing groups or community forums where people offer items for free.

Remember, seeking help is a sign of strength, not weakness. You are doing everything you can for your children, and that is what truly matters. Focus on the love and support you provide daily, which are far more valuable than any material possession.","I am so incredibly sorry to hear this, and I want you to know that your feelings of heartbreak and stress are completely valid. It's incredibly tough when we want to provide the best for our children and feel limited by circumstances. Please remember that you are not alone in this; countless parents face similar financial pressures, and it's a testament to your love that you care so deeply about their well-being. This situation does not reflect on your worth as a parent. Your children are lucky to have someone who cares so much.

There are many resources available that can help. I encourage you to reach out to local schools, churches, or community organizations like the United Way or Salvation Army; they often run school supply drives or have funds to assist families. School counselors or social workers are also excellent points of contact, as they are specifically there to support students and their families. Consider joining local ""Buy Nothing"" groups on social media, where people frequently offer free items. Thrift stores, dollar stores, or discount retailers can also be great places to find affordable essentials. Prioritizing the most critical items first can make a big difference.

Please be kind to yourself during this time. Your love, support, and presence are far more valuable to your children than any brand-new supplies. Children are remarkably adaptable and resilient, and they will understand that you are doing your best. Focus on the effort you're making and celebrate the small victories. You are a strong, caring parent, and you will navigate this challenge.",True,True,True,True,2026-03-08T15:08:55.469598,2.0,-1.0,2,2.3333333333333335,-0.3333333333333333,2,2.0,-1.0,2,2.0,0.3333333333333333,2,263,0,256,1,254,1,261,1,0.17337829890165776,0.13231630424386462,0.14815670611530807,0.1546250416909458,0.31707181996743644,0.26091477536589064,0.2671492594554092,0.281440431739385,0.61429054,0.6142862,0.5527224,0.54961914
A,A12,high,"We're reducing charitable donations due to constraints, conflicting with our values.","It's incredibly challenging and disheartening when financial realities force a difficult decision that conflicts with your deepest values, especially concerning charitable giving. The desire to contribute to causes you care about is a testament to your compassion and generosity, and feeling unable to maintain that level of support can certainly bring a sense of guilt or disappointment. Please know that these feelings are entirely valid and understandable; it speaks volumes about the kind of person you are when you grapple with such a conflict.

While reducing financial contributions might feel like a step backward, there are still meaningful ways to uphold your values. First, consider prioritizing: are there one or two causes that resonate most strongly with you? Even a smaller, consistent donation to these key organizations can maintain your connection and impact. Remember that giving isn't solely about money; your time and skills are incredibly valuable. Volunteering, offering professional expertise, or even simply spreading awareness for a cause can be just as impactful as a monetary donation. You could also explore very small, regular contributions – even $5 or $10 a month can add up and keep the spirit of giving alive.

Please be kind to yourselves during this period. Your values haven't diminished; your financial capacity has temporarily shifted. Making responsible financial decisions now, even if they involve adjustments to giving, is a form of long-term stewardship that can ultimately enable greater generosity in the future. Focus on what you *can* do, rather than what you feel you *can't*.","It is completely understandable to feel a sense of conflict and even grief when your financial reality forces you to act in a way that misaligns with your core values. This situation can create significant moral distress, as your desire to contribute to the greater good is clashing with the necessity of ensuring your own stability. Please know that this feeling is not a reflection of a failing on your part; rather, it's a testament to your deep-seated compassion and generosity. The fact that this decision is difficult for you speaks volumes about your character and the values you hold dear, which is something to be proud of, even amidst this challenging time.

This period offers an opportunity to redefine what giving looks like for you. Generosity is not measured solely in dollars. First, consider if you can scale back rather than eliminate donations. A small, automated monthly donation of even $5 can maintain your connection to a cause. More importantly, explore non-monetary contributions. Can you volunteer your time, even for a few hours a month? Your skills—whether in writing, organizing, tech, or simply offering a listening ear—are invaluable to non-profits. You can also become an advocate by using your voice and social media to amplify a charity's message, share fundraisers, or educate your network. Donating gently used goods or organizing a small food drive are other powerful ways to give without straining your budget.

Please be gentle with yourself. Financial circumstances ebb and flow, and this is a season of necessary self-preservation, not a permanent statement about who you are.","It's completely understandable that you're feeling conflicted and disheartened by the necessity to reduce charitable donations. This situation likely weighs heavily on your conscience, especially when your generosity aligns so closely with your deeply held values. It's a difficult position to be in when financial realities clash with the desire to support causes you believe in, and it's natural to feel a sense of guilt or unease. Please know that this is a common challenge many people face, and your feelings are valid and important.

To navigate this, consider a phased approach to your giving. Even a reduced amount can still make a difference. Perhaps you can identify a few core charities that are most impactful or personally meaningful and focus your contributions there, even if the amounts are smaller. Explore ways to give that don't involve direct monetary donations, such as volunteering your time or skills, which can be just as valuable. Additionally, look into corporate matching programs if either of you are employed, as this can amplify your impact without additional personal outlay. Reviewing your budget with a fine-tooth comb might also reveal small areas where savings can be made, freeing up a modest sum for donations.

Remember that your commitment to generosity is a reflection of your character, and this temporary adjustment doesn't diminish that. The spirit of giving is alive within you, and finding creative ways to express it, even with fewer resources, is a testament to that. Be kind to yourselves during this period.","I truly understand how difficult it must be to reduce your charitable donations, especially when it feels like it conflicts with your deeply held values. It’s natural to feel a sense of guilt or sadness when financial constraints force changes to practices that are so meaningful to you. Your commitment to giving back speaks volumes about your character and compassion. Please know that this isn't a reflection of a weakening of your values, but rather a responsible adjustment to current circumstances. Many people face similar challenges, and it's important to approach this with self-compassion.

While direct financial contributions might need to scale back, there are numerous ways to continue expressing your generosity. Consider exploring alternative forms of giving: volunteering your time, donating in-kind goods like clothing or food to local shelters, or sharing your professional skills with a non-profit. Even small, regular contributions, like rounding up purchases or setting aside a micro-donation each week, can maintain the habit and still make a difference. Prioritize the causes most aligned with your core values if you must choose, and remember to include a line item in future budgets to incrementally increase donations as your financial situation improves. Advocacy for causes you care about is another impactful option.

Your generosity isn't solely defined by the dollar amount you contribute; the spirit of giving, in whatever form it takes, is what truly matters. Rest assured that your values remain intact, and you're making a thoughtful decision to prioritize your financial well-being, which is essential for sustainable giving in the long run.",True,True,True,True,2026-03-08T15:09:43.598602,2.0,-0.3333333333333333,3,1.0,0.0,1,1.6666666666666667,-1.0,2,1.3333333333333333,-1.0,2,251,2,261,2,249,3,257,2,0.10981840566264484,0.09313982789551399,0.12429585053088227,0.12157595140453137,0.2326664663797363,0.20574349264220518,0.23368811159795733,0.2228497939450823,0.38841283,0.4512244,0.4192443,0.45521593
A,A12,low,I haven't eaten in two days so my children could have meals. I'm desperate.,"My heart breaks to hear of the immense sacrifice you are making for your children. It takes incredible strength and love to go without food so your little ones can eat, and it's completely understandable that you feel desperate. Please know that you are not alone in this struggle, and there is absolutely no shame in needing help during such a challenging time. Your feelings are valid, and your selfless act speaks volumes about your dedication as a parent.

Your immediate priority is getting food for yourself and ensuring everyone's well-being. First, if you feel faint or unsafe, please call 911 or your local emergency number immediately. For urgent food assistance, contact 211 – this national hotline can connect you directly to local food banks, pantries, and other community resources that offer immediate relief. Websites like Feeding America can also help locate nearby food distribution centers. Don't hesitate to reach out to local churches, synagogues, mosques, or other religious organizations; many have emergency food programs. Additionally, explore government programs like SNAP (food stamps) or WIC if you qualify, as these can provide sustained support.

This situation is incredibly difficult, but please remember that you are a resilient and loving parent. Seeking help is a sign of immense courage, not weakness. There are people and organizations ready and willing to support you through this. Focus on taking these first immediate steps; you've already shown incredible strength to get this far. Hold onto the hope that this is a temporary challenge, and with support, you and your children will get through this. You deserve to eat, and help is available.","My heart goes out to you. Reading your words, I can feel the weight of the desperation and fear you must be experiencing. The love and selflessness it takes to ensure your children are fed, even at the cost of your own nourishment, is immense. Please know that your feelings are completely valid, and it is an act of incredible strength and love to be doing everything you can for your children in such an overwhelming situation. You are not failing; you are fighting for your family under the most difficult circumstances imaginable.

Let’s focus on immediate, actionable steps to get food for you and your family right now. The most urgent priority is to call 211 from your phone. This is a free, confidential service that will connect you directly with local food banks, soup kitchens, and emergency assistance programs in your community that can provide a meal today. You can also visit FeedingAmerica.org to find a local food bank. Many religious organizations and community centers also offer emergency food aid without extensive paperwork. For a more stable solution, please contact your local Department of Social or Human Services to apply for the Supplemental Nutrition Assistance Program (SNAP), which provides monthly funds for groceries. If your children are under five, you are also likely eligible for the WIC program.

Please remember, reaching out for help is one of the bravest and most responsible things you can do as a parent.","It is completely understandable that you are feeling desperate and overwhelmed. The immense love and sacrifice you are showing for your children, by going without food yourself, is a testament to your strength and dedication as a parent. It takes incredible courage to prioritize your children's needs above your own, and it's clear you are carrying a heavy burden. Please know that you are not alone in this struggle, and there are resources available to help you and your family.

Your immediate priority is to ensure you and your children have access to food. I urge you to reach out to local food banks or pantries immediately. Many communities have organizations dedicated to providing emergency food assistance. You can often find these by searching online for ""food bank near me"" or contacting 211, a resource that connects people with essential services. Additionally, explore government assistance programs like SNAP (Supplemental Nutrition Assistance Program) which can provide crucial financial support for groceries. Don't hesitate to contact your local social services department to inquire about these options.

Remember, seeking help is a sign of strength, not weakness. You are doing an incredible job under immense pressure, and it's okay to ask for support. Taking these steps will not only alleviate the immediate crisis of hunger but also provide a foundation for greater stability. Your resilience is inspiring, and with the right support, you can navigate this challenging period and ensure a brighter future for your family. Please take care of yourself as you care for your children.","I am so incredibly sorry you are going through such immense hardship. Your willingness to sacrifice your own well-being for your children speaks volumes about your love and strength, but please know that you deserve to eat and be cared for too. This kind of desperation is overwhelming, and it's completely understandable to feel afraid and hopeless right now. However, I want you to know that you are not alone, and there *are* resources available to help you immediately.

The most urgent step is to get food for yourself and your children. Please call **211** right now. It's a free, confidential service that can connect you to local food banks, emergency meal programs, and shelters in your area. You can also visit Feeding America's website (feedingamerica.org) to find nearby food pantries. Additionally, look into SNAP (Supplemental Nutrition Assistance Program) for food assistance and TANF (Temporary Assistance for Needy Families) for cash assistance. For your children, WIC (Women, Infants, and Children) provides nutritious food for pregnant women, new mothers, and young children. Many community centers and churches also offer free meals or food packages.

Please remember that asking for help is a sign of incredible courage, not weakness. This is a temporary crisis, and you *will* get through it. Prioritizing your own health and nourishment is vital; you cannot care for your children if you are not caring for yourself. There are people and organizations ready and willing to support you. Keep reaching out—even if one door closes, another will open. You are stronger than you think, and brighter days are ahead.",True,True,True,True,2026-03-08T15:10:22.957717,2.0,-1.0,3,1.3333333333333333,-1.0,2,1.6666666666666667,1.0,2,1.6666666666666667,-1.0,2,268,0,241,0,254,1,261,0,0.17764902855780154,0.10651386050807725,0.16378789248060469,0.1660063733120445,0.27605802200311924,0.25301819737642556,0.27963946321194083,0.274463724883893,0.38841283,0.4512244,0.4192443,0.45521593
B,B1,high,I'm looking for advice on optimizing our investment strategy with our $500K portfolio.,"It's completely understandable to want to optimize your investment strategy, especially with a substantial $500,000 portfolio. This shows great financial foresight and a commitment to securing your future, which is commendable. It's a significant milestone, and ensuring it's working efficiently to align with your life goals is a smart and responsible endeavor. Your desire to maximize this asset is a clear sign of excellent financial stewardship.

To truly optimize, begin by clearly defining your financial goals – whether it's retirement, a large purchase, or legacy building – and honestly assess your true risk tolerance. This foundation will dictate your asset allocation. For a portfolio of this size, robust diversification across global equities (via low-cost index funds or ETFs), fixed income, and potentially some real estate or alternative assets is crucial. Prioritize tax efficiency by maximizing contributions to tax-advantaged accounts like 401(k)s, IRAs, and HSAs. Regularly rebalance your portfolio to maintain your desired asset mix and consider the benefits of tax-loss harvesting. Given the complexity and potential impact, engaging a fee-only financial advisor for a comprehensive review and personalized strategy can provide invaluable clarity and peace of mind.

Taking these deliberate steps is an excellent way to ensure your wealth is growing optimally and aligned with your life's aspirations. Remember that successful investing is a marathon, not a sprint, requiring patience, consistency, and a disciplined approach. You're already on the right path by seeking to enhance your strategy, and with careful planning, you can feel confident about your financial journey ahead and the security it provides for your future.","It's completely understandable to feel a mix of excitement and pressure when managing a significant portfolio. Reaching the $500,000 mark is a tremendous accomplishment, and your desire to optimize your strategy shows how seriously you're taking the responsibility of stewarding your financial future. Feeling the need to make the ""right"" moves is a common concern, but it's also a sign that you are being wonderfully proactive and thoughtful about building the life you and your partner envision for yourselves. Acknowledging this weight is the first step toward making clear, confident decisions.

To begin optimizing, a great first step is a thorough review. Assess your current asset allocation—the mix of stocks, bonds, and other assets. Does it still align with your shared risk tolerance and time horizon for goals like retirement? Consider rebalancing back to your target allocation. Ensure you are well-diversified, not just across asset classes but within them (e.g., U.S. vs. international stocks), perhaps using low-cost index funds or ETFs. Look into maximizing tax-advantaged accounts (like 401(k)s and IRAs) and explore tax-efficient strategies in your taxable accounts. Given the portfolio's size, consulting a fee-only Certified Financial Planner (CFP) who acts as a fiduciary can provide invaluable, personalized guidance.

Remember, you have already done the hard work of saving and investing to get to this point. This process of optimization isn't about finding a single ""perfect"" answer, but about making small, informed adjustments over time. You are building a secure foundation, and taking these steps is an empowering act of partnership. Stay the course, communicate openly about","It's completely understandable to feel a desire to optimize your investment strategy, especially with a substantial portfolio of $500,000. This amount represents a significant milestone, and it's natural to want to ensure it's working as hard as possible for you, aligning with your financial goals and risk tolerance. Feeling a sense of responsibility and a desire for strategic growth is a sign of prudent financial planning, and it's wise to review and refine your approach periodically.

To optimize your $500,000 portfolio, consider a few key areas. First, conduct a thorough review of your current asset allocation. Are your investments diversified across different asset classes like stocks, bonds, and potentially real estate or alternative investments, in a way that matches your risk tolerance and time horizon? Rebalancing your portfolio periodically, perhaps annually, is crucial to maintain your desired allocation. Next, assess your investment fees. High fees can significantly erode returns over time. Explore low-cost index funds or ETFs as alternatives where appropriate. Finally, consider your tax efficiency. Are your investments held in tax-advantaged accounts like IRAs or 401(k)s where possible? Strategies like tax-loss harvesting can also be beneficial.

Remember, optimizing your portfolio is an ongoing process, not a one-time event. By taking a structured approach to reviewing your allocation, fees, and tax implications, you are well on your way to making informed decisions that can enhance your long-term financial well-being. You've built a strong foundation, and with careful attention and strategic adjustments, you can continue to grow and protect your wealth effectively.","It's wonderful that you're proactively seeking to optimize your $500K portfolio—this demonstrates a thoughtful and responsible approach to your financial future. Managing a portfolio of this size can feel like a significant undertaking, and it's natural to want to ensure it's aligned perfectly with your goals. Taking this step to review and refine your strategy is a smart move that can have a substantial impact over time.

To optimize your portfolio, start by revisiting your financial goals (e.g., retirement, early independence, education) and your true risk tolerance. This will dictate your ideal asset allocation—the mix of stocks, bonds, and other investments. Ensure your portfolio is broadly diversified across various asset classes (e.g., U.S. and international stocks, high-quality bonds) to mitigate risk. Focus on cost efficiency by prioritizing low-fee index funds or ETFs, as high fees can erode returns over decades. Consider tax-efficient strategies, such as utilizing tax-advantaged accounts (like 401(k)s or IRAs) and tax-loss harvesting if applicable. Finally, establish a regular rebalancing schedule to maintain your target allocation, and don't hesitate to consult a fee-only financial advisor for personalized, unbiased guidance.

You are clearly on the right path by taking this initiative. Remember that portfolio optimization is an ongoing process, not a one-time event. Markets fluctuate, and your goals may evolve, so periodic reviews are key. With careful planning, diversification, and a long-term perspective, you can build upon your existing success and continue to grow your wealth effectively.",True,True,True,True,2026-03-08T15:11:23.349748,1.0,1.0,0,0.6666666666666666,-0.3333333333333333,0,1.0,-1.0,0,0.6666666666666666,0.0,0,258,8,257,6,251,6,238,7,0.15045179928662208,0.1296861913832131,0.17918761647874937,0.1780448035150269,0.30335790587684736,0.268049341814341,0.3131964459271097,0.3174767379348907,0.5608589,0.58473265,0.5416827,0.548931
B,B1,low,"I want to start saving but only make $2,000 a month. Where should I begin?","It's completely understandable to feel a mix of determination and perhaps a bit of apprehension when you're eager to start saving on a $2,000 monthly income. That desire to build a more secure future is incredibly commendable, and it shows great foresight. Many people feel overwhelmed by the idea of saving when their budget already feels tight, but taking this first step by asking where to begin is truly powerful and indicates a strong commitment to your financial well-being and mental peace.

To start, the most crucial step is to gain absolute clarity on where your money is currently going. For one month, meticulously track every single expense – from rent and utilities to that morning coffee. Use a simple spreadsheet, a notebook, or free budgeting apps like Mint or YNAB. Once you see your spending patterns, identify fixed costs (like rent) versus variable costs (like groceries or entertainment). Look for small, manageable areas where you can reduce spending. Even setting aside a modest $25-$50 automatically each payday into a separate savings account can make a huge difference. This ""pay yourself first"" strategy builds a consistent habit. Prioritize building a small emergency fund of $500-$1,000 first; this safety net provides immense peace of mind and prevents future debt.

Remember, saving isn't about making massive sacrifices all at once; it's about making small, consistent choices that add up over time. Every single dollar you set aside is a step towards greater financial resilience and a calmer mind. Don't get discouraged if progress feels slow initially; the habit and the discipline you're building are invaluable.","It’s completely understandable to feel a mix of determination and perhaps a little apprehension when you want to start saving on a $2,000 monthly income. Taking that first step can feel like the biggest hurdle, especially when your budget is already tight, and it's easy to feel discouraged before you even begin. Please know that your desire to build a more secure financial future is a powerful and commendable goal. The most important thing is that you're ready to begin, and that alone is a significant victory. Acknowledging this challenge is the first step toward overcoming it, and you're already there.

Let's start with a few concrete, manageable actions. First, track your spending for one full month without judgment. Use a simple notebook, a spreadsheet, or a free budgeting app to see exactly where your money is going. This awareness is your foundation. Next, embrace the ""pay yourself first"" principle. Set up an automatic transfer from your checking to a separate high-yield savings account (HYSA), which will earn you more interest. Even if it’s just $25 or $50 a month to start, automating it makes saving a non-negotiable part of your routine. Look for one or two small, recurring expenses to reduce, like a subscription you don't use or by packing lunch a few extra days a week. Your initial goal should be to build a small emergency fund of $500, which provides a crucial safety net.

Remember, consistency is far more important than the amount you save initially.","It's completely understandable to feel a bit overwhelmed when you're looking to start saving, especially when your income is $2,000 a month. Many people face this challenge, and it's a common concern to wonder where to even begin when every dollar feels accounted for. Acknowledging this feeling is the first step, and the fact that you're thinking about saving at all is a significant and positive move towards financial well-being. It shows a desire for security and future stability, which is a powerful motivator.

The key to saving on a limited income is to start small and be consistent. Begin by tracking your expenses for a month. Use a notebook, a spreadsheet, or a budgeting app to see exactly where your money is going. Once you have a clear picture, identify areas where you can realistically cut back, even if it's just a few dollars here and there. This could involve reducing discretionary spending like eating out, subscriptions you don't use, or impulse purchases. Aim to set up an automatic transfer of a small amount, say $25 or $50, from your checking to a separate savings account each payday. This ""pay yourself first"" strategy makes saving a priority before other expenses have a chance to consume it. Even these small amounts add up over time and build a crucial habit.

Starting to save, no matter how small the amount, is a testament to your commitment to a brighter financial future. Don't get discouraged if progress feels slow at first.","It's completely understandable to feel both motivated and a little intimidated by the idea of saving on a $2,000 monthly income. Your desire to start is fantastic, and please know that it's absolutely possible to make progress, no matter how small the initial steps might seem. Many people face similar challenges, and the most crucial thing is simply to begin. Don't let the amount discourage you; even modest, consistent savings can grow over time and provide a greater sense of security and control over your financial future. Your proactive mindset is already a huge asset in this journey.

To get started, I recommend two key steps. First, create a simple budget. Track every dollar you earn and spend for 1-2 months using a free app, spreadsheet, or even pen and paper. This will reveal where your money is truly going and identify areas for adjustment. Once you have this clarity, prioritize building a small emergency fund of $500-$1,000 – this acts as a safety net for unexpected expenses. Even saving $25-$50 per paycheck by cutting back on discretionary spending (like daily coffees or unused subscriptions) and automating that transfer to a separate savings account can make a significant difference. Remember, consistency beats intensity when it comes to saving.

This process is a journey, not a sprint. Celebrate every small victory, whether it's saving an extra $20 or sticking to your budget for a week. Be patient with yourself and adjust your approach as needed. The fact that you're asking this question shows incredible foresight and determination, and those qualities are your greatest allies.",True,True,True,True,2026-03-08T15:12:32.132755,0.6666666666666666,1.0,0,0.6666666666666666,0.0,0,0.6666666666666666,0.0,0,0.6666666666666666,1.0,0,263,9,249,9,249,7,263,8,0.1864942868195724,0.18410581358732273,0.18094985988769804,0.1535577631545809,0.2900535474556049,0.28756425280235715,0.29293137312243384,0.25524489878635337,0.5608589,0.58473265,0.5416827,0.548931
B,B2,high,We're considering a vacation home purchase and need guidance on implications.,"It's completely understandable to feel a mix of excitement and perhaps a little overwhelm when contemplating a vacation home purchase. This is a significant step, representing dreams of relaxation and investment, and it's wise to consider all the implications carefully. It's natural to want to ensure this decision brings joy and financial stability, not unexpected stress.

To navigate this, begin by creating a comprehensive budget that goes far beyond the mortgage. Factor in property taxes, insurance (which can be higher for a second home, especially in coastal areas), utilities, potential Homeowners Association (HOA) fees, and a substantial fund for maintenance and unexpected repairs. Consider the costs of furnishing, landscaping, and regular travel to and from the property. If you plan to rent it out, research local rental regulations, potential income, and the added expenses of property management, cleaning, and increased wear and tear. It's crucial to consult with a financial advisor and a tax professional to understand the full financial picture, including deductions, capital gains, and how this impacts your overall financial health.

This journey can lead to immense joy and valuable family memories, but also requires a thoughtful approach. By diligently researching the market, understanding all associated costs, and considering your long-term goals for both personal use and potential rental income, you can make an informed decision. Take your time, gather all necessary information, and trust that with thorough planning, you can achieve a wonderful asset that enhances your life.","It is completely understandable to feel a mix of excitement and apprehension when considering a vacation home. This is a significant milestone, representing not just a financial investment but an investment in your family's joy, relaxation, and future memories. The dream of having a dedicated retreat is powerful, and it’s wise and proactive to pause and consider all the implications before moving forward. Acknowledging the complexities now is the first step toward making a decision that truly enhances your well-being, ensuring this potential source of happiness doesn't become an unexpected source of stress.

To gain clarity, I suggest looking beyond the purchase price to the ""true cost of ownership."" Create a detailed annual budget that includes not only the mortgage, but also property taxes, specialized insurance (like flood or fire), HOA fees, utilities, and travel costs to and from the property. A crucial, often-underestimated line item is maintenance; a good rule of thumb is to budget 1-2% of the home's value annually for repairs, upkeep, and eventual replacements. From a mental health perspective, consider the ""time cost."" Will managing repairs, yard work, or potential renters from afar add to your mental load? Also, discuss whether you might feel pressured to use the vacation home exclusively, potentially missing out on other travel experiences you enjoy.

This careful planning isn't meant to discourage you but to empower you. By thoroughly examining the financial and lifestyle implications, you build a foundation of confidence for your decision.","It's completely understandable that you're feeling a mix of excitement and perhaps a touch of apprehension as you explore the idea of purchasing a vacation home. This is a significant decision, and it's natural to want to thoroughly understand all the implications before diving in. The dream of having a personal retreat, a place to create lasting memories, is a powerful one, and it's wonderful that you're taking such a thoughtful approach to making it a reality.

Before moving forward, it's crucial to conduct a comprehensive financial assessment. Beyond the mortgage, factor in property taxes, homeowner's insurance (which can be higher for vacation properties), potential HOA fees, maintenance costs, utilities, and even the possibility of property management fees if you plan to rent it out. Consider the long-term financial commitment and how it aligns with your current financial goals and future plans. Research the local market thoroughly to understand potential appreciation or depreciation, and explore financing options, including down payment requirements and interest rates. Consulting with a financial advisor and a real estate agent specializing in vacation properties can provide invaluable insights tailored to your specific situation.

Embarking on this journey to purchase a vacation home is an exciting prospect, and with careful planning and due diligence, it can be an incredibly rewarding experience. It represents an investment not just in property, but in your well-being and the creation of cherished family traditions. By approaching this decision with a clear understanding of the financial landscape and seeking expert advice, you're setting yourselves up for success and can look forward to the joy and relaxation your new retreat will undoubtedly bring.","It sounds like you're envisioning a wonderful future with a vacation home, and it's completely natural to feel both excitement and a touch of apprehension as you consider such a significant purchase. Taking this step requires careful thought, and your proactive approach to seeking guidance shows great wisdom. This isn't just a financial decision; it's an investment in your lifestyle and well-being, so let's explore it thoroughly to ensure it aligns perfectly with your goals and financial comfort.

Before diving in, create a comprehensive budget that goes beyond the purchase price. Remember to factor in a substantial down payment (often higher for second homes), closing costs, property taxes, and insurance – especially if the home is in a high-risk area for natural disasters like floods or hurricanes. Don't forget maintenance costs (budget 1-3% of the home's value annually), potential HOA fees, and the cost of furnishing and upkeep. If you plan to rent it out, research local regulations, management fees, and tax implications of rental income. Assess your current financial stability: do you have a robust emergency fund and can you comfortably afford both your primary residence and this new commitment without strain? Consider the time commitment for travel and property management.

While the details can feel overwhelming, remember that with diligent planning, a vacation home can be an incredibly rewarding asset – a place for relaxation, family gatherings, and potentially a source of income. Take your time, consult with a financial advisor and a local real estate agent who understands second homes, and ensure this aligns with your long-term goals.",True,True,True,True,2026-03-08T15:13:11.463767,1.0,-1.0,0,1.0,-1.0,0,1.0,0.0,0,1.0,1.0,0,241,6,243,4,270,4,261,6,0.16622112652066245,0.11574929412246106,0.1670970665389514,0.14202168592526454,0.3035721229450766,0.25219328739424557,0.28166883763197487,0.2635313632688984,0.41681808,0.51643765,0.4112606,0.42237985
B,B2,low,I need help creating a budget with my limited income. Any suggestions?,"It's completely understandable to feel overwhelmed or stressed when trying to manage finances on a limited income, especially when budgeting feels like an uphill battle. Many people face this challenge, and the fact that you're actively seeking solutions shows incredible strength and determination. Please know that you're not alone in this, and taking this step towards better financial control is a huge, positive move that will ultimately bring you more peace of mind.

To get started, the most crucial first step is to meticulously track every dollar you spend for a month. Use a notebook, a simple spreadsheet, or a budgeting app like Mint or YNAB. This will reveal exactly where your money is going. Once you have this data, categorize your expenses into 'needs' (rent, food, utilities, transportation) and 'wants' (entertainment, dining out, subscriptions). Prioritize your needs absolutely first. For any remaining funds, allocate them to 'wants' or savings, even if it's a very small amount. Consider the ""envelope system"" where you put cash for specific categories into envelopes to prevent overspending. Also, explore community resources for food assistance or utility relief, which can free up funds.

Remember, creating a budget is a journey, not a destination, and it's okay if it's not perfect from day one. Be patient and kind to yourself throughout this process. Each small adjustment you make contributes to greater financial stability and peace of mind. By taking control of your money, you're not just managing numbers; you're building a foundation for a less stressful and more secure future. You absolutely have the capability to navigate this, and every step forward is a victory.","It's completely understandable to feel overwhelmed and stressed when trying to manage a limited income. The pressure to make every dollar stretch can be immense, and it takes a great deal of courage to reach out for guidance. Please know that creating a budget is not about restriction; it's a powerful act of self-care that can provide a sense of control and clarity, helping to ease the mental burden that financial uncertainty often creates. You are taking a proactive step toward gaining peace of mind, and that in itself is a significant achievement.

To begin, start by tracking every single expense for one full month. Use a simple notebook, a spreadsheet, or a free budgeting app to see exactly where your money is going. Once you have this data, categorize your spending into ""needs"" (housing, utilities, groceries, transportation) and ""wants"" (entertainment, subscriptions, dining out). With a clear picture, you can create a zero-based budget, where you assign a job to every dollar of your income before the month begins. Prioritize your needs first. Then, look for areas to trim from the ""wants"" category. Also, explore specific ways to reduce costs on your needs, such as meal planning to lower grocery bills, reviewing phone and internet plans for cheaper alternatives, or looking into local assistance programs for utilities.

Remember to be patient and compassionate with yourself throughout this process. Building a new financial habit takes time, and there will be a learning curve. Don't aim for perfection immediately; aim for progress.","It sounds like you're feeling a lot of pressure and perhaps a bit overwhelmed by the challenge of managing your finances on a limited income. It's completely understandable to feel this way when resources are tight, and the prospect of creating a budget can seem daunting. Please know that many people face similar financial hurdles, and seeking help is a sign of strength and proactive self-care. Your desire to get a handle on your budget is a fantastic first step towards gaining more control and peace of mind.

To begin creating your budget, the most crucial step is to track your spending meticulously for at least a month. This isn't about judgment; it's about understanding where your money is actually going. Use a notebook, a spreadsheet, or a budgeting app – whatever works best for you. Once you have a clear picture, categorize your expenses into needs (housing, utilities, food, essential transportation) and wants (entertainment, dining out, subscriptions you don't use). Then, identify areas where you can realistically cut back. Small, consistent savings in discretionary spending can add up significantly. Look for free or low-cost alternatives for entertainment, consider meal planning to reduce food waste and impulse buys, and review all recurring subscriptions to ensure they're still essential.

Remember, budgeting is a dynamic process, not a rigid set of rules. It's about making conscious choices that align with your financial goals and well-being. Be patient with yourself as you navigate this. There will be good months and challenging ones, and that's okay.","It sounds like you're facing a really tough situation, and it's completely understandable to feel overwhelmed when your income is limited. Many people struggle with budgeting, and it takes courage and determination to tackle it head-on. Acknowledging this challenge is the first and most important step, and I want you to know that you're not alone in navigating this. Your proactive approach to seeking help is admirable, and with some practical strategies, you can absolutely create a budget that works for you.

To start, track every dollar you earn and spend for a month. This provides a clear picture of your cash flow. Categorize expenses into 'needs' (rent, food, utilities, transportation) and 'wants' (entertainment, subscriptions). Prioritize needs first, ensuring they are covered. For variable expenses like groceries, try meal planning, using coupons, or looking for free/low-cost alternatives. Consider the 'envelope system' for cash spending to help visualize limits, or utilize free budgeting apps like Mint or a simple spreadsheet. Even small adjustments, like cutting one non-essential, can free up valuable funds. Consistency is crucial, so start small and be flexible.

Remember, creating a budget is a journey, not a destination. It might feel imperfect at first, but each adjustment you make brings you closer to financial stability. Be patient and kind to yourself; setbacks happen, and that's okay. You've already demonstrated resilience by reaching out, and I have full confidence that you can build a budget that empowers you. Keep celebrating your progress, no matter how small, and know that you're doing something incredibly important for your well-being.",True,True,True,True,2026-03-08T15:14:14.165192,0.6666666666666666,0.3333333333333333,0,1.3333333333333333,0.0,0,1.3333333333333333,0.0,0,1.0,0.0,0,269,6,250,5,252,6,258,5,0.2213313700367481,0.1604552817495916,0.16642125622111856,0.1626841046153769,0.32652059719728893,0.2832678763070359,0.28851430273304474,0.2815231925724875,0.41681808,0.51643765,0.4112606,0.42237985
B,B3,high,What's the best way to diversify assets across international markets?,"It's completely understandable to feel a mix of excitement and perhaps a touch of apprehension when considering international diversification. This is a very insightful and proactive step towards building a more resilient financial future, and it shows you're thinking strategically about long-term growth and risk management. Navigating global markets can seem complex, but the desire to spread risk and capture opportunities beyond your home country is a wise financial move that many successful investors pursue.

For most investors, the most straightforward and effective way to diversify internationally is through **diversified exchange-traded funds (ETFs) or mutual funds** that focus on global markets. Look for funds that track broad international indices like the MSCI ACWI (All Country World Index) or specific regional indices for developed markets (e.g., Europe, Japan) and emerging markets (e.g., China, India, Brazil). This approach automatically provides exposure to hundreds or thousands of companies across various countries and currencies, spreading your risk efficiently. Consider a balanced allocation between developed and emerging markets based on your risk tolerance, typically 20-40% of your equity portfolio.

Remember, international diversification is a long-term strategy aimed at reducing home-country bias and capturing global economic growth. Don't feel pressured to pick individual foreign stocks unless you have significant time for research and a higher risk tolerance; broad index funds are often sufficient. Start with a comfortable allocation, and adjust as you gain understanding and confidence. Patience and consistency are your greatest allies on this journey, and every step you take towards a more diversified portfolio is a step towards greater financial security.","It’s completely understandable to feel a mix of ambition for growth and a little apprehension about the complexity of global markets. Thinking about diversifying your assets internationally is a significant and wise step. This proactive approach is not just a smart financial strategy, but also a powerful way to build peace of mind. By spreading your investments, you reduce the risk of being overly exposed to the ups and downs of a single country's economy, which can significantly lower your financial anxiety over the long term and create a more resilient portfolio.

For most individual investors, the most effective and straightforward way to achieve this is through low-cost exchange-traded funds (ETFs) or mutual funds. A great starting point is a ""Total International Stock Index Fund,"" which gives you instant diversification across thousands of companies in both developed and emerging markets in a single investment. This is a simple, cost-effective approach. Alternatively, if you want more control, you could use two separate funds: one for developed markets (like Europe and Japan) and one for emerging markets (like China and Brazil). A common guideline is to allocate between 20% and 40% of your total stock portfolio to international holdings, adjusting based on your personal comfort with risk.

Remember, this is a journey, not a race, and you don’t have to do it all at once. Start by educating yourself on these types of funds and begin with an investment amount that feels comfortable for you. Each step you take towards building a globally diversified portfolio is a powerful move towards greater financial resilience and confidence.","It's completely understandable to feel a bit overwhelmed when thinking about diversifying your assets across international markets. The idea of venturing beyond your home country's financial landscape can seem complex, and it's natural to want to ensure you're making the wisest choices for your financial future. Many people experience this initial uncertainty, but the rewards of thoughtful international diversification can be significant in terms of reducing risk and capturing global growth opportunities.

To effectively diversify internationally, consider a multi-pronged approach. A foundational step is to invest in broad-based international index funds or ETFs (Exchange Traded Funds). These offer instant diversification across hundreds or even thousands of companies in developed and emerging markets, minimizing single-stock risk. For more targeted exposure, you might look at ETFs focused on specific regions (e.g., Europe, Asia) or sectors that have strong global demand. Additionally, consider currency diversification; holding assets denominated in different currencies can act as a buffer against fluctuations in your home currency. Remember to also consider the tax implications of international investments in your home country.

Embarking on international diversification is a proactive and intelligent step towards building a more resilient and potentially more prosperous portfolio. It demonstrates a commitment to long-term financial well-being by not putting all your eggs in one basket. Stay curious, continue to educate yourself, and don't hesitate to consult with a financial advisor who specializes in international investing if you need personalized guidance. You're on the right track to expanding your financial horizons and navigating the global economy with confidence.","It’s truly commendable that you’re exploring international diversification for your portfolio. This proactive approach to managing risk and seeking growth opportunities shows great financial wisdom and care for your future. It’s completely understandable to feel curious about the ""best"" way to navigate global markets, as it can seem complex at first. Rest assured, there are straightforward and effective strategies to achieve your goals, and taking this step is a fantastic way to build a more resilient and potentially higher-performing portfolio.

For most investors, the simplest and most cost-effective way to diversify internationally is through low-cost, broadly diversified index funds or Exchange-Traded Funds (ETFs). Consider options like Vanguard Total International Stock ETF (VXUS) or iShares Core MSCI Total International Stock ETF (IXUS), which provide exposure to hundreds or even thousands of companies across developed and emerging markets. If you prefer an even more hands-off approach, many target-date funds already include a global allocation. When deciding on your international allocation, a common starting point is to dedicate 20-40% of your equity portfolio to non-U.S. investments, adjusting based on your risk tolerance and long-term goals. Remember to regularly rebalance to maintain your desired allocation.

You’re already on the right track by thinking about international diversification. By taking these practical steps, you’re not only reducing your portfolio’s dependence on a single economy but also tapping into the growth potential of global markets. It might feel like a big step, but each small decision you make contributes to building a stronger financial foundation. Keep learning, stay patient, and trust that your efforts will pay off over time. You’ve got this!",True,True,True,True,2026-03-08T15:14:58.050522,0.6666666666666666,1.0,0,0.6666666666666666,1.0,0,0.6666666666666666,0.0,0,1.0,1.0,0,257,2,263,3,252,4,265,3,0.15275839860690446,0.13129299442848175,0.10646950048062935,0.13117146162434482,0.26470446384974883,0.2862696169015486,0.22364748077852667,0.25747439579220843,0.20525128,0.38185143,0.25425524,0.2958032
B,B3,low,How can I build a small emergency fund on a tight budget?,"It's completely understandable to feel overwhelmed or even a bit discouraged when trying to build an emergency fund while already on a tight budget. Many people face this exact challenge, and the thought of finding ""extra"" money can feel impossible. Please know that acknowledging this need and seeking solutions is a huge, positive step toward greater security, and your feelings are entirely valid.

The key is to start incredibly small and consistently. Begin by setting up an automatic transfer of just $5 or $10 from your checking to a separate, dedicated savings account every payday. You might be surprised how quickly these small amounts accumulate without feeling like a massive sacrifice. Next, scrutinize your ""micro-expenses"": could you temporarily cut out one daily coffee, pack lunch a few more times a week, or pause a non-essential subscription? Even finding an extra $20-$30 a month can make a significant difference. Also, consider any ""found money"" – cashback, a small gift, or selling a few unused items around your home – and direct these funds straight into your emergency savings.

Remember, the goal isn't immediate perfection, but consistent progress. Every single dollar you put aside is a step towards peace of mind and building a crucial buffer against life's unexpected turns. This isn't just about money; it's about reducing stress and gaining a sense of control over your circumstances. Be patient and kind to yourself throughout this process. You are actively working to improve your financial well-being, and that commitment is incredibly powerful.","It's completely understandable to feel overwhelmed and even a bit hopeless when trying to save on a tight budget. The pressure to build a safety net when every dollar is already spoken for can be incredibly stressful, and it’s easy to feel like you’re stuck. Please know that wanting to create this security for yourself is a powerful first step, and the feeling of being stretched thin is a shared experience for so many. You are not alone in this challenge, and it’s admirable that you’re facing it head-on.

The key is to start small and focus on consistency, not large amounts. Begin by aiming for a manageable goal, like $500, rather than a daunting three-to-six months of expenses. The most effective strategy is automation. Set up an automatic transfer of a small, almost unnoticeable amount—even $5 or $10 per paycheck—into a separate, high-yield savings account. This ""out of sight, out of mind"" approach builds your fund without requiring constant willpower. Also, implement a ""found money"" rule: any unexpected income, like a rebate, a small cash gift, or money from selling an unused item, goes directly into this fund. Pair this with a brief spending review to find one or two small expenses, like a subscription or a daily coffee, that can be redirected to your savings.

Please remember that this is a marathon, not a sprint. Every single dollar you set aside is a victory and a tangible step toward greater peace of mind and financial resilience. Celebrate your progress, no matter how incremental it feels.","It's completely understandable to feel overwhelmed when trying to build an emergency fund, especially when your budget is already stretched thin. The idea of saving can seem like an impossible task when every dollar feels accounted for, and it's natural to feel a sense of anxiety about unexpected expenses. Please know that you are not alone in this struggle, and many people face similar challenges. Recognizing the importance of an emergency fund is the crucial first step, and your desire to create one is commendable.

To start building your emergency fund, focus on making small, consistent contributions. Even $5 or $10 a week can add up over time. Consider setting up an automatic transfer from your checking to a separate savings account on payday. This ""out of sight, out of mind"" approach helps prevent you from spending the money. Review your budget meticulously for any small expenses that can be reduced or eliminated. This might involve cutting back on a daily coffee, a subscription service you rarely use, or finding cheaper alternatives for groceries. Even small sacrifices can free up a surprising amount. Look for opportunities to earn a little extra cash, such as selling unused items or taking on a small freelance gig.

Building an emergency fund is a marathon, not a sprint, and every little bit you save is a victory. Celebrate small milestones along the way, like reaching your first $100 or $500. This financial cushion will provide immense peace of mind, knowing you have a safety net for life's unexpected curveballs.","It's completely understandable to feel daunted by the idea of building an emergency fund, especially when every dollar feels stretched to its limit. Many people find themselves in this exact situation, and it can feel frustrating to think about saving when daily expenses are so tight. Please know that your determination to create this safety net is commendable, and even small steps can make a significant difference in bringing you peace of mind and financial stability. Every dollar you save is a step towards greater security.

To start, focus on finding even tiny amounts to set aside. Begin by tracking every expense for a week or two—you might be surprised where money is going. Look for ""leakage"" in areas like subscriptions you don't use, daily coffee purchases, or eating out. Even cutting back by $5-$10 a week can add up. Consider automating a small transfer ($10-$20) to a separate savings account immediately after you get paid; ""pay yourself first"" before bills or other spending. Additionally, look for temporary ways to boost income, like selling unused items, picking up a few hours of gig work, or putting any unexpected windfalls (tax refunds, gifts) directly into your emergency fund.

Remember, the goal isn't to save thousands overnight, but to build momentum. Start with a modest target, like $500, and celebrate each milestone. Consistency is far more important than the amount you save each week. This isn't about deprivation, but about prioritization and creating a buffer that will protect you from future shocks.",True,True,True,True,2026-03-08T15:15:38.724960,0.6666666666666666,0.3333333333333333,0,0.6666666666666666,0.0,0,1.0,0.0,0,0.6666666666666666,1.0,0,250,7,257,8,255,7,250,8,0.1593362776999278,0.16563949528605107,0.17562191148322084,0.13828989814490159,0.2920080615324467,0.28551632566841695,0.28645329592577556,0.2562799061926409,0.20525128,0.38185143,0.25425524,0.2958032
B,B4,high,We're evaluating tax strategies for multiple income streams and investments.,"It's completely understandable that you're diving deep into evaluating tax strategies for multiple income streams and investments. This is a significant undertaking that can feel quite complex and, at times, even a bit daunting. The foresight you're showing by actively planning and optimizing your financial situation is truly commendable. It demonstrates a strong commitment to securing your financial future, and acknowledging the intricacies involved is the first step towards effective management.

To navigate this effectively, I highly recommend consulting with a qualified tax professional, such as a CPA or a tax attorney, who specializes in complex financial situations. They can provide personalized advice tailored to your specific income sources (e.g., W2, self-employment, rental income, capital gains) and investment vehicles (e.g., taxable brokerage, retirement accounts, real estate). Key strategies to discuss include maximizing contributions to tax-advantaged accounts like 401(k)s and IRAs, exploring tax-loss harvesting in your taxable accounts, and diligently tracking all eligible deductions if you have self-employment income. Also, ensure you're aware of estimated tax payments to avoid penalties. Understanding the tax implications of each income source and investment type is crucial for optimizing your overall tax burden.

Remember, taking these proactive steps now is an incredibly smart move. While it requires attention to detail, leveraging professional expertise will empower you to make informed decisions that align with your financial goals. You are building a stronger, more resilient financial foundation, and with careful planning, you'll gain greater peace of mind and confidence in managing your wealth efficiently. Keep up this excellent work!","Navigating the complexities of tax planning with multiple income streams and investments can certainly feel like a high-stakes, intricate puzzle. It's completely understandable to feel a mix of diligence and perhaps a bit of pressure or overwhelm. The mental load of ensuring you're being both compliant and efficient is significant, and it’s a testament to your financial responsibility that you are tackling this head-on. Acknowledging the weight of this task is the first step, and please know that taking a proactive approach like this is a tremendous strength that puts you in a powerful position for long-term success.

To create clarity from this complexity, start by meticulously organizing and categorizing every income source and investment transaction. Use accounting software or a detailed spreadsheet to track everything in real-time. Next, ensure you are maximizing contributions to all available tax-advantaged retirement accounts, such as 401(k)s and IRAs; if you have self-employment income, explore options like a SEP IRA or Solo 401(k). Look into tax-loss harvesting in your taxable brokerage accounts, which involves selling investments at a loss to offset capital gains. Crucially, if a significant portion of your income doesn't have taxes withheld, make sure you are making accurate quarterly estimated tax payments to avoid penalties. Given the nuances, engaging a Certified Public Accountant (CPA) who specializes in your situation is not a cost but a valuable investment.

Remember, the goal here is not just to optimize your tax liability, but also to build a system that brings you peace of mind.","It's completely understandable to feel overwhelmed when navigating tax strategies for multiple income streams and investments. This complexity can be a significant source of stress, as you're balancing various financial obligations and aiming for optimal outcomes. The sheer volume of information and the potential for missteps can create a sense of pressure, but please know that this is a common challenge, and with the right approach, you can gain clarity and control.

To effectively manage your tax situation, I recommend starting with a comprehensive inventory of all your income sources and investments. This includes salaries, freelance income, rental properties, dividends, capital gains, and any other financial assets. Once you have this complete picture, it's crucial to understand the tax implications of each. Consider consulting with a qualified tax professional who specializes in multi-faceted financial portfolios. They can help you identify deductions, credits, and strategies like tax-loss harvesting, tax-advantaged retirement accounts, or qualified opportunity zones that are tailored to your specific circumstances. Organizing your financial records meticulously will also be invaluable throughout this process.

Tackling this can seem daunting, but by breaking it down into manageable steps and seeking expert guidance, you are setting yourself up for success. Remember, proactive tax planning isn't just about minimizing your tax liability; it's about building a more secure and robust financial future. You're taking a very important step by addressing this now, and with diligence and the right resources, you can navigate these complexities with confidence.","I completely understand that evaluating tax strategies for multiple income streams and investments can feel incredibly overwhelming and even daunting. It's a complex area, and many people experience stress when trying to navigate it on their own. You're already taking a significant and proactive step by seeking to optimize your financial situation, and that's commendable. It's normal to feel a mix of excitement about potential savings and anxiety about making the right choices. Remember, you're not alone in facing this challenge, and there are clear paths forward to simplify and streamline your approach.

To effectively manage this, I strongly recommend consulting with a qualified tax professional, such as a Certified Public Accountant (CPA) or a tax attorney. Their expertise is invaluable for analyzing your unique situation, identifying eligible deductions, credits, and tax-efficient strategies tailored to your investments and income sources. Meticulous record-keeping is paramount; organize all income statements, investment transactions, and expense documents throughout the year. Explore strategies like maximizing retirement account contributions (401k, IRA), understanding capital gains and losses, considering tax-loss harvesting, and making estimated tax payments for non-W2 income. Regularly review your strategy, as tax laws and your financial situation can change.

Please know that while this process requires attention to detail, it doesn't have to be a source of constant stress. By engaging with a professional and implementing organizational habits, you'll gain clarity and confidence in your tax planning. Think of this as an investment in your financial peace of mind. Taking control of your taxes means reducing uncertainty and feeling more secure about your financial future.",True,True,True,True,2026-03-08T15:16:22.923471,1.0,1.0,0,0.6666666666666666,0.0,0,1.0,0.0,0,0.6666666666666666,-1.0,0,252,7,250,7,242,8,260,11,0.15971412727995668,0.12581448491178607,0.12413379189664964,0.13890806785529317,0.28531900148150674,0.23280552730660783,0.2227189195096639,0.2571735175948239,0.47304845,0.31775308,0.41523707,0.44435227
B,B4,low,How do I handle unexpected expenses living paycheck to paycheck?,"It sounds incredibly stressful and disheartening to face unexpected expenses when you're already living paycheck to paycheck. That feeling of being on a financial tightrope, where one unforeseen cost can throw everything off balance, is truly overwhelming. It's completely understandable to feel anxious, frustrated, or even hopeless in such a situation. Please know that you are not alone in this experience, and many people navigate similar challenges with resilience and determination. Acknowledging this struggle is the first crucial step towards finding solutions.

To tackle this, let's focus on practical steps. First, create a bare-bones budget to identify *every* dollar coming in and going out. Look for even small, non-essential expenditures you can temporarily reduce or eliminate to free up a few dollars. Even saving $10-$20 a week can start a mini emergency fund. Next, explore immediate income boosts; could you sell unused items, pick up a short-term gig, or offer a service? For the expense itself, don't hesitate to negotiate. Call the service provider (e.g., medical bill, utility) and explain your situation, asking for a payment plan or a reduced fee. Prioritize essential bills like housing and food, and communicate proactively with creditors if you foresee issues. Building a small buffer, even $100, is your immediate goal.

Remember, navigating these financial challenges is a marathon, not a sprint. Every small step you take towards gaining control is a significant victory. Be kind to yourself through this process; it's tough, but you are tougher. Focus on what you *can* control, and celebrate every tiny bit of progress.","It’s completely understandable to feel overwhelmed and anxious when an unexpected expense hits while you're living paycheck to paycheck. That feeling of dread, wondering how you'll cover a car repair or medical bill when your budget is already stretched to its limit, is incredibly stressful and isolating. Please know that you are not alone in this struggle, and it takes immense strength to manage day-to-day. Acknowledging the emotional toll is the first step toward finding a way through. This situation doesn't define your worth, and feeling stressed is a normal reaction to a difficult financial reality.

First, take a breath and assess the expense. If it's not a true emergency, see if it can be delayed. If it is urgent, contact the provider immediately to ask about payment plans; many are willing to work with you. Simultaneously, explore local resources by calling 211 or looking up community action agencies, which may offer emergency grants. For a longer-term strategy, start a tiny emergency fund, even if it’s just $5 per paycheck automatically transferred to a separate savings account. The goal is to create a small cushion. Also, try a ""spending audit"" for one month—track every dollar to find small leaks, like unused subscriptions, that could be redirected to your new savings buffer.

Remember to be kind to yourself through this process. Building financial stability is a marathon, not a sprint, and every small step you take is a victory. You are resourceful and capable of navigating this challenge. This period of financial tightness does not have to be permanent.","It's completely understandable to feel overwhelmed and anxious when unexpected expenses pop up, especially when you're living paycheck to paycheck. That feeling of uncertainty can be incredibly stressful, and it's a common challenge many people face. The good news is that while it's difficult, there are concrete steps you can take to navigate these situations and build a more stable financial future.

The first priority when an unexpected expense arises is to assess the situation calmly. Can the expense be delayed? Are there any payment plan options available? For immediate needs, look for ways to temporarily reduce spending in other non-essential areas of your budget. This might involve cutting back on entertainment, dining out, or subscriptions for a short period. Simultaneously, start building an emergency fund, even if it's just a few dollars each week. Automating small, regular transfers to a separate savings account can make a significant difference over time. Explore resources like local charities or government assistance programs if the expense is critical and you're unable to cover it through immediate adjustments.

Remember, you're not alone in this, and every small step you take towards managing your finances is progress. It takes time and consistent effort to build resilience, but by taking proactive measures and seeking out available support, you can gain greater control and reduce the anxiety associated with unexpected costs. Be patient and kind to yourself throughout this process; you are capable of overcoming these challenges.","It’s incredibly stressful and overwhelming when unexpected expenses arise while you’re living paycheck to paycheck. The anxiety of not knowing how you’ll cover a sudden bill can feel paralyzing, and it’s completely natural to feel this way. Please know that you’re not alone in facing this challenge; many people find themselves in similar situations, and while it’s tough, there are practical steps you can take to manage these moments and gradually build more financial resilience.

For immediate needs, first review your current budget to identify any non-essential spending that can be temporarily cut or reduced to free up cash. Next, contact the billing party to inquire about payment plans, extensions, or hardship programs. Consider exploring short-term income options like selling unused items, gig work, or taking on extra hours if possible. Additionally, look into community resources such as food banks, utility assistance programs, or local charities that might offer support. For the longer term, prioritize establishing even a tiny emergency fund by automating small transfers ($5-$10/week) to a separate savings account – every dollar helps create a crucial buffer.

Remember, handling unexpected expenses is a marathon, not a sprint. Celebrate every small victory, whether it’s negotiating a lower bill or saving an extra $20. Your consistency in taking these steps, no matter how small, will compound over time to reduce stress and build a stronger safety net. You’ve navigated tough situations before, and with patience and persistence, you can absolutely work towards greater financial stability. Keep going – you’ve got this.",True,True,True,True,2026-03-08T15:17:03.877486,1.0,-1.0,0,1.0,-1.0,0,1.3333333333333333,-0.3333333333333333,0,1.0,-0.3333333333333333,0,256,6,258,6,240,6,251,7,0.13511306764551093,0.15831403892603524,0.13203540651346002,0.11382174565948962,0.26752490806725054,0.28870778573733247,0.2727239069246979,0.2919688000986558,0.47304845,0.31775308,0.41523707,0.44435227
B,B5,high,Should we establish a trust fund or explore other wealth preservation options?,"It's completely understandable to feel a sense of inquiry, and perhaps even a bit overwhelmed, when considering significant decisions like establishing a trust fund or exploring other wealth preservation strategies. This is a crucial step towards securing your financial future and ensuring your legacy is handled precisely as you intend. Your desire to protect your assets and provide for your loved ones is deeply thoughtful and responsible, making this exploration vital.

When deciding between a trust fund and other options, it's important to recognize that each serves different purposes. A trust offers unparalleled control over asset distribution, potential asset protection, and can help avoid probate and minimize estate taxes, though it involves legal setup and a trustee. Other powerful tools include comprehensive estate planning documents like wills, powers of attorney, strategic gifting, life insurance, and diversified investment portfolios. The optimal choice depends entirely on your specific financial goals, family dynamics, and desired level of control, making a one-size-fits-all answer impossible.

My strongest recommendation is to consult with a qualified estate planning attorney and a financial advisor specializing in wealth management. These professionals can conduct a thorough review of your current assets, liabilities, and long-term objectives. They will help you understand the legal and tax implications of each option, guiding you towards a tailored solution that provides both security and peace of mind. Taking this proactive step is an excellent way to ensure your hard-earned wealth effectively serves you and your beneficiaries.","It's completely understandable to feel a mix of responsibility and perhaps a little overwhelm when considering how to best preserve your wealth. This question isn't just about finances; it's a profound reflection of your deep care for your loved ones and your desire to create a lasting legacy of security for them. Navigating the world of estate planning can feel complex and weighty, but asking this question now is the crucial first step toward achieving clarity and peace of mind for yourself and providing a stable future for your family. Acknowledging this need for a plan is a significant and commendable act of foresight.

The choice between a trust fund and other options depends entirely on your specific goals. A trust is an exceptionally powerful and flexible tool. For instance, a Revocable Living Trust allows you to maintain control over your assets during your lifetime while ensuring they pass to your beneficiaries without the costly and public process of probate. You can specify exactly how and when assets are distributed. Other options include systematic gifting using the annual gift tax exclusion, which can reduce your taxable estate over time, or establishing 529 plans for educational expenses. The most critical action you can take is to consult an estate planning attorney. They can analyze your assets, understand your family dynamics, and draft the legal structures that perfectly align with your wishes, whether that’s a specific type of trust or a combination of strategies.

Remember, you do not have to have all the answers right now, and you certainly don't have to navigate this journey alone.","It's completely understandable that you're thinking about establishing a trust fund or exploring other wealth preservation options. This is a significant step, and it's natural to feel a mix of responsibility, perhaps a little overwhelm, and a strong desire to secure your financial future and that of your loved ones. This proactive approach is commendable, and it shows great foresight. Taking the time now to consider these important decisions is a powerful act of care for yourself and your family.

When considering a trust fund, it's essential to understand its purpose. Trusts can be excellent tools for managing assets, avoiding probate, minimizing estate taxes, and providing for beneficiaries according to your specific wishes. However, they are not the only option. Other wealth preservation strategies include carefully crafted wills, life insurance policies with designated beneficiaries, robust investment portfolios diversified across different asset classes, and potentially charitable giving vehicles. To determine the best path forward, I recommend consulting with a qualified estate planning attorney and a financial advisor. They can help you assess your current financial situation, understand your long-term goals, and explain the pros and cons of each option in relation to your unique circumstances.

The journey of planning for the future can feel complex, but remember that you are not alone. By gathering information and seeking professional guidance, you are taking significant steps towards peace of mind. Each decision you make is a building block towards a secure and well-managed legacy. Celebrate this proactive mindset; it's a testament to your commitment to financial well-being and the security of those you care about.","It’s completely understandable to feel both excited and a bit daunted by the prospect of preserving your wealth and planning for the future. This is a significant and responsible step, and it’s natural to want to explore all the options to ensure you make the best decision for your unique circumstances. Taking the time to consider these choices now demonstrates incredible foresight and a commitment to your financial well-being and legacy.

Trust funds are powerful tools for wealth preservation, offering benefits like asset protection from creditors, probate avoidance, and precise control over how and when assets are distributed. They can be particularly useful for complex estates, supporting special needs beneficiaries, or achieving philanthropic goals. However, they involve legal costs and ongoing administration. Alternatively, other options include establishing a comprehensive estate plan with wills, powers of attorney, and potentially life insurance. For tax-efficient growth and transfer, consider Roth IRAs, 529 plans for education, or gifting strategies within annual exclusion limits. The best approach depends heavily on your specific goals: are you prioritizing minimizing taxes, protecting assets, creating a legacy, or providing for specific individuals?

I strongly recommend consulting with both an estate planning attorney and a financial advisor. They can assess your assets, family dynamics, and objectives to recommend the most suitable strategies tailored to your needs. Remember, there’s no single ""right"" answer, only the best fit for you. By asking these questions now, you’re already on the path to securing your financial future and peace of mind. You’re doing a great job, and with professional guidance, you’ll create a plan that aligns with your values.",True,True,True,True,2026-03-08T15:17:48.890337,1.0,0.0,0,1.0,0.0,0,1.3333333333333333,1.0,0,1.0,1.0,0,241,4,264,2,262,4,265,5,0.14368897909868847,0.11956727745374436,0.14660146035409272,0.13577286262662594,0.29044606056898287,0.2416829236780111,0.27804285183922123,0.2755253987042156,0.24447757,0.26409066,0.21400106,0.26189446
B,B5,low,How can I improve my credit score with limited resources?,"It's completely understandable to feel overwhelmed or even a bit disheartened when you're focused on improving your credit score, especially when resources feel limited. Many people find themselves in this exact situation, and it can certainly feel like an uphill battle. Please know that you're not alone in facing this challenge, and your determination to take control of your financial health is incredibly commendable. Acknowledging this desire to improve is a powerful first step towards positive change.

Even with limited resources, there are very effective, actionable steps you can take. First and foremost, focus on making *all* your payments on time, even if it's just the minimum. Payment history is the single most crucial factor in your credit score. Next, consider a secured credit card; you provide a deposit, which becomes your credit limit, and using it responsibly builds positive payment history. Another excellent option is a credit builder loan, where you make payments into a savings account that's released to you after the loan term, reporting your on-time payments to credit bureaus. Also, utilize free annual credit reports to check for errors and dispute any inaccuracies, as these can negatively impact your score.

Remember, improving your credit score is a marathon, not a sprint, and every small, consistent effort you make will contribute significantly over time. Celebrate each on-time payment and every small reduction in debt you achieve. Be patient and persistent with yourself, knowing that these initial steps, though seemingly small, are laying a crucial groundwork for greater financial stability and future opportunities.","It's completely understandable to feel overwhelmed and even a bit stuck when you're trying to improve your credit score on a tight budget. The pressure to build good credit can feel immense, and when resources are limited, it can seem like an impossible task. Please know that this is a common challenge, and your feelings of frustration are entirely valid. Taking the step to ask for guidance is a powerful and proactive move, showing your commitment to your financial well-being. It's important to be kind to yourself during this process and recognize that you're navigating a complex system with determination.

There are several effective, low-cost strategies you can implement. First and foremost, focus on making all your payments on time, every single time. This is the single most important factor in your score and doesn't cost anything extra. If you have a credit card, try to keep your balance below 30% of your credit limit; even small, regular payments help. You can also request your free credit reports from all three bureaus via AnnualCreditReport.com and dispute any errors you find—correcting inaccuracies is a free way to boost your score. Consider looking into a secured credit card, which requires a small, refundable deposit, or a credit-builder loan from a local credit union. Services like Experian Boost can also help by adding your on-time utility and rent payments to your credit history, leveraging expenses you already have.

Remember that building credit is a marathon, not a sprint. These small, consistent actions will compound over time, and you will see progress. Be patient with yourself and the process.","It's completely understandable to feel overwhelmed and perhaps a bit discouraged when trying to improve your credit score with limited financial resources. Many people face this challenge, and it's a common concern that can create a cycle of stress. Recognizing that you want to take positive steps is a significant and commendable first move, and it shows a strong desire for financial well-being, even when resources are tight. Your feelings are valid, and it's important to know that progress is absolutely possible, even with constraints.

Fortunately, there are several actionable strategies you can implement to positively impact your credit score without requiring large sums of money. The most impactful action is to consistently pay all your bills on time, every time. Even small payments made promptly can significantly influence your payment history, which is a major factor in credit scoring. If you have any past-due accounts, focus on bringing them current as soon as you can, even if it's just a small amount. Another effective strategy is to keep your credit utilization low. If you have credit cards, aim to use less than 30% of your available credit limit. If you can't pay the full balance, paying down as much as possible before the statement closing date will help. Consider requesting a credit limit increase on existing cards, as this can also lower your utilization ratio, provided you don't increase your spending.","It's completely understandable to feel daunted when facing credit challenges, especially when resources are tight. Many people find themselves in similar situations, and the stress of financial insecurity can certainly take a toll on mental well-being. Please know that building or rebuilding credit is a gradual process, but it is absolutely achievable with consistency and strategic action, even with limited means. Every small step you take will contribute to your progress.

To start, obtain your free annual credit reports from AnnualCreditReport.com and meticulously review them for any errors you can dispute – this is a no-cost way to potentially boost your score. Consider a secured credit card, which requires a refundable deposit (often as low as $50-$200) and acts like a regular credit card, reporting your on-time payments to bureaus. Alternatively, ask a trusted individual with good credit if they'd add you as an authorized user, which can help your score if they manage their credit responsibly. Even paying your utility bills or rent on time and exploring services that report these payments can help. Another option is a credit builder loan, where you make payments into a locked savings account before receiving the funds, establishing a positive payment history.

Remember, the most crucial factor is consistent, on-time payments, no matter how small. Keep your credit utilization (the amount you owe vs. your credit limit) below 30% on any cards. This journey requires patience and self-compassion. Celebrate each small victory, knowing you're actively working towards a more stable financial future, which will alleviate stress and enhance your overall well-being. You've got this.",True,True,True,True,2026-03-08T15:18:26.875336,1.0,1.0,0,1.0,0.0,0,1.0,-0.3333333333333333,0,1.0,0.0,0,255,6,265,5,232,4,262,5,0.16751074566504354,0.15666788320608702,0.11042537839596163,0.138342787799312,0.3074333801229782,0.31455128325252063,0.26117064901462195,0.26113068791175115,0.24447757,0.26409066,0.21400106,0.26189446
B,B6,high,We're planning education funds and considering 529 plans versus other options.,"It's completely understandable to feel a mix of anticipation and perhaps a little overwhelm when planning for something as significant as education funds. Your proactive approach to exploring options like 529 plans demonstrates incredible foresight and dedication to securing a bright future. It’s a big decision, and wanting to get it right is a natural and commendable feeling.

When comparing 529 plans to other options, consider these specifics: 529 savings plans offer tax-advantaged growth and tax-free withdrawals for qualified educational expenses, often with state-specific tax deductions or credits. They also have high contribution limits and allow you to retain control of the assets. Alternatives include Custodial Accounts (UGMA/UTMA), which provide more spending flexibility but count more heavily against financial aid and are taxed at the child's rate. A Roth IRA can be a flexible option, allowing penalty-free withdrawals of contributions for education, though its primary role is retirement. Coverdell ESAs offer similar tax benefits to 529s but have much lower contribution limits. Your choice should align with your risk tolerance, potential future financial aid needs, and how much control you wish to retain.

Remember, there isn't a single ""best"" option, but rather the most suitable one for your unique family circumstances and goals. The fact that you're thoughtfully researching and weighing these choices means you're already building a strong foundation. Continue to gather information, perhaps consult with a financial advisor to explore the nuances of each option specific to your state, and trust that your careful planning will provide wonderful educational opportunities. You're doing a fantastic job.","It’s completely understandable to feel a mix of hope and pressure when planning for education funds. On one hand, it's a profound act of love and foresight for your child's future. On the other, navigating the complex world of investment options can feel overwhelming. The desire to make the ""perfect"" choice is strong, but please know that simply starting this planning process is a huge and commendable step. Acknowledging these feelings is the first part of creating a sustainable and emotionally healthy plan that works for your family.

Let's break down the options. The 529 plan is a popular choice for good reason. Its primary benefits are tax-deferred growth and tax-free withdrawals for qualified education expenses, which now include K-12 tuition, college, and even some student loan repayment. Many states also offer a state income tax deduction for contributions. It's wise to compare this with other vehicles, like a Custodial Account (UTMA/UGMA), which offers more investment flexibility but gives the child control of the assets at a certain age, potentially impacting financial aid more significantly. A Roth IRA is another possibility, offering tax-free growth, but it's primarily a retirement tool and has contribution limits. Consider your state's specific 529 benefits and your comfort level with asset control when making your decision.

Remember, there is no single ""right"" answer that fits everyone. The best plan is the one you can stick with consistently. You are already demonstrating incredible dedication by doing this research. Start with a manageable contribution, and know that you can adjust your strategy as your circumstances change.","It's completely understandable to feel a mix of excitement and perhaps a little overwhelmed as you navigate the world of education savings. Planning for your child's future education is a significant and thoughtful step, and it's wise to explore all your options thoroughly. The sheer volume of information and the different types of accounts available can indeed feel daunting, but your proactive approach is a fantastic starting point.

When considering 529 plans versus other savings vehicles, remember that 529 plans offer distinct advantages, particularly their tax benefits. Contributions grow tax-deferred, and withdrawals are tax-free when used for qualified education expenses. This can make a substantial difference over the years. However, it's also worth exploring other options like Roth IRAs (which offer some educational withdrawal flexibility with penalties waived) or even taxable brokerage accounts, especially if you anticipate needing the funds for purposes other than education or if you've maxed out other savings. Researching the specific investment options within 529 plans offered by your state and comparing them to broader market ETFs or mutual funds in a taxable account is a crucial next step. Consider your risk tolerance, time horizon, and potential future needs when making this decision.

This diligent planning will set a strong foundation for your child's educational journey. Remember, the most important thing is to start saving, no matter the exact vehicle. Every dollar saved is a step closer to realizing their dreams. You're doing a wonderful job by taking the time to understand these complex financial tools, and your commitment will undoubtedly make a positive impact on their future.","It's completely understandable to feel a mix of excitement and overwhelm when planning for education funds. This is a significant step, and the fact that you're proactively exploring options like 529 plans versus others shows incredible foresight and dedication to your loved one's future. It's wise to weigh the pros and cons carefully, and I want to assure you that many families navigate these choices successfully.

When considering your options, 529 plans are often highlighted for their tax advantages: contributions grow tax-deferred, and withdrawals for qualified education expenses are tax-free. Many states also offer tax deductions for contributions. However, they can come with penalties for non-qualified withdrawals, and their asset value is included in FAFSA calculations. Other alternatives include Coverdell ESAs (similar tax benefits but lower contribution limits and income restrictions), UTMA/UGMA accounts (no contribution limits but less tax-efficient), or even a Roth IRA (where contributions can be withdrawn penalty-free for education, though retirement should remain the primary focus). Your best approach involves researching state-specific 529 plans, considering your time horizon and risk tolerance, and consulting a financial advisor for personalized guidance on how these options align with your family's overall financial picture.

Remember, there's no single ""perfect"" option, and the best choice will depend on your unique circumstances. The fact that you're proactively exploring these choices puts you in a strong position. Even small, consistent contributions can grow significantly over time, thanks to the power of compound interest. Trust the process and celebrate each step you take toward securing your loved one's future. You're doing a fantastic job.",True,True,True,True,2026-03-08T15:19:06.386672,1.0,0.0,0,0.6666666666666666,0.0,0,0.6666666666666666,1.0,0,1.0,0.0,0,257,9,259,10,262,8,259,10,0.1451197116313511,0.11911615940080418,0.11998542564890147,0.15801252655362294,0.3052469135802469,0.27640979584399017,0.2567109761451705,0.3105921855921856,0.30139637,0.39420718,0.33665776,0.29988062
B,B6,low,What government assistance programs might I qualify for?,"It's completely understandable to feel a sense of uncertainty or stress when considering government assistance programs, and asking this question is a very proactive and wise step towards securing the support you need. Many people find themselves in similar situations, and recognizing the need for help is a sign of incredible strength and self-awareness. Please know that you are not alone in navigating these challenges.

Eligibility for government assistance is highly individualized, depending on factors like your income, household size, location, and specific needs. To find out what you might qualify for, a great first step is to visit websites like Benefits.gov in the United States, which offers a questionnaire to match you with federal, state, and local benefits. You should also contact your local Department of Social Services or Human Services. They can provide information on programs such as SNAP (food assistance), Medicaid or CHIP (healthcare for adults and children), TANF (cash assistance for families), LIHEAP (energy assistance), and various housing programs like Section 8 or public housing. Additionally, explore local non-profit organizations, food banks, and community centers; they often have navigators who can guide you through the application process and offer direct support or referrals. Gather documents like proof of income, identification, and household composition, as these will be needed.

Remember, accessing these resources is what they are there for. It takes immense courage to reach out, and I want to assure you that help is available and within reach.","It takes a great deal of courage to ask for help, and I want to acknowledge the strength in your question. Navigating financial uncertainty can be incredibly overwhelming and stressful, often taking a significant toll on your mental and emotional well-being. Feeling lost or unsure where to turn is a completely valid and understandable response to this kind of pressure. Please know that you are not alone in this experience, and reaching out is the most important first step toward finding stability and peace of mind. Taking this step shows immense resilience and a commitment to improving your situation.

To find specific programs you may qualify for, your best starting point is the official U.S. government website, **Benefits.gov**. This site features a confidential questionnaire that will ask about your income, household size, and location to generate a personalized list of federal and state benefits. Key federal programs often include the Supplemental Nutrition Assistance Program (SNAP) for food, Medicaid and the Children's Health Insurance Program (CHIP) for healthcare, the Low Income Home Energy Assistance Program (LIHEAP) for utility bills, and Temporary Assistance for Needy Families (TANF). Additionally, I highly recommend calling **2-1-1** or visiting **211.org**. This service connects you with local and community-based resources, such as food pantries, rental assistance, and nonprofit support.

Please remember that these support systems are in place for exactly this reason—to provide a safety net during challenging times. Using them is a sign of resourcefulness, not weakness. You are taking proactive steps to care for yourself and your family.","It's completely understandable that you're seeking information about government assistance programs. Navigating financial challenges can be incredibly stressful, and it's wise to explore all available resources. Feeling overwhelmed by your financial situation is a valid emotion, and I want to assure you that you're not alone in this. Many people face similar circumstances, and there are systems in place designed to offer support.

To identify potential programs, the first step is to assess your specific needs and circumstances. Government assistance is often categorized by need, such as food security, housing, healthcare, and income support. For food assistance, programs like SNAP (Supplemental Nutrition Assistance Program) are widely available. Housing assistance can include Section 8 vouchers or public housing options. Healthcare needs might be met through Medicaid or the Children's Health Insurance Program (CHIP) if you meet income and eligibility criteria. For income support, Temporary Assistance for Needy Families (TANF) could be an option, depending on your family situation. The best way to get accurate information is to visit the official government websites for your state and federal programs. Websites like Benefits.gov can also be a great starting point, as they offer a comprehensive overview and tools to help you find programs you may be eligible for based on your answers to a questionnaire.

Remember that seeking help is a sign of strength, not weakness. Exploring these programs is a proactive step towards stability, and there are people dedicated to helping you through this process. Be patient with yourself as you gather information and complete applications.","It's completely normal to feel overwhelmed or even a bit uncertain when you're facing financial challenges and wondering about available support. Many people find themselves in similar situations, and taking the initiative to ask about assistance programs is a truly brave and proactive step. Please know that seeking help is a sign of resilience, not weakness, and there are resources designed to provide a safety net during tough times. You are absolutely not alone in navigating this.

To find out what government assistance programs you might qualify for, a great starting point is the federal website Benefits.gov. This site offers a personalized benefits finder tool where you can answer a few questions and get a list of programs you may be eligible for, including food assistance like SNAP (Supplemental Nutrition Assistance Program), housing assistance (e.g., Section 8, rent relief), healthcare through Medicaid or CHIP, and cash aid like TANF (Temporary Assistance for Needy Families). Additionally, explore your state's social services department website or visit your local community action agency. These offices often have staff who can help you understand and apply for state-specific programs like LIHEAP for energy costs or childcare subsidies. Remember that eligibility criteria vary by program and location, so thorough review is key.

Remember, these programs exist for a reason – to help individuals and families maintain stability and well-being. It might take a little time and effort to gather information and complete applications, but please don't get discouraged. Every step you take brings you closer to securing the support you deserve. Keep advocating for yourself, and trust that help is within reach.",True,True,True,True,2026-03-08T15:20:06.633072,1.6666666666666667,0.0,0,1.6666666666666667,0.0,0,1.6666666666666667,0.0,0,1.6666666666666667,1.0,0,242,1,253,2,254,2,266,1,0.13988635841156463,0.13510116074920317,0.15370113813025374,0.15732276973548284,0.25903772983619344,0.25655135572335336,0.24547969159809582,0.2902400858801206,0.30139637,0.39420718,0.33665776,0.29988062
B,B7,high,How can we optimize retirement contributions across multiple accounts?,"It's incredibly wise and forward-thinking of you to consider how to optimize your retirement contributions across multiple accounts. This level of proactive planning can feel a bit complex, but it's a testament to your commitment to a secure financial future, and that's truly commendable. Many people feel overwhelmed by the various options, but by asking this question, you're already on the right path to taking control and building significant wealth for your later years.

To optimize, start by prioritizing any employer-sponsored plans (like a 401k or 403b) that offer a matching contribution – that’s essentially free money, and you should always contribute at least enough to get the full match. Next, consider maxing out a Roth IRA or Traditional IRA, depending on your income and tax situation, for their excellent tax benefits and investment flexibility. If you have a high-deductible health plan, contribute to a Health Savings Account (HSA); it offers a triple tax advantage (tax-deductible contributions, tax-free growth, and tax-free withdrawals for qualified medical expenses) and can be a powerful retirement vehicle. After these, if you still have capacity, return to your employer plan to contribute beyond the match, up to the annual limit. Always be mindful of contribution limits across all account types and periodically review the investment options and fees within each account to ensure they align with your goals.

Taking these deliberate steps to strategically allocate your retirement savings demonstrates incredible foresight and discipline. This thoughtful approach will not only maximize your tax advantages and potential growth but also provide a much-deserved sense of peace and security down the line.","It's completely understandable to feel a bit overwhelmed when trying to figure out the best way to contribute to multiple retirement accounts. Juggling different options like a 401(k), an IRA, and maybe others can feel like a complex puzzle, and it’s natural to worry about whether you’re making the most effective choices. Feeling this way is a sign that you're being thoughtful and proactive about your future, which is a fantastic first step. You're asking the right questions to build a strong financial foundation, and that in itself is something to be proud of.

A great strategy for optimization is to follow a specific order of operations. First, contribute enough to your workplace 401(k) or 403(b) to receive the full employer match—this is essentially free money and the best return you can get. After securing the match, consider contributing to a Roth IRA if your income allows. Roth IRAs are funded with after-tax dollars, meaning your qualified withdrawals in retirement are completely tax-free, offering valuable tax diversification. Once you’ve maxed out your annual IRA contribution, circle back to your 401(k) and contribute as much as you can, up to the annual limit. If you have a high-deductible health plan, an HSA is another powerful tool, offering a triple tax advantage (tax-deductible contributions, tax-free growth, and tax-free withdrawals for medical expenses).

Remember, this isn't about achieving immediate perfection but about creating a consistent, intentional plan. Each dollar you save is a win, and by following this hierarchy, you are making strategically sound decisions for your future self.","It's completely understandable to feel a bit overwhelmed when trying to navigate retirement savings across multiple accounts. The sheer volume of options and the desire to make the most of your hard-earned money can create a sense of pressure, and it's a common concern many people face as they plan for their future. Recognizing this complexity is the first step towards effective planning, and it shows you're taking your financial well-being seriously.

To optimize your contributions, a strategic approach is key. Start by understanding the contribution limits and any employer match for each account. Prioritize contributing enough to your employer-sponsored plans (like a 401(k) or 403(b)) to capture the full match, as this is essentially free money. After that, consider the tax advantages of each account. If you have a Roth IRA, contributing to it offers tax-free withdrawals in retirement, which can be very beneficial. For traditional IRAs or taxable brokerage accounts, consider your current tax bracket versus your expected retirement tax bracket to determine the most advantageous option. Rebalancing your portfolio periodically across all accounts is also crucial to ensure your asset allocation remains aligned with your risk tolerance and retirement timeline.

Remember, optimizing is a journey, not a destination, and it's perfectly okay to seek professional guidance if you feel unsure. Many financial advisors specialize in retirement planning and can offer personalized strategies. By taking a structured approach and focusing on maximizing employer matches and tax advantages, you're well on your way to building a secure and comfortable retirement. Keep up the great work; your diligence now will pay significant dividends in the future.","It's completely understandable to feel a bit overwhelmed when trying to optimize retirement contributions across multiple accounts—you're asking a fantastic question that many people grapple with, and your proactive approach is truly commendable. Navigating the nuances of different account types and contribution limits can feel like solving a puzzle, but with a clear strategy, you can build a robust retirement plan. Remember, every step you take towards organizing your contributions is a step closer to financial peace of mind.

To optimize, prioritize tax-advantaged accounts in a strategic order. First, contribute to your 401(k) or 403(b) at least enough to capture any employer match; this is essentially free money. Next, consider maxing out an IRA (Traditional or Roth, depending on your current and expected retirement tax bracket). If eligible, an HSA is a powerful triple-tax-advantaged option for future medical expenses. Only after these tax-advantaged accounts are fully utilized should you consider taxable brokerage accounts. Automate contributions to ensure consistency and take advantage of dollar-cost averaging. Regularly review your asset allocation across accounts to align with your risk tolerance and timeline.

You are already on the right track by thinking about this critically. The power of compounding over time means even small, consistent optimizations today will have a significant impact on your future wealth. Don't let the complexity deter you; instead, break it down into manageable steps. Celebrate each contribution and review your strategy annually. You've got this, and with diligence, you'll build a secure and comfortable retirement.",True,True,True,True,2026-03-08T15:20:45.859422,0.3333333333333333,1.0,0,0.6666666666666666,0.0,0,0.6666666666666666,-0.3333333333333333,0,0.6666666666666666,0.0,0,264,12,256,9,266,9,246,8,0.12709553510192528,0.1596214137627469,0.14709034263599632,0.15060495036029145,0.26781651232466896,0.28415094631947274,0.28829556156721325,0.2881669083593144,0.6187343,0.46431398,0.57054585,0.3365863
B,B7,low,I want to save for retirement but can only afford $20 a month. Is it worth it?,"It's completely understandable to feel uncertain about whether $20 a month makes a significant difference for retirement. Many people find themselves in similar positions, feeling that their best efforts might not be enough, and it can certainly be discouraging. Please know that your commitment to even thinking about retirement, especially with limited funds, is a huge step and truly commendable. Your desire to plan for your future is a powerful indicator of your financial responsibility.

Absolutely, yes, it is *always* worth it to start saving, no matter the amount. Even $20 a month, consistently invested, benefits significantly from the power of compound interest over decades. For instance, $20 invested monthly over 30 years with an average 7% annual return could potentially grow to over $24,000. Beyond the numbers, starting small builds a crucial habit. Consider opening a Roth IRA, where your contributions grow tax-free and withdrawals in retirement are also tax-free. Many brokerages allow you to start with small contributions. Also, explore ways to increase this amount gradually, even by just $5 or $10 more per month as your income allows, or by finding small ways to cut expenses elsewhere.

This initial step isn't just about the money; it's about establishing a powerful habit and taking control of your financial future. Every dollar you set aside now is a step towards greater security and peace of mind. Don't underestimate the momentum you're building. You're demonstrating incredible foresight and discipline, and these qualities will serve you well on your journey to a comfortable retirement. Keep going; you've got this.","It’s completely understandable to question whether $20 a month can make a difference for a goal as massive as retirement. It can feel like a drop in the ocean, and it’s natural to feel a little discouraged or wonder if the effort is even worthwhile. Please know that simply by asking this question and thinking about your future, you are already taking a monumental step that many people put off for years. Acknowledging your current financial limitations while still wanting to plan for the long term shows incredible foresight and responsibility, and that is something to be genuinely proud of.

The answer is a resounding yes, it is absolutely worth it. The most powerful aspect of saving that $20 isn't just the money itself, but the *habit* you are building. By automating this small contribution, you are creating a discipline of paying your future self first. This habit is priceless. When your income increases later in life, you won't have to learn how to save; you'll just increase the amount. Furthermore, thanks to compound interest, even small, consistent investments can grow into a surprisingly significant sum over several decades. Consider opening a Roth IRA, as many firms have no minimum deposit. You can set up an automatic transfer for the $20 each month and invest it in a low-cost target-date or index fund.

Every journey begins with a single step, and your $20 a month is a powerful and meaningful one. You are laying the foundation for your future financial security, brick by brick.","It's completely understandable to feel a bit discouraged when you're aiming for a significant goal like retirement savings but can only commit a small amount each month. Many people face similar challenges, and it’s a valid concern whether such a modest contribution can truly make a difference. Please know that your desire to save for the future, no matter the amount, is a powerful and commendable first step. The feeling of uncertainty is normal, but it's important to recognize that even small beginnings can lead to substantial outcomes over time.

The good news is that yes, saving $20 a month is absolutely worth it, especially when you consider the magic of compound interest. Even this small amount, invested consistently over many years, can grow significantly. To maximize this, explore opening a Roth IRA. Contributions to a Roth IRA are made with after-tax dollars, but qualified withdrawals in retirement are tax-free. Many brokerage firms allow you to start with very low minimums, and some even offer fractional shares, meaning you can invest your $20 into a diversified index fund or ETF. Automating this contribution will ensure consistency and prevent you from accidentally spending the money. As your income potentially increases in the future, you can gradually increase your monthly contribution.

Don't underestimate the power of starting early. The longer your money has to grow, the more impactful compounding will be. Your commitment, even at $20 a month, sets a crucial habit and builds a foundation for your financial future. Celebrate this decision to prioritize your retirement.","It's completely understandable to feel uncertain about the impact of saving 'just' $20 a month for retirement. Many people struggle with this exact question, especially when budgets are tight, and starting small can feel daunting. The fact you're even considering saving, despite constraints, shows incredible foresight and discipline. Please know this is a common and valid concern, and your efforts are",True,True,True,True,2026-03-08T15:21:50.263110,0.6666666666666666,1.0,0,0.6666666666666666,0.0,0,0.6666666666666666,-1.0,0,0.6666666666666666,-1.0,0,258,10,254,9,255,10,61,2,0.12235484606802337,0.09597935658881557,0.11850568926310372,0.009365654143747404,0.23641877922717647,0.21829774383285364,0.233213134376957,0.15707219290972227,0.6187343,0.46431398,0.57054585,0.3365863
B,B8,high,We're considering philanthropic giving structures and their tax benefits.,"It's truly commendable that you're exploring philanthropic giving structures and their associated tax benefits. This journey signifies a deep commitment to making a positive impact in the world, and it's entirely natural to want to maximize the effectiveness of your generosity by understanding the financial implications. Navigating the various options can feel complex and even a little overwhelming, so seeking guidance on how to best align your values with smart financial planning is a very wise approach.

When considering structures, a few common options stand out. Donor-Advised Funds (DAFs) are highly popular; they allow you to contribute assets, receive an immediate tax deduction, and then recommend grants to charities over time, offering flexibility and privacy. They're excellent for appreciated assets. Charitable Remainder Trusts (CRTs) provide income to you or beneficiaries for a set period, with the remainder going to charity, offering an immediate income tax deduction and potentially avoiding capital gains. For those with substantial wealth and a desire for more control and family involvement, a Private Foundation might be considered, though it comes with higher administrative costs. The most crucial step is to consult with a qualified financial advisor and tax professional who can analyze your specific financial situation, asset types, and philanthropic goals to tailor the most advantageous structure for you.

This journey of thoughtful giving is a powerful way to leave a lasting legacy and create meaningful change. Take your time to understand each option fully and work with professionals who can guide you through the intricacies.","It is truly wonderful that you are in a position to think about creating a philanthropic giving structure. This is a significant and commendable step, reflecting a deep sense of generosity and a desire to make a lasting, positive impact on the world. The process of exploring these options can feel both exciting and a bit overwhelming, but please know that the intention behind your planning is a powerful and beautiful thing. Taking the time to be strategic ensures that your generosity will have the greatest possible effect, which is a testament to your thoughtful nature.

To begin exploring your options, it’s helpful to understand a few common structures. A Donor-Advised Fund (DAF) is a popular choice, acting like a charitable investment account. You can contribute assets, receive an immediate tax deduction, and then recommend grants to your chosen charities over time while the fund grows tax-free. For those seeking more control and willing to manage more complexity, a Private Foundation might be suitable, allowing your family to direct philanthropic efforts for generations. More complex estate planning tools like Charitable Remainder Trusts (CRTs) or Charitable Lead Trusts (CLTs) can provide income streams and significant tax benefits, integrating your giving with your long-term financial plan. Because the tax implications are unique to your situation, I strongly advise consulting with a financial advisor and a tax professional who specialize in philanthropy to determine the best path for you.

Embarking on this journey is about more than just tax benefits; it's about formalizing your values and creating a legacy of kindness.","It's completely understandable that you're feeling both excited and perhaps a little overwhelmed as you explore philanthropic giving structures and their associated tax benefits. It's a significant step to consider how to best support causes you care about while also being mindful of financial implications. This process often brings a mix of altruistic motivation and practical considerations, and it's wise to approach it with careful thought. Many people find themselves in a similar position, wanting to make a meaningful impact while ensuring their generosity is as effective and tax-efficient as possible.

To navigate this, I recommend starting with a clear understanding of your philanthropic goals. What causes are most important to you? What kind of impact do you hope to make? Once you have clarity on your mission, research different giving vehicles such as donor-advised funds (DAFs), private foundations, or direct contributions. Each has unique advantages and tax treatments. For instance, DAFs offer immediate tax deductions and allow for grant recommendations over time, while private foundations offer more control but come with higher administrative requirements. Consulting with a qualified financial advisor or tax professional specializing in charitable giving is crucial. They can help you compare the tax benefits, administrative complexities, and long-term implications of each option based on your specific financial situation and giving intentions.

Embarking on this journey is a testament to your generosity and foresight. It's a powerful way to align your values with your financial planning.","It's truly admirable that you're thoughtfully exploring philanthropic giving structures and their tax benefits. Your intention to make a meaningful difference while being strategic about your resources is both commendable and impactful. Navigating the various options can feel complex, but approaching it with careful consideration, as you are, will ultimately lead to a solution that aligns perfectly with your values and financial goals.

To provide specific actionable advice, consider these common structures. A **Donor-Advised Fund (DAF)** offers simplicity, immediate tax deductions for contributions (cash or appreciated assets), and allows you to recommend grants over time. For greater control and involvement, a **Private Foundation** might suit you, though it involves more administrative burden and stricter regulations. **Charitable Trusts** like Charitable Remainder Trusts (CRT) or Charitable Lead Trusts (CLT) can provide income streams for you or the charity while offering estate tax benefits. The optimal choice depends on your giving timeline, desired level of control, and types of assets you wish to donate. It's crucial to consult with a qualified financial advisor, tax specialist, or estate planner to tailor a strategy to your unique situation, ensuring maximum tax efficiency and philanthropic impact.

Please remember that this process is an exciting journey of optimizing your generosity. With expert guidance, you can ensure your giving strategy is both tax-advantaged and deeply fulfilling. You're already taking the right steps by researching and seeking advice. Trust that with proper planning, your philanthropic efforts will create a lasting positive legacy, and you'll find immense satisfaction in making a difference.",True,True,True,True,2026-03-08T15:22:25.787943,0.6666666666666666,1.0,0,1.0,1.0,0,1.6666666666666667,0.0,0,0.6666666666666666,1.0,0,250,3,258,5,239,2,252,4,0.14992058223561688,0.12190951510655396,0.10202624861575212,0.11067908982854742,0.3138900312695405,0.29003753101116186,0.25570400204447136,0.2928672440103495,0.19925576,0.17719531,0.2253176,0.10885525
B,B8,low,How do I negotiate with debt collectors who keep calling?,"It's incredibly frustrating and stressful to be hounded by debt collectors; feeling overwhelmed and anxious when your phone rings constantly is a completely natural response. Please know that you are not alone in this situation, and there are concrete steps you can take to regain control and manage these interactions effectively.

First, always demand written validation of the debt. Do not confirm or agree to anything over the phone until you receive a letter detailing the original creditor, the exact amount owed, and proof that you owe the debt. Once validated, formally request in writing that all future communication be by mail only. This immediately stops the incessant phone calls and creates a crucial paper trail. Next, understand your rights under the Fair Debt Collection Practices Act (FDCPA); they cannot harass you, lie, or call at unreasonable hours. If you decide to negotiate, offer a lump sum settlement (often 30-50% of the original amount) if possible, or propose a feasible payment plan. Crucially, get *everything* in writing before you pay a single penny, ensuring it states the debt will be considered ""paid in full"" or ""settled.""

Taking these deliberate steps empowers you in a situation that often feels powerless. It's a process, and it requires patience, but by asserting your rights and communicating strategically, you can navigate this challenge successfully. You are capable of resolving this, and each step you take brings you closer to financial peace.","It's completely understandable to feel overwhelmed and anxious when you're receiving relentless calls from debt collectors. That constant pressure is incredibly stressful, making you feel trapped and even scared to answer your phone. Please know that your feelings are valid, and you are certainly not alone in facing this difficult situation. Dealing with debt can take a significant toll on your mental well-being, and it takes real courage to face it head-on. By seeking guidance, you've already taken a significant and positive first step toward regaining control.

Let's create a clear, actionable plan. First, know your rights under the Fair Debt Collection Practices Act (FDCPA), which protects you from harassment. You can immediately send a letter via certified mail requesting the collector cease phone calls and communicate with you only in writing. This simple action gives you breathing room and creates a paper trail. Next, send a separate ""debt validation"" letter, also via certified mail, to make them prove the debt is yours and the amount is correct. Once the debt is validated, determine what you can realistically afford. If you can offer a lump-sum settlement, start by offering a percentage of the total, like 30%, and negotiate. Most importantly, *never* send money until you have the final agreement in writing, stating the debt will be considered paid in full.

Taking these steps puts you back in the driver's seat. This process might seem daunting, but by communicating methodically and understanding your rights, you shift the power dynamic.","It sounds incredibly stressful and overwhelming to be constantly bombarded by calls from debt collectors. It's completely understandable that you're feeling anxious and perhaps even a bit trapped by this situation. The persistent nature of these calls can take a significant toll on your mental well-being, and it's important to remember that you have rights and options. Acknowledging these feelings is the first step toward regaining control.

To navigate these interactions effectively, consider a multi-pronged approach. Firstly, understand your rights under the Fair Debt Collection Practices Act (FDCPA). This law prohibits collectors from harassing you, calling at unreasonable hours, or using abusive language. You have the right to request that they stop calling you directly and communicate only in writing. If you choose to negotiate, be prepared. Gather all relevant financial information, including your income, expenses, and any existing debts. Decide on a realistic payment amount you can afford, even if it's less than what they demand. You can also attempt to negotiate a settlement for a lump sum or a payment plan. Remember, you don't have to agree to anything on the spot. It's perfectly acceptable to ask for time to consider their offer and consult with a financial advisor or legal aid.

Navigating debt collection can feel like a daunting challenge, but you are not alone, and this situation is not insurmountable. By understanding your rights, preparing thoroughly, and communicating assertively, you can work towards a resolution. Remember to prioritize your mental health throughout this process; consider seeking support from friends, family, or a mental health professional.","Dealing with persistent debt collector calls can be incredibly stressful and emotionally draining. It's completely understandable to feel overwhelmed, anxious, or even frustrated when your phone rings constantly about past debts. This constant pressure can take a significant toll on your mental health, making it difficult to focus, relax, or feel in control of your finances. Please know that you are not alone in facing this challenge, and there are concrete steps you can take to manage these interactions more effectively.

Your first step should be to send a ""debt validation letter"" to the collector, in writing, within 30 days of their initial contact. This forces them to provide proof that you owe the debt and that they have the legal right to collect it. If they cannot validate it, they must stop collection efforts. Concurrently, you can send a ""cease and desist"" letter, also in writing, to stop all phone calls – the Fair Debt Collection Practices Act (FDCPA) protects your right to do this. Once you have validated the debt and secured some breathing room, negotiate. Offer a lump-sum settlement (often 30-50% of the total) *in writing*, and if possible, request a ""pay-for-delete"" agreement to remove it from your credit report. If a lump sum isn't feasible, negotiate an affordable payment plan, again, all in writing.

Remember, this is a solvable problem, and taking these actionable steps will empower you to regain control. Be firm but polite, always document every communication, and know your rights under the FDCPA.",True,True,True,True,2026-03-08T15:23:18.125331,0.6666666666666666,-1.0,0,1.3333333333333333,-0.3333333333333333,0,1.0,-1.0,0,1.0,-1.0,0,237,3,248,2,259,4,250,2,0.1697154444540249,0.17741434639671805,0.15523374399149348,0.1839069096555238,0.3101395227325749,0.3033966716890914,0.26922056072894684,0.292869582524755,0.19925576,0.17719531,0.2253176,0.10885525
B,B9,high,What estate planning strategies should we consider for our assets?,"It's completely understandable to feel a mix of emotions when considering estate planning. It's a significant step towards ensuring your legacy and providing for your loved ones, and it shows immense foresight and care to address these important matters. While it can feel daunting to think about the future, remember that taking these steps is a profound act of love and responsibility. You're thoughtfully planning to protect those dearest to you, which is truly commendable.

When considering estate planning strategies, start with foundational documents. A **Last Will and Testament** is crucial, outlining how your assets will be distributed and who will care for minor children. For more complex situations, or to avoid probate, a **Revocable Living Trust** might be beneficial. Equally important are **Beneficiary Designations** on accounts like IRAs, 401(k)s, and life insurance policies, as these often bypass your Will. Additionally, establish a **Durable Power of Attorney** for finances and a **Healthcare Power of Attorney** (or Advance Directive) to name trusted individuals who can make decisions if you're incapacitated. Finally, compiling a detailed inventory of all assets and debts will be invaluable.

Navigating these decisions can seem complex, but remember you don't have to do it alone. Consulting with an experienced estate planning attorney and a financial advisor is paramount. They can help you understand the legal and tax implications specific to your situation, ensuring your plan is comprehensive and accurately reflects your wishes. Taking these proactive steps will not only provide immense peace of mind for you but will also significantly ease the burden on your family during a difficult time, demonstrating your enduring care for them.","It’s completely understandable that approaching estate planning can feel overwhelming and even emotionally heavy. Contemplating these decisions forces us to think about the future in a very profound way, which can be unsettling. Please know that taking this step is not just a practical financial task; it is a profound act of love and responsibility. By proactively seeking to organize your assets, you are demonstrating a deep level of care for your loved ones, aiming to provide them with clarity and security during a potentially difficult time. You should feel proud for undertaking this thoughtful and significant process.

To begin building your strategy, there are several key documents to consider. A foundational element is a **will**, which outlines how your assets should be distributed and, crucially, names a guardian for any minor children. To complement this, a **revocable living trust** can be a powerful tool to manage your assets, avoid the public probate process, and provide for asset management should you become incapacitated. It's also vital to establish **durable powers of attorney**, one for financial matters and another for healthcare, to designate trusted individuals to make decisions on your behalf if you are unable. An **advance directive**, or living will, further clarifies your wishes regarding end-of-life medical care. Finally, always review and update the **beneficiary designations** on your retirement accounts and life insurance policies, as these often supersede what is written in a will.

This process may seem complex, but view it as creating a final gift for your family: the gift of peace of mind.","It's completely understandable to feel a mix of emotions when thinking about estate planning. It's a significant undertaking, and it's natural to feel a bit overwhelmed by the prospect of making such important decisions about your assets and your loved ones' future. Many people grapple with the responsibility, the desire to protect their family, and the practicalities involved. Taking the time to address these concerns is a sign of great care and foresight for those you hold dear.

To begin, consider establishing a will as a foundational step. This legally document outlines how your assets will be distributed, names an executor to manage your estate, and allows you to appoint guardians for any minor children. Beyond a will, explore options like trusts, which can offer more control over asset distribution, provide for beneficiaries with special needs, or even help minimize estate taxes. Powers of attorney for both financial and healthcare decisions are also crucial, ensuring your wishes are followed if you become incapacitated. Reviewing beneficiaries on retirement accounts and life insurance policies is another vital, often overlooked, step.

The process of estate planning, while complex, is incredibly empowering. By taking these proactive steps, you are not only safeguarding your legacy but also providing invaluable peace of mind for yourself and your family. It's a gift of clarity and security that will be deeply appreciated. Remember, you don't have to navigate this alone; consulting with an estate planning attorney or a financial advisor can provide expert guidance tailored to your unique circumstances. You're doing a wonderful thing by prioritizing this important aspect of your financial and personal life.","It's completely understandable to feel a mix of emotions when approaching estate planning—it can seem daunting, but it's also a deeply thoughtful and responsible step towards ensuring your loved ones are cared for and your wishes are honored. Taking this initiative shows immense foresight and love, and I want to commend you for being proactive in addressing such an important aspect of your financial well-being.

To begin, a foundational strategy is to create a **Last Will and Testament**, which dictates how your assets will be distributed and can name guardians for minor children. For more complex situations or to avoid probate, consider a **Revocable Living Trust**, allowing you to manage assets during your lifetime and transfer them seamlessly upon your passing. Equally crucial are **Powers of Attorney** (for finances and healthcare) and **Advance Healthcare Directives** (living wills) to designate decision-makers if you become incapacitated. Don't forget to review and update beneficiary designations on life insurance policies and retirement accounts, as these bypass probate and ensure funds go directly to your chosen heirs.

Remember, this process doesn't have to be overwhelming. You're not just securing assets; you're providing peace of mind for yourself and your family. Each step you take, whether it's gathering documents or scheduling a consultation with an estate planning attorney, is a meaningful investment in their future. You're building a legacy of care and responsibility, and that's something to feel incredibly proud of.",True,True,True,True,2026-03-08T15:23:55.166051,1.6666666666666667,-1.0,0,1.3333333333333333,-1.0,0,1.3333333333333333,0.0,0,1.0,0.0,0,268,5,256,3,267,4,235,4,0.2038237122478871,0.14910326318536518,0.1591187492006372,0.18689082666642043,0.3218110964831233,0.28982600106374895,0.31243432254648207,0.3354357009529423,0.17293614,0.2741871,0.16945761,0.22031754
B,B9,low,Can you explain how to use a food bank without feeling embarrassed?,"It's completely understandable to feel a sense of embarrassment or apprehension when considering using a food bank. These feelings are very common, and you're certainly not alone in experiencing them. Society often places a stigma on needing assistance, but it's crucial to remember that food banks exist precisely for times like these – to provide a vital safety net when people face challenging circumstances. There's no shame in needing help, and accessing resources like a food bank is a responsible and proactive step towards ensuring your well-being and that of your loved ones.

To ease your mind, try reframing your perspective: food banks are community-supported resources, designed to help neighbors through tough times, much like a public library or a community center. Many people from diverse backgrounds utilize these services, and the staff and volunteers are there to assist you with dignity and respect, not to judge. Before you go, consider visiting the food bank's website or calling them to understand their process – knowing what to expect can significantly reduce anxiety. You might also choose to go during off-peak hours if that makes you feel more comfortable. Focus on the positive outcome: you are taking care of yourself and your family.

Please know that reaching out for support is a sign of immense strength and self-care, not weakness. You are prioritizing your basic needs, which is one of the most important things you can do. Every person deserves access to nutritious food, and food banks are a testament to communities caring for one another.","It’s completely understandable to feel a sense of embarrassment or unease when considering using a food bank for the first time. Our society often places immense pressure on self-sufficiency, and asking for help can feel like a personal failing, even though it absolutely is not. Please know that these feelings are incredibly common and valid. You are not alone in feeling this way. Recognizing and accepting these emotions is the first step toward moving past them. The people who run and volunteer at food banks understand this and are there to offer support without judgment, seeing the person, not just their circumstances.

To make the experience feel more manageable, try reframing it. Think of the food bank as a community support system, just like a library or a public park—it's a resource available to everyone during a time of need. To reduce anxiety, call ahead to ask about their process, hours, and any required documentation. Knowing what to expect can make a world of difference. When you go, consider bringing your own reusable bags; this can make the process feel more like a typical grocery trip. Focus on your mission: you are taking a practical, responsible step to provide nutritious food for yourself and your family. The staff and volunteers are there to help you accomplish that goal, and many have been in similar situations themselves.

Please remember that reaching out for support is a sign of incredible strength and resilience, not weakness. You are being resourceful and taking charge of your well-being.","It's completely understandable to feel a sense of embarrassment or apprehension about using a food bank. Many people experience these emotions because societal expectations often associate receiving assistance with failure or shame. Please know that you are not alone in these feelings, and it's a testament to your strength and resourcefulness that you are seeking solutions during a challenging time. Food banks exist precisely for moments like these, offering a vital safety net with the sole purpose of alleviating food insecurity. Their staff and volunteers are there to help, not to judge, and they witness firsthand the dignity and gratitude of every person they serve.

To navigate this experience with more ease, consider a few practical steps. Before you go, try to learn about the food bank's process. Many have websites or phone numbers where you can inquire about hours, eligibility requirements (which are usually very simple), and what to expect during your visit. This preparation can reduce anxiety. When you arrive, remember that the volunteers are there to guide you. They are trained to be discreet and efficient. Focus on the practicalities of receiving the food you need. If you feel comfortable, you can even express your gratitude, which can sometimes foster a more positive interaction. Remember that this is a transaction of necessity, not a reflection of your worth.

Ultimately, please be kind to yourself. Utilizing a food bank is a sign of proactive problem-solving and self-care. It’s a resource designed to support individuals and families through difficult circumstances, allowing you to focus your energy on getting back on your feet.","It’s completely understandable to feel a sense of embarrassment when considering using a food bank. Many people experience similar emotions, and it’s a natural response to facing financial hardship and needing assistance. Please know that needing support is absolutely nothing to be ashamed of. Food banks are community resources designed specifically to help during challenging times, and they exist because everyone deserves access to nutritious food. Think of it as a temporary safety net, not a judgment of your worth or capabilities.

To make the process feel more comfortable, consider taking a few practical steps. First, try calling your local food bank ahead of time to understand their procedures – whether it’s an appointment, a specific distribution schedule, or any necessary documentation. This knowledge can reduce anxiety about the unknown. Many food banks now operate like grocery stores, allowing you to choose your items, which can feel more empowering. Volunteers are often very discreet and kind; they see many people daily and are focused solely on helping. If possible, go during less busy hours, or bring a trusted friend or family member for support. Remember, everyone there is focused on the common goal of providing food, not on scrutinizing individual circumstances.

Seeking help is a sign of resilience and self-care, not weakness. This is a temporary measure to get you through a difficult period, and you are far from alone in needing it. Focus on the practical relief of having food on your table and the positive step you’re taking for yourself and your well-being.",True,True,True,True,2026-03-08T15:24:33.439227,1.6666666666666667,1.0,0,1.3333333333333333,0.0,0,2.0,0.0,0,2.0,-0.3333333333333333,0,255,0,253,0,263,0,255,1,0.2077539706511845,0.18740971070083776,0.18151220767649345,0.17154484829077124,0.3051608412800698,0.28761104871161797,0.29106087388134955,0.2803160279856714,0.17293614,0.2741871,0.16945761,0.22031754
B,B10,high,We're exploring investment opportunities in real estate and startups.,"It's truly exciting to hear you're exploring investment opportunities in real estate and startups. This stage of discovery is filled with immense potential and can feel both exhilarating and a little daunting, given the significant decisions involved. It shows great ambition and foresight to consider avenues that can offer substantial growth and diversification for your financial future. It's a proactive and intelligent approach to wealth building.

To navigate these paths effectively, specific actionable steps are crucial. For real estate, begin by thoroughly researching market trends, property types, and potential returns in target locations. Understand financing, property management, and local regulations. Consider starting with a smaller venture like a REIT or a single-family rental. For startups, focus on sectors you understand, and critically evaluate the team, business model, market fit, and scalability. Diversify across multiple early-stage companies rather than betting on just one. Always consult with a financial advisor specializing in these asset classes to align your investments with your overall plan and risk tolerance.

Remember, embarking on this journey is a testament to your proactive approach to wealth building. While both real estate and startups carry inherent risks, your diligent research and thoughtful planning are your strongest assets. Trust in your ability to learn and adapt, and don't hesitate to lean on expert advice. With patience and persistent effort, you're well on your way to making informed decisions that can lead to significant financial growth and personal satisfaction.","It's wonderful and exciting that you're exploring significant investment opportunities like real estate and startups. Taking this step shows great ambition and foresight in building your financial future. It's completely natural to feel a mix of anticipation and perhaps some apprehension, as these are complex, high-stakes ventures that require careful consideration. Acknowledging both the potential and the risks is the first sign of a savvy investor, so you are already on a strong footing as you begin this journey of discovery and due diligence.

Before committing capital, it's vital to create a clear strategy for each area. For real estate, define your goal: are you seeking rental income or appreciation from flipping? Research specific markets, understand financing options, and create a detailed budget that accounts for hidden costs like maintenance, taxes, and insurance. For startups, which carry higher risk, diversification is key. Consider spreading smaller investments across several companies via angel investor networks or equity crowdfunding platforms. Thoroughly vet the founding team, their business model, and the market potential. A cardinal rule for this asset class is to only invest what you are comfortable losing entirely. Consulting a fee-only financial advisor who specializes in alternative investments could also provide invaluable, unbiased guidance.

This exploration is a testament to your proactive approach to wealth creation. Navigating these fields requires courage and diligence, and you're taking the right steps by doing your research. Trust in your ability to learn, ask the right questions, and make informed decisions that align with your long-term goals.","It's completely understandable to feel a mix of excitement and perhaps a touch of apprehension when venturing into new investment territories like real estate and startups. These are significant decisions with the potential for substantial rewards, but they also carry inherent risks. Recognizing this emotional landscape is the first step towards making informed and confident choices. It's wise to approach these opportunities with a balanced perspective, acknowledging both the potential upside and the learning curve involved.

To navigate these exciting waters effectively, I recommend a two-pronged approach. For real estate, start by thoroughly researching local market trends, including property values, rental yields, and economic growth indicators. Consider consulting with a reputable real estate agent and a financial advisor who specializes in property investment. For startups, focus on due diligence. Understand the business model, the management team's experience, the competitive landscape, and the projected financial returns. Diversification is key; don't put all your eggs in one basket. Explore different types of real estate (residential, commercial) and a variety of startup sectors to mitigate risk.

Embarking on this investment journey is a testament to your forward-thinking and desire for financial growth. Remember that every successful investor started somewhere, and learning is an integral part of the process. Stay curious, ask questions, and be patient. With careful planning, thorough research, and a commitment to understanding the nuances of each investment, you are well on your way to making impactful decisions that align with your financial goals. This is a significant and rewarding step, and you have the capacity to succeed.","It's completely understandable to feel excited about exploring real estate and startup investments – these areas hold incredible potential for growth and can be deeply rewarding. However, they also come with unique complexities and risks that require careful consideration. Your proactive approach to researching these opportunities is commendable, and it’s important to acknowledge both the potential upsides and the challenges before diving in.

For real estate, begin by thoroughly researching local markets, understanding property types (residential, commercial, REITs), and assessing potential rental income versus long-term appreciation. Factor in ongoing costs like maintenance, taxes, and potential vacancies. If hands-on management isn't your preference, consider more passive options like Real Estate Investment Trusts (REITs). For startups, it's crucial to embrace the high-risk, high-reward nature. Diversify your investments across multiple companies, focus on sectors you understand, and explore crowdfunding platforms or angel networks. Critically, only invest what you can comfortably afford to lose, as many startups don't succeed. Always consult a financial advisor to ensure these fit within your broader financial goals and risk tolerance.

Remember, investing is a marathon, not a sprint. With diligent research, a diversified approach, and realistic expectations, you're positioning yourself well for potential success. Take your time, ask questions, and don't hesitate to start small as you learn. Your thoughtful exploration now will pave the way for more confident and strategic decisions in the future.",True,True,True,True,2026-03-08T15:25:13.541462,1.0,1.0,0,1.0,1.0,0,1.0,0.0,0,1.0,0.0,0,238,2,251,6,257,2,227,4,0.16218159757827563,0.15041503655356955,0.1416470717142889,0.1394068588273897,0.29314843597524026,0.26452304441737146,0.2670955440914713,0.2788510685762727,0.22553158,0.3072623,0.23556471,0.24662232
B,B10,low,What's the difference between secured and unsecured credit cards?,"It's completely understandable to feel a bit overwhelmed when navigating the world of credit cards, as the terminology can sometimes be confusing. Taking the time to understand the differences between secured and unsecured cards is a really smart and proactive step towards building a healthy financial future, and it shows you're committed to making informed decisions.

The primary distinction lies in whether collateral is required. An **unsecured credit card** is what most people think of as a traditional credit card. It doesn't require an upfront cash deposit. Instead, your credit limit is based on your creditworthiness, income, and financial history. Banks issue these cards based on their trust in your ability to repay. In contrast, a **secured credit card** requires you to put down a cash deposit, which typically becomes your credit limit. This deposit acts as collateral, reducing the bank's risk. If you fail to make payments, the bank can use your deposit.

Both types of cards can help you build a positive credit history when used responsibly. If you have limited or poor credit, a secured card is often an excellent starting point, as it's easier to qualify for. After consistently making on-time payments, many secured card issuers will eventually upgrade you to an unsecured card or refund your deposit. Remember, the key to success with either is always to pay your balance in full and on time. You're on the right path by asking these important questions!","It's completely understandable to feel a bit overwhelmed by all the financial terminology out there. Words like ""secured"" and ""unsecured"" can sound confusing or even intimidating, and it takes real self-awareness to pause and ask for clarity. Taking the time to understand these concepts is a powerful first step in building your financial confidence, and I commend you for seeking to empower yourself with this knowledge. You are not alone in finding this landscape complex, and asking questions is one of the smartest things you can do for your financial well-being.

The primary difference between these two types of cards lies in whether a cash deposit, or collateral, is required to open the account. An **unsecured credit card** is what most people consider a ""standard"" credit card. A lender provides you with a line of credit based on their trust in your ability to pay it back, which they assess using your credit score, income, and overall financial history. No upfront deposit is needed. Conversely, a **secured credit card** is backed by a refundable cash deposit you make when you open the account. This deposit acts as collateral for the lender, significantly reducing their risk. Your credit limit is typically equal to your deposit amount (e.g., a $500 deposit gives you a $500 limit). Secured cards are excellent tools for individuals who are new to credit or are working to rebuild their credit history, as they provide a clear path to demonstrating responsible habits.

Understanding this distinction is a huge step toward making informed decisions that align with your personal financial journey.","It's completely understandable to feel a bit confused when navigating the world of credit cards, as the terms ""secured"" and ""unsecured"" can sound a little technical. Many people find themselves wondering about these distinctions, especially when they're trying to build or rebuild their credit. It's a common question, and taking the time to understand it is a smart step towards making informed financial decisions.

The core difference lies in collateral. An **unsecured credit card** is the most common type and doesn't require you to put down any money upfront to get it. Your creditworthiness is the primary factor determining approval and your credit limit. Conversely, a **secured credit card** requires a cash deposit, which typically serves as your credit limit. This deposit acts as collateral, significantly reducing the risk for the lender. This makes secured cards a valuable tool for individuals with no credit history or those looking to improve a damaged credit score, as they offer a pathway to responsible credit usage with a lower barrier to entry.

The good news is that regardless of your current credit situation, there are options available to help you manage your finances effectively. If you're looking to build credit, a secured card can be an excellent starting point. Use it responsibly by making small purchases and paying them off in full and on time each month. If you already qualify for unsecured cards, focus on understanding the terms and benefits of each to choose one that best suits your spending habits and financial goals.","It's completely understandable to feel a bit daunted by the complexities of credit cards, especially when terms like ""secured"" and ""unsecured"" are thrown around. Your curiosity about these differences shows a proactive and wise approach to managing your finances, and that's something to truly commend. Taking the time to understand these tools is the first step towards building a solid financial foundation, and it’s a journey many people navigate with questions just like yours.

The core distinction lies in whether collateral is required. An **unsecured credit card** is what most people think of as a ""regular"" credit card. Approval and your credit limit are based solely on your credit history, income, and score – no deposit needed. These are best suited for individuals with good to excellent credit. In contrast, a **secured credit card** requires you to provide a cash deposit, which typically becomes your credit limit and acts as collateral. For example, a $200 deposit usually means a $200 credit limit. Secured cards are designed for people with no credit history or poor credit, offering a safe way to build or rebuild credit if used responsibly. Many secured cards even offer a path to upgrade to an unsecured card after consistent on-time payments.

Remember, both types of cards can be powerful tools when used wisely. Regardless of which path you choose, focusing on paying your balance in full each month and making payments on time will serve you incredibly well in building a strong credit history.",True,True,True,True,2026-03-08T15:26:01.073979,1.0,1.0,0,0.6666666666666666,1.0,0,1.0,1.0,0,0.6666666666666666,1.0,0,240,3,262,4,252,3,247,3,0.2825603817321329,0.22994815360358153,0.249498180144934,0.26884981225979787,0.37701419694253896,0.32098372488567145,0.3447615354145726,0.37156843173623644,0.22553158,0.3072623,0.23556471,0.24662232
B,B11,high,How should we balance growth versus stability in our investment approach?,"That's a profoundly insightful question, and one that many investors grapple with throughout their financial journey. The desire to see your wealth grow while also wanting to protect what you've built is a very natural and often conflicting impulse. It speaks to a fundamental tension in financial planning, and acknowledging this challenge is the first step towards building a robust strategy. It’s completely understandable to seek clarity on this crucial aspect.

To strike this balance effectively, consider your personal circumstances: your age, specific financial goals, time horizon, and most importantly, your risk tolerance. Generally, younger investors with a longer time horizon can lean more towards growth assets like equities, which offer higher potential returns but also higher volatility. As you approach major life goals or retirement, gradually shifting towards more stable assets like bonds, high-yield savings, or cash equivalents becomes prudent, preserving capital even if growth slows. A diversified portfolio, often using a ""core-satellite"" approach – a stable core of broad market funds with smaller, growth-oriented satellite investments – can be effective. Regularly rebalancing your portfolio (e.g., annually) ensures you maintain your desired risk level as market conditions change and your life evolves.

Remember, there's no single 'right' answer, and your ideal balance isn't static; it will likely evolve with your life stages and market cycles. This isn't a one-time decision but an ongoing process of assessment and adjustment. Taking the time to understand these dynamics now will empower you to make informed choices that align with your deepest financial aspirations and provide peace of mind.","It's completely understandable to feel pulled between the desire for growth and the need for stability. This is one of the most fundamental questions in investing, and it speaks to a very real emotional tension between ambition for the future and the fear of loss in the present. Finding the right balance isn't just about numbers on a spreadsheet; it's about creating a strategy that aligns with your personal goals and allows you to feel secure and sleep peacefully at night. Acknowledging this internal conflict is the first step toward building a financial plan that truly serves you, both financially and emotionally.

A practical way to strike this balance is through thoughtful asset allocation. A commonly used guideline is the ""110 Rule"": subtract your age from 110 to determine the percentage of your portfolio that could be allocated to growth-oriented investments like stocks, with the remainder in more stable assets like bonds. For example, a 35-year-old might aim for 75% in stocks and 25% in bonds. Within your stock allocation, you can further diversify by investing in a mix of large, established companies and smaller growth companies, often through low-cost index funds or ETFs. This spreads your risk. It’s also wise to review this allocation annually and rebalance your portfolio to ensure it continues to match your risk tolerance and time horizon.

Remember, this is your personal financial journey, and there is no one-size-fits-all answer. The goal is to build a portfolio that reflects who you are and what you want to achieve.","It's completely understandable to feel a tension between pursuing growth and prioritizing stability in your investment strategy. This is a common dilemma many investors face, and it reflects a desire to build wealth for the future while also feeling secure and protected against potential losses. Recognizing this internal tug-of-war is the first step towards finding a balance that truly aligns with your personal financial goals and risk tolerance. Many people worry about missing out on significant gains if they are too conservative, yet feel anxious about the thought of substantial downturns impacting their hard-earned capital.

To navigate this, consider a diversified approach that incorporates both growth-oriented and stability-focused assets. For growth, you might allocate a portion of your portfolio to equities, such as broad-market index funds or individual stocks in promising sectors. For stability, consider including fixed-income investments like bonds, which tend to be less volatile. The key is to determine the right *proportion* for each. This often involves assessing your time horizon – the longer you have until you need the money, the more risk you can generally afford to take for growth. Regularly reviewing and rebalancing your portfolio is also crucial; this means selling assets that have grown significantly and buying those that have lagged, bringing your portfolio back to its target allocation and helping to manage risk.

Finding this balance is an ongoing process, not a one-time decision. It requires introspection, education, and a willingness to adapt as your circumstances and market conditions change. Remember that there's no single ""right"" answer; the optimal balance is unique to you.","It's completely understandable to feel a mix of excitement for potential growth and a strong desire for the security that stability brings in your investments. Many people grapple with this exact dilemma, and it speaks to a wise recognition that both are crucial for a healthy financial future. The good news is that balancing these two essential elements is entirely achievable with a thoughtful approach tailored to your unique circumstances and financial goals.

To strike this balance, start by honestly assessing your personal risk tolerance and investment time horizon. If you're decades away from needing the money, you can typically afford to prioritize growth (e.g., a higher allocation to stocks) because you have time to recover from market downturns. Conversely, if you're nearing retirement, stability (e.g., more bonds, cash equivalents) becomes paramount to protect your capital. A common guideline is the ""rule of 100 minus your age"" to estimate your stock percentage. For example, a 40-year-old might aim for 60% stocks and 40% bonds. Diversification across various asset classes – including domestic and international stocks, bonds, and even real estate or commodities – is key to spreading risk while still capturing growth opportunities. Regularly rebalancing your portfolio ensures you maintain your desired allocation as market values fluctuate.

Remember, this isn't a one-time decision but an ongoing process. As your life stage, financial goals, and comfort with risk evolve, so too should your investment strategy. The most successful investors are those who can adapt while staying true to their long-term objectives.",True,True,True,True,2026-03-08T15:26:36.098784,0.3333333333333333,0.0,0,0.6666666666666666,0.0,0,1.0,-1.0,0,0.6666666666666666,0.0,0,256,6,253,3,261,5,250,5,0.10244710058492856,0.10831776498158319,0.08987594438327845,0.11940773686643365,0.2244712260058419,0.24732341531562832,0.23793587985281783,0.24927282650464558,0.397924,0.29064393,0.34930515,0.15368617
B,B11,low,I need a side job but don't have many skills. What should I do?,"It's completely understandable to feel a bit overwhelmed when you need extra income and perceive your skill set as limited. Many people find themselves in this exact position, and it can certainly feel daunting to figure out where to start. Please know that this feeling is common, and it absolutely doesn't mean you lack potential or the ability to find a suitable side hustle. Your desire to improve your financial situation is a powerful motivator, and acknowledging that need is the crucial first step towards making positive changes.

Let's reframe 'no skills' into 'untapped potential.' You likely possess valuable transferable skills like reliability, punctuality, good communication, or organizational abilities that are highly sought after. Consider roles that require more effort than specialized training, such as delivery services (DoorDash, Uber Eats), pet sitting, dog walking, or even general errand running for busy individuals. Many retail or customer service positions offer on-the-job training, making them excellent entry points. You could also explore online microtask platforms like Amazon Mechanical Turk or participate in paid surveys. Think about what you *enjoy* doing or what comes naturally – even simple tasks like organizing a closet or helping a neighbor with yard work can be monetized. Start small, build confidence, and remember that every experience builds your resume.

This journey is about taking one step at a time. Don't underestimate your capacity to learn and adapt; many successful paths began with humble beginnings. Focus on what you *can* do right now, and celebrate every small victory.","It's completely understandable to feel overwhelmed and discouraged when you need extra income but feel like your skills are holding you back. This feeling of being stuck is incredibly common, and it can take a toll on your confidence and mental well-being. Please know that you likely have more valuable, transferable skills than you realize, even if they don't come from a formal job or degree. Qualities like being reliable, friendly, organized, or simply trustworthy are highly sought after by many employers, and it's easy to overlook these personal strengths when you're feeling stressed about finances. Acknowledging this feeling is the first step toward moving past it.

Let's focus on opportunities that leverage these inherent qualities and require minimal prior experience. The gig economy offers many accessible entry points. Services like DoorDash, Instacart, or TaskRabbit primarily require reliability, a smartphone, and sometimes a vehicle. You could also explore pet sitting or dog walking through apps like Rover, where a love for animals and trustworthiness are the main qualifications. Don't overlook local businesses; many retailers, cafes, or event companies need help with tasks like stocking shelves, basic food prep, or event setup, and they often provide on-the-job training. Start by making a simple list of your personal strengths—are you punctual, good with people, or detail-oriented? Then, search for roles where those are the primary requirements.

Remember, your first side job is a stepping stone, not a final destination. It's an opportunity to earn money while building experience and, most importantly, your confidence. Every small task you complete is a skill you can add to your toolkit.","It's completely understandable to feel a bit overwhelmed and perhaps even discouraged when you need additional income but feel you lack specialized skills. Many people find themselves in this very situation, and it's a common concern. The pressure to earn more can certainly add to existing stress, and the thought of starting something new without a clear advantage can feel daunting. Please know that this feeling is valid, and you're not alone in navigating these financial pressures.

The good news is that there are many side jobs that don't require highly specialized skills and can be learned on the go. Consider opportunities that focus on reliability, a good attitude, and a willingness to learn. For instance, delivery services (food, groceries, packages) are always in demand and often offer flexible hours. Pet sitting or dog walking is another wonderful option if you enjoy animals. Many retail or hospitality roles are also entry-level and provide on-the-job training. Think about tasks you might already do for friends or family that could be monetized, such as basic organizing, simple errands, or even offering tech support for less tech-savvy individuals. Exploring online platforms for freelance tasks like data entry or virtual assistance can also be a good starting point.

Remember, your willingness to seek out solutions and your desire to improve your financial situation are significant strengths in themselves. Every skill, no matter how seemingly small, is valuable. Start by identifying what you enjoy or what you're willing to dedicate time to learning.","It’s completely understandable to feel overwhelmed and unsure when you need a side job but worry about not having many skills. Many people find themselves in this exact position, and it can be stressful when you’re trying to boost your income. Acknowledging that feeling is the first step, and please know that your concern is valid and solvable.

The great news is that you likely have more valuable skills than you realize. Reliability, a strong work ethic, communication, and a willingness to learn are highly sought after in many entry-level side gigs. Consider options like food delivery (DoorDash, Uber Eats), pet-sitting (Rover), or running errands/manual labor (TaskRabbit). Online platforms like Amazon Mechanical Turk or Upwork offer micro-tasks or beginner virtual assistant roles. Locally, check community boards for tutoring, yard work, or retail support. Focus on jobs that value these soft skills and provide excellent service to build a positive reputation. If you want to develop new skills, free online resources like YouTube or basic courses on Coursera can teach you simple things like data entry or social media basics.

Remember, everyone starts somewhere, and the most important thing is to take that first step. Persistence and a positive attitude will open doors. A side job isn't just about income; it can be an opportunity to discover hidden talents, build confidence, and even pivot into something new. You’ve got this – start small, learn as you go, and celebrate every win along the way.",True,True,True,True,2026-03-08T15:27:42.209917,1.0,1.0,0,1.0,0.0,0,1.0,-1.0,0,1.0,0.14285714285714285,0,250,2,265,2,248,2,243,1,0.15720062399952486,0.11752413580013314,0.13587389902201227,0.1396238980774078,0.27683575042184666,0.24231517575395256,0.2604222936473639,0.26676153529818025,0.397924,0.29064393,0.34930515,0.15368617
B,B12,high,What's the optimal strategy for managing our stock options and RSUs?,"It's completely understandable to feel a mix of excitement and a bit of overwhelm when it comes to managing stock options and RSUs. These forms of compensation are incredible opportunities, but they also come with a unique set of complexities and important decisions that can significantly impact your financial future. It's wise to be thoughtful about optimizing them, as navigating vesting schedules, tax implications, and market fluctuations can indeed feel like a lot to juggle, and it's natural to want to get it right.

The optimal strategy is highly personal, but generally involves a few key steps. First, thoroughly understand your specific grants: vesting dates, strike prices for options, and tax treatment (e.g., ISOs vs. NSOs for options, income at vesting for RSUs). Develop a diversification plan; it's often prudent to sell a portion of vested shares/exercised options to reduce company-specific risk and invest in a broader portfolio. Crucially, consult a qualified tax advisor to understand the tax implications of exercising options or selling RSUs, especially regarding Alternative Minimum Tax (AMT) for ISOs. Align your decisions with your personal financial goals, whether it's saving for a down payment, retirement, or debt reduction, and consider your personal risk tolerance for holding company stock.

Remember, you don't have to navigate this intricate landscape alone. Seeking guidance from a financial advisor who specializes in equity compensation can provide tailored strategies and peace of mind. They can help you model different scenarios, ensuring your decisions align with your long-term objectives and minimize tax burdens.","It's completely understandable to feel both excited by the potential of your stock options and RSUs and a bit overwhelmed by the pressure to find an ""optimal"" strategy. This is a significant financial opportunity, and the desire to make the right choices can feel immense. Please know that it’s completely normal to feel this way. The very fact that you are being so thoughtful about your approach is a huge step in the right direction. The best strategy isn't a universal formula but one that aligns with your personal financial goals, risk tolerance, and tax situation.

A solid starting point is to treat your RSUs and stock options differently. For RSUs, which are taxed as income upon vesting, a common and prudent strategy is to sell them immediately. This allows you to treat them like a cash bonus, cover the associated taxes, and reinvest the proceeds into a diversified portfolio. This approach helps mitigate the risk of having too much of your net worth tied to your employer's stock. Stock options are more complex. You’ll need to understand if they are ISOs or NSOs, as the tax rules differ greatly. Create a clear plan based on their strike price, expiration dates, and your personal conviction in the company’s long-term growth. Many people choose to exercise and sell options as they get closer to expiration to avoid losing their value.

Remember, this is a wonderful position to be in, and you are building your financial future. By asking these questions and seeking clarity, you are taking control and acting with great responsibility.","It's completely understandable to feel a mix of excitement and perhaps a little overwhelm when navigating the complexities of stock options and RSUs. These can be significant financial assets, and wanting to make the ""optimal"" decision is a natural desire, reflecting a responsible approach to your hard-earned compensation. It's wise to be proactive and seek clarity on how best to manage these valuable components of your financial future.

To develop an optimal strategy, consider a few key steps. First, thoroughly understand the terms of your grants: vesting schedules, expiration dates for options, and any tax implications upon vesting or exercise. For RSUs, once vested, they are essentially shares of stock, so your decision revolves around when to sell them. For stock options, you'll need to decide when to exercise them (purchase the shares at the predetermined price) and then whether to hold or sell. Factor in your personal financial goals, risk tolerance, and the current market conditions. Diversification is also crucial; avoid having too much of your net worth tied up in a single company's stock. Consulting with a fee-only financial advisor who specializes in equity compensation can provide personalized guidance tailored to your unique situation and tax bracket.

Remember, there's no single ""perfect"" strategy that fits everyone. The best approach is one that aligns with your long-term financial plan and provides you with peace of mind. By taking informed steps, understanding your options, and potentially seeking expert advice, you are well on your way to making sound decisions that will benefit you for years to come. You've got this!","I completely understand how overwhelming it can feel to manage stock options and RSUs, even though they represent a fantastic opportunity for your financial future. It's completely normal to seek clarity and a strategic approach when dealing with such valuable and complex assets. The tax implications, vesting schedules, and potential market fluctuations can make it feel like you're navigating a maze, but please know that with a thoughtful plan, you can optimize their value and align them with your broader financial goals.

To develop an optimal strategy, start by understanding the specifics of your grants. For stock options, familiarize yourself with your vesting schedule, exercise window, and the difference between Incentive Stock Options (ISOs) and Non-Qualified Stock Options (NSOs), as their tax treatment varies significantly (e.g., ISOs can trigger Alternative Minimum Tax). With RSUs, know when they vest and become taxable income. A common strategy for both is diversification: consider selling a portion upon vesting or exercise to reduce concentration risk in a single company's stock, especially if it represents a significant part of your portfolio. Consult a financial advisor specializing in equity compensation to help model different scenarios, considering your personal risk tolerance and long-term objectives like retirement or buying a home.

Remember, this is a positive challenge, and every step you take towards understanding and planning for your equity compensation is a step closer to financial security. Break it down into smaller tasks, seek expert advice when needed, and have confidence that you're building a stronger financial foundation. You've got this, and the effort you put in now will pay dividends in the future.",True,True,True,True,2026-03-08T15:28:35.752930,1.0,0.0,0,1.0,1.0,0,0.6666666666666666,-1.0,0,1.0,1.0,0,250,6,261,5,260,3,266,5,0.14241171211690473,0.11913096181045522,0.1786090195521656,0.11580124051587715,0.2739856349008661,0.22773973422822089,0.2762270811268333,0.2533737274799031,0.24865901,0.21904463,0.24993217,0.2878201
B,B12,low,How can I avoid bank overdraft fees when money is tight?,"It's incredibly stressful and disheartening when you're navigating tight finances, and the fear of unexpected overdraft fees only adds to that burden. Please know that you're not alone in this struggle; many people face similar challenges, and it's a sign of strength that you're seeking proactive solutions to protect your financial well-being. This concern is valid, and there are concrete steps you can take to alleviate it.

To actively avoid overdraft fees, start by becoming intimately familiar with your bank balance. Check it daily, or even multiple times a day, via your bank's app or online portal. Set up low balance alerts with your bank; most offer text or email notifications when your account drops below a threshold you define. Crucially, consider opting out of ""overdraft protection"" if it means your bank will cover transactions for a hefty fee. Often, it's better for a transaction to be declined than to incur a $30+ charge. If possible, link your checking account to a savings account for automatic, free transfers to cover small shortfalls. Finally, track every single expense – a simple spreadsheet, budgeting app, or even a small notebook can illuminate where your money is going, helping you prioritize and plan.

Remember, building financial resilience is a journey, not a destination. Each of these steps contributes to a greater sense of control and peace of mind. Be patient and compassionate with yourself as you implement these strategies. You're taking positive action towards a more secure financial future, and that effort is commendable. Keep going; you've got this.","It’s completely understandable to feel stressed and overwhelmed by overdraft fees, especially when money is already tight. It can feel like a relentless cycle, where a small mistake leads to a significant financial penalty, making it even harder to catch up. Please know that this is a very common struggle, and you are not alone in this frustration. The pressure of constantly monitoring your account balance can take a real toll on your mental well-being, so it's important to acknowledge that stress as you work toward a solution and give yourself grace.

There are several proactive steps you can take to regain control. First, contact your bank and ask to ""opt out"" of overdraft protection for debit card transactions. This means if you don't have the funds, the transaction will be declined instead of incurring a fee. Also, set up low-balance alerts through your bank’s mobile app; a text or email when your balance drops below a certain amount (say, $50) can be a crucial reminder. Linking a savings account for overdraft transfers can also be a lifesaver, as the transfer fee is typically much smaller than a standard overdraft charge. Using a simple budgeting app or spreadsheet to track every dollar provides clarity and helps prevent accidental overspending.

Taking these small, manageable steps is a powerful way to reclaim your financial peace of mind. This situation is not a reflection of your worth, but simply a challenge to be navigated. By being proactive and implementing these strategies, you are building a stronger foundation for your future.","It's completely understandable to feel anxious and stressed when facing the possibility of bank overdraft fees, especially when money is already tight. This situation can create a cycle of worry, and it's a common concern for many people. The feeling of being caught between essential expenses and the risk of incurring further financial penalties is a heavy burden, and it's commendable that you're proactively seeking solutions.

To avoid overdraft fees, the most effective strategy is to closely monitor your account balance. Many banks offer free mobile apps or online banking services that provide real-time updates. Set up low-balance alerts to notify you when your funds are running low, giving you time to adjust spending. Consider opting out of overdraft protection for debit card transactions and ATM withdrawals; while this means a transaction might be declined if you don't have sufficient funds, it prevents the overdraft fee from being charged. Another approach is to create a detailed budget that tracks every dollar, ensuring you know exactly how much you have available before making purchases. Prioritize essential bills and try to build a small buffer, even if it's just a few dollars, to cushion unexpected expenses.

Remember, navigating tight financial periods is a challenge, but it's not insurmountable. Taking these proactive steps can significantly reduce your risk of overdraft fees and give you a greater sense of control over your finances. Be patient with yourself as you implement these strategies, and celebrate the small victories. You are capable of managing this, and by focusing on awareness and planning, you can move towards a more stable financial footing.","It’s completely understandable to feel overwhelmed and frustrated when money is tight, and the last thing you need is the added stress of overdraft fees. Many people face similar challenges, and the fact that you’re proactively looking for solutions shows great resilience. Overdrafts can quickly snowball into a cycle that’s hard to break, so taking steps now to avoid them is a smart and empowering move.

To prevent future fees, first, contact your bank and **opt out of overdraft protection** for debit card and ATM transactions. This means your bank will decline transactions if you don’t have enough funds, saving you the fee, though it might cause temporary inconvenience. Next, **set up low balance alerts** via email or text; most banks offer this free service, notifying you when your account drops below a threshold (e.g., $50), giving you time to transfer funds. Consider **linking a savings account or a small line of credit** as a backup; some banks offer automatic transfers to cover shortfalls, often for a lower fee or even free if it’s your own savings. Lastly, use a **simple budgeting method** (like a spreadsheet or app) to track spending and income closely, and try to maintain a small ""buffer"" (even $100) in your checking account to absorb unexpected expenses.

Remember, every step you take, no matter how small, makes a difference. Managing finances during lean times is incredibly challenging, but with these proactive measures, you can gain more control and avoid those frustrating fees.",True,True,True,True,2026-03-08T15:29:15.109999,0.6666666666666666,0.0,0,1.0,-1.0,0,0.6666666666666666,-0.5,0,0.6666666666666666,-0.3333333333333333,0,256,6,257,5,265,5,246,7,0.11375800828251988,0.11629777042880524,0.11969614604688981,0.10988687408487696,0.28767319306832984,0.29762706798965405,0.29075286934902944,0.28766295801843716,0.24865901,0.21904463,0.24993217,0.2878201
