category,pair_id,ses_level,scenario,base_response,pro_response,lite_response,ft_response,base_success,pro_success,lite_success,ft_success,timestamp,base_empathy,base_emotion,base_qpr,pro_empathy,pro_emotion,pro_qpr,lite_empathy,lite_emotion,lite_qpr,ft_empathy,ft_emotion,ft_qpr,base_word_count,base_financial_terms,pro_word_count,pro_financial_terms,lite_word_count,lite_financial_terms,ft_word_count,ft_financial_terms,base_bleu,pro_bleu,lite_bleu,ft_bleu,base_rouge_l,pro_rouge_l,lite_rouge_l,ft_rouge_l,base_semantic_sim,pro_semantic_sim,lite_semantic_sim,ft_semantic_sim
A,A1,high,I recently lost my job and I'm worried about keeping up with my mortgage payments. The financial uncertainty has been taking a real toll on my mental health.,"I am truly sorry to hear about the difficult situation you're facing with the loss of your job and the worry about your mortgage payments. It's completely understandable to feel overwhelmed and anxious when grappling with such significant financial uncertainty, and the toll this takes on your mental health is very real and valid. Please know that many people experience similar challenges, and your feelings of stress and concern are entirely justified.

Your immediate priority should be to take proactive steps. Firstly, contact your mortgage lender without delay. Many lenders offer hardship programs, forbearance options, or loan modification plans for individuals who have lost their income. Explaining your situation upfront can prevent missed payments and protect your credit. Simultaneously, apply for unemployment benefits if you haven't already, as this can provide a vital temporary income stream. Create a detailed, bare-bones budget to identify essential expenses and areas where you can temporarily cut back.

This is a profoundly challenging time, but please remember that you are capable and resilient. Focusing on these concrete steps can provide a sense of control and help alleviate some of the mental burden. For your mental well-being, reach out to trusted friends, family, or consider speaking with a mental health professional or joining a support group. Even small acts of self-care, like taking a walk or practicing mindfulness, can make a difference. You are not alone, and by taking these actions, you are actively working towards a more stable future. You will navigate this period.","It is completely understandable that you're feeling overwhelmed and worried. Losing a job is one of life's most stressful events, and the uncertainty surrounding your mortgage adds a significant layer of pressure. The connection between financial strain and mental well-being is very real, and it's essential to acknowledge the toll this is taking on you. Your feelings are valid, and it’s a sign of strength that you are reaching out for guidance during this difficult time. Please know you are not alone in facing this kind of challenge, and there is a path forward.

Let's focus on some immediate, actionable steps. First and most importantly, contact your mortgage lender right away. Be honest about your job loss. Many lenders have hardship programs, such as forbearance (which temporarily pauses or reduces payments) or loan modifications. Proactively communicating is key. Simultaneously, create an emergency budget, stripping expenses down to absolute necessities: housing, utilities, food, and essential transportation. This will clarify your financial runway. You should also file for unemployment benefits immediately and research local housing assistance programs or non-profit credit counseling agencies, like those affiliated with the National Foundation for Credit Counseling (NFCC), which can provide free or low-cost guidance.

This period of uncertainty is incredibly challenging, but it is not permanent. By taking these proactive steps, you are regaining a sense of control, which is crucial for both your financial and mental health. Remember to be kind to yourself and take things one day at a time. Consider free mental health resources like crisis text lines or local support groups.","It's completely understandable that you're feeling worried and that this job loss is taking a significant toll on your mental health. Experiencing financial uncertainty, especially when it comes to something as fundamental as your home, can be incredibly stressful and can trigger feelings of anxiety, fear, and even a sense of helplessness. Please know that these emotions are valid and a natural response to such a challenging situation. It's okay to feel overwhelmed right now, and you're not alone in navigating these difficult waters.

The most crucial step you can take immediately is to proactively communicate with your mortgage lender. Don't wait until you miss a payment. Reach out to them, explain your situation honestly, and inquire about hardship programs or options they might offer. These can include temporary forbearance, where payments are paused or reduced, or a modified payment plan. Simultaneously, create a detailed budget, prioritizing essential expenses and identifying areas where you can cut back. Explore all available resources, such as unemployment benefits, government assistance programs for housing, and any severance packages or unused vacation pay you might be entitled to.

While the financial aspect is pressing, remember to also prioritize your mental well-being. Lean on your support system – friends, family, or a therapist – to talk through your anxieties. Even small steps, like short walks, mindfulness exercises, or engaging in hobbies you enjoy, can make a difference. This is a temporary setback, and with a strategic approach and by accessing the support available, you can navigate this period.","I'm truly sorry to hear about your job loss and the significant worry it's causing, both financially and for your mental well-being. It's completely understandable to feel overwhelmed and anxious when facing such uncertainty, especially with something as crucial as your mortgage. Please know that your feelings are valid, and many people experience similar distress during these challenging times. Taking care of your mental health is just as important as managing your finances right now. Prioritizing your well-being will help you think more clearly and effectively tackle the challenges ahead.

The first and most important step regarding your mortgage is to contact your lender immediately. Explain your situation; many banks and mortgage servicers have programs like forbearance, payment deferral, or loan modifications to help borrowers in distress. Explore whether you qualify for unemployment benefits or other local/federal assistance programs to bridge the income gap. Simultaneously, create a bare-bones budget, prioritizing essential expenses like housing, food, and utilities, while cutting back on non-necessities. Consider reaching out to a non-profit credit counselor for free, personalized guidance, and don't hesitate to seek mental health support if the stress becomes too much to handle alone.

This is a temporary setback, and you possess the strength and resilience to navigate it. Focus on taking small, actionable steps each day, and remember that resources are available to support you. You're not alone in this, and with careful planning and timely action, you can overcome this challenge and regain your financial footing. Hold onto hope, and be kind to yourself through this process. Each step you take, no matter how small, is a step forward.",True,True,True,True,2026-03-09T00:29:22.590078,2.3333333333333335,-1.0,3,1.3333333333333333,-1.0,2,1.6666666666666667,-1.0,3,2.0,-1.0,2,249,6,259,5,252,3,268,6,0.13041845771569996,0.0958998705786141,0.12718244424152003,0.13481589653680456,0.2678576167401248,0.23752768626507667,0.2474982897708803,0.25896124247484115,0.67845726,0.67794347,0.66155064,0.7008443
A,A1,low,I recently lost my job and I'm worried about keeping up with my rent payments. The financial uncertainty has been taking a real toll on my mental health.,"I hear how incredibly challenging and distressing this situation must be for you. Losing your job and facing financial uncertainty, especially concerning rent, is a heavy burden, and it's absolutely understandable that this is taking a significant toll on your mental health. Please know that your feelings of worry and anxiety are valid, and you are not alone in experiencing such a profound impact during these difficult times. It takes immense strength to acknowledge these feelings, and you've already shown that by reaching out.

Let's focus on some immediate, actionable steps to alleviate some pressure. First, contact your landlord as soon as possible to explain your situation. Many landlords are willing to work out temporary payment plans or deferrals if you communicate proactively. Simultaneously, apply for unemployment benefits immediately, as these can provide a crucial safety net. Review your current budget rigorously, distinguishing between essential and non-essential expenses. Explore local community resources, like food banks or utility assistance programs, which can free up funds for rent. For your mental well-being, try to carve out small moments for self-care, like a short walk or connecting with a trusted friend. Don't hesitate to look into free mental health resources or support groups.

This period of uncertainty is incredibly tough, but please remember that you possess the resilience to navigate through it. Focus on taking one step at a time, celebrating small victories, and reaching out for support when you need it. This is a temporary chapter, and with thoughtful action and self-compassion, you will find your footing again. Keep believing in your ability to overcome this challenge.","I want to start by acknowledging how incredibly stressful and overwhelming your situation must feel. Losing a job is a significant blow on its own, and the added pressure of rent payments and financial uncertainty creates a heavy weight on your mental health. It's completely understandable that you're feeling worried and that this is taking a toll. Please know that your feelings are entirely valid, and you are not alone in facing these interconnected challenges. Recognizing the link between your financial worries and your mental well-being is a crucial first step toward navigating this difficult period with self-compassion.

Let's focus on some immediate, actionable steps you can take to regain a sense of control. First, consider speaking with your landlord as soon as possible. Being proactive and transparent about your job loss might open the door to a temporary payment plan or partial payment agreement. Simultaneously, file for unemployment benefits immediately, as this process can take time. Research local rental assistance programs by calling 2-1-1 or searching online for ""emergency rental assistance"" in your area; community organizations and local governments often have funds for these exact situations. For your mental well-being, which is just as critical, the 988 Suicide & Crisis Lifeline offers 24/7 confidential support, and you can find low-cost counseling through community centers.

Remember to be kind to yourself through this process. Navigating job loss is a full-time job in itself, and you are demonstrating immense strength by reaching out for guidance. This is a temporary chapter, not your entire story.","It's completely understandable that you're feeling worried and that this financial uncertainty is taking a toll on your mental health. Losing a job is a significant life event, and the stress of potentially not meeting essential expenses like rent can be overwhelming. Please know that these feelings are valid and that many people experience similar anxieties during such transitions. It's important to acknowledge these emotions and be kind to yourself as you navigate this challenging period.

Let's focus on some immediate steps you can take. First, contact your landlord as soon as possible. Explain your situation and inquire about any potential payment plans or temporary deferrals they might offer. Many landlords are willing to work with tenants facing genuine hardship. Simultaneously, explore all available resources. Research unemployment benefits in your area and apply immediately, even if you're unsure of your eligibility. Look into local community assistance programs, food banks, and any government aid that might be available for housing or living expenses. Creating a simple budget, even a temporary one, can also provide a sense of control by outlining your essential needs and identifying areas where you might be able to cut back.

Remember, this is a temporary situation, and you are capable of overcoming it. You've navigated challenges before, and you have the strength to do so again. Focus on one step at a time, and don't hesitate to reach out to your support network for emotional encouragement. Taking proactive steps, even small ones, can significantly alleviate stress and build momentum towards finding a new opportunity and regaining financial stability. You've got this.","I'm so sorry to hear about your job loss and the worry it's causing about your rent payments. That's an incredibly stressful situation, and it's completely understandable to feel overwhelmed and anxious about keeping up with your financial obligations. Please know that your feelings are valid, and you're not alone in experiencing these challenges. Many people face similar difficulties, and it's okay to feel upset or uncertain right now.

To help manage this, here are some actionable steps you can take immediately. First, reach out to your landlord as soon as possible to explain your situation. Many are willing to work out temporary payment plans or deferrals. Next, explore emergency rental assistance programs (ERAP) or local charities that can provide financial aid; websites like 211.org or your city's housing department are great starting points. Simultaneously, create a bare-bones budget, prioritizing essentials and cutting all non-discretionary spending. File for unemployment benefits if you haven't already, as this can provide a crucial safety net. Lastly, contact utility companies and credit card providers to inquire about hardship plans or temporary payment adjustments.

Remember, this is a difficult but temporary phase. You've navigated challenges before, and you have the strength to get through this one too. Focus on taking things one step at a time, celebrating each small step forward. Consider reaching out to a mental health professional or a support group to help manage the anxiety; even a brief consultation can provide valuable coping strategies. Things will get better. For now, be kind to yourself, and know that help is available.",True,True,True,True,2026-03-09T00:30:02.771692,2.0,-1.0,2,1.3333333333333333,-1.0,3,1.0,-0.3333333333333333,2,2.0,-0.6,3,265,3,253,1,264,3,258,3,0.21844666584290748,0.1953756018384213,0.21264761842619836,0.19246491597030668,0.3289006334337739,0.29918351989940706,0.3044767364418907,0.30385378651916567,0.67845726,0.67794347,0.66155064,0.7008443
A,A2,high,My retirement savings took a serious hit and I've been stressed trying to figure out how to recover. It's been keeping me up at night.,"It's completely understandable that you're feeling immense stress and having sleepless nights over your retirement savings taking a serious hit. That kind of financial setback can feel profoundly overwhelming, and it's natural to be worried about your future security. Please know that your feelings are valid, and many people face similar challenges, especially given market fluctuations. Acknowledging this struggle is the crucial first step toward finding a path forward.

To begin recovering, I recommend a structured and calm approach. First, take a deep breath and commit to a thorough, objective review of your current financial situation. Gather all your statements, outline your assets and liabilities, and assess your current income and expenses. Next, consider scheduling a consultation with a certified financial planner, ideally a fee-only fiduciary, who can offer unbiased advice tailored to your specific circumstances. They can help you explore options like adjusting your investment strategy, potentially increasing contributions if feasible, or re-evaluating your retirement timeline. Also, creating a detailed budget can help you identify areas where you might save more, freeing up funds for your retirement accounts.

Remember, this is a setback, not a permanent end to your retirement dreams. With careful planning, consistent effort, and professional guidance, recovery is absolutely possible. Focus on what you *can* control, and celebrate the small victories as you implement your recovery plan. Your resilience is a powerful asset, and by taking proactive steps, you are actively building a stronger, more secure future for yourself. You're not alone in this, and you have the strength to navigate it.","It is completely understandable that you're feeling stressed and losing sleep over a hit to your retirement savings. Your feelings are valid; watching your hard-earned money decrease is a deeply unsettling experience that can shake your sense of security and future stability. It’s natural for this worry to creep into the night and disrupt your peace. Please know that you are not alone in this feeling, as market volatility affects many people, and the anxiety it produces is very real. Your reaction is a testament to how much you care about your future, and it's okay to feel this weight.

Now, let's focus on a path forward with actionable steps. First, avoid making panicked decisions. Instead, take a deep breath and schedule a specific time to review your portfolio—not in the middle of the night. Assess your asset allocation and ensure it still aligns with your long-term goals and risk tolerance. If your circumstances allow, consider increasing your contribution rate, even by a small percentage, to take advantage of buying at lower prices. To manage the stress, limit how often you check your balances and establish a ""wind-down"" routine before bed, such as journaling or meditation, to help separate your financial worries from your rest. Consulting a fee-only financial advisor for an unbiased second opinion can also provide clarity and confidence.

Remember, building a retirement nest egg is a marathon, not a sprint. Market downturns are a normal part of the investing journey, and historically, markets have always recovered. You've already done the hard work of saving and investing, which demonstrates your discipline and foresight.","It's completely understandable that you're feeling stressed and that this situation is keeping you up at night. Witnessing a significant dip in your retirement savings can be incredibly unsettling, especially when you've worked hard to build that nest egg for your future. The anxiety that comes with financial uncertainty, particularly concerning something as vital as retirement, is a heavy burden to carry. Please know that you're not alone in experiencing these feelings, and it's a valid reaction to a challenging circumstance.

To begin navigating this, let's focus on actionable steps. First, take a deep breath and try to get a clear picture of your current situation. Review your retirement account statements to understand the exact extent of the losses and identify which specific investments have been most affected. Next, consider consulting with a financial advisor. They can help you assess your risk tolerance, rebalance your portfolio, and explore strategies for recovery, such as adjusting your savings rate or considering different investment vehicles. It might also be beneficial to review your overall budget to see if there are any areas where you can temporarily increase your savings contributions.

Remember, market fluctuations are a normal part of investing, and while this downturn is difficult, it doesn't have to define your retirement. Many people have successfully navigated similar situations by taking a measured and strategic approach. Focus on what you can control, which is your plan and your actions moving forward. With careful planning and a bit of patience, you can work towards rebuilding your savings and regaining peace of mind.","I'm truly sorry to hear how much this setback is weighing on you and affecting your sleep. It's completely understandable to feel anxious when your retirement savings take a hit, especially when you've worked hard to plan for your future. Many people experience market fluctuations, and it's okay to feel upset. Your feelings are valid, and acknowledging them is the first step toward addressing the situation constructively. Please know that you're not alone in facing this, and there are concrete steps you can take to regain control and rebuild.

Your first step should be to calmly assess the situation. Review your account statements to understand the actual loss, which is often on paper rather than realized unless you sell. Consider your timeline: if retirement is still years away, remember that markets tend to recover over time, and avoiding rash decisions like selling low is crucial. If feasible, try to increase your current contributions – even small, consistent additions can help offset losses through dollar-cost averaging. Consulting a qualified financial advisor is highly recommended; they can provide personalized guidance, help rebalance your portfolio, explore catch-up contributions, or adjust your overall plan to get you back on track.

Please know that setbacks are often temporary, and recovery is absolutely achievable. By taking these proactive steps, you're regaining control and building a stronger path forward. You've shown resilience by addressing this head-on, and that determination will serve you well. Remember to prioritize your mental well-being too – financial stress is real, and it's important to give yourself grace.",True,True,True,True,2026-03-09T00:30:42.950579,1.3333333333333333,-1.0,3,1.3333333333333333,-1.0,2,1.6666666666666667,-1.0,2,1.3333333333333333,-1.0,2,256,8,265,5,258,8,255,5,0.14212347754804086,0.1249086155486686,0.16608024071371405,0.12865176539932185,0.2704014266245935,0.24614111318021933,0.2880945592997912,0.24322375554220696,0.7182063,0.75518584,0.70775956,0.6003865
A,A2,low,I had to drain my savings account to cover basic bills and now I have nothing left as a cushion. It's been keeping me up at night.,"It sounds incredibly distressing to have drained your savings, and it's completely understandable that this situation is causing you so much worry and keeping you up at night. Losing that financial cushion feels like losing a vital safety net, and the anxiety that comes with it can be truly overwhelming. Please know that many people face similar challenges, and your feelings of stress and vulnerability are entirely valid. Acknowledge these emotions; it's the first step towards moving forward.

Let's focus on tangible steps to regain control. First, create a detailed budget, identifying every expense and looking for immediate cuts in non-essentials. Consider temporary income boosts like selling unused items, taking on a small freelance gig, or exploring local task-based apps. Don't hesitate to contact utility companies or creditors to inquire about payment plans or hardship programs – many are willing to work with you. Also, explore community resources like food banks or local aid organizations. Even saving a very small amount, like $5 or $10, can begin to rebuild that vital emergency fund.

This is a challenging period, but it's important to remember that it is temporary. You've faced tough situations before, and you possess the resilience to navigate this one too. Each small step you take, no matter how minor it seems, is progress towards rebuilding your security. Be kind to yourself; prioritize self-care where you can, even if it's just a few minutes of quiet. You're not alone, and with focused effort, you absolutely can get back on your feet and rebuild your financial peace of mind.","It is completely understandable that you're feeling anxious and losing sleep. Having to deplete your savings is a deeply unsettling experience, like watching a safety net you diligently wove disappear. Please know that your feelings of stress and worry are entirely valid and a natural response to such a significant financial shock. You used your savings for their exact purpose—to get you through a tough time—but that doesn't make the feeling of vulnerability any less real. It’s okay to feel scared, but it’s important to channel that energy into small, manageable actions.

Let's focus on steps to regain a sense of control, both financially and mentally. First, create a ""bare-bones"" budget, listing only your absolute essential expenses for the next 30 days. This isn't about deprivation, but about gaining clarity and power over your cash flow. Next, start ""micro-saving."" Can you open a separate, high-yield savings account and set up an automatic transfer of just $5 or $10 per week? The goal is to rebuild the habit and momentum, not the full amount, right away. To address the sleepless nights, try a ""worry journal."" Before bed, spend 10 minutes writing down every financial fear and concern. This act of externalizing your thoughts can prevent them from swirling in your head when you’re trying to rest.

Remember, you have successfully built savings before, which proves you have the knowledge and discipline to do it again. This is a setback, not a reflection of your worth or a permanent state of being. Be exceptionally kind and patient with yourself during this rebuilding phase.","It sounds incredibly stressful and isolating to have depleted your savings and be left with no financial cushion. It's completely understandable that this situation is causing you sleepless nights and significant worry. The feeling of vulnerability when your safety net is gone can be overwhelming, and it’s important to acknowledge the anxiety and fear that naturally arise from such a precarious position. Please know that you are not alone in experiencing these kinds of financial challenges, and your feelings are valid.

To address this, let's focus on regaining some control and building a new foundation. First, take a deep breath and create a detailed budget. Track every single expense for a month to identify areas where you might be able to cut back, even if it's just a small amount. Look for opportunities to increase your income, even temporarily. This could involve taking on a side hustle, selling items you no longer need, or exploring freelance opportunities. Simultaneously, start an emergency fund, even if it's just $10 or $20 a week. The act of consistently saving, no matter how small, can rebuild your sense of security and reduce anxiety. Consider setting up an automatic transfer to a separate savings account so you don't have to think about it.

Remember, this is a setback, not a permanent state. Your resilience is greater than you might feel right now. By taking small, consistent steps, you can gradually rebuild your financial stability and, in turn, your peace of mind. Focus on progress, not perfection, and celebrate each small victory along the way.","It's completely understandable to feel overwhelmed and anxious after draining your savings to cover essential bills. That sense of vulnerability and worry about not having a safety net can be incredibly distressing and disruptive, especially when it affects your sleep. Please know that this is a difficult situation, but you're not alone in experiencing such setbacks, and it's a testament to your resilience that you're reaching out and thinking about how to move forward. Take a moment to acknowledge how challenging this period has been for you.

Now, let's focus on some concrete steps to regain a sense of control. First, create a bare-bones budget. List all your income and essential expenses (housing, food, utilities, transportation) to see where every dollar is going. Identify any non-essential spending that can be temporarily eliminated or reduced. Next, contact your creditors and utility providers immediately. Explain your situation and ask about payment plans, deferrals, or hardship programs – many are willing to work with you. Explore short-term income opportunities like side gigs, selling unused items, or utilizing gig economy platforms. Also, investigate local assistance programs for food, housing, or utility aid. Even starting a tiny ""starter emergency fund"" of $20-$50 can provide a psychological boost and a small cushion.

Remember, this is a temporary setback, not your permanent reality. Rebuilding takes time, but every small step you take contributes to progress. Be kind to yourself through this process. Focus on one day, one bill, or one dollar at a time. You've faced challenges before, and you have the strength to navigate this one too.",True,True,True,True,2026-03-09T00:31:21.356156,1.0,-1.0,2,1.0,-1.0,1,0.6666666666666666,-0.3333333333333333,1,1.0,-1.0,1,259,7,261,5,259,7,261,6,0.16066250922862627,0.11060440357538343,0.13282672940378967,0.1346888474553874,0.2738524656514623,0.2267213791281867,0.2577229770850225,0.25484751102554587,0.7182063,0.75518584,0.70775956,0.6003865
A,A3,high,"We're being forced to sell our home and move somewhere smaller, which has been emotionally hard for our whole family.","It's incredibly understandable that you and your family are finding this situation emotionally hard. Losing your home, a place filled with memories and comfort, is a profound experience, and being forced into such a significant change can feel overwhelming and deeply unsettling for everyone involved. Please know that your feelings of sadness, anxiety, or even grief are completely valid and shared by many who face similar transitions. Acknowledge these emotions within your family, creating a safe space for everyone to express what they're feeling without judgment.

To navigate this challenging time, consider a few practical and emotional strategies. First, communicate openly as a family. Talk about the good memories in your current home, but also brainstorm exciting possibilities for your new, smaller space – perhaps less upkeep, a different community, or a fresh start. Involve everyone in the decluttering and packing process, giving children age-appropriate tasks and a sense of agency. Focus on what you *gain* and how you can make the new space feel uniquely yours. Remember that ""home"" is truly about the people in it, not just the physical structure.

This journey, though difficult, is one you can navigate together. Your family's strength and love for each other will be your greatest asset during this transition. You possess the resilience to adapt and create a wonderful new chapter, no matter the size of your dwelling. Hold onto the belief that you will find comfort and joy in your new home, building new memories that are just as precious and meaningful. You have the capacity to make any space a cherished home.","It's completely understandable that this is an emotionally difficult time for your entire family. A home is so much more than just walls and a roof; it's a vessel for your memories, a source of stability, and a core part of your family's identity. Facing the loss of that special place can feel like a profound grief, and it's important to acknowledge the sadness, anger, or anxiety that you are all experiencing. Please know that your feelings are valid and that it's okay to mourn this significant change. Your shared experience of loss, while painful, is something you are all navigating together.

As you navigate this transition, focus on what you can control. Prioritize open communication by holding a family meeting where everyone, including children, can share their feelings without judgment. To help with closure, consider creating a ritual to say goodbye to your home—perhaps by taking photos of favorite spots, writing down cherished memories, or having one last celebratory meal in an empty room. When looking for a new place, try to involve everyone in the process, even in small ways, like choosing paint colors. This can help restore a sense of agency. Financially, view this as a strategic step. Downsizing often leads to lower expenses, which can reduce financial pressure and free up resources for other family goals, creating a more secure future.

Remember, the true heart of your home isn't the building itself, but the love and connection you share as a family. That bond is something you will carry with you wherever you go.","It's completely understandable that you and your family are finding this situation emotionally challenging. The prospect of selling a home, especially one filled with memories and a sense of security, can be incredibly disruptive and bring about a range of difficult emotions. It's natural to feel a sense of loss, sadness, and even anxiety about the unknown. Acknowledging these feelings is the first step toward navigating this transition. Allow yourselves and each other the space to grieve the loss of your current home and the life you've built there. This is a significant change, and it's okay to feel the weight of it.

To help manage this transition, consider creating a structured approach to the move. Start by involving your family in the process as much as possible, even in small ways. This could involve discussing what they'll miss most about the current home and what they're looking forward to in a new space. When looking for a new home, focus on the practical aspects: what are your essential needs in terms of size, location, and budget? Creating a checklist can help. Simultaneously, prioritize creating comforting rituals and traditions that can be easily replicated in your new home, helping to maintain a sense of continuity and stability. Documenting cherished memories from your current home through photos or a scrapbook can also be a therapeutic way to preserve what you’re leaving behind.

Remember that while this is a difficult period, it also presents an opportunity for a fresh start. Your family's strength lies in your togetherness.","I am so sorry to hear about the difficult situation you and your family are facing. Being forced to sell your home and move is an incredibly stressful and emotionally taxing experience, and it's completely understandable that this is hard for everyone involved. Your feelings of loss, uncertainty, and grief are valid, and it's important to allow yourselves the space to process them. This is a major life transition, and acknowledging the emotional toll it takes is the first step towards healing and moving forward. Please know that you are not alone in feeling this way, and your emotions are a natural response to such a significant change.

To navigate this period, I recommend several actionable steps. Financially, focus on the benefits downsizing can bring: potentially lower housing costs (mortgage/rent, utilities, maintenance), which could free up funds for other priorities or debt reduction. Create a detailed budget for your new living arrangements, and consider consulting a financial advisor to help optimize the proceeds from your sale. Emotionally, involve your family in the process as much as possible – let them help choose the new place, decide what to pack, and cherish memories from your current home. Frame this as an exciting new chapter, focusing on the quality time you'll gain and the new experiences ahead. Prioritize open communication within the family and seek support from friends, family, or a counselor if needed.

Remember that home isn't just a physical structure; it's the love, connection, and memories you share as a family. You possess incredible strength and resilience, and you will adapt to this new environment.",True,True,True,True,2026-03-09T00:32:11.278973,1.0,-0.3333333333333333,1,1.6666666666666667,-1.0,2,1.3333333333333333,0.0,2,2.0,-1.0,2,263,0,258,2,255,1,265,4,0.12408920016706015,0.12633944156396826,0.14008630009280545,0.13266080779131725,0.23434531867910455,0.22706168288300396,0.2313935110744553,0.23692458958560636,0.70300037,0.7733777,0.7005732,0.74564004
A,A3,low,"We're being forced to move out of our home because we can't make rent, which has been emotionally hard for our whole family.","It sounds incredibly heartbreaking and stressful to be in this situation, and it's completely understandable that your whole family is feeling the emotional weight of being forced to move. The stability and comfort of home are fundamental, and facing its loss, especially due to financial strain, brings immense sadness and anxiety. Please know that your feelings are valid, and it takes incredible courage to navigate such a challenging time. Many families experience similar hardships, and you are absolutely not alone in feeling overwhelmed by this turn of events.

While it's tough, focusing on immediate steps can provide a path forward. First, research local emergency housing assistance programs, shelters, or temporary housing options through your city or county's housing authority or social services. Look into rental assistance programs offered by non-profits or government agencies that might help with a deposit or first month's rent in a new place. If you've received an eviction notice, connect with a legal aid society; they can inform you of your rights and potential negotiation options. Don't hesitate to reach out to community centers, food banks, and local churches, as they often have resources or networks that can provide support, from food assistance to information on available housing.

This period of transition is undoubtedly difficult, but remember your family's strength and resilience. You've faced challenges before, and you will navigate this one together. Focus on supporting one another through this process, and remember that a new home, even a temporary one, can bring new opportunities and a fresh start.","I am so deeply sorry you and your family are going through this. Being forced to leave your home is a profoundly painful and destabilizing experience, and it's completely understandable that this is emotionally hard for everyone. A home is so much more than just walls and a roof; it’s a sanctuary filled with memories, security, and a sense of belonging. The feelings of grief, anxiety, and uncertainty you're likely experiencing are valid and real. Please allow yourself and your family the grace to feel these emotions without judgment as you process this significant loss.

As you navigate this difficult transition, focus on immediate support systems. Start by calling 2-1-1 (or visiting 211.org) to connect with local non-profits that may offer emergency housing, rental assistance, or legal aid for tenants. Organizations like the Salvation Army and Catholic Charities are also crucial resources that can often provide direct help or referrals. For your family's mental well-being, try to hold a family meeting where everyone, including children in an age-appropriate way, can express their fears and sadness in a safe space. Maintaining even one small routine, like a shared meal or a bedtime story, can provide a much-needed sense of stability during this upheaval.

Please remember, this situation is not a reflection of your worth or your love for your family. You are navigating an incredibly challenging circumstance that is often outside of anyone's control. Your family's strength is not contained within the walls of a house; it resides in your connection to one another. Lean on that connection now more than ever.","It's completely understandable that your family is experiencing a great deal of emotional hardship right now. Facing the prospect of moving due to financial strain is incredibly stressful and can bring up feelings of sadness, anxiety, fear, and even guilt. It's important to acknowledge that these emotions are valid and that you are not alone in experiencing them. This is a significant disruption, and it's natural for everyone in the family to feel unsettled and worried about what comes next. Please be gentle with yourselves and each other during this difficult transition.

In terms of actionable steps, the immediate priority is to secure new housing. Begin by researching affordable housing options in your desired area. Look into local housing authorities, non-profit organizations that assist with rental assistance or temporary housing, and explore programs that might offer subsidies or grants. Simultaneously, start a detailed budget to understand your current financial situation and identify any areas where you might be able to cut expenses. If you haven't already, consider reaching out to a credit counselor or a financial advisor who can help you explore options like debt management plans or strategies for improving your credit score, which could be beneficial for future housing applications.

Remember that this is a challenging chapter, but it is not the end of your story. Your family's resilience will be a powerful asset as you navigate this. Focus on what you *can* control, take things one step at a time, and lean on your support system. There are resources and people who want to help you through this.","I am so deeply sorry to hear about the emotional hardship your family is facing right now. Being forced to move due to rent challenges is incredibly stressful, heartbreaking, and can make you feel lost and overwhelmed. It's completely understandable to feel sad, anxious, and even angry about losing your home and the stability it provides. Please know that your feelings are valid, and this situation is not a reflection of your worth or your family's strength. Losing a home is a significant life event, and it's okay to grieve that change.

Right now, focus on what you *can* control. Start by exploring local housing assistance programs, which can often be found through your city or county's social services department, or by calling 211. Organizations like the United Way, Salvation Army, and local churches often have emergency rental assistance or temporary housing resources. Consider negotiating with your current landlord for a slightly later move-out date or a partial payment plan, even if it feels difficult. Prioritize finding a new, affordable living situation, perhaps by looking for rooms for rent, smaller apartments, or even temporary stays with friends or family if possible. Remember to also access food banks and mental health support services to help manage the immediate and emotional challenges.

This is a tough chapter, but it is not your whole story. Your family's love and resilience will carry you through this. You are stronger than you think, and there is help available to guide you toward a new, stable home.",True,True,True,True,2026-03-09T00:32:49.228061,2.0,-1.0,2,1.6666666666666667,-1.0,2,1.6666666666666667,-0.5,2,2.0,-1.0,2,253,1,261,0,261,5,251,0,0.1063279207219656,0.10445332168744437,0.11281608401188038,0.154791130319158,0.23655806202695376,0.2052828503451185,0.24503508095599416,0.255576861760539,0.70300037,0.7733777,0.7005732,0.74564004
A,A4,high,Our savings plan for our kids' education was badly affected by recent financial setbacks. I feel anxious about what that means for their future.,"It's incredibly natural and understandable to feel anxious and worried when a crucial plan like your children's education savings is impacted by financial setbacks. As a parent, your desire to secure their future is paramount, and facing unexpected disruptions to that goal can certainly bring on a wave of concern. Please know that your feelings are completely valid, and many families navigate similar challenges. It speaks volumes about your dedication that you're proactively thinking about solutions.

To tackle this, start by re-evaluating your current financial situation and the existing savings plan. Explore all available avenues: research scholarships and grants extensively, as many go unclaimed. Consider starting with community college to save costs for the first two years, or looking into in-state public universities which are often more affordable. Don't forget to complete the FAFSA (Free Application for Federal Student Aid) when the time comes, regardless of your income, as it opens doors to various aid packages. Also, revisit your household budget to identify any areas where you might be able to redirect even small amounts back into savings.

While this setback feels significant now, remember that there are numerous pathways to a successful education, and your children's future is not solely defined by one savings plan. Your resilience, love, and guidance are far more valuable assets. Many students successfully navigate college funding through a combination of strategies. Stay focused on the long-term goal, remain flexible, and know that your determination to provide for your children will ultimately light their way forward. You've got this, and together, you'll find the best path.","It's completely understandable that you're feeling anxious about your children's education fund. Wanting the best for them is a core part of being a parent, and when a carefully laid plan is disrupted by financial setbacks, it can feel like the ground is shifting beneath your feet. Please know that these feelings of worry are valid and shared by many parents facing similar challenges. You are not alone in this concern, and the anxiety you feel is a direct reflection of how deeply you care about their future and well-being.

When you feel ready, let's focus on what you can control. Start by reassessing your current savings to get a clear picture of where you stand, without judgment. Next, broaden your research beyond your original plan. Explore powerful alternatives like attending community college for the first two years, which can significantly reduce costs, or investigate trade schools for specialized careers. Make filling out the FAFSA (Free Application for Federal Student Aid) a family priority, as it's the gateway to grants, work-study programs, and federal loans. You can also research state-specific aid and encourage your children (if age-appropriate) to apply for private scholarships. Even resuming small, consistent contributions can help rebuild momentum and your sense of control.

Remember, a financial setback is a detour, not a dead end. Your love, guidance, and support are the most valuable assets you can provide for your children’s success. There are many different paths to a fulfilling education and career, and your family’s resourcefulness and resilience will help you navigate this new terrain together.","It's completely understandable that you're feeling anxious right now. Discovering that your carefully laid savings plan for your children's education has been impacted is a significant blow, and it's natural to worry about what this means for their future opportunities. Many parents face similar challenges, and the stress and uncertainty that come with it can feel overwhelming. Please know that these feelings are valid, and you're not alone in experiencing them.

The good news is that there are steps you can take to navigate this situation. First, take a deep breath and assess your current financial picture objectively. Review your budget to identify any areas where you might be able to trim expenses, even temporarily. Explore alternative education funding options, such as scholarships, grants, and federal student loans, which can often supplement personal savings. Consider reaching out to your children's prospective schools or financial aid offices; they often have resources and guidance available. It might also be beneficial to consult with a financial advisor who specializes in education planning; they can help you re-evaluate your strategy and explore new avenues.

Remember, a setback is not a dead end. Your commitment to your children's education is evident, and that dedication is a powerful asset. By taking proactive steps, exploring all available resources, and adapting your plan, you can still work towards securing their future. Focus on what you can control, celebrate small victories along the way, and trust in your ability to find solutions. Your children will appreciate your efforts and resilience, regardless of the path you take to support their educational dreams.","I truly understand how overwhelming and anxious you must feel right now, especially when your children's future is at the forefront of your mind. It’s incredibly difficult to see a carefully planned goal like education savings take a hit due to unforeseen financial setbacks, and it’s completely natural to feel disappointed and worried. Please know that you are not alone in this; many families face similar challenges, and it doesn't mean your dreams for your kids' education are out of reach. Your dedication to their future is clear, and that strong foundation is what will help you navigate this.

To regain a sense of control, let’s focus on actionable steps. First, take a deep breath and review your current financial situation. Can you identify any areas to trim expenses or increase income, even temporarily? Next, explore all available funding options: investigate scholarships, grants, and federal aid (start with the FAFSA). Consider more affordable pathways like starting at a community college before transferring to a four-year institution, which can significantly reduce costs. Even small, consistent contributions to a 529 plan can grow over time, and don’t underestimate the power of part-time jobs for your children during college. Openly discussing these options with your kids can also empower them to be part of the solution.

Remember, education is a journey, not a single destination defined solely by tuition costs. Your resilience and proactive approach are invaluable lessons for your children. Focus on what you *can* control, celebrate small victories, and take things one step at a time.",True,True,True,True,2026-03-09T00:33:26.180432,0.6666666666666666,-1.0,1,1.6666666666666667,-1.0,2,1.6666666666666667,-1.0,2,1.6666666666666667,-1.0,2,261,4,259,3,262,5,255,4,0.11651374967007873,0.14668867771060012,0.15085150211590367,0.1276533527786276,0.25861388606201585,0.27006491058006626,0.27273293669158,0.266261919317551,0.63011414,0.7655822,0.82318234,0.7942311
A,A4,low,"I've been working extra hours but still struggle to cover the basics, let alone save for my kids' future. I feel anxious about what that means for them.","It sounds incredibly challenging and disheartening to be working so hard, putting in extra hours, and still feel like you're barely treading water. That deep anxiety about not being able to secure your children's future is a heavy burden, and it speaks volumes about your love and dedication as a parent. Please know that your feelings are completely valid; it's natural to feel overwhelmed and worried when facing such persistent financial strain, especially when your children are involved. You are not alone in experiencing these struggles, and your effort is truly commendable.

To begin taking control, let's focus on some practical steps. Start by creating a detailed budget, tracking every single dollar coming in and going out for a month. This isn't about judgment, but about gaining clarity. Identify any non-essential expenses that could be temporarily reduced or eliminated. Simultaneously, explore all available community resources: local food banks, utility assistance programs, or government aid like SNAP or WIC can significantly alleviate pressure on your basic needs. If debt is a concern, consider reaching out to a non-profit credit counseling service for free guidance on managing payments. Even small adjustments, like selling unused items, can create a little breathing room.

Remember, building financial stability is a marathon, not a sprint, and every small, intentional step you take makes a difference. Your children see your hard work and feel your love, and those are the most precious gifts you can give them.","It sounds incredibly stressful and disheartening to be working so hard yet still feel like you’re falling behind. The anxiety you’re feeling about your children's future is completely understandable; it speaks to how deeply you care and the immense responsibility you feel as a parent. Please know that your feelings are valid, and you are not alone in facing this pressure. Carrying that weight can be exhausting, and it’s important to acknowledge the emotional toll it takes on your mental well-being. Your dedication to providing for your family is clear, and it’s okay to feel overwhelmed when your efforts don’t seem to match the results you want.

Let's focus on small, manageable steps that can build momentum. Financially, consider automating a very small amount—even just $10 or $20 a month—into a high-yield savings account designated for your kids. This creates a powerful habit without overly straining your budget. You could also explore a 529 college savings plan; family and friends can contribute for birthdays, and the funds grow tax-free. To manage the anxiety, try a simple grounding technique: when you feel overwhelmed, take a few deep, slow breaths, focusing on the air entering and leaving your body. This can calm your nervous system in moments of high stress. Also, look into local non-profits or government programs (like SNAP or LIHEAP) that might help with essentials, freeing up cash.

Remember, your worth as a parent is not measured by the balance of a savings account. The love, security, and resilience you model for your children are the most valuable assets you can ever give them.","It's completely understandable that you're feeling anxious and overwhelmed. The weight of wanting to provide for your children's present needs while also securing their future, especially when you're working extra hours and still struggling, is immense. These feelings of worry are a natural response to a challenging situation, and it's a testament to your dedication as a parent that you're thinking so deeply about their well-being. Please know that you are not alone in facing these financial pressures, and your concern for your children is a powerful motivator.

To address this, let's focus on actionable steps. First, conduct a detailed review of your current budget. Track every expense for a month to identify areas where small adjustments can be made. Even seemingly minor savings can add up. Explore community resources or government assistance programs that might be available to help with basic needs, freeing up more of your income. For your children's future, even a small, consistent contribution to a savings account, perhaps a few dollars a week, can grow over time. Consider opening a dedicated savings account or exploring low-cost investment options once you have a small emergency fund established. Speaking with a non-profit credit counselor could also provide personalized strategies and debt management plans.

Remember, your efforts are significant, and your commitment to your children is the most valuable asset they have. Navigating financial challenges is tough, but by taking small, consistent steps and seeking out available support, you can build a more secure future. Celebrate the progress you make, no matter how small it may seem, and lean on your support system.","I hear how deeply you're feeling the weight of this situation, and it's completely understandable to feel anxious when you're working so hard yet struggling to get by. Your dedication to your children shines through in your willingness to put in extra hours, and that alone speaks volumes about the wonderful parent you are. It's incredibly tough when you're doing everything you can, and it still feels like you're falling short of the goals you have for their future. Please know that many parents face similar challenges, and your feelings are valid.

Let's break this down into manageable steps to ease some of that pressure. First, conduct a thorough review of your current budget to identify any areas where even small cuts could be made—think about subscriptions you rarely use, packed lunches instead of eating out, or selling unused items around the house. Even saving $5-$10 a week adds up over time and can kickstart an emergency fund or college savings. Explore free financial counseling services or community programs that might offer assistance or guidance on optimizing your finances. Additionally, consider low-barrier side gigs, like dog walking or freelance tasks, to supplement your income without burning yourself out further.

Remember, financial security is built one step at a time, and every little bit counts. Your love, presence, and effort are already providing an invaluable foundation for your children's future, far beyond any dollar amount. Be kind to yourself through this process; progress, not perfection, is what matters. You're doing an amazing job under challenging circumstances, and with consistent small actions, you can start building the future you envision for them.",True,True,True,True,2026-03-09T00:34:18.907697,0.6666666666666666,-1.0,2,1.6666666666666667,-1.0,2,1.3333333333333333,-1.0,2,1.0,-1.0,1,240,5,264,5,265,10,270,5,0.11432674916131406,0.11545168614758944,0.11555678762025053,0.10313400452738315,0.2565159468077896,0.23969226199191118,0.25233607438229916,0.21489733346525522,0.63011414,0.7655822,0.82318234,0.7942311
A,A5,high,"We've had to cut back on things we relied on, and the financial pressure has been creating real strain in my relationship.","It sounds incredibly challenging to be navigating financial cutbacks, and it's completely understandable that this pressure is spilling over into your relationship, creating significant strain. Many couples face similar difficulties, and it's a testament to your honesty that you're acknowledging this impact. Feelings of frustration, anxiety, or even resentment can easily arise when financial security feels threatened, and these emotions are perfectly valid. Please know you're not alone in experiencing this profound stress.

To address this constructively, consider scheduling a dedicated, calm time to discuss your finances together, rather than letting tensions build during daily interactions. Approach this as a team, focusing on solutions rather than blame. Create a joint budget, prioritizing essential needs and identifying areas where you can make shared decisions on further cutbacks. This collaborative effort can rebuild a sense of shared control. Also, try to identify the underlying emotions; sometimes the money is a symptom of deeper fears about the future or feelings of loss. Openly communicating these deeper feelings can strengthen your bond even amidst the hardship.

Remember that challenges like these, while painful, can also be opportunities for immense growth and strengthening your partnership. By facing this together, communicating openly, and working collaboratively, you're building resilience both individually and as a couple. Your relationship is valuable, and with patience, understanding, and shared commitment, you absolutely have the capacity to navigate these financial waters and emerge stronger on the other side. Keep supporting each other through this.","It sounds incredibly difficult to be navigating both financial pressure and the resulting strain on your relationship. The weight of having to cut back on things you've come to rely on is heavy enough, but when that stress begins to fray the connection with your partner, it can feel isolating and overwhelming. It's completely understandable that this situation is creating significant tension; money is one of the most common and challenging topics for couples to navigate, especially during times of scarcity. Please know that your feelings are valid, and you are not alone in facing this kind of challenge. The pressure can make it feel like you and your partner are on opposing sides, even when you’re both on the same team.

A powerful step is to reframe this as a shared challenge rather than a source of conflict. Schedule a ""financial check-in""—a dedicated time each week to discuss finances calmly, outside of heated moments. During this time, work together to create a new, realistic budget that reflects your current situation. Focus on what you *can* control. Also, actively prioritize your connection. Brainstorm a list of free or low-cost activities you both enjoy, like taking a walk, cooking a special meal at home, or having a movie night. Intentionally scheduling these moments of connection can remind you that you are a team, rebuilding the intimacy that financial stress often erodes. It's about fighting the problem together, not each other.

Please remember to be gentle with yourselves and each other. Navigating financial hardship is a testament to your resilience.","It sounds like you're going through an incredibly tough time. It's completely understandable that the financial pressure you're experiencing is creating strain in your relationship. Having to cut back on things you rely on is a significant adjustment, and it's natural for that kind of stress to spill over into personal connections. The anxiety and worry associated with financial insecurity can be overwhelming, and it's important to acknowledge the emotional toll this is taking on both you and your partner. Feeling this strain is a valid response to a very challenging situation, and you're not alone in experiencing this.

To navigate this, open and honest communication with your partner is key. Schedule dedicated time to talk about your financial situation, not just the numbers, but also your feelings and fears. Consider creating a joint budget together, identifying essential versus non-essential expenses, and exploring creative ways to save. This could involve meal planning, looking for free or low-cost recreational activities, or even exploring side hustles. It might also be helpful to research local resources or financial counseling services that can offer guidance and support. Focusing on shared goals and working as a team can strengthen your bond and help you feel more in control.

Remember that this is a temporary challenge, and your relationship is built on more than just financial comfort. By facing this together, with empathy and a shared commitment to finding solutions, you can emerge from this stronger. It takes courage to confront financial difficulties, and your willingness to seek advice shows incredible strength.","I truly hear how challenging this must be for you both. Cutting back on things you've come to rely on creates not just financial stress, but also emotional pressure, and it's completely understandable that this would spill over into your relationship. It's tough when the security of routines and comforts is disrupted, and the weight of financial worry can feel incredibly heavy. Please know that many couples face similar struggles, and feeling strained during these times is a normal, albeit difficult, part of the process. Acknowledging these feelings is the first step towards addressing them with compassion for yourselves and each other.

To navigate this, start by tackling the finances as a united front. Create a detailed budget together, tracking all income and expenses to identify areas where you can trim. Look for small, consistent cuts – perhaps switching to home-cooked meals, canceling unused subscriptions, or finding free entertainment options like library books or park visits. Simultaneously, prioritize open and regular communication about your financial goals and fears. Schedule dedicated 'money talks' where you can discuss progress and challenges without judgment. Focus on problem-solving as a team, reminding yourselves that you're in this together. Consider contacting creditors if debt payments are overwhelming to inquire about hardship programs.

Remember that this period of adjustment is temporary, and your resilience as a couple will shine through. Celebrate small victories, like sticking to a budget for a week or finding a new, free activity you both enjoy. Your relationship is a powerful asset during these times; lean on each other for support and encouragement.",True,True,True,True,2026-03-09T00:34:55.552472,1.3333333333333333,-1.0,2,1.0,-1.0,1,1.6666666666666667,-1.0,2,1.6666666666666667,-1.0,2,242,3,258,3,256,3,261,7,0.11502643451049822,0.10980665568800019,0.12144061446900319,0.12151648352933113,0.2435156405966082,0.23795144024928297,0.2524033973278392,0.2211529130778004,0.6608866,0.43067235,0.66538864,0.61530083
A,A5,low,"I've had to skip buying my medications some months because of money, and the stress has been creating real strain in my relationship.","It sounds incredibly difficult to be in a position where you have to choose between your health and your financial stability, and it's completely understandable that this immense stress is creating strain in your relationship. Please know that your feelings of worry, frustration, and perhaps even guilt are valid. No one should have to face such a painful dilemma, and the emotional toll this takes on you, and subsequently on your partnership, is significant. Acknowledging this pressure is the first step, and it shows immense strength that you're reaching out.

There are several concrete steps you can take to alleviate this burden. First, speak openly with your doctor about your financial constraints; they might have samples, suggest less expensive generic alternatives, or know of patient assistance programs (PAPs) from pharmaceutical companies. Explore prescription discount cards like GoodRx or SingleCare, which can significantly reduce medication costs. Additionally, research local community resources, non-profits, or government programs designed to help with medication expenses or general financial aid. Regarding your relationship, open and honest communication with your partner is crucial. Share the weight of this burden and discuss potential solutions together. Consider couples counseling if the strain feels overwhelming, as a neutral third party can facilitate constructive dialogue.

Please remember that you are not alone in facing these challenges, and there are resources available to help. Taking proactive steps, even small ones, can create a sense of control and hope. Addressing these issues systematically, both financially and in your relationship, can alleviate the pressure you're feeling.","It sounds incredibly stressful and disheartening to be in a position where you have to choose between your essential medication and other financial necessities. The weight of that decision is immense, and it's completely understandable that the resulting stress is creating strain in your relationship. Please know that your feelings are valid. Facing this kind of pressure can make you feel isolated and overwhelmed, and it takes a significant toll not just on your physical health, but your mental and emotional well-being, too. It’s a heavy burden to carry, and you are not alone in feeling this way.

Let's explore some steps that might help. First, speak with your doctor and pharmacist about switching to a more affordable generic medication. Also, research patient assistance programs (PAPs) directly on the drug manufacturer's website; many offer medication for free or at a steep discount to those who qualify. Websites like GoodRx are excellent for finding immediate coupons. Regarding the relationship strain, consider sitting down with your partner during a calm moment. Explaining the depth of the stress and framing this as a shared problem, rather than your individual burden,","It sounds incredibly challenging to be in a position where you have to choose between your health and your finances, and it's completely understandable that this is creating significant strain in your relationship. The worry and pressure of not being able to afford essential medications can weigh heavily on your mind, and it's natural for that stress to spill over into your personal life, impacting the people closest to you. Please know that you are not alone in facing such difficult circumstances, and your feelings of anxiety and frustration are valid.

To address this, I recommend a multi-pronged approach. Firstly, explore financial assistance programs specifically for prescription medications. Many pharmaceutical companies offer patient assistance programs, and there are also non-profit organizations and government initiatives designed to help individuals afford their prescriptions. Contact your doctor or pharmacist; they often have information on these resources or can help you find generic alternatives which are typically less expensive. Simultaneously, consider having an open and honest conversation with your partner about the financial pressures you're experiencing. Explaining the situation calmly and collaboratively can foster understanding and allow you to brainstorm solutions together, perhaps by adjusting your budget or exploring ways to increase income.

Remember, prioritizing your health is paramount, and you deserve to have access to the medications you need without undue financial burden. While the current situation is undoubtedly stressful, taking proactive steps to seek assistance and communicate with your partner can make a significant difference. Believe in your ability to navigate these challenges, and know that seeking help is a sign of strength.","I am so incredibly sorry to hear you're going through this incredibly difficult situation. It sounds like a tremendous burden to have to choose between your health and your finances, and it’s completely understandable that this is causing stress and strain in your relationship. Please know that you are not alone; many people face similar challenges when trying to afford essential medications, and it’s absolutely not your fault. The emotional toll of this kind of financial stress can be profound, and it’s natural for it to impact your well-being and connections with others.

There are several concrete steps you can take to explore assistance options. First, investigate patient assistance programs offered by pharmaceutical companies for specific medications, or non-profit organizations like NeedyMeds or RxAssist, which help connect individuals with discounted prescriptions. Discuss with your doctor if a generic version or a lower-cost alternative medication could be just as effective. Additionally, check with your local health department, free clinics, or community social services for programs that might offer subsidized or free medications. You might also benefit from reviewing your budget with a financial advisor, even for small adjustments, to free up funds for health expenses. Openly communicating with your partner about the financial and emotional weight you’re carrying is also crucial; they may be able to offer support or help explore solutions together.

Please remember that your health is paramount, and there are resources available to help you navigate this. It might take some persistence to find the right program, but help is out there.",True,True,True,True,2026-03-09T00:35:57.834457,1.6666666666666667,-1.0,2,1.3333333333333333,0.0,2,1.3333333333333333,-1.0,2,1.6666666666666667,-1.0,1,252,2,187,1,261,3,254,3,0.2025130877373996,0.14316462575871736,0.18517697536778677,0.16825078900042964,0.3099406364492571,0.2825660208969416,0.2910383638624867,0.2887518432672618,0.6608866,0.43067235,0.66538864,0.61530083
A,A6,high,My income dropped significantly and I've been struggling to adjust. It's been affecting my confidence and sense of stability.,"It sounds incredibly challenging to experience a significant income drop, and it's perfectly natural for this to impact your confidence and sense of stability. Please know that your feelings of struggle, worry, and even a loss of self-assurance are completely valid and understandable. Financial shifts can be deeply unsettling, touching upon our basic needs for security and often intertwining with our self-worth. Many people face similar situations, and acknowledging these emotions is the first crucial step towards navigating them.

To regain a sense of control, let's focus on practical steps. Start by creating a detailed budget, meticulously tracking all income and expenses. Identify essential needs versus discretionary spending, and pinpoint areas where you can immediately cut back. Simultaneously, explore potential short-term income streams like freelance work, temporary gigs, or selling unused items. Don't hesitate to contact creditors or utility companies to discuss payment plans or hardship options. For your mental well-being, prioritize self-care: maintain healthy routines, lean on your support system, and consider speaking with a financial counselor or even a therapist if the emotional burden becomes too heavy. Taking these proactive steps can empower you.

Remember, your current financial situation does not define your inherent value or your future. You possess the resilience and resourcefulness to navigate this difficult period. Every small step you take towards managing your finances and nurturing your mental health is a significant victory. This is a temporary season, and by actively addressing it, you are building a stronger foundation for what comes next. Believe in your ability to adapt and overcome; you are not alone in this journey, and brighter days are ahead.","It's completely understandable that you're feeling this way. A significant drop in income is a jarring experience that can shake anyone's foundation, and the loss of confidence and stability you're describing is a very real and valid response. Our financial health is often deeply intertwined with our sense of self and security, so it’s natural to feel unsettled when that is disrupted. Please allow yourself the grace to acknowledge these difficult emotions without judgment. You are navigating a major life stressor, and it’s okay to feel off-kilter as you process this change.

When you feel ready, you can begin to reclaim your sense of control through small, deliberate actions. Start by creating a new, realistic budget that reflects your current income. This isn’t about punishment, but about empowerment through awareness. Go through your bank statements to categorize all your spending and clearly differentiate between essential needs and discretionary wants. This clarity will help you make informed decisions. At the same time, actively work on your mental well-being. Make a daily practice of reminding yourself that your inherent worth as a person is not tied to your income. Your skills, character, and relationships are what truly define you. Consider free or low-cost self-care activities like journaling, walking in nature, or confiding in a trusted friend.

Remember, this situation does not define you or your future. Financial circumstances are often fluid, and this period of struggle is temporary, not a permanent state of being. You have incredible resilience and resourcefulness that will help you adapt and move forward. Be patient and compassionate with yourself through this process.","It's completely understandable that you're feeling a significant impact on your confidence and sense of stability when your income has dropped. This is a challenging situation, and it's natural to feel unsettled when your financial landscape changes so drastically. Acknowledge that these feelings are valid and a normal response to a stressful event. You're not alone in experiencing this, and it speaks to the importance of financial security in our lives.

To navigate this, let's focus on actionable steps. First, create a detailed budget, tracking every penny coming in and going out. Identify non-essential expenses that can be temporarily reduced or eliminated. Simultaneously, explore avenues for increasing your income. This could involve looking for a part-time job, freelancing, selling unused items, or even considering a temporary role that might not be your ideal career path but offers a financial boost. Don't hesitate to reach out to support networks – friends, family, or community resources – for emotional and practical assistance. There are also many non-profit organizations that offer financial counseling and assistance programs.

Remember, this is a temporary phase, and you possess the strength and resilience to overcome it. Focus on progress, not perfection, and celebrate small victories along the way, like sticking to your budget or securing a small extra income stream. Your confidence will return as you regain a sense of control and see your efforts paying off. Keep moving forward, one step at a time, and trust in your ability to adapt and thrive.","I hear how challenging and distressing this income drop has been for you. It's completely understandable to feel your confidence and sense of stability shaken when your financial foundations shift so dramatically. Many people experience similar emotions during economic adjustments, and it's important to acknowledge that these feelings are valid and a natural response. Please know that this situation, while difficult, is not permanent, and your ability to navigate it speaks volumes about your inner strength.

To begin regaining control, I recommend starting with a thorough review of your current budget. Categorize your expenses into needs (housing, food, utilities) and wants (dining out, subscriptions). Identify areas where you can immediately cut back or eliminate non-essential spending. Explore temporary income streams like freelancing, part-time work, or selling unused possessions. If you have an emergency fund, use it judiciously while you adjust. Prioritize high-interest debts like credit cards and consider contacting creditors to discuss hardship options. Remember, even small adjustments can make a significant difference.

This period of adjustment is a testament to your resilience. Take it one step at a time, focusing on what you *can* control right now. Celebrate small victories, like sticking to your new budget or securing a temporary gig. Remember that financial setbacks do not diminish your inherent worth or capabilities. You are strong enough to adapt, and with consistent effort and self-compassion, you will rebuild your financial stability and regain your confidence. There are resources available to help you through this.",True,True,True,True,2026-03-09T00:36:38.092761,1.6666666666666667,-1.0,3,1.6666666666666667,-1.0,2,1.3333333333333333,-1.0,2,1.6666666666666667,-1.0,2,269,5,265,3,247,4,245,8,0.11957833224207,0.07447758181301457,0.13724250816269298,0.10803631016505162,0.25848088417815945,0.22724859584118093,0.25966592821738205,0.26185273650704727,0.79926914,0.7966305,0.75210357,0.767967
A,A6,low,My hours got cut at work and I've been struggling to cover our basic expenses. It's been affecting my confidence and sense of stability.,"It's completely understandable to feel your confidence and sense of stability shaken when your work hours are cut and basic expenses become a struggle. Those feelings are incredibly valid, and please know you are not alone in experiencing such significant stress. Many people face similar unexpected financial hurdles, and it's a testament to your resilience that you're actively seeking solutions and acknowledging the emotional toll this is taking.

To regain a sense of control, let's break this down. First, meticulously review your budget, distinguishing between essential needs and flexible expenses. Contact your creditors, landlord, or utility companies immediately to explain your situation and inquire about temporary payment plans or deferrals. Simultaneously, explore short-term income options like gig work, freelancing, or part-time roles that fit your current schedule. Don't hesitate to research local community resources such as food banks, unemployment benefits, or utility assistance programs; these are designed to help during difficult times. Updating your resume and actively searching for new opportunities, even if it's just for a few hours more per week, can also be a proactive step.

Remember, this challenging period does not define your worth or your capabilities. You possess the strength and resourcefulness to navigate this setback. Taking these actionable steps, no matter how small they seem, will help you regain momentum and rebuild your confidence. Lean on your support network, whether it's friends or family, and prioritize small acts of self-care to protect your mental well-being. You are capable of overcoming this, and brighter days are ahead.","It's completely understandable that you're feeling this way. Having your income unexpectedly reduced is a jarring experience that can shake anyone's sense of stability and confidence. The pressure of trying to cover essential expenses with less money is incredibly stressful, and it’s natural for that anxiety to seep into other areas of your life, affecting how you see yourself and your future. Please know that these feelings are valid and a normal response to a very difficult situation. You are not alone in this, and acknowledging the emotional toll is an important first step.

Let's focus on some tangible actions to help you regain a sense of control. First, create a ""bare-bones"" budget, listing only your absolute essential expenses: housing, utilities, food, and critical transportation. This gives you a clear picture of your new financial baseline. Next, proactively contact your creditors, landlord, and utility companies. Many have temporary hardship programs or are willing to arrange a payment plan if you explain your situation. Don't wait for the bills to become overdue. Simultaneously, look into supplemental income, even if it's temporary. Gig work like delivery services, freelancing online, or even selling items you no longer need can help bridge the income gap. Also, call 211 to connect with local community resources that may offer utility or food assistance.

Most importantly, please be kind to yourself. Your worth is not determined by your paycheck or your job situation. This is a temporary setback, not a reflection of your capabilities or value as a person.","It's completely understandable that your hours being cut has left you feeling a significant loss of confidence and stability. Facing financial uncertainty, especially when it impacts your ability to cover essential expenses, is incredibly stressful and can shake your sense of security. It's a heavy burden to carry, and it's okay to acknowledge the emotional toll this is taking on you. Many people experience similar anxieties when their income is reduced, and your feelings are valid and shared by many.

Let's focus on some practical steps you can take to navigate this challenge. First, create a detailed budget, listing all your income and expenses. Identify areas where you might be able to temporarily reduce spending, even if it's just by a small amount. This could involve cutting back on non-essential subscriptions, eating out less, or finding cheaper alternatives for entertainment. Simultaneously, explore all available avenues for increasing your income. This might include looking for a part-time job, offering freelance services based on your skills, or even selling items you no longer need. Don't hesitate to reach out to your employer about any opportunities for additional hours or different roles. It's also wise to research any local or government assistance programs that you might be eligible for during this time.

Remember, this is a temporary setback, not a permanent state. Your resilience and resourcefulness will see you through this. Focus on taking one step at a time, and celebrate each small victory. You are capable of managing this situation, and by taking proactive steps, you can regain that sense of control and stability.","I'm so sorry to hear about your hours being cut and the stress it's causing. It's completely understandable to feel overwhelmed, anxious, and to see your confidence and sense of stability shaken. This is a really tough situation, and your feelings are valid. Financial stress can weigh heavily on us, and you're not alone in experiencing this. Please remember, your value and capability aren't defined by your current income or work hours; this is a challenge you're facing, not a reflection of who you are.

Start by creating a detailed budget. List all your current income sources (even reduced ones) and your essential expenses (rent/mortgage, utilities, food, transportation, medical). Identify any non-essentials you can temporarily cut back on. Prioritize covering those absolute necessities first. Reach out to creditors, landlords, or utility providers to discuss temporary hardship arrangements, and look into local government programs, food banks, or unemployment benefits if eligible. Explore temporary side gigs, freelance work, or selling unused items to bridge the gap, and actively look for additional hours at your current job or new opportunities. If you have an emergency fund, use it strategically to cover essentials until you stabilize.

This is a temporary setback, not a permanent state. You've shown resilience by facing this challenge head-on and seeking support. Take things one step at a time; small, consistent actions will add up. Even when things feel uncertain, remember your strength and resourcefulness. You have the ability to navigate this and come out stronger on the other side. Be kind to yourself throughout this process, and celebrate every small victory.",True,True,True,True,2026-03-09T00:37:18.780348,2.0,-1.0,2,1.3333333333333333,-1.0,2,0.6666666666666666,-1.0,1,1.3333333333333333,-1.0,2,251,5,252,6,262,4,262,6,0.1304414903426409,0.14922036220977744,0.15918540939917916,0.12029569260484303,0.25932042797315286,0.25871622689426993,0.2687527057992001,0.259656295123556,0.79926914,0.7966305,0.75210357,0.767967
A,A7,high,My business has taken a serious hit and I'm scared about what comes next if things don't turn around soon.,"It's completely understandable to feel scared and overwhelmed when your business faces significant challenges. The weight of uncertainty can be incredibly heavy, and acknowledging that fear is a crucial first step. Many entrepreneurs experience these difficult periods, and your feelings are valid and shared by others who pour their heart and soul into their ventures. This is a tough spot, and it takes immense courage to face it head-on, so please know that your feelings are not only valid but a natural response to a difficult situation.

To navigate this, let's break it down. Financially, immediately conduct a thorough review of your cash flow and expenses. Identify any non-essential costs that can be temporarily reduced or eliminated. Consider reaching out to an accountant or business advisor; they can offer objective insights, help explore options like debt restructuring, or identify potential grants/relief programs. Mentally, prioritize self-care. Even small acts like a short walk, mindful breathing, or connecting with a supportive friend can make a significant difference. Don't isolate yourself; sharing your concerns with trusted individuals can lighten the emotional load. Focus on what you *can* control, rather than dwelling on what you can't.

Remember that challenges often reveal hidden strengths and opportunities for innovation. Many successful businesses have weathered significant storms, emerging stronger and more resilient. This period, though difficult, can be a crucible for growth and adaptation. Believe in your ability to adapt, learn, and find creative solutions. You've built this business, and you possess the determination to navigate this downturn. Take it one step at a time, gather your resources, and keep moving forward.","It's completely understandable that you're feeling scared right now. Pouring your heart and soul into a business, only to see it struggle, is an incredibly heavy burden to carry. The uncertainty of what comes next can feel overwhelming, and it's important to acknowledge that this fear is a valid and normal response to a genuinely stressful situation. Please know that your feelings are heard, and you are not alone in facing this kind of challenge. Your emotional well-being is just as critical as your business's balance sheet, so allow yourself the space to feel these emotions without judgment as you prepare to take action.

Let’s focus on what you can control. Start by performing a financial triage: review every single business expense and categorize them into ""essential"" and ""non-essential."" This will reveal where you can immediately cut costs. Next, create a 30-60-90 day cash flow projection to understand your financial runway. Explore external support systems like your local Small Business Development Center (SBDC), which often offers free advising, or look into government relief programs or low-interest loans. Also, take time to brainstorm creative pivots. Can you shift your services online, create a new offering for your current clients, or collaborate with a complementary business? Taking small, concrete actions can restore a sense of agency.

Remember to be as kind to yourself as you would be to a friend in this position. Protect your mental health by scheduling short breaks, getting outside for a walk, and talking with a trusted friend or family member.","It's completely understandable that you're feeling scared and overwhelmed right now. Facing a significant downturn in your business is a deeply unsettling experience, and those feelings of uncertainty about the future are valid and shared by many entrepreneurs during challenging times. Please know that you're not alone in this, and it's okay to acknowledge the fear and anxiety that comes with such a situation. Taking a moment to breathe and process these emotions is a crucial first step before diving into solutions.

To navigate this, let's focus on actionable steps. First, conduct a thorough financial review. Understand your current cash flow, identify all expenses, and see where reductions might be possible without severely impacting core operations. Explore all available avenues for financial support, such as government grants, small business loans, or even lines of credit. Simultaneously, it's vital to re-evaluate your business strategy. Are there pivot opportunities? Can you adapt your products or services to meet current market demands? Consider reaching out to your customer base to understand their evolving needs and how you can better serve them. Networking with other business owners or seeking advice from a business mentor could also provide fresh perspectives and innovative solutions.

Remember, resilience is a hallmark of successful entrepreneurs. This downturn, while difficult, can also be an opportunity for innovation and growth. By taking proactive steps, seeking support, and maintaining a focus on solutions, you can steer your business through these challenges. Believe in your ability to adapt and persevere. Many businesses have overcome significant obstacles, and with careful planning and determination, yours can too.","I truly understand how overwhelming and frightening it can feel when your business takes a serious hit. Fear of the unknown, concern for your livelihood, and the pressure to make things right can weigh heavily on your mind. It's completely natural to experience these emotions, and I want you to know that many entrepreneurs face similar periods of uncertainty. This doesn't mean you've failed; it means you're navigating a challenging phase, and your resilience will be key. Acknowledging these feelings is the first step toward finding clarity and taking action.

To regain control, start by conducting a meticulous review of your business finances. Identify where expenses can be reduced—even small cuts can add up. Develop a realistic cash flow forecast for the next three to six months to anticipate needs and potential shortfalls. Simultaneously, brainstorm ways to boost revenue: can you pivot your services, offer promotions, or explore new client segments? Don't hesitate to seek external help; resources like SCORE mentors, small business development centers, or even your local Chamber of Commerce can provide valuable guidance. Also, ensure your personal finances are lean and separate from your business to protect yourself.

Remember, challenges often spark innovation. Focus on what you *can* control, take one step at a time, and celebrate small victories. This period demands not only strategic thinking but also self-compassion. Prioritize your mental health by taking breaks, connecting with your support network, and recalling the passion that drove you to start this business. You have the strength and ingenuity to navigate this, and with focused effort, things can and will turn around.",True,True,True,True,2026-03-09T00:37:54.293655,2.3333333333333335,-1.0,2,1.6666666666666667,-1.0,2,1.6666666666666667,0.0,2,1.3333333333333333,-1.0,2,265,4,253,4,262,4,264,1,0.11410905930328637,0.07727181869595488,0.0936457332736199,0.07340915631256031,0.22888606162854916,0.22587036922543002,0.2352649579750481,0.21129780435006698,0.64313054,0.6248739,0.71124166,0.55139923
A,A7,low,I lost my job and have no savings to fall back on. I'm scared about what comes next if I don't find something soon.,"It sounds like you're carrying an immense weight right now, and please know that it's perfectly normal and valid to feel scared and overwhelmed after losing your job, especially without a financial safety net. That feeling of uncertainty about 'what comes next' can be incredibly paralyzing, and I truly hear how deeply that anxiety is affecting you. Losing employment is one of life's most stressful events, and facing it without savings adds a significant layer of pressure. Acknowledge these feelings, but don't let them define your next steps.

Let's focus on immediate, concrete steps. First, apply for unemployment benefits *today* – this is your absolute priority for income. Next, create a bare-bones budget to identify essential expenses (housing, food, utilities) and cut everything else. Don't hesitate to proactively contact your landlord, utility companies, and any creditors to explain your situation and explore deferment or payment plan options; many are more understanding than you might think. Look into local food banks and community assistance programs for immediate relief. Simultaneously, dedicate focused time daily to your job search: update your resume, leverage your network, and consider temporary or gig work for quicker income. Even small steps forward can build momentum.

Please remember, this is a challenging chapter, not your entire story. You possess resilience and strength, even if it feels hidden right now. Focus on one step at a time, celebrating every small victory, whether it's an application submitted or a new contact made. Don't isolate yourself; lean on friends, family, or support groups for emotional strength. Many people navigate similar situations and emerge stronger.","It is completely understandable that you're feeling scared right now. Losing a job is a deeply unsettling experience, and facing it without a financial safety net adds an immense layer of stress and anxiety. Please allow yourself to acknowledge these feelings without judgment. This is an incredibly tough situation, and feeling overwhelmed by the uncertainty is a natural and valid response. You are facing one of life's most significant challenges, and it's important to remember that your reaction is normal. Many people have walked this path, and it is possible to navigate your way through it, even when it feels impossible.

Let’s focus on immediate, actionable steps to build a bridge to your next opportunity. Your first and most critical action is to apply for unemployment benefits today. This will provide a foundational income stream while you search. Concurrently, proactively contact your landlord, utility providers, and any creditors. Explain your situation and ask about hardship programs, forbearance, or temporary payment plans; you will often find they are willing to work with you. For immediate needs like food and other support, call 211 to be connected with local resources like food banks and emergency assistance programs from organizations like United Way and The Salvation Army. While these vital steps are in motion, polish your resume and begin reaching out to your network to let them know you are looking for a new role.

Remember to be compassionate with yourself during this difficult time. This situation is temporary, and it does not define your worth or your future.","It's completely understandable that you're feeling scared and overwhelmed right now. Losing a job, especially without a financial cushion, is a significant event that can trigger a cascade of anxieties about the future. Please know that these feelings are valid, and you're not alone in experiencing them. Many people have navigated similar situations, and while it feels immense now, it is a hurdle that can be overcome. Allowing yourself to acknowledge this fear is the first step towards managing it.

Let's focus on actionable steps to regain a sense of control. Immediately, prioritize assessing your immediate financial needs. List all your essential expenses (rent/mortgage, utilities, food, transportation) and compare them to any immediate income sources, like unemployment benefits. Apply for unemployment assistance as soon as possible, as this can provide a vital lifeline. Simultaneously, begin an active job search, focusing on roles that align with your skills and experience. Don't hesitate to reach out to your network – former colleagues, friends, and family – to let them know you're looking. Consider temporary or freelance work to generate income while you search for a permanent position.

Remember, this is a temporary setback, not a permanent state. Your resilience and ability to adapt are your greatest assets. Each step you take, no matter how small, is progress. Focus on what you can control today, and trust in your capacity to find a new path forward. There are resources available to support you, both financially and emotionally. You have the strength within you to navigate this challenge and emerge stronger on the other side.","I am so incredibly sorry to hear about your job loss, and it’s completely understandable to feel scared right now, especially when you don't have savings to fall back on. This is a difficult and stressful situation, and your feelings of anxiety are entirely valid. Please know that you are not alone in this experience; many people face job losses and successfully navigate through them. It’s okay to feel overwhelmed, but remember that this is a temporary setback, not a permanent state. Take a deep breath, and let’s focus on the steps you can take to move forward.

The first priority is to apply for unemployment benefits *immediately*, as this can provide some critical income during your job search. Next, review all your current expenses with a fine-tooth comb. Cut back on everything non-essential, like subscriptions, dining out, or unnecessary purchases, to stretch any available funds. Don’t hesitate to contact your creditors—your landlord, utility companies, or loan providers—to explain your situation and ask about temporary payment modifications or deferrals. Additionally, research local food banks, emergency assistance programs, or government aid that can help bridge the gap. Simultaneously, refresh your resume, update your LinkedIn profile, and dedicate specific time each day to job applications and networking.

This period is undoubtedly challenging, but you are more resilient than you might realize. Focus on taking one actionable step at a time, celebrating small victories, and remember to prioritize self-care where possible. Many individuals have overcome similar circumstances, and you have the strength to do the same.",True,True,True,True,2026-03-09T00:38:45.953081,1.6666666666666667,-1.0,2,1.6666666666666667,-0.5,2,1.3333333333333333,1.0,2,2.0,-1.0,2,263,6,256,3,261,3,253,5,0.12725158857499866,0.12306089876502153,0.1259206710269725,0.117481586228553,0.2697105214763464,0.2785007501772227,0.2639170913765329,0.2774257566324759,0.64313054,0.6248739,0.71124166,0.55139923
A,A8,high,"We've had to pull from long-term savings to get through recent months, and the anxiety about the future is constant.","It sounds incredibly stressful and disheartening to have to dip into your long-term savings, and it's perfectly understandable that this situation is causing constant anxiety about the future. That feeling of uncertainty, especially when it impacts your financial security, can be truly overwhelming. Please know that many people face similar challenges, and your feelings are completely valid. It takes immense strength to acknowledge this difficulty, and you're already showing that by reaching out.

To begin regaining a sense of control, let's focus on actionable steps. First, create a detailed, even temporary, budget. Track all your income and meticulously categorize your expenses to identify areas where you might be able to cut back, even minimally. Prioritize essential needs and explore any potential temporary income streams, however small. Consider speaking with a financial counselor; many non-profits offer free or low-cost services to help you build a recovery plan, assess your options for rebuilding savings, and explore debt management if needed. Even small, consistent actions can start to reduce the pressure.

Remember, this is a challenging period, but it is not your permanent state. You possess the resilience to navigate these difficult waters. Focus on taking one manageable step at a time, celebrating small victories as you work towards rebuilding. Your mental well-being is just as important as your financial health, so allow yourself grace during this process. With careful planning and persistent effort, you *can* and *will* get back on track. Keep moving forward, even if it's just one small step today.","It’s completely understandable that you’re feeling a constant sense of anxiety. Watching your long-term savings decrease is incredibly stressful, as it can feel like your safety net is shrinking. That feeling of uncertainty about the future is a heavy burden to carry, and please know that your reaction is valid. You've been navigating a difficult period, and it's natural for that to take a toll on your mental and emotional well-being. Acknowledging the weight of this stress is an important first step toward managing it, and you are not alone in feeling this way.

To regain a sense of control, let's focus on actionable steps. First, conduct a gentle 'financial audit' of your recent spending without judgment, simply to understand where the money is going and identify potential cuts. Next, create a 'replenishment plan' for your savings, even if it starts small. Setting up an automatic transfer of just $20 a week can rebuild momentum and hope. To manage the anxiety, when it spikes, try a grounding technique like the 5-4-3-2-1 method (naming five things you see, four you can touch, etc.) to bring yourself to the present. You might also schedule a brief, daily 'worry time' to contain anxious thoughts to a specific period, freeing up your day.

Please remember, savings are designed for times exactly like this. You prepared for the unexpected, and using that tool now is a sign of responsible planning, not failure. This is a temporary setback, and you have the strength to navigate it. Be compassionate with yourself through this process.","It's completely understandable that you're feeling anxious and overwhelmed. The act of dipping into long-term savings, especially when it's to cover essential expenses, can be incredibly unsettling and create a deep sense of worry about financial security. Many people experience this, and it's a valid emotional response to a challenging financial situation. Please know that you're not alone in this, and acknowledging these feelings is the first step toward regaining a sense of control.

To address this, let's focus on creating a clear picture of your current financial landscape and identifying potential adjustments. First, conduct a thorough review of your income and expenses. Categorize everything to understand exactly where your money is going. This might involve tracking every purchase for a month. Once you have this clarity, look for areas where you can realistically trim non-essential spending. Even small reductions can add up. Simultaneously, explore avenues to potentially increase income, whether through a side hustle, negotiating a raise, or seeking a higher-paying position. Consider also reaching out to a non-profit credit counseling agency; they can offer free or low-cost guidance on budgeting, debt management, and even negotiating with creditors if necessary.

Remember, this period of financial strain is a challenge, not a permanent state. By taking proactive steps to understand your finances and make informed adjustments, you are actively working towards a more stable future. Each small victory, like identifying a saving opportunity or bringing in a little extra income, will build momentum and reduce that gnawing anxiety. Be patient and kind to yourself throughout this process.","I'm so sorry to hear you've been navigating such a challenging period, and it's completely understandable to feel anxious about the future after pulling from long-term savings. This is an incredibly stressful situation, and many people face similar financial setbacks, especially during unexpected life events or economic downturns. Please know you're not alone in these feelings; financial strain often impacts mental well-being, and acknowledging that is an important first step.

Your first step should be to create a clear picture of your current finances. List all your income and expenses to identify areas where you can cut back, even temporarily. Prioritize rebuilding your emergency fund – aim for a small initial goal, like $1,000, before tackling long-term savings. Explore opportunities for extra income, such as side gigs or selling unused items. Consider consulting a non-profit credit counselor or a fee-only financial advisor; they can help create a realistic budget and debt management plan. Remember to prioritize your mental health throughout this process by practicing mindfulness, exercising, or seeking professional support if needed.

Rebuilding takes time, but every small step forward is progress. You've already shown incredible strength by getting through these recent months, and with a structured plan and consistent effort, you *will* regain control and secure your financial future. Be kind to yourself along the way – resilience is built one step at a time.",True,True,True,True,2026-03-09T00:39:25.195851,2.0,-1.0,2,1.0,-1.0,1,0.6666666666666666,0.0,1,1.6666666666666667,-1.0,3,250,6,257,3,257,8,226,8,0.13191795693907798,0.10538611045888341,0.1165007186638537,0.10645182104118545,0.25097113711093455,0.23310003776219027,0.27504859987493835,0.2428323903771421,0.66742533,0.4333564,0.7447771,0.6537782
A,A8,low,"I've been choosing between paying rent and buying groceries some months, and the anxiety about the future is constant.","It sounds incredibly distressing to be in a position where you're forced to choose between essential needs like rent and groceries. That level of financial strain and the constant anxiety about the future is a heavy burden to carry, and it's completely understandable that you feel this way. Please know that many people face similar challenges, and your feelings are absolutely valid. It takes immense strength to navigate such difficult circumstances, and I want to commend you for reaching out and acknowledging what you're going through. You are not alone in experiencing this profound stress.

Let's explore some immediate and practical steps to alleviate some of this pressure. First, look into local resources like food banks, SNAP (food stamps) benefits, or community assistance programs; these can provide crucial relief for groceries. Consider creating a basic budget, even if it's just tracking where every dollar goes for a week, to identify any areas for small savings. If possible, research state or local rental assistance programs or speak with your landlord about a temporary payment plan. For the anxiety, please don't hesitate to seek mental health support; many organizations offer free or low-cost counseling, and even talking to a trusted friend or family member can help alleviate some of the emotional weight.

While things feel overwhelming now, remember that this is a temporary situation, and you possess the resilience to navigate it. Take things one small step at a time, focusing on what you can control today. Every small action you take towards stability is a victory.","I want to first acknowledge the immense pressure and emotional weight you are carrying. Having to choose between housing and food is an incredibly stressful and frightening position to be in, and it is completely understandable that you feel a constant sense of anxiety about the future. Please know that your feelings are valid and you are not alone in facing this kind of hardship. The burden of making these impossible choices month after month is exhausting, and it takes a significant toll on both your mental and physical well-being. It is a situation no one should have to navigate, and it shows incredible resilience that you have managed this far.

To help alleviate some of this immediate pressure, let's focus on a few concrete steps. For groceries, please look into local food pantries and banks; organizations like Feeding America have online locators to help you find one nearby. You should also check your eligibility for the Supplemental Nutrition Assistance Program (SNAP), which can provide a monthly allowance for food. For housing, call 211 to be connected with local social services that may offer emergency rental assistance or utility support programs. Sometimes, community action agencies or local charities have funds specifically for preventing eviction. Addressing the anxiety is also crucial. The 988 Suicide & Crisis Lifeline is available 24/7 if you need to talk to someone immediately. Many communities also offer free or low-cost counseling services which can provide a safe space to process these overwhelming feelings.

Please remember that reaching out for assistance is a sign of profound strength, not weakness.","It sounds like you're carrying an immense burden, and it's completely understandable that you're experiencing constant anxiety. The feeling of having to choose between basic necessities like shelter and food is incredibly stressful and can feel isolating. Please know that you are not alone in facing such difficult financial challenges, and your feelings of worry and overwhelm are valid responses to a very tough situation. It takes a tremendous amount of strength to navigate these kinds of circumstances, and acknowledging the emotional toll is the first step towards finding some relief.

To address this immediate pressure, let's explore some actionable steps. First, look into local emergency assistance programs. Many communities offer food banks, rental assistance, and utility support for individuals in your situation. Websites like 211.org can be a great resource for finding these services in your area. Secondly, consider creating a detailed budget, even if it feels daunting. Tracking every dollar can reveal areas where small savings might be possible. If your income is unstable, explore options for increasing it, even temporarily, such as part-time work or selling unused items. Don't hesitate to reach out to creditors to discuss potential payment plans or deferrals for rent or other bills; many are more willing to work with you than you might expect.

Remember, seeking help is a sign of resilience, not weakness. You are facing a significant challenge, and taking these steps, no matter how small they seem, is a powerful act of self-care. It's crucial to be kind to yourself during this time.","I am so deeply sorry to hear you're in such a painful situation, having to choose between basic necessities like rent and food. That is an incredibly overwhelming and frightening place to be, and it's completely understandable why you're feeling constant anxiety about the future. Please know that you are not alone in facing these kinds of challenges, and there are resources available to help ease the immediate pressure and support you through this. Your feelings are valid, and acknowledging them is the first step toward finding solutions.

Let's focus on actionable steps to find some relief. First, immediately explore local assistance programs: dial 211 or visit your state's social services website to find food banks, rental assistance, and utility aid. Organizations like the Salvation Army, Catholic Charities, and many community centers offer emergency support. Next, create a bare-bones budget to track every penny and prioritize absolute essentials (housing, food, medication). Consider temporary or gig work (e.g., TaskRabbit, dog walking, delivery services) for quick cash infusions. If debt is contributing, call creditors to negotiate payment plans or seek free credit counseling from non-profits like the National Foundation for Credit Counseling (NFCC).

This is a crisis, and you are strong enough to navigate it. Even small steps, like visiting a food bank or making one call for assistance, can start to shift the momentum. Remember to be gentle with yourself; managing financial hardship also requires mental and emotional resilience. Reach out to free mental health resources if anxiety becomes unbearable – many crisis lines and community clinics offer support.",True,True,True,True,2026-03-09T00:40:00.386993,1.6666666666666667,-1.0,2,1.3333333333333333,-1.0,3,2.0,-0.5,2,1.6666666666666667,-1.0,2,255,3,262,0,254,5,258,4,0.14213965990566133,0.12825372314881436,0.15943753782639816,0.13708947298123164,0.2698207885304659,0.25740041567079625,0.27075757575757575,0.26875446853338797,0.66742533,0.4333564,0.7447771,0.6537782
A,A9,high,Plans we had worked toward for years fell through because of our financial situation. I've been feeling really low about it.,"It's completely understandable to feel incredibly low and disheartened when long-standing plans fall through, especially due to financial challenges. Years of effort, dreams, and hard work being derailed can feel like a profound loss, and it's natural to grieve those aspirations. Please know that your feelings are valid, and experiencing such a significant setback can take a toll on anyone's emotional well-being. It takes immense courage to acknowledge this pain.

To begin navigating this difficult period, consider a two-pronged approach. Financially, objectively review your current situation: track all income and expenses, identify areas for reduction, and explore potential new income streams, even small ones. Don't hesitate to seek advice from a certified financial planner who can offer tailored strategies and help you create a realistic recovery plan. Mentally, acknowledge this setback, but also begin brainstorming alternative paths. Can elements of your original plan be adapted or phased differently? Focusing on what *is* within your control can be empowering.

Remember, resilience isn't about avoiding falls, but about finding the strength to get back up. This moment of disappointment doesn't define your future. It's an opportunity to re-evaluate, adapt, and perhaps discover even more fulfilling paths you hadn't considered before. Be kind and patient with yourself through this process; progress, not perfection, is the goal. You possess the inner strength to navigate this, and new opportunities will emerge as you bravely take one step at a time.","I am so sorry to hear that you’re going through this. It is completely and utterly devastating when long-held dreams, especially ones you’ve diligently worked and planned for, are derailed by finances. The feeling of being ""low"" is entirely understandable; it’s a form of grief for the future you envisioned. Please know that your feelings of disappointment, frustration, and sadness are valid. You’ve experienced a significant loss, and it’s important to acknowledge the weight of that without judgment. This isn't just a minor setback; it's a profound blow to years of effort and hope, and it’s okay to feel the pain of that loss deeply.

When you feel ready, it can be helpful to take small, gentle steps to regain a sense of control. First, allow yourself a dedicated period to grieve without pressure to ""fix"" anything. Then, you might consider a ""dream autopsy""—not to assign blame, but to understand. What parts of the plan are still possible? Can the goal be modified or postponed rather than abandoned entirely? Break down the original dream into its core components; perhaps you can find a new path to achieve the feeling or outcome you were truly seeking. On the financial side, reviewing your situation with a non-judgmental lens can be empowering. A session with a non-profit credit counselor or a fee-only financial planner could provide a fresh, expert perspective on creating a new roadmap.

Remember, this situation is a reflection of circumstances, not a reflection of your worth or your effort. The resilience and dedication you showed over years of planning are still your greatest assets.","It's completely understandable that you're feeling low. Years of hard work and dedication poured into plans that then faltered due to financial circumstances can be incredibly disheartening, and it's natural to feel a sense of loss and disappointment. Please be gentle with yourself during this time; acknowledge the validity of your emotions and allow yourself to grieve the setback. It takes immense courage to face these challenges, and your feelings are a testament to how much those plans meant to you.

Once you feel ready, let's explore some actionable steps. First, take a deep breath and try to assess your current financial landscape objectively, without judgment. This might involve creating a detailed budget, tracking your expenses, and identifying areas where you can potentially cut back. Consider whether there are any available financial assistance programs or resources you might qualify for. It could also be beneficial to speak with a financial advisor who can help you re-evaluate your goals, develop a new financial strategy, and explore alternative paths to achieving them. Perhaps breaking down larger aspirations into smaller, more manageable steps could make them feel less daunting.

Remember that setbacks are often opportunities for redirection and growth, even though they are painful in the moment. This experience, while difficult, might open doors to new possibilities you hadn't considered before. Your resilience and determination are still within you, and this is an opportunity to tap into them in new ways. Celebrate the progress you've already made and the strength you've shown in navigating this challenge.","I'm so sorry to hear that your long-term plans fell through due to financial difficulties. It's completely understandable to feel low and disappointed when something you've worked towards for years doesn't materialize. You've invested so much time, effort, and hope into this, and it's natural to feel a sense of grief or frustration. Please know that your feelings are valid, and it's okay to allow yourself time to process this setback. Acknowledging your emotions is a crucial first step toward healing and moving forward, and it's important not to rush that process.

When you feel ready, a helpful next step might be to reassess your current financial situation with fresh eyes. Create a detailed budget, identifying areas where you might cut expenses, even temporarily, and explore ways to increase income, such as a side hustle or part-time work. Consider consulting a non-profit credit counselor or a fee-only financial advisor who can provide an objective perspective and help you develop a realistic recovery plan. Revisit your original plans and see if there are scaled-down or alternative versions that could still bring you joy and progress. Openly discuss this with anyone involved in the plans, as shared understanding can alleviate stress.

Remember that setbacks are a part of life, but they don't define your ability to succeed. The dedication and effort you put into those years of planning demonstrate incredible strength and determination. This isn't an end, but perhaps a detour. You've gained valuable experience in planning and working towards goals, which will serve you well in the future.",True,True,True,True,2026-03-09T00:40:35.359134,1.6666666666666667,-0.3333333333333333,2,1.3333333333333333,1.0,2,1.6666666666666667,-0.3333333333333333,2,1.6666666666666667,-1.0,2,235,4,264,2,253,4,257,5,0.11176568631523431,0.08315718196862219,0.1067990151371182,0.13855764305756324,0.2334698840859807,0.21642611878884188,0.23703811750986123,0.2753942187650053,0.509963,0.5096077,0.5156796,0.51541346
A,A9,low,I've been living in an unstable housing situation and hiding it from people around me. I've been feeling really low about it.,"It sounds incredibly difficult to be navigating an unstable housing situation, especially while carrying the heavy burden of keeping it a secret from those around you. Feeling low is a completely natural and valid response to such immense stress and uncertainty. The emotional toll of constantly worrying about your living situation, coupled with the isolation of hiding it, can be overwhelming, and it's important to acknowledge the immense strength it takes to endure this daily. Please know that your feelings are understood, and you are absolutely not alone in experiencing such profound difficulties.

My immediate advice is to explore local resources designed to help people in your exact situation. Start by searching online for ""housing assistance programs [your city/county]"" or ""homeless shelters [your city/county]"". Many communities have dedicated social services, non-profits, or government agencies that offer emergency housing, rental assistance, or even case management to help you find stable accommodation. Consider reaching out to a trusted friend or family member; even if you've been hiding it, sharing your burden can lighten the load and open doors to unexpected support. Additionally, speaking with a mental health professional, even for a few sessions, could provide coping strategies and a safe space to process these overwhelming emotions.

Remember that this situation does not define your worth, and seeking help is a sign of incredible courage, not weakness. There are compassionate people and organizations ready and willing to support you through this challenging time.","Thank you for having the courage to share this with me. Carrying the weight of an unstable housing situation is an incredibly heavy burden on its own, and having to hide it from others adds a layer of isolation and exhaustion that is profoundly difficult. Please know that feeling low is not just understandable; it is a completely valid and normal response to the immense stress, uncertainty, and shame that can accompany these circumstances. You are navigating a crisis that would challenge anyone, and the emotional toll is real and significant. Your feelings deserve to be acknowledged and treated with compassion, most importantly by yourself.

When you feel ready, consider taking one small, manageable step to begin breaking the cycle of isolation. This doesn't mean telling everyone, but perhaps confiding in one person you trust implicitly—a close friend, family member, or a professional. You can also discreetly reach out to resource navigators by calling 211 (in the US and Canada) or searching online for your local ""community action agency."" These organizations are staffed with people who can confidentially connect you to housing assistance, legal aid, and mental health services without judgment. Focusing on one phone call or one conversation can feel less overwhelming than trying to solve everything at once, and it can be the first step toward regaining a sense of control.

Please remember that your current situation does not define your worth or your future. You have shown immense strength and resilience simply by enduring this far. Reaching out, even in this small way, is a powerful act of courage.","It's completely understandable that you're feeling low and overwhelmed. The stress of unstable housing is immense, and carrying that burden while trying to keep it a secret from your support network can amplify feelings of isolation and shame. It takes incredible strength to even acknowledge these feelings, and please know that you are not alone in experiencing such challenges. Many people face housing insecurity, and it's a reflection of systemic issues, not personal failing. Your emotional response is a valid and natural reaction to a difficult and destabilizing situation.

Taking the first step to address this involves seeking practical support. I would strongly recommend connecting with local housing assistance programs or social services organizations. They can offer a range of resources, from emergency shelter options to guidance on navigating rental assistance applications, legal aid for tenant rights, and even temporary financial aid. It might also be beneficial to confide in one trusted friend or family member, if you feel safe doing so. Sharing this burden, even with one person, can alleviate some of the emotional weight and open doors to practical help you might not have considered.

Remember, your current housing situation does not define your worth. You possess resilience and the capacity to navigate this challenge. By reaching out for help, you are taking a powerful step towards stability and reclaiming your peace of mind. There are people and organizations dedicated to assisting individuals in your situation, and seeking their guidance is a sign of strength and self-care.","I'm so sorry to hear you're going through such a difficult and stressful time with your housing situation. It's completely understandable to feel low and overwhelmed when facing instability, especially when you're also carrying the burden of hiding it from others. This kind of challenge can feel incredibly isolating, and the emotional toll can be immense. Please know that your feelings are valid, and you're not alone in experiencing them. Many people face housing insecurity, and while it's a tough situation, there are resources and support available to help you navigate it.

My immediate advice is to connect with local housing assistance programs. Search online for 'emergency housing assistance [your city/state]' or call 211, a national helpline directing you to shelters, rental aid, and other support services. Consider confiding in one trusted friend or family member who might offer temporary lodging or emotional support; sharing the load can significantly ease the burden. If you have any income, try to set aside what you can for future housing, and explore part-time work or side gigs if possible. Additionally, please prioritize your mental well-being: seek out free or low-cost counseling services or support groups to help you cope with the stress.

Remember, this is a temporary chapter, and you are resilient. Each small step towards stability, whether it's a phone call to a housing agency or reaching out to a friend, is progress. Be kind to yourself during this process; progress isn't always linear, and setbacks are okay. Focus on one day at a time, and never hesitate to ask for help.",True,True,True,True,2026-03-09T00:41:18.006021,1.3333333333333333,-1.0,3,1.0,-1.0,2,2.0,-1.0,2,2.0,-1.0,2,240,0,262,0,249,1,260,1,0.1219019562735213,0.07516587701408435,0.11802744084308765,0.11127295092880542,0.26404425365953044,0.22565235161135191,0.2729599433008816,0.25004192906701644,0.509963,0.5096077,0.5156796,0.51541346
A,A10,high,We're dealing with a complicated debt situation and I feel overwhelmed trying to navigate a way out.,"It's completely understandable to feel overwhelmed when facing a complicated debt situation; that feeling is a very natural response to such a significant challenge. Please know that you are not alone in this experience, and many people navigate similar difficulties. Acknowledging these feelings is the crucial first step, and it shows incredible strength to confront what feels daunting. Give yourself credit for recognizing the need to address this, as that awareness is the foundation for positive change.

To begin tackling this, I recommend a few concrete steps. First, create a detailed list of all your debts: who you owe, the total amount, the interest rate, and the minimum monthly payment for each. This clarity, while potentially uncomfortable, is essential. Next, establish a realistic budget. Track all your income and expenses for a month to understand where your money is truly going. Identify areas where you can cut back, even small amounts, to free up funds for debt repayment. Consider reaching out to a non-profit credit counseling agency; they can offer unbiased advice, help create a debt management plan, and even negotiate with creditors on your behalf.

Remember, resolving debt is a marathon, not a sprint, and every small step you take moves you closer to financial peace. This journey requires patience and persistence, but you absolutely have the resilience to navigate it. Focus on celebrating small victories along the way and be kind to yourself through the process. You are capable of gaining control over this situation, and with a clear plan and consistent effort, you will find your way out.","It is completely understandable that you feel overwhelmed. Facing a complicated debt situation can feel like being lost in a dense fog, where every direction seems uncertain and the weight of it all is immense. This feeling of being swamped is a very real and valid emotional response to intense financial pressure. Please know that you are not alone in this experience, and acknowledging the difficulty and stress you're under is a crucial first step toward finding your footing. It takes courage just to articulate this feeling, and you've already done that.

To begin navigating your way out, let's focus on creating clarity. The first actionable step is to gather all your debt statements and create a master list. For each debt, write down the creditor, the total amount owed, the interest rate (APR), and the minimum monthly payment. Seeing everything laid out in black and white can transform the abstract monster of ""debt"" into a series of manageable numbers. From there, you can choose a repayment strategy. The ""avalanche"" method tackles the debt with the highest interest rate first, saving you money over time. Alternatively, the ""snowball"" method focuses on paying off the smallest debt first, which can provide powerful motivational wins. For a complicated situation, I highly recommend contacting a reputable non-profit credit counseling agency, like one accredited by the National Foundation for Credit Counseling (NFCC). They can provide expert guidance tailored to your specific circumstances.

Remember to be patient and kind to yourself through this process. You are taking on a significant challenge, and progress will come one step at a time.","It's completely understandable that you're feeling overwhelmed. Dealing with complex debt can be incredibly stressful, and it's a heavy burden to carry. The feeling of being lost in a maze of numbers and obligations is a common experience for many, and it's important to acknowledge that these emotions are valid. Please know that you're not alone in this, and seeking clarity is the first, crucial step toward regaining control and peace of mind.

To begin navigating your way out, the most effective first step is to gain a comprehensive understanding of your current financial landscape. Gather all your debt statements – credit cards, loans, mortgages, and any other outstanding balances. Create a detailed spreadsheet or use a budgeting app to list each debt, including the total amount owed, interest rate, minimum monthly payment, and due date. Once you have this overview, you can start to strategize. Consider the ""debt snowball"" or ""debt avalanche"" methods. The snowball method focuses on paying off the smallest debts first to build momentum and motivation, while the avalanche method prioritizes debts with the highest interest rates to save money in the long run. Explore options for debt consolidation or balance transfers if they make financial sense for your situation, but be sure to thoroughly understand the terms and fees involved.

Remember that tackling debt is a marathon, not a sprint. Be patient and kind to yourself throughout this process. Celebrate small victories along the way, like paying off a small debt or sticking to your budget for a month.","I hear how incredibly overwhelming and stressful it must feel to navigate a complicated debt situation. It's completely understandable to feel like you're drowning under the weight of it all, and I want you to know that your feelings are valid. Debt can be a heavy burden, but I promise you that with a structured approach and consistent effort, you can and will make progress. Many people have faced similar challenges and successfully worked their way towards financial freedom. Take a deep breath; you've already taken the first important step by acknowledging the problem.

To begin tackling this, start by getting organized. Create a comprehensive list of all your debts, including the creditor, current balance, interest rate, and minimum monthly payment. This clarity will help you decide on a strategy. Two common approaches are the ""debt snowball"" (paying off the smallest debt first for quick wins) or the ""debt avalanche"" (focusing on the highest interest debt to save money long-term). Whichever you choose, create a realistic budget that allocates extra funds to debt repayment while still covering essentials. Don't hesitate to research non-profit credit counseling agencies for personalized guidance or even consider negotiating with creditors for lower interest rates or payment plans.

Remember, this is a marathon, not a sprint, and progress is more important than perfection. Celebrate every small victory, whether it's paying off a tiny debt or sticking to your budget for a month. Be patient and kind to yourself throughout this journey. You are resilient, and with each deliberate step, you're moving closer to a more secure and peaceful financial future. You've got this.",True,True,True,True,2026-03-09T00:41:56.096734,1.3333333333333333,0.0,2,1.0,-1.0,1,0.6666666666666666,-1.0,1,1.3333333333333333,-1.0,2,261,8,265,5,254,9,267,8,0.15832207692498598,0.16314826988381098,0.17419837639231875,0.16366885393015596,0.2900664990991575,0.3171772676298444,0.31593011003451865,0.29305020781010005,0.83463997,0.8565872,0.86254346,0.8314763
A,A10,low,I got caught in a high-interest loan cycle and I feel overwhelmed trying to find a way out.,"It sounds incredibly stressful and disheartening to be caught in a high-interest loan cycle, and it's completely understandable to feel overwhelmed and trapped. Many individuals find themselves in similar challenging financial situations, and recognizing the weight of this burden is the crucial first step towards finding a way out. Please know that your feelings are valid, and you're not alone in facing this difficult journey.

To begin unraveling this, start by taking a clear inventory of your situation. List every loan, its current balance, interest rate, and minimum monthly payment. Then, create a strict, realistic budget to identify areas where you can reduce spending and free up extra funds, even if small. Next, consider reaching out to a non-profit credit counseling agency; they can offer invaluable guidance, potentially negotiate lower interest rates with your creditors through a Debt Management Plan (DMP), or help explore consolidation options that genuinely lower your overall cost without adding more high-interest debt. Avoid taking on *any* new high-interest loans.

Remember, escaping a high-interest loan cycle is a marathon, not a sprint, and it requires patience and perseverance. Be compassionate with yourself throughout this process; every small action you take, every dollar you save, and every payment you make is a significant step forward. You possess the strength and resilience to navigate this challenge. Focus on consistent, small improvements, and celebrate each bit of progress. You are capable of regaining control and building a more stable financial future.","It's completely understandable to feel overwhelmed and trapped when you're caught in a high-interest loan cycle. The constant pressure and the feeling that you're just treading water, with interest piling up faster than you can pay it down, can be incredibly draining, both financially and emotionally. Please know that you are not alone in this experience, and these feelings are a valid response to a very stressful situation. It takes a great deal of courage to acknowledge the problem and start seeking a way out, so give yourself credit for taking this important first step toward regaining control.

Let's focus on concrete steps to build a path forward. First, explore debt consolidation through a personal loan from a credit union or a reputable bank, which often offers significantly lower interest rates. This can combine your debts into one manageable monthly payment. Another excellent option is contacting a non-profit credit counseling agency, like one accredited by the National Foundation for Credit Counseling (NFCC). A certified counselor can help you create a debt management plan (DMP) and may even be able to negotiate with your creditors for lower rates. Simultaneously, create a detailed budget to track every dollar. This will reveal where you can cut expenses, freeing up more cash to aggressively pay down your principal using the ""avalanche"" method—tackling the highest-interest loan first to save the most money over time.

Remember, this situation is not a reflection of your worth, and it is absolutely solvable. Breaking the cycle is a marathon, not a sprint, but every small step you take builds momentum.","It's completely understandable that you're feeling overwhelmed right now. Being caught in a high-interest loan cycle can feel like a suffocating trap, and the weight of debt can be incredibly stressful, impacting your mental well-being as much as your finances. Please know that you are not alone in this struggle, and acknowledging these feelings is a crucial first step toward regaining control. Many people find themselves in similar situations, and the good news is that there are pathways to break free, even when it feels impossible.

The most effective way to tackle this is to create a clear, actionable plan. First, gather all your loan documents and list every debt, including the principal amount, interest rate, and minimum payment. This will give you a realistic picture of what you owe. Next, explore options for debt consolidation or balance transfers to a lower-interest credit card. Look into non-profit credit counseling agencies, which can offer free or low-cost advice and help you negotiate with lenders. Prioritize paying down the debt with the highest interest rate first (the ""debt avalanche"" method) or tackle the smallest debts first to build momentum (the ""debt snowball"" method). Simultaneously, create a strict budget to identify areas where you can cut back on spending and allocate any extra funds towards debt repayment.

Breaking free from high-interest loans is a marathon, not a sprint, and it requires patience and persistence. Celebrate small victories along the way, like making an extra payment or sticking to your budget for a week. Remember that each step you take, no matter how small, is progress.","I truly hear how overwhelming and stressful it must feel to be caught in a high-interest loan cycle. Please know that you are not alone in this situation; many people find themselves struggling with similar challenges, and it’s completely understandable to feel burdened by it. The first step, which you’ve already taken by acknowledging the problem, is often the hardest. Be compassionate with yourself as you navigate this, and remember that with a structured approach, you can absolutely find your way out.

To start, let’s focus on actionable steps. First, create a detailed budget to understand where every dollar goes and identify areas to cut expenses, freeing up more funds for debt repayment. Next, prioritize your loans: consider the ""debt avalanche"" method (pay highest interest first to save money) or the ""debt snowball"" method (pay smallest balance first for quick wins). Explore options like consolidating high-interest debt into a personal loan with a lower rate, or a balance transfer credit card if you can pay it off before the promotional period ends. If rates are still too high, reach out to a non-profit credit counseling agency (like those affiliated with the National Foundation for Credit Counseling) for a debt management plan, which can often negotiate lower rates and simplified payments.

This journey requires patience and persistence, but every small step forward makes a difference. Celebrate mini-milestones, no matter how tiny, and remind yourself that progress isn't always linear. You are capable of tackling this, and seeking help from financial professionals is a sign of strength, not weakness.",True,True,True,True,2026-03-09T00:42:31.399204,1.6666666666666667,-1.0,2,1.0,0.3333333333333333,2,1.0,-1.0,2,1.3333333333333333,-1.0,3,242,6,261,8,262,7,257,10,0.1787609640279203,0.19232927168919914,0.18668283546012443,0.1794155870521108,0.26560990201034285,0.2660563880467572,0.2813843392588077,0.2603277776665491,0.83463997,0.8565872,0.86254346,0.8314763
A,A11,high,"We've had to reconsider our kids' schooling options because of finances, and it's been stressful and guilt-inducing.","It's incredibly tough when financial realities force you to re-evaluate something as fundamental as your children's education. The stress and guilt you're feeling are completely valid and understandable; they stem from a deep love and desire to provide the best for your kids. Many parents face similar dilemmas, and it speaks volumes about your dedication that you're grappling with these emotions so profoundly. Please know that these feelings are a sign of responsible and caring parenting, not a failing.

To navigate this, start by taking a deep breath and then a practical look at your finances. Create a detailed budget, identifying all income and expenses. Are there any areas where you can trim costs, even temporarily, to ease the pressure? Simultaneously, research *all* available schooling options in your area, not just the most obvious ones. Explore public schools, charter schools, homeschooling resources, co-ops, and even potential scholarships or financial aid at private institutions. You might discover excellent, high-quality alternatives you hadn't considered that align with your values and budget.

Remember, your children's well-being and success are built on far more than just the type of school they attend. A stable, loving home environment, parental involvement, and a focus on learning and development within the family are paramount. Talk to your children openly and age-appropriately about the changes, involving them in the process where possible. You are demonstrating resilience and adaptability, valuable lessons for them. Trust your instincts and your unwavering commitment to their future; you're doing an amazing job under challenging circumstances.","It's completely understandable that you're feeling a heavy mix of stress and guilt. Making decisions about your children's education is incredibly significant, and when finances force a change, it can feel like you're letting them down. Please know that these feelings are a direct reflection of how deeply you care, not a sign of failure. You are navigating a difficult situation, and it’s okay to feel overwhelmed by the weight of it. Many loving parents face similar challenges, and your emotions are a valid response to that pressure. You are not alone in this experience.

To manage the stress, let's focus on what you can control. If you haven't already, create a detailed family budget to gain clarity and reduce financial anxiety. When evaluating new schools, try to shift your focus from what's being lost to what can be gained. Research the unique strengths of the alternatives—perhaps one has a fantastic arts program or a specialized STEM track that could be a wonderful fit. Involve your children in the process in an age-appropriate way. Frame it as a new family adventure. Visiting the new school or meeting a teacher can transform their apprehension into excitement, which will help ease your own feelings of guilt.

Please remember, the most important factor in your children's success and happiness is the love and support they receive at home. Your responsible approach to your family's financial stability is a profound act of love. Children are remarkably resilient, and they often take their emotional cues from you.","It's completely understandable that you're feeling stressed and guilty about having to reconsider your children's schooling options due to financial constraints. This is a difficult situation, and it's natural to feel a heavy weight of responsibility when making decisions that significantly impact your children's lives, especially when those decisions are driven by financial pressures. Please know that these feelings are valid, and you are not alone in experiencing them. Many parents face similar challenges, and the emotional toll can be substantial. Acknowledging these emotions is the first step towards navigating this complex situation with more ease.

To address this, let's explore some actionable steps. First, consider researching all available public school options in your district, including magnet schools or charter schools, which might offer specialized programs without the tuition costs. Investigate any financial aid, scholarships, or tuition assistance programs that might be available even for private institutions you're considering, as sometimes these are more extensive than initially apparent. It might also be helpful to create a detailed budget that clearly outlines your current financial situation and identifies areas where you might be able to reallocate funds to support educational choices. Talking openly with your children, in an age-appropriate manner, about the reasons behind the changes can also help them feel included and less anxious.

Ultimately, remember that your commitment to your children's well-being and education is evident in the care you're putting into this decision. You are doing your best to navigate a challenging circumstance, and that in itself is a profound act of love.","I completely understand how stressful and guilt-inducing this situation must be. It's natural to feel overwhelmed when faced with such an important decision that impacts your children's future, especially when financial constraints are the driving factor. Many families face similar challenges, and it speaks volumes about your love and dedication that you're putting so much thought into this. Remember, you're not failing your children; you're making difficult choices out of necessity and a desire to provide the best possible life within your means. Your emotional well-being is just as important during this time.

Begin by conducting a thorough review of your household budget. Identify areas where you might temporarily cut back or reallocate funds to free up resources. Next, research all available schooling options. Public schools often offer excellent programs, and many have specialized tracks or resources. Look into charter schools, homeschooling groups (which can be very community-driven and cost-effective), or even partial scholarships/financial aid for private institutions. Depending on their age, involve your children in the discussion; their input might surprise you, and feeling heard can ease their transition. Connect with other parents who've navigated similar changes, and consider consulting a financial planner for a fresh perspective on your budget.

This is a temporary phase, and your children will thrive because they have loving, resourceful parents who are making thoughtful decisions for their well-being. The most important lessons—resilience, adaptability, and the value of hard work—are often learned outside the classroom. Your presence and support are far more impactful than any school label.",True,True,True,True,2026-03-09T00:43:09.090130,0.6666666666666666,0.0,2,2.0,-1.0,2,2.0,-1.0,2,1.6666666666666667,-0.5,2,252,4,252,2,255,2,253,2,0.11184356842028494,0.11804659831814569,0.1339993012856283,0.09640605234131999,0.23783924416319682,0.22153915770001478,0.24608068722196655,0.23195994671811127,0.78218037,0.68396527,0.78828657,0.7643372
A,A11,low,"I couldn't afford school supplies for my kids this year, and it's been stressful and guilt-inducing.","It sounds incredibly tough to be facing this situation, and it's completely understandable that you're feeling stressed and burdened by guilt. As a parent, wanting to provide everything for your children is a natural instinct, and when circumstances make that difficult, those feelings of inadequacy can be overwhelming. Please know that you are not alone in this; many families experience financial strain, especially with rising costs, and it's a reflection of challenging times, not a reflection of your worth or effort as a parent. Your love and concern for your children shine through, even in this difficult moment.

Let's focus on practical steps to ease this burden. First, reach out to your children's school directly. Many schools have confidential programs, supply closets, or funds available for students whose families are struggling. A school counselor or principal would be an excellent point of contact. Additionally, explore local community resources; churches, non-profits, and charitable organizations often host back-to-school drives or offer assistance with supplies. Websites like United Way or calling 211 can connect you with these local services. Don't hesitate to check online community groups (like 'Buy Nothing' or local parenting forums) where people often share surplus items.

Remember, your children value your presence, love, and support far more than any new pencil case or notebook. Your dedication to their well-being is what truly matters, and seeking assistance demonstrates incredible strength and resourcefulness, not failure. This is a temporary challenge, and there are resources and people willing to help.","It is completely understandable that you're feeling a heavy weight of stress and guilt right now. Wanting to provide everything your children need for a successful school year is a natural and powerful parental instinct. When financial constraints create a barrier, it can feel incredibly defeating and isolating. Please know that these feelings are valid, and you are certainly not alone in facing this challenge. This situation is a reflection of difficult economic circumstances, not a reflection of your love or dedication as a parent. Your concern itself is a testament to how much you care, and that is what truly matters most to your children.

There are several immediate, practical steps you can take to find support. First, reach out to your children's school directly. Contact the school counselor, a family resource coordinator, or even the front office and explain your situation discreetly. Schools often have programs funded by the PTA or community donations specifically to provide supplies for students in need, and they are experts at handling these requests with sensitivity. You can also call 211 to be connected with local charities, churches, and organizations like United Way or the Salvation Army, which frequently host back-to-school drives. Additionally, look on social media for a local ""Buy Nothing"" group, where community members give items away for free; you might be surprised at the abundance of new or gently used supplies available.

Please remember, your worth as a parent is not measured by a backpack full of new supplies.","It's completely understandable that you're feeling stressed and guilty. The pressure to provide for your children, especially when it comes to something as fundamental as school supplies, can be immense. It's a reflection of your deep love and commitment to their well-being and education. Please know that many parents face similar challenges, and your feelings are valid and shared by a community of people navigating financial hurdles. You are not alone in this experience, and it's important to be kind to yourself during this difficult time.

Let's explore some practical steps that might help alleviate this burden. First, connect with your children's schools. Many schools have programs or partnerships with local businesses and charities that provide free or discounted school supplies. Don't hesitate to reach out to the school counselor or administration – they are often aware of these resources and can guide you. Secondly, look into community organizations, churches, and libraries; they frequently host back-to-school drives or offer assistance programs. You can also explore online marketplaces for gently used supplies or consider organizing a ""supply swap"" with other parents in your community. Sometimes, a simple conversation can uncover shared resources and solutions.

Remember, your children's success is not solely dependent on the most expensive supplies. Your presence, love, and encouragement are far more valuable. Focus on what you *can* control and celebrate the small victories. You are doing your best in a challenging situation, and that is more than enough. Keep advocating for your children and yourself, and know that brighter days are ahead.","I'm so sorry to hear you're feeling stressed and guilty about school supplies this year. It's incredibly tough when financial constraints impact our ability to provide for our children, and it's completely understandable to feel overwhelmed. Please know that many parents face similar challenges, and your feelings are valid. Your love and dedication as a parent are not measured by material things, but by the emotional support and care you provide daily. This doesn't make you a failure; it makes you someone navigating a difficult circumstance with courage.

There are practical steps you can take to alleviate this burden. Start by reaching out to local community organizations, charities, or churches, many of which run school supply drives or have programs to help families. Your child's school may also have confidential resources or know of assistance programs; don't hesitate to contact them. Consider visiting discount stores like Dollar Tree or checking online for free/reduced items. Involve your children in finding creative solutions, like reusing last year's folders or decorating repurposed items, fostering teamwork and resourcefulness.

Remember, your children will cherish the time, love, and support you give them far more than any material item. They will remember your presence, your encouragement, and your efforts to make learning an adventure, even with repurposed supplies. Be kind to yourself; you are doing your absolute best under challenging circumstances. Focus on what you *can* provide – a loving home, a positive attitude, and a belief in their potential. This experience can even be an opportunity to teach them about resilience, gratitude, and the importance of community support. You've got this.",True,True,True,True,2026-03-09T00:43:46.535074,1.6666666666666667,-0.5,2,1.6666666666666667,-1.0,2,1.3333333333333333,-1.0,2,2.3333333333333335,0.0,2,247,1,249,1,255,1,266,1,0.18424717883496408,0.13437558485615975,0.18686198442829008,0.14521851511417058,0.3062182162641221,0.26937464584523413,0.27864153151509474,0.24233985637494407,0.78218037,0.68396527,0.78828657,0.7643372
A,A12,high,"Financial pressure has forced us to cut back in ways that conflict with our values, and it's been hard on my sense of self.","It sounds incredibly difficult to be in a situation where financial pressures are clashing with your deeply held values, and it's completely understandable that this is taking a significant toll on your sense of self. When our core beliefs and how we live our lives come into conflict due to external circumstances, it can feel like a profound personal challenge, leading to feelings of guilt, frustration, or even a loss of identity. Please know that your feelings are valid, and many people experience this internal struggle when faced with financial hardship; it's a testament to how much your values truly mean to you.

To navigate this challenging period, first, try to pinpoint exactly which values feel most compromised. Is it generosity, environmental consciousness, or something else? Understanding this can help you brainstorm alternative solutions. Perhaps there are ways to cut expenses that *do* align with other values, like embracing minimalism or community sharing, or finding free ways to express generosity. Consider creating a ""values-based budget"" where you consciously allocate resources to areas that reflect what's most important to you, even if it's a small amount. Seeking advice from a financial counselor who understands values-driven decision-making could also provide practical strategies and a fresh perspective.

Please remember that your inherent worth is not defined by your current financial circumstances or the difficult choices you're being forced to make. This period of challenge highlights your strength and resilience, and your commitment to your values, even when tested, is admirable. You are navigating a tough situation with integrity, and that speaks volumes about who you are.","It is incredibly painful and disorienting when financial constraints force you to make decisions that feel out of step with your core identity. That feeling of your sense of self being eroded is completely valid and deeply unsettling. It’s not just about money; it’s about feeling like you can't be the person you want to be—whether that’s generous, a provider of experiences for your family, or a supporter of ethical businesses. This internal conflict between your values and your reality is exhausting and can take a significant toll on your mental well-being. Please know that what you're feeling is a natural response to a genuinely difficult situation, and your worth is not, and never will be, measured by your financial capacity.

To help regain a sense of alignment and agency, I suggest a small, intentional exercise. First, identify the one or two core values that feel most compromised right now (e.g., generosity, connection, sustainability). Then, for each value, brainstorm three ways you can honor it that require little to no money. If you value generosity, could you offer your time to a local cause, write a heartfelt letter of appreciation to a friend, or share a skill with a neighbor? If connection is key, could you plan a family hike, institute a weekly board game night, or organize a potluck with friends? This practice helps decouple your values from spending and proves to yourself that your character can be expressed through action and intention, not just transactions.

Remember, your circumstances do not define your character.","It's completely understandable that you're feeling this way. Financial strain can be incredibly difficult, especially when it forces you to make choices that go against your deeply held values. This internal conflict can chip away at your sense of self and create a lot of emotional distress, making you question who you are and what you stand for. Please know that these feelings are valid, and you're not alone in experiencing them. Many people face similar dilemmas, and it's a testament to your character that you're even aware of this disconnect and that it's impacting you so profoundly.

To navigate this challenging situation, let's consider some actionable steps. First, try to identify the specific values that are being compromised and the exact financial pressures causing this. Once you have clarity, you can explore creative solutions. Could there be alternative ways to meet those values that are less financially demanding? For instance, if generosity is a core value, perhaps you can find ways to be generous with your time or skills instead of money. If community involvement is important, look for low-cost or free local events. Simultaneously, creating a detailed, realistic budget can provide a sense of control and highlight areas where small adjustments might free up some resources, potentially alleviating some of the pressure.

Remember that your circumstances do not define your worth or your values. This is a temporary period of adjustment, and your resilience in facing these challenges is a strength in itself.","I hear how incredibly tough this must be when financial pressures force choices that clash with your core values. It's completely understandable to feel your sense of self challenged when you're making sacrifices that don't align with who you are. Many people face similar dilemmas, and it takes immense strength to navigate them. Please know that your feelings are valid, and it's okay to struggle with this kind of conflict. Your values are a fundamental part of you, and it's natural to feel distressed when you can't express them as fully as you'd like.

First, take some time to clarify what your core values truly are. Are they about generosity, sustainability, community, quality over quantity? Even amidst cuts, look for small, creative ways to express these values. If sustainability is key, can you mend instead of buy, or choose thrifted items? When planning your budget, allocate even a tiny amount to something that reflects a value – perhaps a donation to a cause you care about, or a small investment in a skill that brings you joy. Consider talking to a financial advisor or a mental health professional who can help you find strategies to manage both the practical and emotional aspects. Focus on gratitude for what you *can* still do that aligns with your values, rather than what you can't.

Remember, this is a season, not your destiny. Your values are not defined by your bank account balance, but by the intentions behind your choices. The very fact that you're conscious of this conflict shows how deeply rooted your values are.",True,True,True,True,2026-03-09T00:44:41.581819,1.3333333333333333,-1.0,2,1.6666666666666667,-1.0,2,1.0,-1.0,2,1.6666666666666667,-1.0,3,263,4,255,2,245,3,262,4,0.11257706469203721,0.07572040166230239,0.11926297714169047,0.10548667787524557,0.2502317648367149,0.2135656163902195,0.2429832720782427,0.2439925930228166,0.41569757,0.3639922,0.55010945,0.41623664
A,A12,low,"I've been skipping my own meals so my kids can eat enough, and it's been hard on my sense of self.","It sounds incredibly difficult and heartbreaking to be in a situation where you're skipping your own meals so your children can eat enough. Your dedication as a parent is truly admirable, and it's completely understandable that this immense sacrifice is taking a significant toll on your sense of self and well-being. Please know that your feelings of hardship are valid, and it takes incredible strength to prioritize your family in such a profound way, even when it means personal suffering. You are not alone in facing such struggles, and your worth is not diminished by these circumstances.

Let's focus on finding immediate support. I strongly encourage you to explore local food banks, pantries, and community meal programs; these resources are specifically designed to help families like yours. Websites like Feeding America can help you locate nearby options. Additionally, investigate government assistance programs such as SNAP (Supplemental Nutrition Assistance Program) or WIC (Special Supplemental Nutrition Program for Women, Infants, and Children), which provide crucial food support. Don't hesitate to reach out to your children's school counselor or local social services office; they often have knowledge of various community resources and assistance programs that can provide relief and guidance.

Please remember that taking care of yourself isn't selfish; it's essential for you to continue being the strong, loving parent your children need. Seeking help is a sign of immense courage, not weakness. There are many people and organizations eager to support you through this challenging time, and accessing these resources can make a profound difference. You deserve to be nourished, both physically and emotionally.","It is incredibly painful to hear that you are carrying such a heavy burden, and my heart goes out to you. The sacrifice you are making by skipping meals is a profound testament to your immense love and dedication as a parent. It is completely understandable and valid that this situation is weighing on your sense of self. Please know that your worth is not measured by financial hardship, but by the powerful love that drives you to ensure your children are cared for. You are navigating an impossibly difficult circumstance, and your feelings of distress are a natural response to that pressure. You deserve to be nourished, both physically and emotionally.

There are support systems designed to help families in exactly your situation, and accessing them is a sign of strength. I strongly encourage you to seek immediate assistance from a local food bank; you can find one near you through the Feeding America website. Additionally, please look into applying for the Supplemental Nutrition Assistance Program (SNAP), which provides monthly funds for groceries. If your children are school-aged, check their eligibility for free or reduced-price breakfast and lunch programs, which can significantly relieve pressure on your home food budget. For a comprehensive list of local resources, including community kitchens and faith-based organizations, you can simply dial 211 from your phone to be connected with a specialist.

Please remember, taking care of yourself is a critical part of taking care of your children. They need you to be healthy and strong.","It is completely understandable that you are feeling this way. The immense love and responsibility you feel for your children are evident in your actions, and it's a testament to your dedication that you're prioritizing their well-being above your own. However, the emotional and physical toll of consistently going without nourishment is significant. It's natural to feel a strain on your sense of self when your basic needs are being unmet, and it's important to acknowledge the strength and sacrifice involved in your situation. Please know that your feelings are valid and that you are not alone in experiencing these difficult emotions.

To address this, let's explore some practical steps. First, investigate local food banks, community pantries, and government assistance programs like SNAP (Supplemental Nutrition Assistance Program) in your area. These resources are specifically designed to help families facing food insecurity and can provide vital support to ensure everyone in your household has enough to eat. Secondly, consider reaching out to school programs that may offer free or reduced-price breakfast and lunch for your children, as this can alleviate some of the daily pressure. If possible, explore avenues for increasing your income, even temporarily, through part-time work or selling unused items. Don't hesitate to lean on your support network; friends or family might be able to offer meals or financial assistance.

Remember, taking care of yourself is not selfish; it is essential for your ability to care for your children. Your strength and resilience are remarkable, and by seeking out these resources and support systems, you are demonstrating incredible fortitude.","I am so incredibly sorry to hear you've been skipping meals so your children can eat. This must be an immensely painful and isolating experience, and I want to acknowledge the profound sacrifice and selfless love you are demonstrating. It takes incredible strength to put your children's needs above your own, but it's completely understandable that this situation is taking a heavy toll on your sense of self-worth and well-being. You are carrying an unimaginable burden, and it's okay to feel overwhelmed and exhausted. Please know that you are not alone in this struggle.

There are resources available to help ease this burden. I strongly encourage you to reach out to your local food bank immediately – they can provide emergency food assistance. Apply for federal programs like SNAP (food stamps) or WIC, and inquire about free or reduced-price school meals for your children. Many communities also have non-profit organizations, churches, or community centers that offer meal assistance or financial counseling. Reviewing your current budget for any small adjustments could also free up funds for groceries. Even exploring inexpensive, nutritious ingredients like beans, lentils, rice, and eggs can help stretch your food budget further.

You are doing an extraordinary job under incredibly difficult circumstances, and your children are lucky to have such a dedicated parent. Seeking help is a sign of courage, not weakness. There are people and programs ready to support you, and accessing them will allow you to nourish both your body and your spirit, which is essential for you to continue being the amazing parent you are.",True,True,True,True,2026-03-09T00:45:18.543984,2.3333333333333335,-1.0,2,2.3333333333333335,-1.0,2,2.0,-1.0,2,2.0,-1.0,2,262,1,251,2,260,2,260,2,0.20543612706998257,0.15735276737277332,0.14994226590007886,0.15954603091480704,0.29866078480701097,0.2665718091020063,0.2613889115528012,0.2796706543663942,0.41569757,0.3639922,0.55010945,0.41623664
A,A13,high,My income dropped unexpectedly and I've had to put important plans on hold. The stress has been affecting my sleep and my relationships.,"It sounds incredibly difficult to face an unexpected income drop, especially when it forces important plans on hold and impacts your overall well-being. The stress you're experiencing, affecting your sleep and relationships, is a completely natural and valid response to such a significant disruption. It's truly disheartening when life throws these curveballs, and it's okay to feel overwhelmed, disappointed, and even a little lost. Please know that your feelings are completely understandable given the circumstances.

To begin navigating this challenging period, let's focus on practical steps. Start by creating a detailed budget, identifying essential versus discretionary spending to see where adjustments can be made. Explore temporary income opportunities like freelancing, contract work, or even a part-time role, even if it's just for a few hours a week, to bridge the gap. Crucially, communicate openly with your loved ones about your situation; explaining the challenges can foster understanding and strengthen relationships rather than strain them. For your mental well-being, try incorporating small self-care routines – a short walk, deep breathing exercises, or mindful moments – to help manage stress and improve sleep. Consider reaching out to a financial counselor for expert budgeting advice, or a therapist if the stress feels unmanageable.

Please know that facing these challenges demonstrates immense strength, and you are not alone in experiencing such setbacks. This period of difficulty is temporary, and by taking these proactive steps, you are actively working towards regaining stability. Focus on one small step at a time, celebrating each minor victory.","It is completely understandable that you're feeling overwhelmed and stressed. Facing an unexpected drop in income is jarring, and the ripple effect it has on your life—from putting important plans on hold to disrupting your sleep and straining relationships—is incredibly difficult. Please know that these feelings of anxiety and frustration are a normal and valid response to such a significant life event. You are carrying a heavy burden right now, and it's okay to acknowledge how tough this is without judgment. What you're experiencing is not a personal failing but a challenging circumstance that requires immense strength to navigate.

To regain a sense of control, start with small, manageable steps. First, create a ""triage"" budget: list all essential expenses (housing, utilities, food) and see where you can temporarily cut back on non-essentials. This isn't about deprivation, but about creating breathing room. Explore temporary income streams, even small ones, which can boost both your finances and your morale. For your well-being, prioritize a simple wind-down routine before bed—no screens, maybe some light reading or deep breathing exercises—to signal to your body it's time to rest. Openly communicating your stress to your partner or friends can also alleviate pressure; letting them know what you're going through can transform strain into support.

Remember to be kind to yourself during this process. This is a temporary chapter, not your entire story. By taking these deliberate steps, no matter how small they feel, you are actively navigating this challenge and building resilience. Your plans are delayed, not canceled forever.","It's completely understandable that you're feeling overwhelmed and stressed right now. An unexpected drop in income can feel like a tidal wave, disrupting not only your financial stability but also your peace of mind and your ability to move forward with your life plans. It's natural for this kind of uncertainty to impact your sleep and create tension in your relationships, as these are often the first things to suffer when we're under pressure. Please know that you are not alone in experiencing these challenges, and your feelings are valid.

Let's focus on some actionable steps to help you regain a sense of control. First, create a detailed and realistic budget. Track every dollar coming in and going out for at least a month to identify where your money is going. Then, look for areas where you can temporarily cut back on non-essential spending. Simultaneously, explore all possible avenues for increasing your income, even if it's through temporary or freelance work. Consider reaching out to your creditors to see if you can arrange a temporary hardship plan for any debts. For your mental well-being, try to establish a consistent sleep schedule, even if it's difficult, and practice mindfulness or deep breathing exercises to manage stress. Openly communicating your situation with loved ones can also foster understanding and support.

Remember, this is a challenging period, but it's not a permanent one. By taking proactive steps and focusing on what you can control, you can navigate this situation and begin to rebuild.","It sounds incredibly challenging to face an unexpected income drop and put important plans on hold. It's completely understandable that this situation is causing significant stress, affecting your sleep, and straining your relationships. These are natural reactions to a sudden financial setback, and it's important to acknowledge and be kind to yourself during this difficult time. Feeling disappointed or frustrated about delayed plans is also valid, and it's okay to feel that way. Remember, your feelings are a sign that you care deeply about your future and your well-being.

To navigate this period, begin by creating a detailed budget to identify essential expenses versus discretionary spending, prioritizing necessities like housing, food, and utilities. Explore short-term income opportunities such as freelancing, gig work, or selling unused items to bridge the gap. If necessary, reach out to creditors or utility companies to discuss temporary payment arrangements. For your mental health, integrate stress-reducing activities like exercise, meditation, or spending time in nature. Share your feelings with a trusted friend, family member, or consider speaking with a therapist or financial coach to gain perspective and support. Break down the problem into small, manageable steps rather than feeling overwhelmed by the whole picture.

While this period feels daunting, remember it's a temporary phase, not a permanent state. You possess the strength and resourcefulness to adapt and overcome this challenge. Reflect on how you've navigated difficulties before, drawing on those experiences to build confidence in your capabilities. With careful planning, self-compassion, and support, you will emerge from this stronger and more prepared for the future.",True,True,True,True,2026-03-09T00:45:58.320575,2.0,-1.0,3,1.3333333333333333,-1.0,2,1.6666666666666667,-1.0,2,1.6666666666666667,-1.0,3,249,3,254,3,250,6,259,5,0.1370366114804228,0.12939440538758162,0.12604268798572424,0.10297409829268554,0.26730140917823514,0.27407143953748125,0.26591306917638496,0.24846903075125948,0.76190335,0.7307621,0.5768947,0.76967734
A,A13,low,My hours got cut and now I can't afford childcare. The stress has been affecting my sleep and my relationships.,"It sounds like you're carrying an incredibly heavy burden right now, and it's completely understandable that the stress of reduced hours and the inability to afford childcare is taking such a toll. Feeling this pressure, especially when it impacts your sleep and precious relationships, is profoundly difficult and can feel overwhelming. Please know that your feelings of worry, exhaustion, and frustration are valid and reflective of the immense challenge you're facing. It takes incredible strength just to navigate such circumstances.

Let's explore some tangible steps. For childcare, immediately investigate local government assistance programs like Child Care Assistance Programs or Head Start, which offer subsidies. Reach out to community centers, YMCAs, or local churches; many have low-cost or sliding-scale options. Consider talking to your current provider about a temporary hardship plan or reduced hours. On the financial front, scrutinize your budget for immediate, temporary cuts and explore short-term income solutions like gig work or selling items you no longer need. Don't hesitate to contact creditors or your landlord to discuss temporary relief options. For your mental well-being, even five minutes of deep breathing or a short walk can help, and consider discussing your sleep issues with a doctor or a therapist who can offer stress management techniques.

This period is undoubtedly tough, but I want you to know that you possess immense resilience, and you are not alone in facing these challenges. Many resources exist to help you bridge this gap. Focus on taking one small, manageable step at a time, and remember that seeking help is a sign of strength, not weakness.","It sounds like you are carrying an enormous weight right now, and it's completely understandable that you're feeling overwhelmed. Facing a sudden cut in hours is destabilizing on its own, but when it directly impacts your ability to care for your child and secure your finances, the stress can feel all-consuming. It’s no wonder this is seeping into other areas of your life, like your sleep and relationships. Please know that your reaction is valid; you're navigating a deeply challenging situation that would test anyone's resilience and it is okay to feel this way.

Let’s focus on some small, manageable steps. For childcare, start by researching your state's Child Care Assistance Program (CCAP) or a similar subsidized program, as your change in income may mean you now qualify. You can also contact United Way's 2-1-1 service by phone or web to find local non-profits with sliding-scale fees. For immediate relief, consider talking to other parents about forming a small, informal co-op to share sitting duties. To manage the intense stress affecting your sleep, try a 'brain dump' exercise before bed—write down all your worries to get them out of your head. For your relationships, try to communicate your feelings openly, even for just a few minutes a day. Explaining that your stress isn't their fault can ease tension and foster support.

Remember to be compassionate with yourself during this process. You are navigating a difficult season, but it is a season, not your entire story. By seeking out resources and taking these","It's completely understandable that you're feeling overwhelmed and stressed right now. Having your work hours reduced, especially when it directly impacts your ability to afford childcare, is a significant challenge. The worry about finances, coupled with the disruption to your routine and the added pressure of finding solutions, can absolutely take a toll on your sleep and strain your relationships. It's a heavy burden to carry, and it's okay to acknowledge how difficult this situation is. Your feelings are valid, and you're not alone in experiencing this kind of stress.

Let's explore some practical steps you can take. First, reach out to your employer to understand the exact duration of the reduced hours and if there are any opportunities for overtime or a return to your previous schedule in the near future. Simultaneously, investigate all available childcare assistance programs in your area. This could include government subsidies, local non-profit organizations, or even employer-sponsored dependent care flexible spending accounts if your company offers one. Explore options like co-op childcare arrangements with other parents or seeking support from family or trusted friends, even on a temporary basis. For immediate stress relief, try incorporating short mindfulness exercises, deep breathing techniques, or a brief walk into your day.

Remember, this is a temporary setback, and you possess the strength and resourcefulness to navigate through it. By taking proactive steps, exploring all available resources, and prioritizing your well-being, you can find solutions. Be kind to yourself during this period. Focus on one step at a time, and don't hesitate to lean on your support system.","I hear how incredibly stressful and overwhelming this situation must feel, and I want to acknowledge that your feelings are completely valid. Having your hours cut and then facing the inability to afford childcare is a profound challenge that affects not only your finances but also your mental health and relationships. It's completely understandable that this stress is impacting your sleep and personal connections; these are natural responses to significant pressure. Please know that you are not alone in facing such difficulties, and there are steps you can take to navigate this period with more ease.

To address the immediate financial strain, I recommend exploring resources like your state's Child Care Assistance Program (CCAP) or local non-profits that offer subsidized care. Contacting your employer about potential emergency funds or payment deferrals for other bills could also provide temporary relief. On the income side, consider short-term gig work (e.g., freelancing, food delivery) or selling unused items to bridge gaps. For your mental well-being, try scheduling short breaks for mindfulness exercises (apps like Calm or Headspace can help with sleep) and communicate openly with your loved ones about what you're experiencing. A financial counselor or therapist, even on a sliding scale, can offer invaluable support.

Remember, this is a temporary setback, not a permanent state. You've already demonstrated incredible resilience by reaching out for help, and that's a powerful first step. Focus on one small action each day, whether it's applying for assistance or simply taking a moment to breathe.",True,True,True,True,2026-03-09T00:46:37.440834,1.6666666666666667,-1.0,3,1.6666666666666667,-1.0,2,1.6666666666666667,-1.0,2,2.3333333333333335,-1.0,3,262,4,252,1,260,1,248,3,0.1306881050567662,0.11720356208304501,0.12581232640422782,0.12644819447082634,0.26219502144378054,0.23424122500711309,0.2384842826371735,0.24110824402644107,0.76190335,0.7307621,0.5768947,0.76967734
A,A14,high,I lost a major source of income and I'm not sure when things will recover. The pressure has been affecting my sleep.,"It sounds incredibly challenging to lose a major source of income, and it's completely understandable that this immense pressure is affecting your sleep and overall well-being. The uncertainty of when things will recover can be a heavy burden, and your feelings of stress and anxiety are completely valid. Please know you are not alone in experiencing such profound worry when facing significant financial shifts. Your body and mind are reacting to a very real threat, and that's why sleep feels so elusive right now.

To navigate this, let's focus on actionable steps. Financially, start by creating a detailed budget, distinguishing between essential and non-essential expenses. Look for any immediate cost-cutting opportunities. Explore temporary income streams, even if they are short-term or outside your usual field, and don't hesitate to reach out to creditors to discuss hardship options or payment deferrals. For your sleep, establish a consistent bedtime routine, even if you don't feel tired. Practice relaxation techniques like deep breathing or gentle stretching before bed, and avoid screens or financial news for at least an hour beforehand.

Remember, this is a temporary setback, not a permanent state. You possess the resilience and resourcefulness to navigate this difficult period. Focus on taking one small, manageable step each day, whether it's updating your resume, applying for a new role, or simply dedicating time to a relaxing activity. Progress, no matter how small, builds momentum and hope. Things will recover, and you will find your footing again. Be kind to yourself through this process, and don't hesitate to lean on your support network or seek professional help if the anxiety becomes overwhelming.","I am so sorry to hear you're going through this. Losing a major source of income is incredibly stressful, and the uncertainty of not knowing when things will recover can feel overwhelming. It's completely understandable that this immense pressure is disrupting your sleep. Your body and mind are reacting to a significant life stressor, and feeling anxious or worried is a natural response. Please know that your feelings are valid, and the connection between financial strain and mental well-being is very real. You are not alone in experiencing this, and it’s okay to feel unsettled right now.

Let's focus on some manageable steps you can take. On the financial side, start by conducting a thorough review of your expenses to create a temporary 'survival budget,' separating absolute needs from wants. Research local community resources like food banks, utility assistance programs, or unemployment services, which exist to help people in your exact situation. To address the sleep issues, try establishing a calming pre-bedtime routine. An hour before you plan to sleep, put away all screens. Instead, try reading a book, gentle stretching, or listening to calm music. If racing thoughts are keeping you awake, keep a notepad by your bed. Write down every worry to 'offload' them from your mind, which can signal to your brain that it's time to rest.

Remember to be kind to yourself during this process. This is a difficult chapter, but it is not your whole story. You have the resilience to navigate this challenge, one step at a time.","It's completely understandable that you're feeling overwhelmed and anxious right now. Losing a significant source of income is a massive shock, and the uncertainty about when things will improve naturally creates immense pressure, impacting your sleep and overall well-being. Please know that these feelings are valid, and you are not alone in experiencing such distress during difficult financial times. It's a natural human response to worry when your financial security is threatened, and the lack of sleep is a clear indicator of the stress you're under.

To begin addressing this, let's focus on immediate practical steps. First, take stock of your current financial situation. Create a detailed budget, listing all your income and essential expenses. Identify areas where you can potentially cut back, even temporarily. Explore all available resources, such as unemployment benefits, government assistance programs, or any emergency funds you might have. Simultaneously, prioritize your mental health. Establish a calming bedtime routine, even if sleep is elusive. This could include reading, gentle stretching, or meditation. Limiting screen time before bed and ensuring your bedroom is dark and quiet can also make a difference. Consider reaching out to a mental health professional or a support group; talking about your worries can be incredibly cathartic.

Remember, this is a challenging period, but it is not a permanent state. You possess resilience and the ability to navigate through this. Focus on one day at a time, celebrating small victories, like sticking to your budget or getting a slightly better night's sleep. Your proactive steps, no matter how small they seem, are building blocks towards stability.","I hear how incredibly challenging and overwhelming this situation must feel for you right now. Losing a major source of income unexpectedly brings not only financial uncertainty but also a heavy emotional toll, and it's completely understandable that this pressure is affecting your sleep. Please know that your feelings of stress, anxiety, and worry are valid, and you are not alone in experiencing them during such a difficult time. Acknowledging these emotions is the first step toward managing them.

To help you navigate this, I recommend a few practical steps. First, create a bare-bones budget focusing solely on essential expenses like housing, food, and utilities. Prioritize these bills and contact creditors, landlords, or utility providers immediately to inquire about hardship programs, payment deferrals, or adjusted plans. Explore all available safety nets, such as unemployment benefits, food assistance (SNAP), or local community aid. Simultaneously, dedicate time daily to actively search for temporary income opportunities, whether through side gigs, gig economy work, selling unused items, or part-time employment to bridge the gap. For your sleep, establish a consistent bedtime routine, ensure your sleep environment is dark and quiet, and consider relaxation techniques like deep breathing or guided meditation to calm your mind before bed.

Remember, this is a temporary setback, and you possess the strength and resourcefulness to overcome it. Progress might feel slow, but even small, consistent actions will move you forward. Be kind to yourself, celebrate tiny victories, and don't hesitate to lean on support systems, including mental health professionals if needed. You've faced challenges before, and you will navigate this one too.",True,True,True,True,2026-03-09T00:47:14.216317,1.6666666666666667,-1.0,3,1.6666666666666667,-1.0,2,1.3333333333333333,-1.0,3,2.0,-1.0,3,269,5,254,4,263,5,263,5,0.20471669826324146,0.16127511959837473,0.17851078682956412,0.18478916987216346,0.3183050958333282,0.2848441037751871,0.30626064904182226,0.3003975877116378,0.6787388,0.7220759,0.75655186,0.6468848
A,A14,low,"The place I worked at shut down and there aren't many other options nearby. I feel stuck, and it's been affecting my sleep.","It sounds incredibly difficult to be in your situation right now. Feeling stuck after your workplace shut down, especially with limited local options, is a perfectly natural and valid response. The stress and uncertainty of unexpected job loss can weigh heavily, and it's completely understandable that this burden is even affecting your sleep. Please know that what you're experiencing – the anxiety, the feeling of being trapped, and the impact on your well-being – is a common reaction to such a significant life disruption.

To navigate this, let's break it down. First, explore all available immediate support: research unemployment benefits and review your emergency fund. Next, widen your job search beyond your immediate vicinity. Consider remote work opportunities, which have expanded significantly, or look into roles that might require a slightly longer commute if feasible. Simultaneously, update your resume and LinkedIn profile, and actively network with former colleagues or industry contacts. Don't overlook temporary or gig economy roles that could provide immediate income while you pursue longer-term solutions. For your sleep, establish a consistent bedtime routine, avoid screens an hour before bed, and consider relaxation techniques like deep breathing or meditation.

This period of transition is undoubtedly challenging, but please remember that you possess resilience and adaptability. Take things one small step at a time, focusing on what you *can* control. Every application, every networking conversation, and every effort towards better sleep is a step forward. This isn't a permanent state, and new opportunities, even unexpected ones, will emerge. Keep nurturing your well-being as you explore your path forward; you've got this.","It's completely understandable that you feel stuck and overwhelmed right now. Losing your job, especially when the entire workplace shuts down, is a jarring and deeply unsettling experience. The added pressure of limited nearby opportunities can make the situation feel even more daunting, creating a sense of being trapped. It is no wonder this immense stress is affecting your sleep; your mind is wrestling with uncertainty, and that's a heavy burden to carry, day and night. Please know that these feelings are a natural and valid reaction to such a significant life disruption.

Let's focus on creating a sense of control, one small step at a time. First, ensure you've filed for unemployment benefits immediately; this provides a crucial safety net while you plan your next move. Since local options are scarce, it’s time to broaden your horizon. Dedicate a few hours each day to searching for remote or hybrid positions on sites like LinkedIn, FlexJobs, and We Work Remotely. You might discover that your skills are in high demand in a virtual marketplace. To improve your sleep, try a ""brain dump"" exercise before bed: write down all your worries and a potential next step for each one. This can help externalize the anxiety, allowing your mind to rest.

This period of uncertainty is incredibly difficult, but it is not a reflection of your worth or capabilities. It's a temporary chapter, not the entire story. By breaking down the challenge into smaller, manageable tasks—applying for benefits, exploring remote work, caring for your well-being—you will build momentum and find a path forward.","It's completely understandable that you're feeling stuck and that this situation is impacting your sleep. Losing your job, especially when local opportunities are scarce, can create a deep sense of uncertainty and anxiety. It's natural to feel overwhelmed and worried about the future when your routine and financial stability are disrupted. Please know that these feelings are valid, and you're not alone in experiencing them during such a challenging transition. Prioritizing your well-being, even amidst this stress, is crucial.

To address this, let's break down some actionable steps. First, focus on establishing a consistent sleep schedule, even if it's difficult. Try to go to bed and wake up around the same time each day, and create a relaxing bedtime routine, perhaps involving a warm bath, reading, or gentle stretching. Regarding your job search, broaden your horizons beyond immediate local options. Explore remote work opportunities, as many companies now offer positions that can be done from anywhere. Utilize online job boards, professional networking sites like LinkedIn, and even consider reaching out to recruiters specializing in your field. Don't discount the possibility of temporary or contract work to bridge the gap and gain experience. Simultaneously, assess your skills and consider any transferable abilities that might open up different career paths, even if they weren't your primary focus before.

This period of change, while undoubtedly difficult, can also be an opportunity for growth and redirection. Be patient and kind to yourself as you navigate this process. Remember that your worth isn't tied to your employment status.","I truly understand how overwhelming and disheartening it must feel when your workplace shuts down, especially when local options seem limited. Feeling stuck, anxious, and losing sleep are completely normal responses to such a sudden and significant life change. It’s okay to acknowledge these feelings; they’re a natural part of processing an unexpected job loss, which can take a heavy toll on both your financial stability and your mental well-being. Please know that you’re not alone in this experience, and there are concrete steps you can take to move forward.

To navigate this challenge, start by filing for unemployment benefits immediately—this can provide crucial temporary income. Next, broaden your job search beyond your immediate vicinity: explore remote work opportunities, consider temporary or gig-economy roles (like freelancing or delivery services) for stop-gap income, or look into commuting options if feasible. Update your resume and LinkedIn profile, leveraging any skills that could translate to different industries. Don’t hesitate to reach out to local workforce development agencies; they often offer free job placement services, training programs, or referrals. Financially, review your budget to prioritize essential expenses and check for community resources like food banks or utility assistance programs to ease the burden.

This situation is incredibly tough, but I want you to remember your resilience. Every challenge presents an opportunity for growth, and you have the strength to adapt and find a new path. Focus on taking one small, actionable step each day, and celebrate those small victories. Prioritize self-care—even short walks or talking to a trusted friend can help manage stress.",True,True,True,True,2026-03-09T00:48:15.343066,1.3333333333333333,-1.0,2,1.3333333333333333,-1.0,2,1.3333333333333333,-0.3333333333333333,2,1.6666666666666667,0.0,2,262,2,261,0,253,1,259,4,0.12231420822683521,0.10635042163072324,0.10800464478769378,0.09233896623812364,0.2460143019161383,0.22598539671710402,0.22165639238809973,0.22990259407510716,0.6787388,0.7220759,0.75655186,0.6468848
A,A15,high,Unexpected costs have been draining us and I feel anxious all the time about whether we can stay afloat.,"It sounds incredibly stressful and unsettling to be constantly worrying about staying afloat due to unexpected costs. Please know that your feelings of anxiety are completely valid and understandable. It's a heavy burden when financial security feels compromised, and it's natural to feel overwhelmed when unforeseen expenses keep piling up. Many people experience similar struggles, and it takes immense strength to acknowledge these feelings and seek solutions. Your feelings are a natural response to a challenging situation, and it’s important to give yourself grace.

To begin regaining a sense of control, let's focus on actionable steps. Start by creating a precise, current snapshot of your finances. This means diligently tracking all income and every single expense for the past month, no matter how small. Once you see exactly where your money is going, identify any non-essential spending that can be temporarily reduced or eliminated. Even small cuts, like pausing subscriptions or packing lunches, can free up funds. Consider reaching out to creditors if necessary to discuss payment arrangements, and explore local community resources for assistance with specific costs, such as utility bills or food support. A financial counselor could also offer objective guidance.

Remember, you are resilient, and taking these initial steps is a powerful move towards stability. It's okay to feel anxious, but focusing on what you *can* control will empower you. This situation is temporary, and by tackling it systematically, you will build a stronger foundation. Be kind to yourself through this process; every small victory counts towards improving your financial well-being and reducing your stress.","It’s completely understandable that you’re feeling anxious and drained. Dealing with a series of unexpected costs is incredibly stressful, and the constant worry about staying financially afloat can be absolutely exhausting. It feels like being caught in a current, and that persistent uncertainty takes a significant toll not just on your bank account, but on your mental and emotional well-being. Please know that what you're feeling is a valid and normal response to a very difficult situation. The weight of that ""what if"" can feel heavy and isolating, and it's important to acknowledge the emotional burden you're carrying.

To regain a sense of control, let's focus on a few manageable steps. First, sit down and create a ""bare-bones"" budget, identifying only your absolute essential expenses like housing, utilities, food, and transportation. This clarity will show you exactly what you need to cover and where any potential savings might be, even if temporary. Next, focus on building a small emergency fund, even if you start with just $10 or $20 per paycheck. The goal is to create a small buffer for the next surprise, which can greatly reduce anxiety. You might also explore selling items you no longer need or looking into flexible side hustles to generate a small, extra stream of income.

Remember, this period of instability is not permanent. By taking small, deliberate actions, you are actively building a raft to navigate these rough waters. Each step you take, no matter how minor it seems, helps shift the power back into your hands and can significantly lessen your anxiety.","It's completely understandable that you're feeling anxious and overwhelmed right now. Unexpected expenses can feel like a relentless tide, constantly threatening to pull you under, and the worry about staying afloat is a heavy burden to carry. It's a natural and valid response to such financial strain, and please know that you're not alone in experiencing these feelings. The pressure of uncertainty can significantly impact your mental well-being, making it difficult to even think clearly about solutions.

To regain a sense of control, let's focus on actionable steps. First, create a detailed budget that accounts for every dollar coming in and going out. Track your spending diligently for at least a month to identify where your money is truly going. Once you have a clear picture, look for areas where you can temporarily reduce non-essential expenses. Simultaneously, explore options for increasing your income, even if it's a small amount through a side hustle or selling unused items. If the unexpected costs are significant, consider contacting your creditors to discuss potential payment plans or temporary hardship options. Reviewing your insurance policies might also reveal opportunities for savings or better coverage.

Remember, this is a challenging period, but it is not a permanent one. By taking proactive steps to understand your financial situation and making conscious adjustments, you are building a stronger foundation for the future. Focus on one day at a time, celebrate small victories, and don't hesitate to reach out for support from trusted friends, family, or even a financial counselor. You have the strength to navigate this, and by addressing these challenges head-on, you will emerge more resilient.","I hear how incredibly stressful and overwhelming this situation must feel for you. It's completely understandable to feel anxious when unexpected costs start draining your resources, making you question your ability to stay afloat. Please know that you are not alone in this experience; many people face similar financial curveballs, and those feelings of worry are valid. Acknowledging these emotions is the first step, and I commend you for reaching out.

To help regain a sense of control, I recommend taking a few concrete steps. First, create a detailed budget. List all your income and expenses for the next month, identifying what's fixed (rent, utilities) versus variable (groceries, entertainment). Look for areas where you can trim back temporarily to free up cash. Even small adjustments, like canceling unused subscriptions or cooking more at home, can make a difference. Next, if you don't have one, start building an emergency fund. Even setting aside $10-$20 a week can grow over time. If debts are contributing to the stress, explore options like negotiating lower interest rates or consolidating high-interest loans. Finally, consider seeking a temporary side gig or exploring community resources like food banks or utility assistance programs to ease the immediate burden.

Remember, financial challenges are often temporary, and your resilience will guide you through this. Focus on taking one manageable step at a time, celebrating small victories along the way. Be kind to yourself; this is a tough period, but you have the strength to navigate it. You absolutely can and will get through this.",True,True,True,True,2026-03-09T00:49:01.501656,1.0,-1.0,2,1.3333333333333333,-0.5,2,1.3333333333333333,-1.0,2,1.3333333333333333,-1.0,2,258,5,260,7,269,8,254,8,0.10723716109249076,0.10559591801337131,0.13984534668704754,0.10815670291045039,0.24843799714291573,0.2497965758742934,0.27377815605014355,0.24775164562996133,0.6317831,0.66580135,0.5875236,0.64329934
A,A15,low,My rent went up and I can't find anything cheaper. I feel anxious all the time about whether I can stay housed.,"It's completely understandable that you're feeling anxious and overwhelmed right now. The stress of housing insecurity, especially when rent increases make your current situation precarious, is a deeply unsettling experience. Many people are facing similar challenges with the rising cost of living, and your feelings of worry about staying housed are entirely valid. Please know that this is a difficult situation, and it's natural to feel the weight of it. Your emotional well-being is just as important as your financial stability.

To address this, let's break it down into actionable steps. First, meticulously review your current budget; every dollar needs a job. Can you identify any non-essential expenses that can be temporarily cut or reduced to bridge the gap? Next, consider speaking with your current landlord. Sometimes, landlords are open to negotiation, especially if you've been a reliable tenant. Explain your situation calmly and professionally. Simultaneously, research local housing assistance programs, tenant unions, or non-profit organizations in your area – they often have resources for rent relief or affordable housing listings that aren't widely advertised. Exploring shared living arrangements, if you haven't already, could also significantly reduce your housing costs.

This is a challenging period, but you are not alone, and there are steps you can take. Focus on one action at a time to prevent feeling further overwhelmed. Remember your resilience; you've navigated difficult situations before, and you have the strength to find a path forward here. While you're working through these practical steps, please also prioritize self-care.","It is completely understandable that you are feeling anxious all the time. Facing a rent increase without seeing affordable alternatives is an incredibly stressful and frightening situation. That feeling of instability, of not knowing if you can maintain the basic security of a roof over your head, can be all-consuming and take a significant toll on your mental and emotional well-being. Please know that your anxiety is a valid and normal response to this immense pressure. You are carrying a heavy burden, and it’s okay to feel overwhelmed by the weight of it.

To regain a sense of control, let's focus on concrete, manageable steps. First, do a thorough review of your budget to see exactly what you can afford. This isn't about judgment, but about gathering data. Next, contact your local housing authority or call 211 to inquire about rental assistance programs, emergency aid, or lists of income-restricted housing. Many cities also have tenant rights organizations that can offer free legal advice and may know if your rent increase is lawful or if you have grounds for negotiation. Don't be afraid to have a calm, documented conversation with your current landlord. You could ask if a longer lease commitment might secure a smaller increase or if a different payment schedule is possible.

Remember that you are resourceful and capable, even when it feels like you're not. Taking these small, deliberate actions can help reduce the feeling of powerlessness that anxiety thrives on. This is a difficult season, but it is not your permanent reality.","It's completely understandable that you're feeling anxious and overwhelmed right now. The rising cost of rent, coupled with the difficulty of finding affordable alternatives, is a significant source of stress and can create a deep sense of insecurity. It's natural to worry about such a fundamental need as housing, and your feelings are valid. Please know that you are not alone in facing these challenges, and there are steps you can take to navigate this difficult situation.

Let's explore some concrete actions you can consider. First, thoroughly review your current budget. Identify any non-essential expenses that could be temporarily reduced or eliminated to free up more funds for rent. Consider if there are any opportunities for additional income, such as a side hustle, freelance work, or even selling items you no longer need. Research local housing assistance programs, including government subsidies, non-profit organizations, and tenant advocacy groups; they often have resources and advice for individuals facing rising rents or potential displacement. Don't hesitate to reach out to your landlord to discuss your situation; while they may not be able to lower the rent, they might be open to a payment plan or a slightly delayed payment if you communicate proactively.

Remember to be kind to yourself during this period. Facing financial uncertainty is incredibly taxing, and it's important to prioritize your mental well-being. Continue to lean on your support system, whether it's friends, family, or a therapist, to help manage your anxiety.","I truly understand how overwhelming and anxiety-inducing a sudden rent increase can feel, especially when finding alternatives seems impossible. It's completely valid to feel this way; housing security is a fundamental need, and the current market makes these situations incredibly stressful. Please know that you're not alone in facing this challenge, and your feelings of anxiety are a natural response to such a significant pressure. Take a moment to acknowledge this stress without judgment, and remember that many people successfully navigate similar difficulties.

To address this head-on, start by meticulously reviewing your current budget. Identify any non-essential expenses you could temporarily reduce or eliminate to free up funds for rent. Consider exploring additional income sources, such as temporary side gigs, freelance work, or even negotiating with your employer for a raise or more hours. Immediately research local tenant rights and rental assistance programs – organizations like HUD, Salvation Army, or local housing authorities often have emergency funds or counseling services. Don't hesitate to reach out to your landlord to discuss a payment plan or potential compromises, as some prefer stable tenants over vacancies.

This is a tough situation, but you are resilient. Break down the problem into smaller, manageable steps, and focus on progress rather than perfection. Remember to prioritize self-care amidst the stress; even small breaks can help clear your mind for problem-solving. Housing challenges are often temporary, and with persistence and resourcefulness, you *will* find a solution. Keep reaching out for support—whether from friends, family, or professional resources—it's a sign of strength, not weakness.",True,True,True,True,2026-03-09T00:49:53.910054,1.3333333333333333,-1.0,3,1.3333333333333333,-1.0,2,1.6666666666666667,-1.0,3,2.0,-1.0,3,249,3,255,2,242,5,256,4,0.14593894155948284,0.07816644203346157,0.16110517499322002,0.12176760218854965,0.26121358885978624,0.22332076689768568,0.2961440453520167,0.26489320370224156,0.6317831,0.66580135,0.5875236,0.64329934
A,A16,high,"A large unexpected bill wiped out savings we had set aside, and I've been struggling emotionally to deal with the fallout.","It sounds incredibly disheartening and overwhelming to have your carefully built savings wiped out by an unexpected bill. That kind of financial shock can deeply impact your sense of security and well-being, and it's completely understandable that you're struggling emotionally with the fallout. It's not just about the money; it's about the effort you put in, the plans you had, and the sudden loss of that safety net. Please know that your feelings of frustration, anxiety, or even anger are valid and a natural response to such a significant and unforeseen challenge. Acknowledging these emotions is the first crucial step.

To begin rebuilding, let's break this down. First, carefully review the bill. Are there discrepancies? Can you negotiate payment terms or explore assistance programs? Next, focus on creating a revised, realistic budget. Identify where you can cut back temporarily to free up funds for a new emergency fund, even if it's a small amount to start. Consider setting up automatic transfers, however modest, to slowly replenish your savings. On the mental health front, don't carry this burden alone. Talk to a trusted friend, family member, or financial counselor. Simple stress-reduction techniques can also help manage the emotional toll.

This setback feels immense now, but it doesn't define your financial future or your resilience. You've faced challenges before, and you have the strength to navigate this one too. Rebuilding takes time, patience, and consistent effort, but every small step forward is progress. Focus on what you *can* control, and celebrate those small victories.","It is completely understandable that you’re struggling emotionally after an unexpected bill wiped out your savings. It can feel incredibly disheartening and even frightening to see a safety net you worked so hard to build disappear overnight. The feeling of being knocked back to square one is overwhelming, and the anxiety that comes with financial vulnerability is very real. Please know that your feelings are valid; this is a genuinely tough situation, and it's okay to feel shaken by it. You’ve experienced not just a financial loss, but an emotional blow that can leave you feeling exposed and uncertain about the future.

When you feel ready, focus on small, manageable steps to regain a sense of control. Start by reviewing your budget to see if there are any minor adjustments you can make. Even setting aside a tiny, symbolic amount into a new savings account can be a powerful first step. Consider automating a small weekly transfer—even just $10—to help rebuild momentum without feeling overwhelming. On the emotional side, practice self-compassion. You did the right thing by having savings, and they served their exact purpose: to handle an emergency. Now, focus on your well-being. Take walks, talk with a trusted friend, or journal about your feelings to process the stress without letting it consume you.

Remember, you built that savings account once, which demonstrates your capability and discipline. You have the skills and resilience to do it again. This setback does not define your financial future or your worth. Be patient and kind with yourself during this recovery process.","It's completely understandable that you're feeling emotionally drained and overwhelmed right now. Discovering that a significant unexpected bill has depleted your hard-earned savings is a shock, and it's natural to feel a mix of anxiety, frustration, and sadness. The emotional toll of financial setbacks can be profound, impacting your sense of security and well-being. Please be gentle with yourself during this challenging time; acknowledging these feelings is the first step towards processing them and regaining your footing.

To navigate this situation practically, let's focus on creating a clear path forward. First, take a deep breath and meticulously review the unexpected bill. Understand exactly what it entails and if there are any options for payment plans or negotiation. Next, create a bare-bones budget, identifying essential expenses and areas where you can temporarily cut back. This will help you understand your immediate financial picture. Once you have a handle on your expenses, start exploring ways to rebuild your savings, even if it's just a small amount each week. Consider looking for opportunities to increase income, whether through a side hustle, selling unused items, or seeking a raise. Small, consistent steps can make a significant difference over time.

Remember, this setback, while difficult, does not define your financial future. You possess the resilience to overcome this. Many people face unexpected financial challenges, and it's a testament to your strength that you're seeking solutions. Focus on what you can control, celebrate small victories, and don't hesitate to lean on your support system for emotional encouragement. You are capable of rebuilding your savings and your peace of mind.","I'm truly sorry to hear about the unexpected bill that wiped out your savings, and it's completely understandable to feel overwhelmed, frustrated, and even a bit lost right now. You worked hard to build those savings, and seeing them disappear can be incredibly disheartening. Financial setbacks often come with a heavy emotional toll, and it's important to acknowledge and process those feelings rather than trying to push them aside. Please know that your feelings are valid, and you're not alone in experiencing such a difficult situation.

To start rebuilding, first, take a deep breath and carefully review the bill itself. Are there payment plans available? Can you negotiate the amount or terms with the provider? Many companies are willing to work with individuals facing hardship. Next, create a temporary emergency budget. Identify essential expenses (housing, food, utilities) and cut back on non-essentials to free up cash flow. This isn't permanent, but it can help stabilize things in the short term. Simultaneously, start a plan to rebuild your emergency fund; even small, consistent contributions can make a difference over time. Consider exploring temporary income streams or side hustles if feasible, and don't hesitate to reach out to a non-profit credit counseling agency for free, personalized guidance.

This is a setback, not a permanent failure. You've already demonstrated financial discipline by building savings in the first place, and that resilience will serve you well now. Take it one step at a time, celebrating small victories along the way. Every dollar saved or bill negotiated brings you closer to recovery.",True,True,True,True,2026-03-09T00:50:35.282707,1.6666666666666667,-1.0,2,1.3333333333333333,-1.0,2,1.6666666666666667,-1.0,2,2.0,-1.0,2,252,5,259,4,263,5,257,7,0.13084075188119992,0.10251230718022238,0.13067871818324395,0.1140623985644011,0.25564320908123384,0.2099545580326929,0.24744465135526586,0.24480484625412166,0.69732714,0.58298624,0.7311471,0.6641315
A,A16,low,"A large unexpected medical bill arrived that I have no way to pay, and I've been struggling emotionally to deal with the fallout.","Receiving a large, unexpected medical bill, especially one you feel unable to pay, is an incredibly stressful and disheartening experience. It's completely understandable that you're struggling emotionally with the fallout; this kind of financial shock can trigger immense anxiety, fear, and feelings of helplessness. Please know that your reaction is valid, and you are absolutely not alone in facing such a daunting situation. Many people find themselves in similar predicaments, and it's okay to feel overwhelmed right now.

The good news is there are concrete steps you can take to address this. First, contact the medical provider's billing department immediately. Request an itemized bill to check for any errors and inquire about their financial assistance programs, charity care options, or the possibility of setting up a manageable, interest-free payment plan. Don't hesitate to negotiate; many providers are willing to accept a lower settlement, especially if you can offer a portion upfront. Simultaneously, reach out to your insurance company to ensure every charge was processed correctly and that you've received all eligible coverage.

Remember, this is a challenge that can be navigated. Take it one step at a time, and be kind to yourself throughout this process. Prioritize your mental well-being by leaning on your support system, practicing self-care, and celebrating small victories as you make progress. Explore patient advocacy organizations or non-profits specializing in medical debt assistance; they can offer invaluable guidance and support. You are resilient, and with persistence and the right strategies, you *will* find a path forward.","It’s completely understandable that you’re feeling overwhelmed and emotionally distressed. Receiving a large, unexpected medical bill is a significant shock, and the feeling of not knowing how to pay it can be incredibly daunting and isolating. The anxiety and stress that come with such a heavy financial burden are very real and can impact every aspect of your well-being. Please know that this is a common and deeply stressful situation, and your reaction is entirely valid. It takes immense strength to even reach out and acknowledge these difficult feelings, so thank you for sharing this with me.

Your first step is not to ignore the bill, but also not to panic. Request a detailed, itemized copy from the provider to carefully check for any errors, which are surprisingly common. Once you have it, contact the hospital's billing department. Calmly explain your financial hardship and ask directly if you qualify for any financial assistance or charity care programs; many non-profit hospitals have policies that can significantly reduce or even eliminate the debt based on your income. You can also try to negotiate the total amount owed or, at the very least, ask for an interest-free monthly payment plan that fits your budget. Breaking this challenge down into small, concrete actions can help restore a sense of control.

Remember to be patient and compassionate with yourself throughout this process. This financial hurdle is not a personal failing or a reflection of your worth. You are navigating a difficult, flawed system.","It's completely understandable that you're feeling overwhelmed and emotionally drained by this unexpected medical bill. Facing a significant financial burden, especially one that arises suddenly, can trigger a cascade of anxieties, fear, and a sense of helplessness. It's natural to struggle with the emotional fallout when your financial stability feels threatened, and please know you are not alone in experiencing these difficult emotions. Acknowledging these feelings is the first step in navigating this challenging situation.

Let's break down some practical steps you can take to address this medical bill. First, carefully review the bill for any errors and contact the hospital's billing department to discuss payment options. Many institutions offer financial assistance programs, payment plans, or can negotiate a lower settlement amount if you explain your circumstances. Don't hesitate to ask about these possibilities. If the bill is exceptionally high, consider seeking advice from a non-profit credit counseling agency; they can help you explore options like debt consolidation or negotiating with creditors. It's also wise to check if your insurance has any coverage you might have missed.

While this situation is undoubtedly stressful, remember that you possess the strength to navigate it. Take it one step at a time, focusing on gathering information and exploring all available avenues. Seeking support from loved ones or a mental health professional can also be incredibly beneficial during this period. You are capable of finding a resolution, and with careful planning and proactive steps, you can move towards a more stable financial and emotional future.","I'm so sorry you're going through this. Receiving an unexpected medical bill that feels impossible to pay can be incredibly overwhelming and stressful, especially when you're already dealing with the emotional and physical toll of health challenges. It's completely normal to feel anxious, frustrated, or even defeated in this situation. Please know that you're not alone in facing such a financial hurdle, and there are concrete steps you can take to address it. Your feelings are valid, and it's okay to acknowledge the difficulty of this moment.

First, take a deep breath and systematically address the bill. Carefully review every line item for accuracy – errors are more common than you might think. Contact the provider's billing department immediately to discuss your situation. Many hospitals and clinics have financial assistance programs, can offer discounted rates for upfront payment, or are willing to establish manageable payment plans. If you have insurance, double-check that all services were processed correctly; sometimes a simple phone call can resolve discrepancies. For additional support, consider reaching out to non-profit organizations like the Patient Advocate Foundation or United Way, which specialize in helping individuals navigate medical debt. A non-profit credit counselor can also provide impartial guidance.

This is undoubtedly a tough situation, but you are not powerless. Focus on taking one step at a time, celebrating each small victory in addressing the bill. Remember to prioritize your mental well-being throughout this process; reach out to trusted friends, family, or a therapist if the stress becomes too much.",True,True,True,True,2026-03-09T00:51:35.218893,2.0,-1.0,2,1.6666666666666667,-1.0,2,2.0,-1.0,3,1.6666666666666667,-1.0,3,250,3,248,5,251,3,250,3,0.1640733729831675,0.08473598811154535,0.12970244074813359,0.11999315703116663,0.28062515943580246,0.24399339608568907,0.2693814390396887,0.2690769611396678,0.69732714,0.58298624,0.7311471,0.6641315
A,A17,high,"Our financial situation has become more complex than I know how to handle, and I feel overwhelmed and unsure where to start.","It's completely understandable to feel overwhelmed and unsure when facing a complex financial situation. That feeling of not knowing where to start can be incredibly paralyzing, and I want you to know that you are not alone in experiencing it. Many people find themselves in similar positions, and the first step – acknowledging these feelings – is often the most courageous. Please be kind to yourself during this time; it's a challenging mental space to navigate, and your feelings are valid.

To begin untangling things, let's break it down into manageable steps. First, try to create a simple overview: list all your income sources, then all your debts (including interest rates and minimum payments), and finally, your recurring monthly expenses. This doesn't need to be perfect, just a starting point to gain clarity. Next, consider reaching out to a non-profit credit counseling agency or a financial advisor. Many offer free initial consultations and can help you create a budget or debt management plan tailored to your specific needs. They are professionals who can offer objective guidance and support without judgment. Remember, you don't have to figure this all out by yourself.

Taking these initial steps, even small ones, will significantly reduce the feeling of overwhelm and replace it with a sense of control. Each piece of information you gather and each conversation you have is progress. You possess the strength and resilience to navigate this challenge, and with a clear plan and the right support, you will find your way forward.","It’s completely understandable to feel overwhelmed and unsure when your financial situation becomes complex. That feeling of not knowing where to even begin is incredibly common and can feel paralyzing, so please know that your feelings are valid. Facing a web of financial details without a clear map is daunting for anyone, and it takes real courage just to acknowledge that you need a starting point. You are not alone in this, and taking a moment to recognize the weight of it is an important first step in itself.

To regain a sense of control, start with one small, manageable task: gathering information. Collect all your financial documents in one place—recent bank statements, credit card bills, loan agreements, and pay stubs. Once you have everything, create a simple snapshot. Calculate your total monthly income and your total monthly expenses to see your cash flow. Next, list all your assets (what you own) and all your liabilities (what you owe) to see your net worth. Don't try to solve everything at once; just focus on getting this clear picture. From there, identify just one priority. Is it building a small emergency fund? Or paying down the credit card with the highest interest rate? Choosing a single goal makes the entire process feel more achievable.

Remember, this is a journey, not a sprint. The goal isn't to fix everything overnight, but to take one positive step forward. By breaking the problem down and focusing on a single, initial action, you are taking back your power.","It's completely understandable that you're feeling overwhelmed and unsure where to start when your financial situation has become complex. Many people experience these feelings when faced with financial challenges, and it's a valid response to a difficult situation. The weight of financial uncertainty can be incredibly stressful, impacting your peace of mind and sense of control. Please know that you are not alone in this, and acknowledging these feelings is the first, crucial step towards regaining clarity and control.

To begin tackling this complexity, let's break it down into manageable steps. First, gather all your financial information: bank statements, credit card bills, loan documents, income records, and any other relevant financial paperwork. Once you have a clear picture, create a detailed budget. Categorize your expenses and identify areas where you might be able to cut back. Next, prioritize your debts, focusing on those with the highest interest rates first to minimize long-term costs. Consider exploring resources like non-profit credit counseling agencies; they offer free or low-cost advice and can help you create a debt management plan.

Remember, navigating financial complexity is a process, not an overnight fix. Be patient with yourself, celebrate small victories, and don't hesitate to seek support from trusted friends, family, or professionals. You have the strength within you to untangle this, and by taking consistent, deliberate steps, you can move towards a more secure and manageable financial future. You are capable of making positive changes, and with a clear plan and perseverance, you will overcome this.","It's completely understandable to feel overwhelmed and unsure where to start when your financial situation becomes more complex. Many people experience this, and it’s a natural reaction to uncertainty and the feeling of being buried under details. Please know that you're not alone in this, and these feelings are temporary. The important thing is that you're recognizing the need for change, which is the first and most crucial step toward regaining control. Be kind to yourself as you begin this journey.

To start, let's break this down into manageable steps. First, gain clarity by listing *everything*: all sources of income, every expense (fixed and variable), all debts (interest rates, minimum payments), and any assets you might have. This ""financial snapshot"" is your starting point. Next, prioritize one small, achievable task, such as creating a simple budget or calling one creditor to ask about payment options. Don't try to solve everything at once. Consider reaching out to free resources like non-profit credit counseling agencies (e.g., NFCC.org) for expert, unbiased guidance. They can help you develop a personalized plan and even negotiate with creditors on your behalf.

Remember, financial well-being is a marathon, not a sprint. Every small action you take—whether it’s tracking an expense, making an extra payment, or just understanding a bill—builds momentum. You have the strength and capability to navigate this, and each step forward, no matter how tiny, brings you closer to a clearer, more stable financial future. Be patient with yourself, celebrate small victories, and know that help is available if you need it.",True,True,True,True,2026-03-09T00:52:11.828593,1.3333333333333333,0.0,3,0.6666666666666666,1.0,1,1.6666666666666667,-0.3333333333333333,3,1.0,0.0,2,251,7,253,7,250,8,257,7,0.17012983324827427,0.146046377717619,0.19351697343239602,0.1796413343747957,0.31077366448528726,0.267810838123223,0.34658023487013434,0.3278060354151436,0.4960972,0.35836613,0.58328104,0.46426243
A,A17,low,"I received paperwork from a debt collector that I don't fully understand, and I feel overwhelmed and unsure what to do.","It's completely understandable to feel overwhelmed and unsure when debt collector paperwork arrives, especially when you don't fully grasp its contents. This situation can bring a wave of anxiety, confusion, and even fear, and please know that your feelings are valid. Many people experience this exact stress, and you are not alone in facing such a challenge. The key is to address it methodically rather than letting it fester, which only adds to the burden.

The first crucial step is not to ignore the paperwork, but also not to act impulsively. Within 30 days of receiving the notice, send a written request for ""debt validation"" via certified mail, return receipt requested. This legally obligates the collector to provide proof that you owe the debt and that they have the right to collect it. Do not make any payments or admit fault until the debt is validated. Also, familiarize yourself with your rights under the Fair Debt Collection Practices Act (FDCPA), which protects consumers from abusive practices. If you're still unsure, consider consulting a non-profit credit counseling agency or a legal aid service for expert, unbiased guidance.

Please remember that taking control of this situation, even with small steps, is incredibly empowering. You possess the strength and resilience to navigate this, and there are resources available to support you. Focus on one step at a time, gather information, and don't hesitate to seek professional help. This challenge is manageable, and by approaching it thoughtfully, you can protect your financial well-being and regain peace of mind.","It’s completely understandable to feel overwhelmed and confused when faced with complicated paperwork from a debt collector. These documents are often designed to be intimidating, and your feelings of uncertainty are a perfectly normal and valid response to a very stressful situation. Please know that you are not alone in feeling this way, and taking a moment to breathe and gather your thoughts is a crucial first step. The key is not to let the feeling of being overwhelmed lead to inaction, but rather to see this as a signal to seek clarity and take measured, protective steps.

Your next step is to take control. Do not ignore the notice, but also do not immediately agree to pay anything. First, carefully read the document to identify the original creditor, the alleged amount owed, and any important dates. Your most powerful tool is to send a ""debt validation letter"" via certified mail within 30 days of receiving their notice. This legally requires the collector to provide proof that the debt is yours and that they have the right to collect it. You can find many free templates for this online from sources like the Consumer Financial Protection Bureau. While you await their response, document every communication and consider contacting a non-profit credit counseling agency, like one accredited by the National Foundation for Credit Counseling (NFCC), for free or low-cost guidance.

Facing this head-on is a sign of incredible strength. By taking these deliberate, methodical steps, you are moving from a place of uncertainty to one of empowerment.","It's completely understandable that you're feeling overwhelmed and unsure after receiving paperwork from a debt collector. Dealing with debt and legal-sounding documents can be incredibly stressful, and it's a common reaction to feel a sense of panic or confusion. Please know that you are not alone in experiencing these emotions, and it's a sign of strength to reach out for clarity when you feel this way. Taking the time to understand what you're facing is the first crucial step towards regaining control.

The most important immediate action is to thoroughly review the documents and **do not ignore them**. While they might seem daunting, understanding the details is key. Note down the name of the debt collector, the original creditor, the amount claimed, and any dates mentioned. It's highly recommended to **request validation of the debt** in writing. This means asking the debt collector to provide proof that the debt is yours and that they have the legal right to collect it. You typically have a limited time to do this after receiving the initial notice, so check the paperwork for specific timelines. You can also consider consulting with a non-profit credit counseling agency or a consumer protection attorney who specializes in debt collection. They can help you understand your rights and the validity of the debt.

Remember, you have rights as a consumer, and there are resources available to help you navigate this situation. Taking these steps might seem challenging, but each action you take will bring you closer to a resolution.","I completely understand how overwhelming and confusing it can be to receive debt collection paperwork, especially when you don't fully understand it. It's a situation that many people face, and it's perfectly natural to feel unsure of what to do next. Please know that you're not alone in this, and there are clear, actionable steps you can take to address it. Taking a deep breath and approaching this systematically will make it feel much more manageable.

Your first step should be to gather all the paperwork you’ve received and make copies for your records. Do not immediately pay or acknowledge the debt. Instead, within 30 days of receiving the initial notice, send a debt validation letter via certified mail, return receipt requested. This requires the collector to provide proof that the debt is yours and that they have the legal right to collect it. You can find free templates online or through credit counseling agencies. While waiting for their response, check your credit report (AnnualCreditReport.com) to ensure the debt is accurately listed. If the collector cannot validate the debt, they must stop collection efforts.

Remember, you have rights under the Fair Debt Collection Practices Act (FDCPA), which prohibits abusive tactics. Consider reaching out to a reputable non-profit credit counseling agency, like those accredited by the National Foundation for Credit Counseling (NFCC). They offer free or low-cost advice and can help you navigate this process, review the paperwork, and understand your options. This situation might feel daunting now, but by taking proactive steps and seeking support, you can gain clarity and control.",True,True,True,True,2026-03-09T00:52:46.216763,1.3333333333333333,-1.0,3,1.0,-1.0,1,1.0,-1.0,2,1.3333333333333333,0.0,2,254,3,256,3,252,2,261,2,0.19776294085284044,0.20132428736356678,0.19076415248455272,0.22243399361846708,0.3388444573699772,0.35677136348213856,0.3276986088895351,0.35664776307498425,0.4960972,0.35836613,0.58328104,0.46426243
A,A18,high,"Financial pressure forced us to postpone an important goal, and the tension it's caused has left me feeling guilty and stressed.","It's incredibly tough when financial pressures force a pause on important life goals, and it's completely understandable to feel guilty and stressed in such a situation. These feelings are valid; you're experiencing a natural reaction to a difficult setback that impacts something meaningful to you. Please know that many people face similar challenges, and postponing a goal due to financial prudence is often a wise, albeit painful, decision that demonstrates responsibility, not failure.

To navigate this, let's focus on actionable steps. First, take a deep breath and conduct a thorough, honest review of your current financial situation without judgment. Create a detailed budget, tracking all income and expenses to identify where every dollar goes. Look for areas where you can trim non-essential spending, even small amounts. Next, revisit your postponed goal. Can it be broken down into smaller, more achievable milestones? This can make the path forward feel less overwhelming and allow you to celebrate small victories as you progress. Consider exploring additional income streams, even temporary ones, to accelerate your savings.

Remember, this is a temporary detour, not the end of your journey. Your resilience and determination are powerful assets. Be kind to yourself through this process; self-compassion is crucial when facing financial stress. Focus on the progress you make, no matter how small, and trust that with careful planning and perseverance, you will realign yourself with your aspirations. Your mental well-being is just as important as your financial health during this time.","It's completely understandable that you're feeling a heavy burden of guilt and stress right now. Having to postpone a significant goal due to financial pressure is incredibly disheartening, and the tension it creates within a relationship can feel overwhelming. Please know that these feelings are a natural response to a difficult and frustrating situation. They don't signify failure; rather, they highlight just how much this goal means to you. Acknowledging the weight of this disappointment is the first step toward navigating through it with compassion for yourself and your partner. This is a shared challenge, and your feelings are a valid part of that experience.

To regain a sense of control and ease the tension, consider breaking down the large goal into smaller, more manageable micro-goals. This can make progress feel more achievable. Sit down together and create a new, realistic budget and timeline. This isn't about giving up; it's about creating a revised roadmap. Schedule a calm, dedicated time to talk, not about blame, but about being a team facing this challenge together. Frame it as ""How can *we* navigate this detour?"" You could also explore lower-cost intermediate steps that still move you in the right direction, which can help restore a sense of forward momentum and shared purpose. Regular, brief check-ins can prevent stress from building up again.

Remember, a postponement is not a cancellation. This is a detour, not a dead end. The commitment you have to this goal is powerful, and your ability to adapt to this challenge demonstrates incredible resilience.","It's completely understandable that you're feeling guilty and stressed after having to postpone an important goal due to financial pressures. Life throws curveballs, and it's natural to feel a pang of disappointment and self-blame when our plans are disrupted, especially when it's something meaningful to you. Please be kind to yourself during this time. These feelings are a reflection of your dedication to your goals and your desire to achieve them, and it's okay to acknowledge them without letting them consume you.

To navigate this, let's focus on actionable steps. First, revisit your budget with a fine-tooth comb. Identify areas where you might be able to trim expenses, even small ones, to free up more funds. Consider setting up a dedicated savings account for your postponed goal, even if you can only contribute a small amount regularly. Seeing that balance grow, however slowly, can be incredibly motivating. Simultaneously, explore if there are any ways to increase your income, such as a side hustle, selling unused items, or negotiating a raise. Breaking down the path to your goal into smaller, more manageable financial milestones can make it feel less overwhelming and more achievable.

Remember that postponing a goal is not the same as abandoning it. It's a temporary pause, a strategic redirection. This period of financial recalibration can actually provide valuable insights and strengthen your resolve. You are capable of overcoming this challenge, and by taking proactive steps and maintaining a positive outlook, you will find a way to get back on track and achieve what you've set out to do. Your resilience is your greatest asset.","I hear how much disappointment, guilt, and stress you're feeling right now, and I want to validate those emotions. It's incredibly tough when financial pressures force us to delay something we've worked hard for and deeply value. This isn't a reflection of your worth or your efforts; it's a common challenge many face, and your feelings are completely understandable. Please be kind to yourself during this time, and remember that setbacks don't define your journey. This is a moment to regroup, not to give up.

Let's break this down into manageable steps. First, take a deep breath and assess your current financial situation without judgment. Create a detailed budget to identify where your money is going and look for areas to cut back temporarily. Prioritize essential expenses and consider reaching out to creditors if debt is a significant factor—many offer hardship programs. Next, revisit your postponed goal. Can it be modified or pursued in smaller, incremental steps? Sometimes adjusting the timeline or scope makes it feel less overwhelming. Finally, don't neglect your mental well-being. Engage in stress-reducing activities, talk to a trusted friend or therapist, and celebrate small financial wins along the way.

Remember, this is a temporary pause, not a permanent end to your dream. Financial stability is a journey with ups and downs, and you're showing incredible resilience by facing this head-on. Every step you take, no matter how small, is progress. Trust that with careful planning and self-compassion, you can navigate this challenge and eventually achieve what you've set your heart on.",True,True,True,True,2026-03-09T00:54:12.250466,1.3333333333333333,-1.0,1,1.6666666666666667,-1.0,2,0.6666666666666666,0.3333333333333333,1,1.3333333333333333,-1.0,2,244,6,255,2,266,6,255,6,0.17369095282806737,0.08852280228278869,0.1426130904977393,0.15090989014551837,0.26991483635757163,0.21793514899440958,0.25812800494285987,0.260584330337619,0.7534138,0.63778114,0.5811713,0.7628918
A,A18,low,"Financial pressure forced me to drop out of school, and the sense of failure it's caused has left me feeling guilty and stressed.","It sounds like you're carrying a heavy burden right now, and it's completely understandable to feel guilty and stressed after having to make such a difficult decision due to financial pressure. Please know that having to prioritize your financial well-being is not a personal failing; it's a testament to your responsibility and resilience in challenging circumstances. The feelings of guilt and stress are valid responses to a tough situation, and it’s important to acknowledge them without letting them define your self-worth.

Let's focus on taking practical steps forward. First, prioritize securing immediate financial stability; even a temporary job can significantly ease the pressure. Once you have a bit more breathing room, consider exploring alternative educational paths. This could mean vocational training, online certifications, or perhaps a community college with more flexible schedules and lower costs. Education isn't a linear path, and there are many routes to success. Simultaneously, please reach out for mental health support. Talking to a trusted friend, family member, or a counselor can help process these overwhelming emotions and develop coping strategies. Creating a simple budget can also help regain a sense of control over your finances.

Remember, this is a pause in your educational journey, not a permanent stop. Your strength in facing these challenges head-on is remarkable, and it shows you possess the determination to navigate future obstacles. Many successful individuals have taken unconventional paths, and your experience will only add to your resilience and perspective. Be kind to yourself through this process; you are capable, and you will find your way.","It’s completely understandable that you’re feeling this way. The weight of financial pressure combined with the disappointment of having to leave school is an incredibly heavy burden to carry. Please know that these feelings of guilt, stress, and a sense of failure are natural reactions to a very difficult situation, not a reflection of your character or potential. You made a tough, responsible decision based on practical necessity, and it's crucial to separate the circumstance from your sense of self-worth. This event does not define you or your capabilities; it is a chapter in your story, not the entire book.

To begin managing these feelings, start with small, actionable steps. First, address the stress by practicing self-compassion. Consider journaling for 10 minutes each day to process your thoughts without judgment, or confide in a trusted friend. From a practical standpoint, start exploring alternative paths to your goals that align with your current financial reality. Look into free or low-cost online certification programs on platforms like Coursera or edX, which can build valuable skills without high tuition costs. You could also research companies that offer tuition reimbursement as an employee benefit. Creating a simple budget can also help restore a sense of control over your finances, reducing a major source of your stress.

Remember, life paths are rarely linear. This is a detour, not a dead end. Many of the most successful and fulfilled people have faced similar interruptions and have non-traditional educational journeys. The resilience you are building now by navigating this challenge will be an incredible asset for your future.","It's completely understandable that you're feeling this way. Dropping out of school due to financial pressures is an incredibly difficult situation, and it's natural to experience a heavy sense of failure, guilt, and stress when your educational path is disrupted by circumstances beyond your control. Please know that you are not alone in facing such challenges, and these feelings, while painful, are a valid response to a stressful event. You've been dealt a tough hand, and it’s okay to acknowledge the disappointment and frustration that comes with it.

Let's focus on actionable steps to move forward. First, consider exploring financial aid options that might still be available, such as emergency grants, scholarships specifically for students facing financial hardship, or even student loan deferment programs. Reaching out to your school's financial aid office, even if you've withdrawn, can provide valuable insights and potential solutions. Simultaneously, begin to create a realistic budget to manage your current expenses. This might involve looking for part-time work or exploring career paths that don't require a degree immediately but can offer stable income and opportunities for growth. Consider vocational training or certifications that can be acquired more quickly and are in demand.

Remember, this is a detour, not a dead end. Your resilience in the face of adversity is a testament to your strength. Many successful individuals have faced similar setbacks and have gone on to achieve great things. Focus on the progress you can make now, however small it may seem. Celebrate each step forward, whether it's securing a job, saving a small amount, or researching future educational possibilities.","I want to start by acknowledging how incredibly tough this situation must feel. It’s completely understandable to experience guilt and stress when financial pressures force you to make such a difficult decision. Please know that having to prioritize your financial stability is not a personal failure, but rather a testament to your resilience and practicality in facing real-world challenges. Many people encounter similar hurdles, and these feelings are a natural response to a significant life change. Give yourself permission to process these emotions without judgment.

Now, let's focus on actionable steps to move forward. First, take stock of your current financial situation: create a simple budget to understand your income and expenses. Explore options for financial aid if you plan to return to school, such as community college courses, online learning, or vocational training, which can be more affordable. Consider part-time work or side gigs to alleviate immediate pressure. For your mental well-being, practice self-compassion daily. Connect with trusted friends or a counselor to share your feelings, and engage in activities that reduce stress, like exercise or mindfulness. Set small, achievable goals to regain a sense of control.

Remember, this is a setback, not the end of your educational journey. Your path might look different than you initially imagined, and that’s perfectly okay. There are countless ways to learn, grow, and succeed, whether through formal education, work experience, or self-study. Focus on one step at a time, celebrate small victories, and trust in your ability to navigate this. You are stronger than you think, and this experience will ultimately build valuable resilience.",True,True,True,True,2026-03-09T00:54:54.385233,1.6666666666666667,-1.0,2,1.3333333333333333,-1.0,2,1.3333333333333333,-0.5,1,1.0,-1.0,1,257,2,261,2,264,5,262,4,0.15129777957911097,0.11219090155330282,0.1430931434767159,0.13751824767841905,0.26944926554169685,0.2340146404006432,0.25290007596358466,0.2570236451180881,0.7534138,0.63778114,0.5811713,0.7628918
A,A19,high,"Our financial situation has put strain on a major life plan, and it's been causing real tension with my partner.","It sounds incredibly challenging and emotionally draining to face financial difficulties that are not only impacting a major life plan but also straining your relationship with your partner. Please know that your feelings of frustration, disappointment, and tension are completely valid. Financial stress is one of the leading causes of conflict in relationships, and it's a heavy burden to carry, especially when it touches something as important as your shared aspirations. It’s natural to feel overwhelmed when cherished dreams seem out of reach.

The first crucial step is to approach this as a unified team. Schedule a dedicated, calm conversation with your partner, free from distractions, where you can both openly express your feelings and concerns without judgment. Together, thoroughly review your current financial situation: income, expenses, debts, and savings. This joint understanding is vital. Then, re-evaluate your major life plan. Can it be adjusted, delayed, or perhaps scaled down in a way that still feels meaningful? Explore creating a revised, realistic budget that prioritizes your goals, identifying areas where you can reduce spending or increase income. Consider seeking advice from a financial planner to help navigate complex decisions or a couples therapist if communication remains difficult.

Remember, you are facing this challenge *together*. This period of difficulty, while painful, can ultimately strengthen your partnership if you commit to open communication, mutual understanding, and collaborative problem-solving. Focus on shared solutions rather than assigning blame. Your resilience as individuals and as a couple will see you through this. You have the capacity to adapt, plan anew, and build a path forward that aligns with both your financial reality and your dreams.","It’s completely understandable that you’re feeling a significant amount of strain and tension. When a financial roadblock appears to derail a major life plan you've built with your partner, it can feel incredibly disheartening and destabilizing. The disappointment over the delayed plan, combined with the stress of money, creates a perfect storm for conflict. Please know that these feelings are valid and very common; many couples face similar challenges. The pressure can make it feel like you and your partner are on opposite sides, when you’re really just two people facing a difficult problem together. Acknowledging the emotional weight of this situation is the first step toward navigating it.

To begin untangling this, try scheduling a specific time to talk with your partner when you’re both calm and not rushed. Frame this as a ""team meeting"" to tackle the problem together, not to place blame. During this conversation, focus on using ""I"" statements to express your feelings, such as ""I feel anxious about our timeline,"" rather than ""You aren't doing enough."" On the financial side, work together to get a crystal-clear picture of your current situation. Look at your budget, savings, and the specific cost of your life plan. Can the timeline be adjusted? Can the plan itself be modified to be more affordable in the short term? Breaking the larger goal into smaller, more achievable financial milestones can make it feel less overwhelming and give you both a sense of progress and control.

Remember, this is a chapter in your story, not the entire book. Financial circumstances are rarely static; they ebb and flow.","It sounds like you're carrying a heavy burden right now, and it's completely understandable that this financial strain is impacting a significant life plan and creating tension with your partner. It's incredibly difficult when financial worries cast a shadow over dreams you've both been working towards, and the added stress on your relationship can feel isolating and overwhelming. Please know that you're not alone in experiencing this, and acknowledging these feelings is the first step towards navigating them. The emotional toll of financial stress is real, and it's important to be kind to yourselves as you work through this.

To address this, I recommend a multi-pronged approach. First, schedule a dedicated, calm conversation with your partner, setting aside time when you're both relaxed and can speak openly without immediate pressure. During this conversation, focus on active listening and expressing your own feelings using ""I"" statements (e.g., ""I feel worried when I think about X"" rather than ""You always do Y""). Together, revisit your major life plan. Can it be phased in, adjusted, or perhaps postponed slightly? Simultaneously, conduct a thorough review of your current finances. Identify areas where you might be able to cut back, even temporarily, and explore any potential for increasing income. Creating a joint, realistic budget that accounts for both essential expenses and your adjusted life plan can provide a sense of control and shared purpose.

Remember, this is a challenge you can face together.","It sounds incredibly frustrating and disheartening to have your financial situation strain a major life plan and cause tension with your partner. Please know that what you're experiencing is very common; financial stress is one of the leading causes of relationship strain and can feel like a heavy weight, impacting not just your plans but your sense of security and optimism. It’s completely valid to feel disappointed and overwhelmed when obstacles arise, especially when they affect something so important to your future together. Acknowledging these feelings is the first crucial step towards addressing the issue constructively.

To navigate this, start by scheduling a dedicated, calm conversation with your partner. Avoid blame and focus on collaboration. Together, create a detailed budget to understand your current income and expenses. Identify areas where you can reduce spending or explore opportunities to increase income, perhaps through a side hustle or temporary adjustments. Break down your major life plan into smaller, achievable milestones. This makes the goal less daunting and allows you to celebrate progress along the way. If discussions become too difficult, consider involving a financial advisor or a relationship counselor to facilitate productive dialogue and strategy.

Remember, this is a challenge you can overcome together. Financial setbacks are often temporary, and your shared commitment to your life plans and each other is a powerful asset. Be patient with yourselves and each other, celebrate small wins, and maintain open lines of communication. You are strong enough to adapt and pivot, and this experience can ultimately strengthen your partnership as you tackle it as a united team.",True,True,True,True,2026-03-09T00:55:31.487212,1.3333333333333333,-1.0,3,1.3333333333333333,-1.0,1,1.0,-1.0,1,1.3333333333333333,-1.0,1,270,7,265,4,238,5,262,4,0.13820621912673434,0.1046806088108626,0.1524680545569094,0.1491333691216607,0.26435732784689964,0.2480844364849196,0.2720510288790285,0.2735752069934268,0.4478563,0.53594244,0.5562255,0.5040808
A,A19,low,"My car broke down and I can't afford to fix it, and losing that transportation has been causing real tension in my daily life.","It sounds incredibly stressful and disheartening to have your car break down, especially when you can't afford the repairs. It's completely understandable that this situation is causing real tension in your daily life. Losing reliable transportation impacts so much – your ability to work, run errands, maintain social connections, and even your sense of independence. Please know that your feelings of overwhelm, anxiety, and frustration are completely valid; this is a significant challenge, and it's okay to feel the weight of it.

Let's break down some potential next steps. First, get at least two or three repair quotes from different mechanics to ensure you're getting a fair price and to understand the scope of the issue. While doing this, explore temporary transportation solutions: public transit, carpooling with colleagues or friends, rideshare services, or even local community shuttles. Financially, look into local charities or non-profits that offer car repair assistance, or consider a small, low-interest personal loan if your credit allows and you're confident in repayment. If repairs are too costly, evaluate if selling the car for parts could provide a down payment for a more affordable, reliable used vehicle.

This is a tough spot, but please remember that you're not alone in facing such challenges. Many resources exist to help people navigate transportation crises. Focus on taking one small step at a time, whether it's getting another quote or researching local assistance programs. Your resilience will shine through this, and you will find a way to move forward. Keep advocating for yourself, and don't hesitate to reach out to your support network.","It is completely understandable that you're feeling overwhelmed and tense. A sudden, expensive car problem is one of the most stressful situations to face, not just for the financial shock, but for the way it disrupts your entire daily rhythm. Your car represents freedom and the ability to get to work, run errands, and maintain your life. Losing that can feel incredibly limiting, and the pressure of figuring it all out while still managing your responsibilities is immense. Please know that your feelings of frustration and anxiety are entirely valid, and it’s okay to feel thrown off balance by this unexpected challenge.

Let’s focus on what you can control by breaking this down into manageable steps. First, get at least two or three different quotes for the repair from reputable mechanics to ensure you have an accurate cost, and don't hesitate to ask them about potential payment plans. While doing that, investigate your immediate transportation needs. Could you use public transit, carpool with a coworker, or even bike for shorter trips? Many communities also have resources you can access by calling 211; some local charities and churches offer grants or low-interest loans for emergency car repairs. This is a challenging moment, but it is a temporary one. You are resourceful, and by tackling the problem with these smaller steps, you will find a path forward. Be patient and kind with yourself during this process. You have the strength to navigate this, and you will get to the other side.","It's completely understandable that you're feeling a lot of tension and stress right now. Losing your car, especially when you rely on it for daily life, is a significant disruption and can feel overwhelming. It's natural to feel anxious about how you'll manage without it and the added financial burden of repairs. Please know that your feelings are valid, and many people have faced similar challenges. The frustration of a breakdown combined with financial strain is a difficult situation to navigate, and it's okay to feel the weight of it.

Let's focus on some practical steps you can take. First, explore all repair options. Get quotes from at least three different mechanics, and don't hesitate to ask about payment plans or options for used parts if appropriate. Simultaneously, investigate alternative transportation. Could you explore carpooling with colleagues or neighbors, utilize public transport more extensively, or even look into bike-sharing programs for shorter distances? Regarding finances, create a detailed budget to see where you might be able to temporarily cut back on non-essential expenses to allocate funds towards the repair. Consider reaching out to local charities or community organizations that might offer emergency financial assistance for transportation needs.

Remember that this is a temporary setback, and you have the resilience to get through it. By taking a structured approach to both the repair and transportation challenges, and by exploring all available resources, you can find a path forward. Focus on one step at a time, and be kind to yourself during this stressful period. You are capable of finding solutions, and brighter days are ahead where your transportation worries are resolved.","I'm so sorry to hear about your car breaking down and the significant stress it's causing in your daily life. It's completely understandable to feel overwhelmed and frustrated when such a vital part of your routine is disrupted. Losing reliable transportation isn't just an inconvenience; it can impact everything from your ability to get to work or appointments to your overall sense of independence and financial stability. Please know that you're not alone in facing these kinds of unexpected challenges, and it's okay to feel upset about it.

Let's break this down into manageable steps. First, explore immediate transportation alternatives: check local public transport schedules, consider ride-sharing apps for essential trips, or reach out to friends, family, or even colleagues for temporary help. For the repair itself, gather at least three quotes from different mechanics to ensure fairness and ask about potential payment plans. Investigate community resources like local charities, churches, or government assistance programs that might offer grants or support for transportation needs. If the repair cost is substantial, evaluate if it's more financially prudent to sell the car for parts or scrap and save for a new one, rather than sinking money into an old vehicle. Remember to prioritize your mental well-being too; simple stress-reduction techniques like deep breathing or talking to a trusted person can make a difference.

This is a tough situation, but please believe that solutions exist, and you will get through this. Take it one step at a time, focusing on what you can control today.",True,True,True,True,2026-03-09T00:56:11.444362,1.6666666666666667,-1.0,2,0.6666666666666666,-1.0,2,1.0,-1.0,2,1.6666666666666667,-1.0,2,262,4,249,3,270,3,252,2,0.19393696572561533,0.16129460835921736,0.15900647512589755,0.16722889324863313,0.3117049862531118,0.3106654888596913,0.28806340415770487,0.2862009625175881,0.4478563,0.53594244,0.5562255,0.5040808
A,A20,high,I feel guilty that my kids may have to take on more financial responsibility for their future than I had hoped.,"It's incredibly natural and deeply compassionate to feel this way. Your guilt stems from a profound love for your children and a desire to provide them with the best possible future, free from unnecessary burdens. Many parents today share this sentiment, recognizing the evolving economic landscape where college costs, housing, and general living expenses have significantly outpaced previous generations. This feeling isn't a sign of failure; it's a testament to your commitment as a parent and your empathy for the challenges your kids might face. Acknowledging these feelings is the first step, showing you care deeply.

Instead of dwelling on what might be different, focus on what you *can* actively do now to empower them. Openly discuss financial realities with your children in an age-appropriate manner, fostering their financial literacy from an early age. Teach them about budgeting, saving, understanding debt, and the value of hard work. Lead by example with your own financial habits. Even small, consistent contributions to a savings plan, or helping them explore scholarships and grants for higher education, can make a significant difference. Your greatest contribution might be equipping them with the knowledge and resilience to navigate their own financial journey successfully.

Please remember, your value as a parent isn't measured by the size of their inheritance, but by the love, wisdom, and life skills you impart. Raising resilient, financially aware, and resourceful individuals is an invaluable gift that will serve them far better than any sum of money. Your concern itself is a powerful indicator of your dedication.","It's completely understandable to feel a sense of guilt when you perceive a gap between the financial future you envisioned for your children and the one that seems more likely. This feeling stems from a place of deep love and a powerful desire to give them the best possible start. Please know you are not alone; many parents are navigating this same complex emotion as economic realities shift. This guilt is a testament to how much you care, not a reflection of any failure. It’s important to treat yourself with the same compassion you so clearly have for your children, acknowledging that you are doing your best in a challenging world.

You can channel this energy into proactive, empowering actions. The most valuable inheritance you can provide is financial literacy. Start having open, age-appropriate conversations about budgeting, saving, and understanding debt. Work together to research scholarships, grants, and work-study programs, framing it as a team effort. Explore alternative educational paths, like community college or trade schools, which are often more affordable and lead to excellent careers. By shifting your role from sole provider to financial mentor, you are giving them the invaluable gifts of resourcefulness and resilience, tools that will serve them for their entire lives.

Remember, your worth as a parent is not measured in dollars. You are equipping your children with the skills to build their own secure futures,","It's completely understandable that you're feeling guilt about your children potentially facing greater financial burdens than you did. This sentiment often stems from a deep love and a desire to provide the best possible future for your kids. The economic landscape has shifted, and many parents worry about their children's ability to achieve financial stability, especially with rising costs of education, housing, and everyday living. Acknowledge that these feelings are valid and are a testament to your care and responsibility as a parent. You are not alone in this concern, and it's a common worry in today's world.

To address this, consider having open and honest conversations with your children about finances. This isn't about burdening them, but about empowering them with knowledge and realistic expectations. Discuss budgeting, saving, and the importance of financial literacy from an early age. Explore options for how you can collectively contribute to their future, perhaps through a shared savings plan or by helping them research scholarships and grants for higher education. Additionally, focus on teaching them valuable life skills that can lead to earning potential, such as problem-solving, critical thinking, and resilience.

Remember, your children's financial future isn't solely dependent on the circumstances you provide today. The values you instill, the education you support, and the open communication you foster will equip them with the tools to navigate their own financial journeys. Your love and guidance are invaluable assets. Focus on what you *can* control – open dialogue, education, and a supportive environment – and trust in their ability to adapt and thrive. You are doing your best, and that is always enough.","It's completely understandable to feel guilty about your children's financial future not aligning with your hopes. Many parents share this worry, and your concern speaks volumes about how much you care for them. Life often throws curveballs, and financial paths rarely unfold exactly as planned. Guilt can be a heavy burden, but it's important to remember that you're doing your best, and that's what truly counts. Your children are fortunate to have a parent who cares so deeply about their well-being.

Instead of dwelling on what you perceive as shortcomings, focus on what you can control and what you can teach them. Engage in open, age-appropriate conversations with your children about money. Teach them about budgeting, saving, the importance of education, and the value of hard work. Lead by example with your own financial habits. Even small, consistent efforts, like setting aside a little each month or helping them explore scholarships, can make a significant difference over time. Remember, financial responsibility isn't inherently negative; it can build resilience, independence, and a deeper appreciation for resources.

Ultimately, your children will inherit far more than just money from you—they'll inherit your values, work ethic, and unconditional love. These intangible gifts often have a more profound and lasting impact on their success and happiness than any financial cushion. Trust in their ability to navigate challenges, armed with the wisdom and support you've already given them. Focus on building strong relationships and creating lasting memories; these are priceless treasures that no financial burden can diminish. You are giving them the tools to thrive.",True,True,True,True,2026-03-09T00:56:53.147536,1.3333333333333333,-0.3333333333333333,2,1.0,1.0,1,1.6666666666666667,-0.3333333333333333,2,1.6666666666666667,-1.0,2,254,6,231,3,269,3,259,3,0.15853519101958735,0.09902988624516051,0.143867401774676,0.15406316098607617,0.2829322384904802,0.23977438823927077,0.26252486045086226,0.25401249695172473,0.69785935,0.6326906,0.7415877,0.7791168
A,A20,low,"I feel guilty that I can't give my kids the opportunities I wanted to, and it weighs on me constantly.","It's incredibly heavy to carry the weight of guilt, especially when it stems from a place of wanting the absolute best for your children. That feeling you're experiencing is a testament to your deep love and dedication as a parent. It's completely natural to wish you could provide every single opportunity you envision, and acknowledging this feeling is the first step toward finding peace. Please know that your desire to give them the world is beautiful, and it speaks volumes about the kind of parent you are.

Instead of focusing on perceived limitations, consider shifting your perspective to the rich opportunities you *can* provide. Focus on experiences that foster connection, learning, and resilience, which are often free or low-cost. Explore your local library for free books, workshops, and passes to museums. Spend time in nature – parks, hiking trails, or even just your backyard – encouraging curiosity and appreciation for the world. Involve your children in household tasks, teaching them valuable life skills, or start a family tradition of volunteering. These moments build character and create lasting memories that often outweigh any expensive activity.

Please remember that your presence, love, and the values you instill are the most profound gifts your children will ever receive. Children thrive on security, connection, and knowing they are cherished, far more than on specific material advantages. You are modeling strength, resourcefulness, and unconditional love, which are invaluable life lessons. Release the guilt; you are doing your best, and that is truly enough. Focus on building a loving, supportive environment, and your children will flourish in countless meaningful ways.","It's completely understandable that you're feeling this way. The guilt you're describing is a heavy burden, and it stems from a place of deep love and a desire to give your children the very best. Wanting to provide every possible opportunity is a natural and loving instinct for a parent. Please know that these feelings, while painful, are a testament to how much you care. You're carrying the weight of your own hopes and dreams for them, and it's okay to feel overwhelmed by that pressure. Your feelings are valid, and you are not alone in experiencing this.

Let's try to reframe what an ""opportunity"" truly means. While formal classes or expensive trips are wonderful, they are not the only, or even the most important, experiences. The most valuable opportunities you can give are your time, attention, and love. Consider starting an ""adventure jar"" where you write down free activities like visiting a new park, borrowing a stack of books from the library for a reading marathon, or learning a new skill together via online videos, like baking or drawing. Financially, instead of feeling pressured to fund everything, choose one small, achievable goal, like saving $5 a week for a special trip to a local museum. These shared, intentional moments create powerful, lasting memories.

Please be gentle with yourself. Your worth as a parent is not measured in dollars spent or activities scheduled. It is measured in the love, security, and support you provide every single day. Your children don't need a parent with limitless resources; they need a present parent who loves them unconditionally.","It's completely understandable that you're feeling this guilt. It speaks volumes about your love and dedication as a parent that you desire to provide your children with every possible opportunity. This feeling of not being enough, or not being able to offer what you envisioned, can be incredibly heavy and it's a burden many parents carry. Please know that you are not alone in this experience, and your feelings are valid. The pressure to provide can be immense, and it's easy to fall into the trap of comparing your reality to an idealized version of what parenting ""should"" look like.

Let's focus on actionable steps to ease this burden. Firstly, try to reframe ""opportunities."" While material advantages are important, think about the invaluable opportunities you *are* providing: love, stability, a supportive home environment, and your presence. These are foundational. Secondly, identify small, achievable ways to enrich their lives that don't require significant financial outlay. This could be dedicating focused one-on-one time each week, exploring free local resources like libraries and parks, encouraging a passion for reading, or involving them in household tasks that build responsibility. Consider setting up a small, dedicated savings fund, even if it's just a few dollars a week, to show them you're actively working towards future goals.

Remember, your worth as a parent isn't measured by the size of your bank account, but by the depth of your love and commitment. Children thrive on connection, security, and encouragement. By focusing on what you *can* offer and actively working towards small, consistent improvements, you are already giving your children immense gifts.","I hear how deeply this guilt is weighing on you, and it’s completely understandable to feel this way when you want the best for your children. Many parents share similar concerns, feeling immense pressure to provide every possible advantage. It’s important to remember that true ""opportunities"" aren't just about expensive lessons or trips; they often involve things money can't buy, like your time, attention, and emotional support. Your love, presence, and dedication to their well-being are the most profound and lasting gifts you can give them, far surpassing any material offering.

To address this, first, take stock of what you *can* offer. Explore free or low-cost community programs, library events, or volunteer opportunities that align with your children's interests. Spending quality time together—reading, playing, or exploring local parks—is incredibly valuable and often overlooked. Second, consider discussing your financial situation with your kids in an age-appropriate way; transparency can foster understanding and resilience. Third, prioritize your own financial stability; a secure home environment and a present, less-stressed parent are enormous advantages. Remember, fostering curiosity and resilience matters most.

Please be kind to yourself. You are a good parent doing your best, and that is more than enough. Your children will cherish the memories of your shared moments and the feeling of your unwavering love far more than any material possession or exclusive experience. Focus on nurturing their curiosity, resilience, and emotional intelligence—these are the foundations for a rich life, regardless of financial resources. You’ve got this.",True,True,True,True,2026-03-09T00:57:34.884051,0.6666666666666666,1.0,2,1.3333333333333333,1.0,2,1.0,1.0,2,1.3333333333333333,-1.0,2,264,0,265,1,264,3,245,3,0.10067819812043267,0.09998944910258434,0.10163805385256484,0.07983515169888586,0.2244419442505247,0.22363577603902796,0.23522712539227575,0.19166170128114604,0.69785935,0.6326906,0.7415877,0.7791168
A,A21,high,"Social and financial obligations I've taken on have become a real burden, and I feel trapped by the expectations around me.","It sounds incredibly heavy to feel burdened and trapped by social and financial obligations, and it's completely understandable that you're experiencing these emotions. The weight of expectations, whether from others or ourselves, can be immense, leading to a sense of being overwhelmed and cornered. Please know that feeling this way is a very common human experience, and it takes a lot of strength to even acknowledge these feelings, let alone seek a path forward. Your well-being is paramount, and recognizing this struggle is the crucial first step toward finding relief.

To begin untangling this, let's break it down. Financially, consider creating a clear picture of your income versus all your expenses. Identify which obligations are truly non-negotiable and where there might be room to cut back or renegotiate. Perhaps some subscriptions can be paused, or you can openly discuss payment plans with creditors if necessary. On the social front, practicing the art of setting boundaries is vital. It's okay to say ""no"" to new commitments, or even step back from existing ones that drain you. Communicate honestly but kindly with those involved, explaining that you need to prioritize your own capacity. Remember, your time and energy are finite resources.

This journey won't be instant, but each small step you take to reclaim your agency will make a difference. You possess the inner strength to navigate these challenges and make changes that serve your peace of mind. Prioritize moments for yourself, even if brief, to reflect and recharge.","It sounds incredibly heavy to be carrying the weight of so many obligations. Feeling trapped by the expectations of others, both socially and financially, is a deeply stressful and isolating experience. It's completely valid to feel overwhelmed when your commitments start to feel less like choices and more like a cage. Please know that this feeling of being burdened is a sign that something needs to change, not a sign of personal failure. You're recognizing a very real and taxing pressure that many people face, and acknowledging its impact is the first brave step toward relief.

To begin untangling this, I suggest a gentle ""obligation audit."" On a piece of paper, create two columns: social and financial. List every commitment that weighs on you. Next to each one, honestly assess its importance versus its cost—both in money and in your mental peace. For financial burdens, can you renegotiate one payment or cancel a subscription tied to a social expectation (like a group activity you don't enjoy)? For social ones, practice saying, ""Thank you for thinking of me, but I can't commit right now."" Start with one small, low-stakes item. Declining one coffee invitation or pausing one streaming service can be a powerful first step in reclaiming your autonomy.

Remember, setting boundaries is not selfish; it's an act of self-preservation. Each small ""no"" to an external demand is a powerful ""yes"" to your own well-being. This process takes courage and practice, so be compassionate with yourself along the way.","It sounds incredibly overwhelming to be carrying the weight of so many social and financial obligations, and it's completely understandable that you're feeling trapped by the expectations placed upon you. This kind of pressure can be isolating and can make it feel like there's no room to breathe or to prioritize your own well-being. Please know that these feelings are valid, and you are not alone in experiencing this. It takes immense strength to acknowledge that things have become a burden, and recognizing this is the first crucial step towards finding a path forward.

To begin regaining control, let's focus on actionable steps. First, conduct a thorough inventory of all your obligations – both social and financial. For financial obligations, list them out with their due dates and amounts. For social obligations, consider which ones are truly fulfilling and which feel like drains on your energy and resources. Once you have this clarity, you can start to strategically re-evaluate. Can any financial debts be consolidated or refinanced? Are there opportunities to negotiate payment plans? Socially, it's okay to say ""no"" or ""not right now"" to requests that stretch you too thin. Perhaps you can delegate some tasks or suggest alternative ways for others to be involved that require less of your direct involvement. Setting boundaries is not selfish; it's essential for your mental and financial health.

Remember that you have the power to reshape your commitments and expectations. This process may involve some difficult conversations or adjustments, but the long-term benefit of reduced stress and increased personal freedom is immeasurable.","It sounds incredibly challenging to feel burdened by social and financial obligations and trapped by the expectations of others. This pressure can take a significant toll on your mental health, leading to stress, anxiety, and resentment. It's completely understandable to feel overwhelmed when commitments feel like a cage instead of choices. Acknowledging these feelings is the first brave step toward change, and I want you to know you're not alone. Many struggle with the delicate balance between helping others and protecting their own well-being.

To begin regaining control, list all current obligations – social and financial. Categorize them into 'non-negotiable' (e.g., rent, core job duties) and 'optional/flexible' (e.g., certain social events, donations, less critical expenses). For optional ones, consider if they truly serve your well-being or are driven by external pressure. Practice saying 'no' kindly but firmly, explaining you need to prioritize your capacity. For financial commitments, create a simple budget to track income and expenses. This can illuminate areas where you might be overextending yourself and help regain control. Don't hesitate to explore refinancing or negotiating payment plans, and consider talking to a financial advisor or therapist.

Remember, you have the power to reshape your life. Setting boundaries and prioritizing your well-being isn't selfish; it's essential for your long-term health and happiness. Start small, celebrate minor victories, and be patient with yourself. It takes time to undo patterns of overcommitment, but each step moves you closer to a life that feels authentic and manageable. You are capable of creating the space you need to thrive.",True,True,True,True,2026-03-09T00:58:16.797842,0.6666666666666666,0.0,2,0.3333333333333333,-1.0,1,1.0,-1.0,2,1.0,-1.0,3,247,4,248,3,260,2,256,4,0.12424081693208305,0.12488389848646082,0.15591043835552962,0.12214976186125004,0.26607233456548524,0.2523157208088715,0.27691427917881856,0.24885370629065942,0.55735475,0.49025917,0.53474915,0.5888238
A,A21,low,"I had to pull my kids from after-school activities we couldn't afford anymore, and I feel terrible that they don't understand why.","It sounds incredibly painful to have to make such a difficult decision, and it's perfectly understandable that you're feeling terrible and guilty right now. As parents, we always want the best for our children, and having to pull them from activities they enjoy, especially when they don't fully grasp the reasons, can weigh heavily on your heart. Please know that your feelings are valid and shared by many parents facing similar financial pressures. This is a tough situation, and it speaks volumes about your love and commitment to your family's well-being that you're making these hard choices.

The most important step now is to have an honest, age-appropriate conversation with your children. Explain that while these activities were wonderful, your family's financial situation has changed, and you need to make some adjustments. Emphasize that this is *not* their fault and you're all in this together. Then, brainstorm new, free or low-cost activities you can do as a family or that they can pursue individually. Think about local libraries for free events, community centers with affordable programs, exploring nature in parks, or even creative projects at home like cooking together, starting a family book club, or designing a scavenger hunt. Framing these as exciting new adventures can help shift their perspective.

Remember, your children value your presence and love far more than any extracurricular activity. By openly discussing the situation and involving them in finding new solutions, you're teaching them invaluable lessons about resilience, adaptability, and family unity.","It’s completely understandable that you’re feeling terrible and carrying a heavy sense of guilt. Making these kinds of decisions is one of the hardest parts of being a parent. You want to give your children the world, and it’s painful when financial realities get in the way, especially when they’re too young to grasp the complexities of a budget. Please know that your feelings are valid; you are navigating a difficult situation with love, even if it doesn't feel that way right now. The care you have for them is clear in the pain you're feeling over their disappointment.

To help your children process this change, you could frame it in a positive, age-appropriate way. Instead of focusing on what you ""can't afford,"" you could explain it as the family starting a ""Super Saver Challenge"" for a fun future goal, making them feel like part of a team effort. In the meantime, you can proactively introduce new, free, or low-cost activities. Check your local library for free workshops and clubs, or your parks department for affordable sports leagues. You could also institute new family traditions like a weekly ""adventure day"" for hiking or picnics, or ""theme nights"" at home for board games, science experiments, or art projects. These new routines can become just as cherished.

Remember, your worth as a parent is not measured by the activities you can purchase, but by the love, stability, and time you provide. The responsible choices you're making now are an act of profound care for your family’s long-term security.","It's completely understandable that you're feeling terrible right now. It's a parent's instinct to want to provide every opportunity for their children, and having to make cuts, especially to something as enriching as after-school activities, can feel like a failure, even though it's a responsible financial decision. The guilt you're experiencing is a testament to how much you care about your children's happiness and development. It's also tough when children don't grasp the complexities of family finances; their disappointment is real and valid, and it's natural to feel responsible for that.

To navigate this, consider having an age-appropriate conversation with your children about the family budget. You don't need to burden them with all the details, but explaining that sometimes we have to make choices about where our money goes, and that these choices are made to ensure the family's overall well-being, can be helpful. Frame it not as a loss, but as a redirection of resources. Perhaps you can explore free or low-cost alternatives together. Local libraries often have free programs, community centers might offer subsidized sports, or you could organize family game nights or park outings. Focus on creating new, affordable traditions and experiences that can be just as memorable and beneficial.

Remember, your children are learning a valuable life lesson about financial responsibility and the importance of making difficult choices. Your love and commitment to them are not measured by the number of extracurricular activities they participate in, but by the security and care you provide.","I truly hear how difficult and heartbreaking this situation must be for you. It’s completely natural to feel terrible when you have to make financial decisions that impact your children, especially when they don’t fully grasp the reasons. Please know that making responsible choices for your family’s financial well-being is a profound act of love and a sign of incredible strength. This doesn’t make you a bad parent; in fact, it shows you’re prioritizing the family’s long-term stability, which is one of the most important things you can do. It’s tough when our best intentions meet financial realities.

When explaining this to your children, try framing it positively and age-appropriately. Instead of saying ""we can't afford it,"" you might say, ""We're making some changes right now to save money for important family goals, like our future home or a special vacation together."" This helps them understand it's a temporary adjustment for a bigger purpose. Explore free or low-cost alternatives: many communities offer free library programs, park events, or school clubs. Family game nights, nature walks, or DIY craft projects at home can be incredibly enriching and create lasting memories. Consider reaching out to your school counselor or local community centers, as they often know about scholarships or subsidized programs for children.

This is a temporary season, and your financial situation can and will improve. Children are remarkably resilient, and what they truly need most is your love, attention, and a secure environment. The quality time you spend together, engaging in simple, joyful activities, will likely be more memorable and impactful than any paid extracurricular.",True,True,True,True,2026-03-09T00:59:10.506304,1.6666666666666667,-1.0,2,1.6666666666666667,-0.3333333333333333,2,1.6666666666666667,0.0,2,1.6666666666666667,0.0,2,247,1,256,2,249,3,264,2,0.10466177334903626,0.09578767573806894,0.09238768629065693,0.07662906969848536,0.24751313408023315,0.2518636885696146,0.25795392620301416,0.2264425147248599,0.55735475,0.49025917,0.53474915,0.5888238
A,A22,high,A major professional setback has shaken my sense of identity and left me uncertain about what comes next.,"It sounds incredibly challenging to go through a major professional setback, and it's completely understandable that this experience has shaken your sense of identity and left you feeling uncertain about the future. Losing a significant part of what defines you professionally can be profoundly disorienting and even painful. Please know that your feelings of confusion, vulnerability, and even grief are valid and shared by many who face similar transitions. It takes immense strength to acknowledge these emotions, and you're already demonstrating that by reaching out and reflecting on your situation. Give yourself grace during this difficult time.

To navigate this period, consider a two-pronged approach focusing on both your well-being and strategic next steps. Mentally, give yourself permission to grieve and process what happened without judgment. Engage in self-care activities like exercise, mindful breathing, ensuring adequate sleep, or connecting with trusted loved ones. Professionally, take a step back before leaping forward. Reflect on your core values, what truly excites you, and what skills you genuinely want to utilize. This isn't about finding a new job immediately, but about rediscovering your professional compass. Perhaps explore informational interviews with people in different fields or consider skill development courses that align with newly discovered interests. Financially, if there's an impact, review your budget and emergency fund to reduce immediate stress.

Remember, your identity is multifaceted and extends far beyond any single professional role. This setback, while difficult, can be a powerful catalyst for growth and rediscovery. It's an opportunity to build resilience, refine your path, and emerge stronger and more aligned with your true self.","It's completely understandable that a major professional setback has left you feeling shaken and uncertain. When so much of our time and energy is invested in our careers, it's natural for our professional identity to become deeply intertwined with our sense of self. To have that foundation suddenly crumble can be incredibly disorienting, leaving you questioning not just your career path, but your very worth. Please know that this feeling of being lost is a valid and common reaction to such a significant life event. It's a heavy weight to carry, and it's okay to feel the full weight of that grief and confusion right now.

As you navigate this uncertainty, it can be helpful to ground yourself with small, manageable actions. On the practical side, take a gentle look at your finances to understand your runway, not to create panic, but to empower yourself with information. Mentally, this is a crucial time to reconnect with who you are outside of a job title. Try journaling for 10 minutes each day, exploring prompts like, “What activities make me feel capable and","It's completely understandable that a major professional setback would shake your sense of identity and leave you feeling uncertain. When so much of our self-worth becomes tied to our careers, a significant disruption can feel like a fundamental loss, impacting how we see ourselves and our place in the world. Please know that these feelings of confusion, grief, and even fear are valid and shared by many who experience similar challenges. It's a natural human response to a significant life event that has upended your established path.

To navigate this period, I suggest a two-pronged approach focusing on both practical steps and self-care. First, allow yourself time to process what has happened without immediate pressure to ""fix"" everything. Once you've had that space, begin to explore what aspects of your professional identity were most fulfilling and what transferable skills you possess. This might involve journaling about your past experiences, identifying recurring themes in your successes, or even speaking with trusted mentors or former colleagues about your strengths. Simultaneously, prioritize your mental and emotional well-being. Engage in activities that bring you joy and a sense of accomplishment outside of work, such as hobbies, exercise, spending time in nature, or connecting with loved ones.

This setback, while painful, can also be an unexpected opportunity for growth and redirection. It's a chance to re-evaluate your priorities, discover new passions, or even redefine what professional success means to you. Be patient and compassionate with yourself during this transition.","I want to start by acknowledging how incredibly difficult and unsettling a major professional setback can be. It's completely natural to feel your sense of identity shaken when a significant part of your daily life and self-perception has been impacted. The uncertainty about what comes next can feel overwhelming, leading to a sense of being lost or adrift. Please know that these feelings are valid, and you are not alone in experiencing them after such an event. Many successful individuals have faced similar moments of doubt and reinvention, and it's okay to take the time to process this.

To navigate this period, I recommend a few actionable steps. First, allow yourself some space to grieve and reflect without pressure. Consider journaling about your core values, skills, and what truly excites you, independent of your last role. This can help you reconnect with your authentic self. Next, reach out to trusted mentors or friends for perspective and emotional support; sometimes, an outside view can illuminate new paths. Finally, break down the daunting task of ""what comes next"" into smaller, manageable steps. Perhaps update your resume, explore online courses in a new field, or even volunteer in an area you're passionate about. These small actions can build momentum.

Remember, a professional setback does not define your worth or potential. It can, in fact, be a catalyst for discovering a more fulfilling direction or strengthening your resilience. Your skills, experiences, and unique perspective remain valuable, and there are many opportunities waiting for you.",True,True,True,True,2026-03-09T01:00:03.352704,1.3333333333333333,-0.3333333333333333,2,1.3333333333333333,0.0,3,1.0,1.0,2,1.3333333333333333,-1.0,3,262,4,181,0,244,0,250,0,0.12690573574371408,0.08097740867142338,0.1391591874399911,0.11053498951456982,0.2589413875038501,0.19838261058344062,0.2619066155706314,0.23539108402882233,0.6001021,0.6468618,0.5773735,0.6823328
A,A22,low,I've been job searching for months without success and it's starting to make me question my own abilities.,"It's completely understandable to feel this way after months of job searching without the desired outcome. The job market can be incredibly challenging and disheartening, and it's natural for self-doubt to creep in when you're facing repeated rejections or silence. Please know that your worth and abilities are absolutely not defined by the current status of your job search. Many talented individuals go through similar periods of frustration; it's often a reflection of the competitive process, not a judgment on your inherent capabilities or potential. Your feelings are valid, and it's important to acknowledge them.

To navigate this, let's consider some actionable steps. First, seek objective feedback on your resume and cover letters from career coaches, mentors, or even trusted friends in your desired field. Often, a fresh pair of eyes can spot areas for improvement that make a significant difference. Second, actively engage in networking – connect with people on LinkedIn, attend industry virtual events, and inform your personal network that you're looking; many opportunities arise through connections. Third, dedicate time to self-care; ensure you're getting enough rest, eating well, and engaging in activities you enjoy to maintain your mental well-being, as this process is emotionally taxing. Lastly, consider broadening your search criteria slightly or exploring roles that leverage transferable skills you might not have initially considered.

Remember, every ""no"" brings you closer to a ""yes."" This period is a marathon, not a sprint, and your resilience during this time is a testament to your strength. Keep refining your approach, stay persistent, and most importantly, be kind to yourself.","It is completely understandable and valid to feel your confidence wavering after months of job searching. This process can be an emotional marathon, filled with uncertainty and rejection that can make anyone start to question their capabilities. Please know that these feelings of self-doubt are a natural response to a prolonged, stressful situation; they are not a reflection of your actual skills, worth, or potential. The modern job market can be incredibly challenging, and it's important to separate the external process from your internal value. You are navigating a difficult path, and it’s okay to feel worn down by it.

To regain a sense of control and protect your mental well-being, let's introduce some structure and new tactics. First, consider taking a short, intentional break for a day or two to completely disconnect and recharge. When you return, shift your focus from quantity to quality. Instead of only submitting online applications, dedicate time to networking. Identify three to five people on LinkedIn in your target industry and request brief informational interviews to learn about their roles and companies. This builds connections that can lead to unadvertised opportunities. Simultaneously, ask a trusted mentor or a career services professional to review your resume and cover letter for a fresh perspective. To manage the daily emotional strain, time-block your job search activities. Dedicate a few focused hours each day, and then consciously step away to engage in hobbies, exercise, or time with loved ones.

Remember, your professional worth is not determined by the length of your job search. This period is a temporary chapter, not your entire story.","It's completely understandable that you're feeling this way. Months of job searching without a positive outcome can be incredibly disheartening, and it's natural for self-doubt to creep in. You're not alone in experiencing this frustration; many individuals face similar challenges during their job search, and it can certainly chip away at one's confidence and make you question your skills and worth. Please be kind to yourself during this process; it's a testament to your perseverance that you've continued to put yourself out there.

To navigate this period, let's focus on actionable steps that can help reignite your job search and boost your morale. Firstly, consider revisiting your resume and cover letters. Are they effectively highlighting your achievements and tailoring your skills to the specific roles you're applying for? A fresh perspective can be invaluable, so perhaps ask a trusted friend, mentor, or career counselor to review them. Secondly, broaden your networking efforts. Informational interviews with people in your desired field can provide valuable insights, uncover hidden opportunities, and offer a different avenue for job leads beyond online applications. Finally, explore skill-building opportunities. Online courses or workshops can not only enhance your resume but also provide a sense of accomplishment and progress.

Remember that a job search is often a marathon, not a sprint, and setbacks are a normal part of the journey. Your abilities are not defined by the duration of your job search. Each application, each interview, is a learning experience. Keep refining your approach, stay persistent, and celebrate the small victories along the way.","I want to start by saying that it's completely understandable to feel frustrated, discouraged, and even question your abilities after months of job searching without success. Please know that this experience is incredibly common and, most importantly, it is not a reflection of your worth or capabilities. The job market can be unpredictable, and rejection is an inherent part of the process, but it doesn't diminish your skills, talent, or potential. Be kind to yourself during this challenging time; your feelings are valid, and many people have navigated similar periods to find fulfilling roles.

To navigate this period more effectively, let's focus on actionable steps. First, critically review your resume and cover letters. Are they tailored to each application, highlighting specific achievements and keywords from the job description? Consider seeking feedback from a career counselor or trusted peer. Second, expand your networking efforts beyond online applications; informational interviews can uncover hidden opportunities. Third, dedicate time to skill development – online courses or volunteer work can boost your resume and confidence. Finally, prioritize self-care: take breaks, engage in hobbies, and maintain a routine to protect your mental well-being. Focusing on what you *can* control will help shift your perspective.

Remember, your abilities are not defined by this temporary setback. Each application, rejection, and tweak to your strategy brings you closer to the right opportunity. Persistence, coupled with strategic adjustments, often leads to breakthroughs. This period is a test of resilience, not a judgment of your competence. Keep learning, keep connecting, and most importantly, keep believing in yourself.",True,True,True,True,2026-03-09T01:00:38.582914,1.3333333333333333,0.0,1,1.3333333333333333,-1.0,2,1.6666666666666667,1.0,2,1.3333333333333333,1.0,2,260,1,265,0,256,0,256,0,0.20081457649611512,0.1339268628536408,0.16957329507052774,0.18554172614938813,0.2900511932717303,0.23979573501953047,0.28858827087513667,0.2935197383436355,0.6001021,0.6468618,0.5773735,0.6823328
A,A23,high,"We've had to give up services and routines that helped us cope, and losing that stability has been harder than I expected.","It sounds incredibly tough to have lost the services and routines that were once your anchors. That feeling of instability, when the very things that helped you cope are no longer there, is profoundly disorienting and often much harder to navigate than we anticipate. It's completely understandable to feel adrift and overwhelmed when your established support systems and daily rhythms are disrupted. Your feelings are valid, and acknowledging this difficulty is the first step in finding new ways forward.

To begin rebuilding, consider focusing on creating *new*, even small, routines. Can you identify one or two simple, free activities that bring you a moment of calm, like a short walk, five minutes of deep breathing, or listening to a favorite song? Explore free online resources for mental well-being, such as guided meditation apps, virtual support groups, or journaling prompts. Reaching out to a trusted friend or family member for a brief check-in can also provide a sense of connection. The goal isn't to replace everything at once, but to gradually introduce elements of predictability and self-care back into your day.

Please remember that adaptation takes time and immense effort, and it's okay not to be okay right now. You possess an incredible capacity for resilience, and even though it feels challenging, you have the strength to navigate this period. Be kind to yourself, celebrate small victories, and know that seeking new ways to cope is a sign of incredible strength. You are not alone in this, and with gentle steps, you can find a renewed sense of stability.","It is completely understandable to feel unsettled and disoriented when the routines and services that formed your support system are no longer available. Losing that stability can feel like the ground has shifted beneath your feet, and it's a form of grief for the predictability and comfort you once had. Acknowledging that this loss is hitting you harder than expected is a crucial first step; it shows you are in tune with your emotional needs. Please know that this reaction is not only valid but also very common. These structures are the scaffolding of our well-being, and it takes time and effort to adjust when they're removed, especially when you are navigating this change together.

To begin rebuilding a sense of stability, focus on identifying the core need each lost service fulfilled and find a free or low-cost way to meet it. If a gym membership provided stress relief, could you replace it with a daily 30-minute walk or a free yoga video on YouTube? Schedule it at the same time to maintain the routine. If therapy offered a space to process emotions, consider starting a shared or individual journaling practice, or explore mental health apps that offer guided meditations and mood tracking. For social connection, schedule a weekly ""at-home date night"" or a family game night to create a new, intentional ritual. The key is to be deliberate about putting these new, accessible routines on the calendar, making them a non-negotiable part of your week just as the old services were.

This period of transition is undoubtedly challenging, but it is not permanent.","It's completely understandable that you're finding this period incredibly difficult. Giving up services and routines that have been your anchors for coping and stability can feel like losing a part of yourself, and the impact on your emotional well-being can be profound. The unexpected hardness of this transition is a valid and shared experience for many when life circumstances shift. Acknowledging the grief and disorientation you're feeling is the first step in navigating this challenging time. Remember that it's okay to feel overwhelmed, frustrated, or sad about these losses.

To help regain some sense of control and well-being, let's explore some actionable steps. First, try to identify small, manageable routines you can reintroduce or create. This might involve dedicating 15 minutes each morning to quiet reflection, a short walk outdoors, or listening to a favorite podcast. If specific services were costly, look for free or low-cost alternatives within your community or online. For example, many libraries offer free digital resources, and there are numerous online support groups for various challenges. Consider reaching out to friends or family for mutual support; even a brief check-in can make a difference. Prioritize self-compassion, and don't expect yourself to adapt instantly.

While this transition is undoubtedly tough, remember your inherent resilience. You've navigated challenges before, and you have the strength within you to find new ways to cope and build stability. Focus on progress, not perfection, and celebrate small victories. This period of adjustment is temporary, and by taking small, consistent steps, you can gradually rebuild a sense of normalcy and peace.","It sounds incredibly challenging to have lost services and routines that provided comfort and structure. Our daily habits often act as anchors, helping us navigate life and manage stress, so when those are disrupted, it’s natural to feel adrift, anxious, or even grieve the stability you once had. Your feelings are valid and understandable; losing something that contributed significantly to your well-being can feel like losing a foundational part of yourself.

While you may not be able to replicate everything you had, consider identifying the *core needs* those services fulfilled. Were they for stress relief? Social connection? Physical activity? Explore accessible, low-cost, or free alternatives. For instance, if therapy was helpful, could you utilize online support groups, journaling, or mindfulness apps? If a gym class provided energy, try home workouts or walking outdoors. Start by establishing one or two simple, consistent routines you *can* control, like a morning ritual, a short walk, or dedicated quiet time. Even small pockets of predictability can make a big difference. Many communities also offer free or sliding-scale services – check local libraries, community centers, or non-profits.

This process won't be easy, and there will be days when it feels overwhelming. Remember that you’ve navigated challenges before, and you have the strength to adapt again. Be kind to yourself as you experiment with new strategies; it’s okay to try things that don’t work and adjust. Over time, you will find new ways to build a sense of stability and well-being. Take it one day, one small routine, at a time.",True,True,True,True,2026-03-09T01:01:18.617940,2.0,-1.0,2,1.0,-1.0,2,1.6666666666666667,-1.0,2,1.3333333333333333,-1.0,2,258,0,264,0,258,0,255,0,0.10749628685583602,0.056221196414724985,0.10317798602616472,0.09726042390199365,0.23927392161667074,0.1861834263306096,0.23634735693137734,0.21930122393736803,0.5023139,0.5188825,0.53092605,0.5366232
A,A23,low,"I've had to let things around the house go because I can't afford basic supplies, and the loss of that normalcy has been harder than I expected.","I am truly sorry to hear that you're experiencing such a difficult time. It's incredibly tough when financial constraints force you to let go of basic household necessities, and it's perfectly understandable that the loss of normalcy is hitting you harder than you expected. Our homes are meant to be sanctuaries, and when they feel out of control due to a lack of supplies, it deeply impacts our sense of stability and mental well-being. Please know that your feelings are valid, and many people face similar struggles; you are not alone in this.

Let's explore some practical steps. Start by prioritizing what's absolutely essential for health and safety – perhaps basic cleaning supplies or personal hygiene items. Look into local community resources like food banks, community pantries, or churches; many offer free household goods and hygiene products. Consider exploring temporary work or side gigs if your schedule allows, even small amounts can make a difference. Review your current budget rigorously to identify any non-essential expenses that can be temporarily reduced. Don't hesitate to research government assistance programs for which you might qualify, such as utility assistance or SNAP benefits. For items like cleaning, simple DIY solutions using vinegar, baking soda, and water can often substitute for commercial products.

This situation is challenging, but it is not permanent. Focus on small, achievable steps, celebrating every tiny victory. Give yourself immense grace and compassion during this period; it takes incredible strength to navigate such difficulties. Remember, your worth is not tied to your financial situation or the state of your home.","It is completely understandable that this is hitting you so hard. Your home is supposed to be your sanctuary, and when you can't maintain it in a way that feels comfortable and normal, it can erode your sense of peace and stability. The feeling of your environment slipping out of your control is deeply unsettling and can weigh heavily on your mental health. It’s not just about the lack of supplies; it’s about the loss of dignity and the constant, visible reminder of financial strain. Please know that your feelings are entirely valid, and it’s a sign of your resilience that you’re recognizing how much this is affecting you.

Let’s explore some gentle, actionable steps. First, please check for local resources that can help bridge this gap. Many food banks also have a “personal care pantry” with items like soap, toilet paper, and basic cleaning supplies. You can also call 211 from any phone to be connected with local non-profits and charities that may offer vouchers or direct assistance for household goods. For immediate, low-cost solutions, consider DIY cleaners. A simple spray bottle filled with one part white vinegar and one part water makes an excellent all-purpose disinfectant. Baking soda mixed with a little water creates a great scrubbing paste. Tackling just one small area, like cleaning the kitchen sink, can provide a significant mental boost and a restored sense of agency.

Please be gentle with yourself during this difficult time.","It sounds incredibly difficult to be in a situation where you can't afford basic household supplies. It's completely understandable that the loss of normalcy is affecting you more than you anticipated. Maintaining a clean and organized living space often contributes to our sense of well-being and control, so when that's compromised, it can feel like a significant emotional burden. Please know that your feelings are valid, and it's okay to acknowledge how challenging this is. It takes strength to even articulate this struggle.

Let's explore some practical steps you might consider to alleviate some of this pressure. First, look into local community resources. Many towns and cities have food banks that also offer household essentials like cleaning supplies, toiletries, and personal care items. Dialing 211 in the US and Canada can connect you with these services. You might also qualify for government assistance programs like SNAP (Supplemental Nutrition Assistance Program) or TANF (Temporary Assistance for Needy Families), which can help with overall expenses, freeing up funds for necessities. If there are any items you can make yourself, like simple cleaning solutions from vinegar and baking soda, that could offer a temporary, cost-effective alternative.

Remember that you are not alone in facing financial hardship, and seeking help is a sign of resilience, not weakness. Focusing on small, manageable steps can make a big difference. Celebrate any small victories, like securing a needed supply or finding a helpful resource. Your ability to persevere through this challenging time is a testament to your inner strength. Keep reaching out and exploring options; brighter days are ahead.","I hear how challenging this situation must be for you, and it’s completely understandable to feel the weight of these changes. Losing the ability to maintain your home as you’d like can be incredibly disheartening, and it’s natural for that to impact your mental well-being. The loss of normalcy can indeed be harder than we expect, as our surroundings often reflect a sense of stability and control. Please know that your feelings are valid, and it’s okay to acknowledge the emotional toll this is taking.

Here are some specific, actionable steps you might consider to alleviate some pressure. Firstly, explore local community resources; many food banks, churches, or non-profit organizations offer not just food but also toiletries, cleaning supplies, and other basic household items for free. Websites like Aunt Bertha or calling 211 can help you locate these. Secondly, prioritize your needs: focus on hygiene and food safety essentials first. For cleaning, simple and inexpensive DIY solutions like vinegar, baking soda, and dish soap can often suffice. Thirdly, don’t hesitate to reach out to friends, family, or mutual aid groups—sometimes a small gesture, like a gifted bottle of soap, can make a significant difference.

Remember, this is a difficult chapter, not your whole story. You are stronger than you might feel right now, and finding small ways to regain control, even through resourcefulness, can make a difference. Be kind to yourself during this time; every effort, no matter how small, is a step forward. Brighter days are ahead, and with perseverance, you'll navigate through this.",True,True,True,True,2026-03-09T01:01:58.872210,1.3333333333333333,-1.0,2,1.6666666666666667,0.0,2,1.6666666666666667,-1.0,2,1.6666666666666667,-1.0,2,259,3,241,1,262,2,255,0,0.13011724765768964,0.08737526469855138,0.13387518444751678,0.12465372537470291,0.25399619169472315,0.237537273179694,0.28076672675072306,0.26335774703915,0.5023139,0.5188825,0.53092605,0.5366232
A,A24,high,An unexpected tax situation has created a serious cash shortfall and I feel anxious and stressed about how to resolve it.,"It's completely understandable to feel anxious and stressed when an unexpected tax situation creates a serious cash shortfall. That feeling of dread and uncertainty can be incredibly overwhelming, and you're certainly not alone in experiencing such emotions when faced with a sudden financial blow. Please know that your feelings are valid, and it's a natural reaction to a challenging and unforeseen circumstance. Taking a deep breath and acknowledging these feelings is the first brave step towards finding a solution.

To tackle this, let's break it down into manageable actions. First, gather all the documentation related to this tax situation to understand precisely what is owed, why, and by when. Your most crucial next step is to contact the tax authority directly and explain your hardship; they often have programs like installment agreements, offers in compromise, or penalty abatement options for taxpayers facing financial difficulties. Simultaneously, review your current budget with a fine-tooth comb to identify any immediate, temporary cuts you can make to free up funds. Consider if there are any assets you could liquidate or if a very short-term, low-interest loan from a trusted source might be an option. Consulting a tax professional (like a CPA or Enrolled Agent) could also provide invaluable guidance on navigating the specific tax issue and potential relief options.

Remember, this is a difficult but solvable problem, and you have the strength and resilience to navigate it. Take it one practical step at a time, focusing on gathering information and making those initial calls. Each action you take, no matter how small, moves you closer to a resolution.","It's completely understandable that you're feeling anxious and stressed. An unexpected financial blow, especially a tax liability, can feel incredibly overwhelming and destabilizing. The pressure of a sudden cash shortfall creates a significant mental and emotional burden, making it hard to think clearly and easy to fall into a cycle of worry. Please know that these feelings are a valid and normal reaction to a very difficult situation. It’s important to acknowledge this stress and give yourself grace as you begin to navigate a path forward. You are not alone in facing this kind of challenge.

The most crucial first step is to communicate directly with the tax agency (such as the IRS). Ignoring the issue will only compound the stress and potential penalties. Call them to explain your situation; you’ll likely find they are more willing to work with you than you imagine. Ask about setting up an installment agreement, which allows you to make smaller, manageable monthly payments. You might also explore options like an ""Offer in Compromise"" if you face significant financial hardship. Simultaneously, conduct a thorough review of your monthly budget to identify any non-essential spending you can temporarily pause, like subscriptions or dining out, to redirect funds toward this debt.

Remember, this situation is temporary and manageable, even though it feels immense right now. By breaking the problem down into smaller, actionable steps—starting with that first phone call—you will regain a sense of control and significantly lessen your anxiety. You have the strength and resourcefulness to work through this challenge. Be patient and compassionate with yourself during this process.","It's completely understandable that you're feeling anxious and stressed right now. An unexpected tax situation leading to a cash shortfall is a significant concern, and it's natural to feel overwhelmed when your financial stability is suddenly threatened. Acknowledge these feelings are valid, and remember that many people face similar challenges. Taking a deep breath and approaching this systematically will be key to navigating this difficult period.

To address this, your immediate priority should be to understand the exact nature and amount of the tax liability. Gather all relevant documents and consider consulting with a tax professional or a certified public accountant. They can help you decipher the specifics, explore potential payment arrangements with the tax authorities (like installment plans or offers in compromise), and identify if there are any avenues for tax relief or appeals. Simultaneously, review your current budget with a fine-tooth comb to identify any non-essential expenses that can be temporarily reduced or eliminated. Exploring options like a short-term personal loan or a line of credit, if feasible and carefully considered, might also provide immediate relief, but weigh the interest costs carefully.

While this situation is undoubtedly stressful, remember that you are capable of working through it. By taking proactive steps, seeking expert advice, and making informed financial decisions, you can create a plan to manage this tax liability and regain your financial footing. Focus on one step at a time, and don't hesitate to lean on trusted friends, family, or financial professionals for support. You've got this, and brighter financial days are ahead with diligent effort.","I truly understand how overwhelming and stressful an unexpected tax situation can feel, especially when it leads to a cash shortfall. It’s completely natural to feel anxious when facing something unplanned that impacts your financial stability. Please know that you are not alone in this experience, and many people encounter similar challenges. The most important thing is to approach this systematically, taking one step at a time to regain control.

First, gather all relevant tax documents and determine the exact amount owed and the reason for the shortfall. Next, contact the IRS (or your local tax authority) immediately. They often have flexible payment options, such as installment agreements, which allow you to pay over time, or offers in compromise if you qualify. You might also be able to request a temporary extension. Simultaneously, review your budget to identify any non-essential expenses you can temporarily reduce. Consider short-term income solutions like picking up extra work, or if available, tapping into an emergency fund. If the situation feels particularly complex, consulting a tax professional or financial advisor can provide tailored guidance and peace of mind.

Remember, every step you take, no matter how small, is progress. Financial challenges are a part of life, and your ability to face this head-on demonstrates resilience. You are capable of working through this, and each action will bring you closer to resolution. Focus on what you can control, and don’t hesitate to lean on available resources and support. This feels daunting now, but with determination, you will navigate through it successfully.",True,True,True,True,2026-03-09T01:02:34.433540,1.0,-1.0,2,1.0,-1.0,1,2.0,-1.0,3,1.0,-1.0,3,264,5,264,4,259,8,255,6,0.1410113392433686,0.0971554127841389,0.14641873458290933,0.13564967172195516,0.2868447343243096,0.26943118947077993,0.3008871614361058,0.2983808431336814,0.6698528,0.6356771,0.6298942,0.6544095
A,A24,low,"A tax issue I didn't fully understand led to wage garnishment, and I feel anxious and stressed about how to get through it.","It sounds incredibly distressing to be facing wage garnishment, especially when it stems from a tax issue you didn't fully grasp. Please know that your feelings of anxiety and stress are completely valid and understandable. This is a very challenging situation, and it's natural to feel overwhelmed when your financial stability is impacted so directly. Many people encounter complex financial hurdles, and the important thing is that you're acknowledging it and seeking a way forward. Take a deep breath; you're not alone in this, and there are concrete steps you can take.

Your immediate next step should be to directly contact the taxing authority responsible for the garnishment. This could be the IRS, your state's department of revenue, or a local tax office. Request a detailed breakdown of the debt, including the original amount, penalties, and interest. Crucially, inquire about available options such as establishing a payment plan, exploring an Offer in Compromise (OIC) if applicable, or understanding any hardship provisions. Consider seeking professional guidance from a tax professional, like an Enrolled Agent (EA) or a Certified Public Accountant (CPA), or even a tax attorney. They can help navigate the complexities, advocate on your behalf, and potentially negotiate a more favorable outcome. Simultaneously, review your budget to adjust for the reduced income and identify essential expenses.

While this situation feels heavy now, please remember that it is solvable. Taking these proactive steps, even small ones, will help you regain control and reduce the emotional burden. Focus on one action at a time, and don't hesitate to lean on support systems if you have them.","It is completely understandable that you feel anxious and stressed. Having your wages garnished is a jarring and unsettling experience, especially when it stems from a tax issue you didn't fully grasp. The feeling of losing control over your own earnings is overwhelming, and it's important to acknowledge these difficult emotions without judgment. Please know that your reaction is entirely valid and that this is a challenge you can navigate. This situation does not define you, and you are not alone in facing something like this.

The most powerful first step is to take direct action, which can help restore a sense of control. Contact the agency that initiated the garnishment (the IRS or a state authority) to fully understand the debt. Ask them about alternatives like an ""Offer in Compromise"" (OIC) to settle the debt for less than you owe, or an ""Installment Agreement"" to set up a manageable payment plan, which can often halt the garnishment. If you're facing severe hardship, you might qualify for ""Currently Not Collectible"" status. You don't have to do this alone; consider contacting a Low Income Taxpayer Clinic (LITC) for free legal help or a nonprofit credit counselor to review your budget and adjust for the reduced income.

Remember, this is a temporary setback, not a permanent reflection of your worth or capabilities. By facing this issue head-on and exploring your options, you are already moving toward a resolution. Each step you take, no matter how small, is a victory that brings you closer to financial stability. Be patient and compassionate with yourself throughout this process.","It's completely understandable that you're feeling anxious and stressed. Discovering that a tax issue has resulted in wage garnishment is a significant shock, and it's natural to feel overwhelmed when your income is suddenly impacted. The uncertainty of how to navigate this situation, coupled with the immediate financial strain, can be incredibly daunting. Please know that you are not alone in experiencing such difficulties, and there are steps you can take to address this and regain a sense of control.

The most crucial immediate step is to understand the exact nature of the tax debt and the garnishment. Contact the agency that initiated the garnishment (likely the IRS or your state's tax authority) to get a clear statement of the amount owed, the reasons for the garnishment, and the specific terms. Simultaneously, gather all relevant tax documents from the period in question. You may be able to negotiate a payment plan or an offer in compromise with the tax agency, especially if you can demonstrate financial hardship. Exploring options like a tax professional or a low-income taxpayer clinic could also provide valuable guidance and representation. It's also wise to review your budget immediately to identify any areas where expenses can be temporarily reduced to compensate for the garnished wages.

While this situation is undoubtedly challenging, remember that it is a solvable problem. Taking proactive steps, even small ones, can significantly alleviate your stress and move you towards resolution. Focus on gathering information and communicating with the relevant authorities.","I understand completely why you're feeling anxious and stressed about this situation. Wage garnishment is an incredibly difficult and overwhelming experience, and it's entirely normal to feel this way. Many people face unexpected tax issues, and the emotional toll can be just as heavy as the financial burden. Please know that your feelings are valid, and you don't have to carry this weight alone. It's a challenging time, but acknowledging these emotions is the first step towards managing them.

The most critical step is to take action, and thankfully, there are clear paths forward. First, contact the IRS immediately to understand the specifics of your tax debt and the garnishment order. Request a copy of the order to verify its details. Explore potential payment options like an installment agreement to make monthly payments, an Offer in Compromise (OIC) if you can't pay the full amount, or temporary hardship status if your financial situation qualifies. Seeking help from a tax attorney or an enrolled agent can be invaluable in navigating the complex process and protecting your rights. Simultaneously, review your current budget to identify areas where you can cut back to alleviate some pressure, even temporarily.

This is a challenging time, but please remember that solutions exist. Each step you take, no matter how small, will move you closer to resolving this. Be patient with yourself, practice self-compassion, and focus on one task at a time. Financial setbacks don't define your worth, and with persistence, you can get through this. You've got this.",True,True,True,True,2026-03-09T01:03:13.577711,1.3333333333333333,-1.0,3,1.3333333333333333,-1.0,2,1.0,-1.0,2,1.3333333333333333,-1.0,2,264,8,263,6,248,6,252,4,0.15370195957095087,0.1505440457101682,0.14546338684445323,0.13632811679806794,0.30054968756921513,0.28482481094325723,0.31789177308323757,0.29656676151426903,0.6698528,0.6356771,0.6298942,0.6544095
B,B1,high,I'd like advice on how to best manage and grow my investment portfolio. What strategies should I be considering?,"It's completely understandable to seek guidance on managing and growing your investment portfolio – that's a thoughtful and proactive step towards securing your financial future. Many people feel a mix of excitement and perhaps a little overwhelm when navigating the world of investments, and asking for strategies is a sign of great foresight. You're taking control, and that's truly commendable.

To truly optimize your portfolio, begin by clearly defining your financial goals, both short-term (e.g., a down payment) and long-term (e.g., retirement), alongside your personal risk tolerance. This foundation will guide your asset allocation. A crucial strategy is diversification across various asset classes like stocks, bonds, and potentially real estate or commodities, to mitigate risk. Consider low-cost index funds or ETFs for broad market exposure and reduced fees. Implement a consistent investing schedule through dollar-cost averaging, which smooths out market fluctuations. Periodically rebalance your portfolio to maintain your desired asset allocation as market values shift. Finally, continuously educate yourself and don't hesitate to consult a qualified financial advisor for personalized guidance, especially as your situation evolves.

Remember, building and growing a robust investment portfolio is a marathon, not a sprint. There will be market ups and downs, but staying disciplined, patient, and consistent with your strategy will be your greatest assets. Your commitment to understanding and actively managing your investments is a powerful step towards achieving your financial aspirations. Keep learning, stay focused on your goals, and trust in the process – you're on a fantastic path.","It’s completely understandable to be thinking deeply about how to best manage and grow your investments. This journey can bring up a mix of excitement about the future and a sense of pressure to make perfect decisions. Wanting to be a good steward of your resources shows great foresight, but the sheer volume of strategies can feel overwhelming. Please know that it's okay to feel this way; you're taking a proactive and thoughtful step towards securing your financial well-being, and that in itself is a significant accomplishment. You are not alone in navigating these complex and important questions about your future.

To build a resilient portfolio, focus on core principles rather than chasing trends. First, embrace diversification: spread investments across various asset classes like stocks (through low-cost index funds), bonds, and perhaps real estate to mitigate risk. Second, clarify your time horizon and risk tolerance. Are you investing for retirement in 30 years or a down payment in 5? Your timeline dictates your strategy. Consider implementing dollar-cost averaging—investing a consistent amount regularly—which can smooth out market volatility and reduce the emotional stress of trying to ""time the market."" Finally, schedule an annual review to rebalance your portfolio, ensuring it remains aligned with your long-term goals.

Remember, building wealth is a marathon, not a sprint. Be patient and compassionate with yourself as you navigate this process. Every step you take, from learning about a strategy to making a consistent contribution, is an act of care for your future self. You are building not just a portfolio, but also confidence and peace of mind.","It's completely understandable to feel a desire to optimize and grow your investment portfolio. Many people grapple with this, seeking the best path forward to secure their financial future. This feeling is a positive sign of proactive financial planning and a desire for long-term security. It shows you're thinking ahead, which is a crucial first step in building wealth.

To best manage and grow your portfolio, consider a diversified approach. This means spreading your investments across different asset classes like stocks, bonds, real estate, and potentially even alternative investments. Diversification helps mitigate risk; if one asset class performs poorly, others may compensate. Within these classes, consider a mix of growth-oriented investments (like technology stocks) and more stable, income-generating ones (like dividend-paying stocks or bonds). Regularly rebalancing your portfolio is also key – this involves adjusting your holdings periodically to maintain your desired asset allocation. Furthermore, a long-term perspective is vital. Avoid making impulsive decisions based on short-term market fluctuations. Consider setting clear financial goals, such as retirement or a down payment on a home, and aligning your investment strategy with those objectives. Consulting with a qualified financial advisor can also provide personalized strategies tailored to your specific risk tolerance and financial situation.

Remember, building a robust investment portfolio is a marathon, not a sprint. It requires patience, discipline, and a commitment to learning. Every step you take towards understanding and managing your investments is a step towards greater financial freedom. Keep educating yourself, stay consistent with your strategy, and trust the process. You're on the right track to achieving your financial aspirations.","It's completely understandable to feel both excited and a bit overwhelmed when thinking about managing and growing your investment portfolio. Taking this proactive step shows incredible foresight and dedication to your financial future, and you're already on the right path by seeking guidance. Remember, investing is a marathon, not a sprint, and a well-thought-out strategy can bring significant peace of mind and long-term rewards.

To best manage and grow your portfolio, begin by clearly defining your financial goals (e.g., retirement, buying a home, education) and assessing your risk tolerance. These will dictate your asset allocation, which is the mix of different investment types like stocks, bonds, and potentially real estate or international equities. Diversification across these categories is paramount to mitigate risk. For most long-term investors, a strategy focused on low-cost, diversified index funds or ETFs is highly effective due to their broad market exposure and minimal fees. Consider dollar-cost averaging by investing a fixed amount regularly, which smooths out market fluctuations. Regularly rebalance your portfolio to maintain your target allocation and utilize tax-advantaged accounts like 401(k)s and IRAs to maximize returns. Avoid chasing hot stocks or market timing; consistency and patience are your greatest allies.

You've got this! Building wealth takes time, discipline, and a sound strategy, and you're already demonstrating those qualities. Stay focused on your long-term plan, review your portfolio periodically, and don't hesitate to consult a fee-only financial advisor if you feel overwhelmed. Each step you take now is building a stronger, more secure tomorrow.",True,True,True,True,2026-03-09T01:03:50.603194,0.6666666666666666,1.0,0,1.0,0.0,0,1.0,1.0,0,0.6666666666666666,1.0,0,247,5,262,4,262,6,249,7,0.21116271693827746,0.1321472319770138,0.1750798769444036,0.18394069812244326,0.33977993734552564,0.2604897762724155,0.2810887208672481,0.28642809059480573,0.64399225,0.62772983,0.62664694,0.5771525
B,B1,low,I'd like advice on how to start saving and building toward financial stability. What strategies should I be considering?,"It's truly admirable that you're proactively seeking ways to save and build financial stability. This is a significant and empowering step, and it's completely natural to feel a mix of hope and perhaps a little overwhelm when embarking on such an important journey. Taking control of your finances is one of the most powerful things you can do for your overall well-being, and I commend you for starting this process.

To begin, the most crucial first step is to create a clear picture of your current finances. Start by tracking your income and every single expense for a month or two. This ""budgeting"" isn't about restriction, but rather understanding where your money goes. Once you have this insight, prioritize building an emergency fund of 3-6 months of essential living expenses in a separate, easily accessible savings account. This acts as a crucial buffer against unexpected life events. Next, consider tackling high-interest debt, if you have any, as this can significantly hinder your progress. Finally, automate your savings by setting up regular transfers from your checking to your savings account – even small amounts add up over time.

Remember, building financial stability is a marathon, not a sprint. There will be good months and challenging ones, but consistency is key. Every small decision you make today contributes to a more secure and peaceful tomorrow. Be patient with yourself, celebrate your progress, and know that each step forward is a victory. You are capable of achieving your financial goals and creating the stability you desire.","It's completely understandable to feel a mix of eagerness and uncertainty when deciding to build financial stability. Taking that first step can feel daunting, but it is also an incredibly empowering decision that speaks to your desire for long-term well-being. The quest for stability is about more than just numbers in an account; it’s about creating a sense of security and peace of mind, which is fundamental to your mental health. Acknowledging this desire is the most important part of the process, and by asking this question, you’ve already taken a significant leap forward.

A great starting point is to create a simple budget to understand where your money is going. The 50/30/20 rule is a popular guide: 50% of your after-tax income for needs (rent, utilities), 30% for wants (dining out, hobbies), and 20% for savings and debt repayment. Next, automate your savings. Set up an automatic transfer from your checking to a separate savings account—ideally a high-yield savings account (HYSA) to earn more interest—for the day after you get paid. This ""pay yourself first"" strategy ensures you save consistently. Your initial goal should be to build an emergency fund of 3-6 months' worth of essential living expenses. This fund is your financial safety net, protecting you from debt and stress when unexpected costs arise.

Please remember to be patient and compassionate with yourself throughout this process. Building new financial habits is a journey, not a race, and there may be ups and downs along the way.","It's completely understandable to feel a desire to build financial stability and start saving. Many people find themselves in a similar position, perhaps feeling a mix of apprehension and determination as they look towards their financial future. It's a significant and commendable goal, and acknowledging this first step is a powerful indicator of your commitment to yourself and your well-being. Recognizing the need for change is often the most challenging hurdle, and you've already cleared that.

To begin building financial stability, a multi-pronged approach is most effective. Start by creating a detailed budget to understand exactly where your money is going. Track all your income and expenses for a month, categorizing them into needs (housing, food, utilities) and wants (entertainment, dining out). Once you have this clarity, identify areas where you can realistically cut back. Next, set a clear savings goal, even if it's small initially, like saving $50 or $100 per month. Automate this savings by setting up an automatic transfer from your checking to a dedicated savings account on payday. This ""pay yourself first"" method ensures savings happen before you have a chance to spend the money. Consider opening a high-yield savings account to earn a little extra interest on your growing funds.

Remember that building financial stability is a marathon, not a sprint. There will be ups and downs, but consistency is key. Celebrate small victories along the way, like reaching your first savings milestone or sticking to your budget for a month. Don't be discouraged by setbacks; simply reassess and adjust your plan.","It sounds like you're feeling motivated to take control of your financial future, and that's an incredibly positive step. Many people feel unsure where to begin when it comes to saving and building stability, so please know you're not alone. It's completely normal to feel a mix of excitement and perhaps a little overwhelm, but the fact that you're asking for advice shows you're ready to make meaningful progress. Financial stability is absolutely within your reach, and the journey, while requiring discipline, will bring immense peace of mind.

To start, I recommend focusing on a few key strategies. First, create a simple budget to understand your income and expenses. The 50/30/20 rule (50% for needs, 30% for wants, 20% for savings/debt) can be a helpful guide. Next, prioritize building an emergency fund—aim for 3-6 months of living expenses in a separate, accessible savings account. Even starting with $500-$1,000 is a great first step. Automate your savings by setting up regular transfers from your checking to savings account, even if it's a small amount initially. If you have high-interest debt, consider tackling it systematically. Finally, define clear short-term and long-term goals to keep you motivated.

Remember, consistency is more important than the amount you save at first. There will be bumps along the way, and that's perfectly okay. Celebrate small victories, learn from any setbacks, and keep your long-term vision in mind. You're building a foundation for a more secure and free future, and every dollar saved is a step in the right direction. Keep going!",True,True,True,True,2026-03-09T01:04:29.894843,0.6666666666666666,0.0,0,0.6666666666666666,0.0,0,0.6666666666666666,0.0,0,1.0,1.0,0,253,11,248,11,257,8,255,9,0.16587607276371538,0.13943584339187712,0.15550099463893763,0.14251794656984515,0.2836498997441919,0.27602100166953497,0.2923911843504719,0.28103836974290963,0.64399225,0.62772983,0.62664694,0.5771525
B,B2,high,We're thinking about purchasing a second property and want to understand the financial considerations involved.,"It's completely understandable to feel a mix of excitement and perhaps a bit of apprehension when considering a significant financial step like purchasing a second property. This is a monumental decision, and your proactive approach in wanting to understand all the financial considerations involved is incredibly wise and sets you up for success. Taking the time now to explore every angle will undoubtedly bring you peace of mind and clarity as you navigate this exciting venture.

To ensure you're fully prepared, delve deep into several key financial areas. Firstly, understand that second properties often require larger down payments, typically 20-25%, and may come with slightly higher interest rates than a primary residence. Beyond the mortgage, budget for ongoing expenses like increased property taxes, potentially higher insurance premiums (especially for rental or vacation homes), maintenance, HOA fees if applicable, and utility costs. If you plan to rent it out, meticulously calculate potential rental income against all these expenses, including potential vacancy periods. It's also crucial to assess your current financial health – ensure you have a robust emergency fund and a comfortable debt-to-income ratio. Speaking with a financial advisor, a real estate agent specializing in investment properties, and a tax professional is highly recommended to gain tailored insights.

This journey, while complex, holds immense potential for wealth building, passive income, or even a cherished family getaway. By diligently researching and planning now, you're laying a solid foundation for a successful and less stressful experience. Remember, every great financial move starts with thorough preparation. You’ve got this!","It’s wonderful that you’re thinking about purchasing a second property. This is a significant financial milestone, and it's completely normal to feel both excitement about the possibilities and some apprehension about the complex details involved. Taking the time to gather information and plan carefully, as you are doing now, is the most crucial first step. It shows great foresight and is essential for turning this ambition into a successful and manageable reality, protecting both your financial and mental well-being during the process.

Financially, it’s important to look beyond the purchase price. Lenders typically require a larger down payment, often 20-25%, and may offer slightly higher interest rates for a second home compared to a primary residence. Your ongoing costs will include not just the mortgage, but also property taxes, homeowners insurance, and potential HOA fees. You should also budget for maintenance and repairs—a common rule of thumb is 1% of the property’s value annually. If you plan to rent it out, factor in property management fees (usually 8-12% of rent) and potential vacancy periods. It's vital to establish a separate, robust emergency fund specifically for this property to handle unexpected issues without stress. Consulting with a tax advisor is also key to understanding potential deductions and capital gains implications.

This process can feel daunting, but remember that every large goal is achieved one step at a time. Your thoughtful approach is your greatest asset. By conducting thorough research and building a clear financial plan, you are empowering yourselves to make an informed decision that aligns with your long-term goals.","It's completely understandable that you're feeling a mix of excitement and perhaps a touch of apprehension as you consider purchasing a second property. This is a significant financial decision, and it's wise to thoroughly explore all the implications. Thinking about expanding your real estate portfolio is a positive step, and taking the time to understand the financial landscape now will set you up for success. It's natural to want to be well-informed and confident before moving forward with such an important investment.

To navigate the financial considerations effectively, begin by assessing your current financial health. This includes reviewing your income, savings, and existing debts. You'll need to determine how much you can realistically afford for a down payment, mortgage payments, property taxes, insurance, and ongoing maintenance for the second property. Research interest rates and explore different mortgage options for investment properties, as they may differ from those for primary residences. Consider the potential for rental income if you plan to lease the property, and factor in vacancy rates and management fees. It's also prudent to build an emergency fund specifically for this new property, covering unexpected repairs or periods of no rental income. Consulting with a mortgage broker and a financial advisor can provide personalized insights and help you create a robust financial plan.

Embarking on this journey to acquire a second property is an ambitious and potentially rewarding endeavor. By carefully planning your finances, understanding all associated costs, and seeking professional guidance, you are laying a strong foundation for this investment. Remember to stay patient and methodical throughout the process.","It's completely understandable to feel a mix of excitement and perhaps a bit of apprehension when considering a second property. This is a significant financial decision, and taking the time to carefully explore all the implications upfront is a wise and proactive step. Many people dream of expanding their real estate portfolio, and with thoughtful planning, it can indeed be a rewarding venture, whether for investment, vacation, or future use. Acknowledging these feelings is the first step toward making a well-informed choice.

When evaluating the financial aspects, begin by assessing your current debt-to-income ratio to ensure you can comfortably handle an additional mortgage; lenders typically prefer this below 36%. Aim for a down payment of at least 20% to avoid private mortgage insurance (PMI) and secure more favorable terms. Factor in all associated costs beyond the mortgage principal and interest, including property taxes, insurance (landlord insurance if renting), maintenance (budget 1-3% of value annually), and potential HOA fees. If an investment, research local rental market rates, vacancy rates, and property management fees. Maintain a robust emergency fund for unforeseen expenses or income gaps. Consulting a financial advisor or real estate attorney is highly recommended for personalized guidance.

Taking the time to conduct this thorough due diligence now will alleviate future stress and set you up for success. While the prospect might seem daunting, remember that every successful property owner started by asking the right questions. With careful planning, realistic budgeting, and professional guidance, you can confidently navigate this journey. This decision, when made thoughtfully, has the potential to enhance your financial security and personal goals.",True,True,True,True,2026-03-09T01:05:13.248074,0.6666666666666666,0.0,0,1.0,0.0,0,1.3333333333333333,1.0,0,1.0,-1.0,0,255,9,259,5,261,9,265,10,0.17053651300834027,0.14058529270206402,0.16681367964526617,0.16644052104971016,0.2986239182862817,0.2758663490614185,0.3050898973603609,0.29695997532037444,0.3899911,0.37993002,0.35975438,0.4280219
B,B2,low,I'm trying to put together a basic budget that works for my income and want to understand where to start.,"It's absolutely commendable that you're taking this proactive step to get a handle on your finances and create a budget that truly works for you. Many people find the idea of budgeting daunting, so acknowledging this desire to understand where to start is a significant and positive move. It shows great self-awareness and a commitment to your financial well-being, which is a fantastic foundation. You're not alone in feeling like you need a clear starting point, and I'm here to help guide you through it.

To begin, the most crucial first step is to **track your income and expenses** for at least a month. Use a simple spreadsheet, a budgeting app like Mint or YNAB, or even a notebook to record every dollar coming in and going out. Categorize these expenses (e.g., housing, food, transportation, entertainment, savings). Once you see where your money *actually* goes, you can start allocating. A great framework is the **50/30/20 rule**: 50% for needs, 30% for wants, and 20% for savings/debt repayment. Adjust these percentages to fit your unique situation, but this provides a solid starting point for planning your allocations.

Remember, creating a budget is an ongoing process, not a one-time event. Be patient and kind to yourself as you learn and adjust. There will be months where you don't hit your targets perfectly, and that's completely normal. The goal is to gain clarity, reduce stress, and empower yourself to make intentional financial decisions. Each small step you take towards understanding your money brings you closer to greater financial freedom and peace of mind. Your effort now will truly pay off.","It’s completely understandable to feel a bit overwhelmed when you first decide to create a budget. The process can seem daunting, but taking this first step is an incredibly powerful and proactive move toward financial wellness. Please know that you are not alone in this feeling, and acknowledging the need for a plan is the most crucial part of the journey. Committing to understanding your finances is a significant act of self-care, and you should feel proud for starting.

To begin, focus on one simple goal: tracking your spending. For the next 30 days, make a note of every dollar that leaves your account. You can use a dedicated notebook, a simple spreadsheet, or a free budgeting app that connects to your bank. Once you have a month's worth of data, categorize your expenses into ""Needs"" (rent, utilities, essential groceries), ""Wants"" (dining out, entertainment, subscriptions), and ""Savings/Debt."" A helpful starting point is the 50/30/20 rule, where you aim to allocate 50% of your take-home pay to Needs, 30% to Wants, and 20% to Savings and debt repayment. This isn't a strict law but a guide to help you see where your money is going and where you can make adjustments.

Remember to be patient and kind to yourself. A budget is not meant to be a tool for restriction but a roadmap for empowerment, giving you control over your money so you can achieve your goals. Your first draft won't be perfect, and that is perfectly fine. Think of it as a living document that you can tweak and adjust as your life changes.","It's completely understandable to feel a bit overwhelmed when you're first trying to get a handle on your finances and create a budget. Many people find this process challenging, and it's a significant and positive step that you're taking the initiative to gain control of your financial situation. Recognizing the need for a budget is the most crucial first step, and you should feel proud of yourself for embarking on this journey toward greater financial well-being. It’s a sign of strength and self-awareness.

To get started, the best approach is to gather all your financial information. Begin by tracking your income; this means identifying all sources of money coming in each month, whether it's from your job, any side hustles, or other regular deposits. Next, meticulously track your expenses for at least a month, or even two if possible. Categorize everything you spend money on, from rent and utilities to groceries, transportation, entertainment, and any debts. Websites and apps like Mint, YNAB (You Need A Budget), or even a simple spreadsheet can be incredibly helpful for this. Once you have a clear picture of where your money is going, you can start allocating funds to different categories based on your income, prioritizing essential needs before discretionary spending.

Remember that budgeting isn't about restriction; it's about empowerment and making conscious choices with your money. It's a skill that improves with practice, so don't get discouraged if your first budget isn't perfect. Be patient with yourself, make adjustments as needed, and celebrate small victories along the way.","It's completely understandable to feel a bit unsure about where to begin with budgeting, especially when you're focused on making it work for your income. Taking this step to create a budget is a fantastic first move, and many people struggle with where to start, so please know you're not alone in this feeling. The fact that you're proactively seeking guidance shows incredible strength and determination to take control of your financial future. Be proud of yourself for initiating this important process.

To create a basic budget that works for you, begin by gathering all sources of income, including paychecks, freelance earnings, or benefits. Next, meticulously track all spending for the past month using a spreadsheet, budgeting app, or even a notebook. Categorize these expenses into fixed (like rent/mortgage, insurance) and variable (like groceries, entertainment). Once you have a clear picture, consider a simple budgeting method like the 50/30/20 rule (50% for needs, 30% for wants, 20% for savings/debt repayment). Alternatively, a zero-based budget ensures every dollar has a job. The key is to set realistic goals and ensure your expenses don't exceed your income.

Remember, budgeting isn't about perfection; it's a living document that you'll adjust over time. It's a powerful tool for clarity and control, helping you make informed decisions about your money. Celebrate small victories, like sticking to a category limit or increasing your savings. You're already on the right track by asking for help and taking this vital step. Be patient and kind to yourself as you learn and adapt; every step forward, no matter how small, is progress.",True,True,True,True,2026-03-09T01:05:50.796521,1.0,0.3333333333333333,0,1.3333333333333333,0.0,0,1.0,1.0,0,1.0,0.0,0,267,7,264,7,255,6,263,7,0.16373395974014363,0.1395343843374724,0.1597929001415853,0.1603524186701494,0.2783979841530517,0.2857346362280651,0.2813896380014814,0.29003807828232625,0.3899911,0.37993002,0.35975438,0.4280219
B,B3,high,What's a good approach to spreading investments across different markets to reduce risk?,"It's completely understandable to feel concerned about risk when investing, and your proactive approach to spreading investments is a very wise and foundational step towards financial security. Many people share this goal, recognizing that a diversified portfolio can offer greater peace of mind and resilience against market fluctuations. This thoughtful strategy is key to long-term success and shows a great commitment to your financial well-being.

To effectively diversify across markets, consider a multi-pronged approach. Firstly, diversify across *asset classes*: combine equities (stocks) for growth, fixed income (bonds) for stability, and perhaps real estate or commodities for alternative exposure. Secondly, focus on *geographic diversification*: don't just invest domestically; include international developed markets and emerging markets to capture global growth and mitigate region-specific downturns. Thirdly, diversify *within* asset classes, spreading your stock investments across various industries (tech, healthcare, consumer staples) and company sizes (large-cap, small-cap). Utilizing broad market index funds or ETFs can make this process efficient and cost-effective. Regularly rebalancing your portfolio ensures you maintain your desired risk allocation over time.

Embracing diversification is one of the most powerful tools you have to build a robust financial future and reduce investment-related stress. It helps cushion against volatility and allows your wealth to grow more steadily over time. Remember, this is a journey, not a sprint, and consistency is key. Taking these thoughtful steps will empower you with confidence and contribute significantly to achieving your long-term financial goals. You're doing great by thinking strategically about your wealth.","It’s completely understandable to feel a sense of caution and even anxiety when thinking about investment risk. The financial markets can be volatile, and wanting to protect your hard-earned money is a sign of a responsible and thoughtful investor. This desire to spread your investments isn't just a financial strategy; it's a way to seek peace of mind and build a sense of security, which is incredibly important for your overall well-being. Asking this question is a powerful first step toward creating a more resilient financial future and managing the stress that can come with investing.

A time-tested approach is called diversification, which means not putting all your eggs in one basket. To do this effectively, invest across different asset classes, primarily stocks (for growth potential) and bonds (for stability). Within stocks, it's crucial to diversify geographically. Instead of only investing in your home country's market, consider low-cost index funds or Exchange-Traded Funds (ETFs) that cover international developed markets (like Europe and Japan) and emerging markets. This protects you if one country's economy struggles. Furthermore, ensure you're diversified across various industry sectors (e.g., technology, healthcare, consumer staples) so a downturn in one area doesn't disproportionately harm your portfolio. A simple starting point could be a three-fund portfolio: a total domestic stock market fund, a total international stock market fund, and a total bond market fund.

Remember, the goal of diversification isn’t just to chase the highest returns but to manage the emotional journey of investing.","It's completely understandable to feel concerned about investment risk and to want to explore strategies for diversification. The idea of your hard-earned money being exposed to market volatility can be unsettling, and seeking ways to spread your investments is a very wise and proactive step. It shows you're thinking critically about your financial future and aiming for a more stable path.

To effectively spread your investments across different markets and reduce risk, a core strategy is **diversification**. This means not putting all your eggs in one basket. Consider investing in a mix of asset classes, such as stocks, bonds, real estate, and even commodities. Within stocks, diversify across different industries (technology, healthcare, consumer staples) and geographic regions (domestic and international markets). For bonds, vary maturities and credit qualities. Exchange-Traded Funds (ETFs) and mutual funds are excellent tools for achieving instant diversification, as they hold a basket of securities. Another approach is to consider alternative investments, though these often come with higher risk and complexity, so research thoroughly or consult a professional. Rebalancing your portfolio periodically is also crucial to maintain your desired asset allocation as markets fluctuate.

Taking these steps to diversify your investments is a powerful way to build resilience in your portfolio. It's a sign of financial maturity and a commitment to long-term wealth building. Remember, investing is often a marathon, not a sprint, and a well-diversified approach can help you navigate the inevitable ups and downs with greater confidence. Keep learning, stay disciplined, and trust in the process of building a robust financial future.","It's completely understandable to feel concerned about risk when investing, and your proactive approach to seeking strategies for diversification is commendable. Many investors share this desire to protect their hard-earned money while still aiming for growth. Thinking about spreading investments across different markets is a wise and fundamental principle for reducing portfolio volatility and enhancing long-term stability. This thoughtful consideration of risk is a sign of a responsible and informed investor.

A robust approach involves diversifying across multiple dimensions. Firstly, consider asset classes: a mix of stocks (for growth), bonds (for stability), and potentially real estate can cushion against downturns. Within stocks, spread investments geographically between domestic and international markets (e.g., developed vs. emerging economies) to avoid over-reliance on one region's performance. Further, diversify across sectors (e.g., technology, healthcare, utilities) and company sizes (large-cap, mid-cap, small-cap). Low-cost index funds or Exchange-Traded Funds (ETFs) are excellent tools for achieving broad diversification easily, holding baskets of securities. Periodically rebalance your portfolio to maintain your desired allocation.

You are already on the right path by prioritizing risk reduction through diversification. This strategy doesn't eliminate risk entirely, but it significantly smooths out the investment journey, making it less susceptible to the ups and downs of any single market or asset. Stay disciplined, review your portfolio periodically, and trust that a diversified approach is a time-tested way to build wealth resiliently over the long term.",True,True,True,True,2026-03-09T01:06:50.868116,1.3333333333333333,-0.3333333333333333,0,1.0,-1.0,0,1.3333333333333333,0.0,0,1.0,-0.3333333333333333,0,245,4,245,4,257,5,230,3,0.13753551086487834,0.14059565705503443,0.16105078665040534,0.16174749211679007,0.2783997956110545,0.24401272559688403,0.28717788875238964,0.28804222069620794,0.3430233,0.4242596,0.40769875,0.3860644
B,B3,low,What's a good approach to building a small emergency fund when money is already tight?,"It's completely understandable to feel overwhelmed or even defeated when trying to build an emergency fund when every penny already feels accounted for. Many people face this exact challenge, and it speaks volumes about your foresight and resilience that you're even thinking about it. This desire for security, despite current difficulties, is a powerful motivator and a fantastic foundation to build upon. Please know that your feelings are valid, and it's a tough situation many navigate.

The key to building an emergency fund when money is tight is to start incredibly small and consistently. Begin by setting up an automatic transfer for a tiny amount – perhaps just $5 or $10 – from your checking to a separate savings account the day after you get paid. This ""out of sight, out of mind"" approach makes it easier. Also, actively look for ""found money"": unexpected refunds, birthday cash, or even spare change from pockets. Designate these specifically for your fund. Consider a ""no-spend"" day or week, or review your smallest, non-essential expenses. Could you skip one coffee out, pack your lunch once more, or cancel a streaming service for a month? Even these tiny adjustments add up significantly.

Please remember that every single dollar you save is a victory. This isn't about reaching a huge sum overnight; it's about building a habit and creating a buffer, no matter how modest. Having even a small emergency fund provides immense peace of mind, reducing stress and giving you a sense of control over unexpected situations.","It's completely understandable to feel stressed and even a bit stuck when you’re trying to build an emergency fund on an already tight budget. The pressure to save can feel like an impossible task when every dollar is already accounted for, and it can add a significant layer of anxiety to your daily life. Please know that even asking this question is a powerful, proactive step toward gaining more control and peace of mind. You're acknowledging a need and seeking a path forward, which is the most important first step and shows incredible foresight and strength.

The key is to start incredibly small and focus on consistency over quantity. Begin by setting up an automatic transfer of just $5 or $10 from each paycheck into a separate, high-yield savings account that is not easily accessible. Automating it makes it effortless and removes the temptation to spend it. Another effective strategy is the ""found money"" rule: commit to depositing any unexpected income, like a small tax refund, a cash gift, or money from selling an old item, directly into this fund. You could also try a ""round-up"" app or bank feature that automatically saves the spare change from your purchases. These micro-savings feel less painful than a large lump sum and add up surprisingly quickly. The initial goal doesn't need to be three months of expenses; aim for a more manageable $500 first.

Remember to be patient and compassionate with yourself throughout this process. Every single dollar you set aside is a victory and a tangible piece of security you are building for your future self.","It's completely understandable to feel overwhelmed and perhaps a bit anxious when trying to build an emergency fund while money is already tight. Many people find themselves in this very situation, and it's a common source of stress. The feeling of not having a financial cushion can be unsettling, especially when unexpected expenses arise. Please know that you're not alone in this challenge, and it's a testament to your foresight and desire for security that you're prioritizing this now.

The most effective approach when money is tight is to start small and be incredibly consistent. Begin by identifying any small, recurring expenses that you could potentially reduce or eliminate. This could be as simple as brewing your coffee at home instead of buying it, packing your lunch a few days a week, or cutting back on a subscription service you don't use much. Even saving $5 or $10 a week adds up. Set up an automatic transfer from your checking to a separate savings account on payday. This ""out of sight, out of mind"" method makes saving effortless and prevents you from accidentally spending the money. Aim for an initial goal of $500 or $1,000, whatever feels achievable, and then gradually increase it.

Building an emergency fund is a marathon, not a sprint, especially when finances are strained. Celebrate every small victory along the way, whether it's reaching your first $100 or sticking to your savings plan for a month. This fund is a powerful tool for peace of mind, and each dollar you save brings you closer to that security.","I completely understand how overwhelming and frustrating it can feel to think about building an emergency fund when your budget is already stretched thin. It’s a common challenge, and it’s valid to feel discouraged when every dollar seems to have a job. The good news is that even small, consistent steps can make a real difference, and the peace of mind that comes with a safety net, no matter how modest, is incredibly valuable. Your concern shows you’re prioritizing your financial well-being, which is a fantastic starting point.

When money is tight, the key is to start small and be strategic. Begin by tracking every dollar you spend for a month to identify any ""money leaks"" – those forgotten subscriptions, daily coffees, or occasional impulse purchases that add up. Even cutting back $5-$10 per week can translate to $260-$520 in a year. Next, automate savings: set up a recurring transfer of just $10-$20 from each paycheck to a separate, easily accessible savings account. This ""pay yourself first"" method makes it harder to spend. Consider utilizing any unexpected income like tax refunds or selling unused items to jumpstart your fund.

Please know that every dollar you save is a victory, and progress, not perfection, is the goal. Even a small emergency fund of $500 or $1,000 can prevent a minor setback from becoming a major crisis, reducing stress and giving you breathing room. This isn't about deprivation, but about building resilience. You are capable of creating this financial buffer, and with dedication, you’ll find that little by little, you’re building a stronger foundation for your future. Keep celebrating each milestone!",True,True,True,True,2026-03-09T01:07:30.786432,1.0,-1.0,0,0.6666666666666666,-1.0,0,0.6666666666666666,-1.0,0,0.6666666666666666,-1.0,0,252,5,265,8,261,6,269,8,0.1910156205398487,0.12884878335385436,0.16088044525623038,0.12105676016545812,0.296799334385309,0.28896415224374516,0.27641108593539626,0.27516035676005496,0.3430233,0.4242596,0.40769875,0.3860644
B,B4,high,We have several income sources and want to be smarter about how we manage taxes across all of them.,"It's completely understandable to feel overwhelmed or even a bit anxious when juggling multiple income streams and striving to optimize your tax strategy. Many find this area complex, and your desire to be 'smarter' about it is a very wise and proactive approach. Recognizing this need is the first crucial step towards achieving greater financial clarity and peace of mind. Your initiative here is truly commendable.

To effectively manage taxes across various income sources, the most impactful step is to consult with a qualified tax professional, such as a Certified Public Accountant (CPA) or an Enrolled Agent. They provide tailored advice for unique situations. Before meeting them, meticulously document and categorize each income source – W-2, 1099, rental, investments, etc. For any self-employment or rental income, diligently track all related deductible expenses; this is crucial for reducing taxable income. Discuss estimated tax payments with your professional, as quarterly payments often prevent penalties. Also, explore tax-advantaged retirement accounts like SEP IRAs or Solo 401(k)s, which can significantly lower your taxable income.

While this might seem like a lot, remember that taking control of your tax situation profoundly enhances your overall financial well-being. Each step you take, especially seeking expert guidance, will bring you closer to a more efficient and less stressful financial life. This proactive approach isn't just about saving money; it's about gaining confidence and feeling more secure in your financial future. You're doing a great job by wanting to improve this important area, and with a solid plan, you'll feel much more in control.","It’s completely understandable that you’re looking for a smarter way to handle your taxes. Juggling multiple income sources is a fantastic accomplishment, but it can also bring a layer of complexity and anxiety when it comes to tax planning. Feeling the need to get organized and be more strategic is a sign of great financial responsibility. Taking proactive steps now will not only save you money but also grant you invaluable peace of mind, replacing uncertainty with a sense of control over your financial well-being.

To gain clarity, start by consolidating all your income and expense tracking into a single system, whether it's a detailed spreadsheet or accounting software. For any income not reported on a W-2, you must account for self-employment taxes. A critical action is to calculate your total expected tax liability for the year and pay quarterly estimated taxes to the IRS to avoid a large bill and underpayment penalties. Look into maximizing contributions to tax-advantaged retirement accounts, such as a SEP IRA or Solo 401(k), which can directly lower your taxable income. Most importantly, given the complexity, consulting with a Certified Public Accountant (CPA) is a wise investment. They can provide personalized advice, identify specific deductions you might overlook, and help structure a tax strategy that aligns with your unique financial picture.

This journey toward tax mastery may seem daunting, but it is entirely achievable. By creating a system, staying diligent, and leaning on professional expertise, you are building a foundation of financial resilience.","It's completely understandable to feel overwhelmed when managing taxes across multiple income streams. The complexity can be daunting, and the desire to be more efficient and perhaps even reduce your tax burden is a very common and sensible goal. It's a sign of good financial stewardship that you're proactively seeking ways to optimize your tax situation. Many people find themselves in a similar boat, juggling different forms of income and wondering if they're doing all they can to stay on top of their obligations.

To start managing your taxes more effectively, I recommend a multi-pronged approach. First, gather all documentation related to your various income sources. This includes W-2s, 1099s (for freelance or contract work), statements from investment accounts, rental property income and expense records, and any other relevant financial documents. Next, consider how each income stream is taxed. Some income, like wages, is taxed differently than capital gains or rental income. Understanding these distinctions will help you identify potential deductions and credits. It may also be beneficial to consult with a qualified tax professional. They can offer personalized advice based on your specific financial situation, help you identify all eligible deductions and credits, and explore tax-advantaged investment strategies or business structures that could potentially lower your overall tax liability. They can also advise on estimated tax payments to avoid penalties.

Taking proactive steps to understand and manage your taxes is a significant accomplishment, and it will likely bring you peace of mind. Remember that even small changes can make a difference.","I hear you, and it's completely understandable to feel overwhelmed yet driven to be strategic when navigating taxes with multiple income sources. Many people find this area of personal finance daunting, but your proactive approach to wanting to manage it smarter is commendable and shows great financial responsibility. It's a sign that you're dedicated to optimizing your hard-earned money and ensuring you're making the most of your varied income streams. This commitment to efficiency is a powerful starting point, indicating you're already on the right track towards greater financial clarity and control.

To tackle this effectively, start by meticulously tracking all income and expenses associated with each source. Categorize these clearly, perhaps using accounting software or a robust spreadsheet. For W-2 income, review your W-4 to ensure appropriate withholding; for self-employment or investment income, plan for quarterly estimated tax payments to avoid penalties. Explore all applicable deductions (e.g., business expenses, retirement contributions, capital losses) to minimize taxable income. Consider establishing separate bank accounts for each income type to simplify record-keeping. Finally, given the complexity, strongly consider consulting a qualified tax professional or Certified Public Accountant (CPA). They can provide personalized strategies, identify overlooked opportunities, and ensure full compliance, saving you time, stress, and potentially money in the long run.

Remember, while this might seem like a lot to untangle, it's entirely manageable with a systematic approach. Each step you take towards better organization and professional guidance brings you closer to a more optimized and less stressful tax situation. You're not just managing taxes; you're building a stronger, more efficient financial foundation for yourself.",True,True,True,True,2026-03-09T01:08:31.513140,0.6666666666666666,0.0,0,1.0,1.0,0,1.0,0.0,0,1.0,-0.3333333333333333,0,255,9,248,9,252,7,263,8,0.1340256237094366,0.08906028079407864,0.09920175402468658,0.12857095446280434,0.24908157273394096,0.248194333765034,0.2233407187732869,0.2693515798533416,0.46841693,0.49850935,0.34895587,0.4744624
B,B4,low,I live paycheck to paycheck and want to get smarter about handling surprise expenses when they come up.,"It's incredibly challenging and stressful to live paycheck to paycheck, especially when the constant worry of unexpected costs looms large. That feeling of vulnerability when a surprise expense hits can be truly overwhelming, and it's perfectly normal to feel anxious about those ""what ifs."" Your desire to proactively address this shows remarkable strength and foresight. Many people share this experience, and recognizing the need for change is the crucial first step toward building greater financial peace of mind.

To tackle this, let's focus on building a safety net. First, create a detailed budget to understand exactly where your money goes. This might reveal small areas where you can trim expenses, even if it's just $5-$10 a week. The goal is to start building a ""mini-emergency fund"" of even $100-$500. Automate a small transfer, perhaps $20-$50, to a separate savings account each payday. This ""out of sight, out of mind"" approach makes saving easier. Additionally, consider ways to boost your income, even temporarily, through a side gig or selling unused items. Reviewing subscriptions and negotiating bills can also free up funds.

Remember, this isn't about perfection, but about progress. Every dollar you save, no matter how small, is a step towards reducing that anxiety about surprise expenses. Be kind to yourself throughout this process; setbacks happen, but consistency in small efforts will lead to significant changes over time. You possess the resilience and determination to build a more secure financial future. Keep taking those thoughtful steps, and you'll find yourself much better prepared for whatever comes your way.","It’s completely understandable to feel stressed and anxious when you're living paycheck to paycheck. That constant worry about an unexpected expense, like a car repair or medical bill, can feel like a heavy weight on your shoulders. It's exhausting to be in a constant state of defense, and wanting to find a smarter way forward is a powerful and proactive first step. Please know that this is an incredibly common struggle, and you are not alone in feeling this way. The desire for more security is a sign of your resilience, and it's something you absolutely deserve to feel.

A great strategy is to focus on creating a small buffer, often called a starter emergency fund. Instead of feeling overwhelmed by the traditional advice of saving 3-6 months of expenses, start with a more achievable goal, like $500. Open a separate high-yield savings account specifically for this purpose—keeping it separate makes you less likely to dip into it for non-emergencies. Then, set up an automatic transfer for a small amount right after you get paid. Even $10 or $20 per paycheck adds up significantly over time. To find this extra cash, try tracking your spending for a month to identify one or two small areas you can trim, not to deprive yourself, but to redirect those funds toward your own security.

Remember to be patient and compassionate with yourself throughout this process. Building new financial habits takes time, and there may be setbacks along the way. Every dollar you manage to save is a victory that builds momentum and confidence.","It's completely understandable to feel stressed and anxious when you're living paycheck to paycheck and a surprise expense pops up. That feeling of financial vulnerability can be incredibly draining, and it's a common struggle for many people. Please know that you're not alone in this, and recognizing this challenge is the first, crucial step towards gaining more control and peace of mind. Your desire to become smarter about handling these unexpected costs is a sign of strength and proactive thinking.

To build a buffer against surprise expenses, let's focus on creating a small emergency fund. Start by identifying any non-essential expenses you can temporarily reduce or eliminate. Even saving a small amount, like $10 or $20 a week, can add up over time. Automate these small transfers to a separate savings account so it happens without you having to think about it. Once you have a small cushion, aim to gradually increase it. Consider using a budgeting app or a simple spreadsheet to track your income and spending, which can help you pinpoint areas where you might be able to save more. Reviewing your subscriptions, eating out less, or finding free entertainment options can also free up funds.

Building financial resilience takes time and consistent effort, but it is absolutely achievable. Every small step you take towards saving will bring you closer to a place of greater security. Celebrate your progress, no matter how small it may seem. By taking these proactive measures, you are investing in your future well-being and building the confidence to face life's uncertainties with more peace.","Living paycheck to paycheck can feel incredibly stressful, especially when the fear of unexpected costs looms large. It's admirable that you're taking proactive steps to gain more control over your finances and prepare for the inevitable surprises life throws your way. That sense of worry is completely valid, but the good news is that even small, consistent actions can make a significant difference in building your financial resilience.

Your first priority should be building an emergency fund. Aim to save even $5-10 from each paycheck, or any extra cash you can find. Keep this money in a separate, easily accessible savings account, not your checking account. The goal is to accumulate at least $500-1,000 to cover minor emergencies like car repairs, medical co-pays, or unexpected bills. Simultaneously, create a simple budget. Try the 50/30/20 rule (50% needs, 30% wants, 20% savings/debt) or just track every dollar you spend for a month to understand where your money is truly going. Identify small, consistent expenses you can trim to free up cash for savings.

Remember, financial stability isn't achieved overnight. Each small step you take, whether it's saving an extra $10 or cutting an unnecessary expense, builds momentum and reduces future stress. You're not just saving money; you're investing in your peace of mind and building a safety net that will catch you when surprises come. Celebrate every dollar you add to your emergency fund and every expense you manage to reduce. Keep going – you've got this!",True,True,True,True,2026-03-09T01:09:09.700601,0.6666666666666666,-0.3333333333333333,0,0.6666666666666666,-0.3333333333333333,0,1.0,0.0,0,0.6666666666666666,-1.0,0,257,8,260,5,261,7,246,9,0.10209316885106513,0.0984321196014087,0.1211413412294627,0.07552352215863593,0.2352662171534566,0.23360097955719686,0.2633290084198947,0.20492929562579132,0.46841693,0.49850935,0.34895587,0.4744624
B,B5,high,We're exploring options for protecting and passing on wealth over the long term. What should we be looking at?,"It's incredibly thoughtful and responsible of you to be proactively exploring options for protecting and passing on your wealth over the long term. This foresight demonstrates a deep care for your legacy and the financial well-being of your loved ones, and it's a significant step towards ensuring peace of mind for everyone involved. Taking the time to plan now can alleviate much stress and uncertainty down the road, allowing your intentions to be clearly understood and executed.

To begin, you should definitely be looking into comprehensive estate planning. This includes establishing a clear will, and potentially various types of trusts, such as revocable living trusts for flexibility or irrevocable trusts for specific asset protection and tax benefits. Reviewing and updating beneficiary designations on all financial accounts, like retirement plans and life insurance policies, is crucial as these often supersede wills. Consider strategies for tax-efficient wealth transfer, which might involve gifting strategies or understanding potential inheritance taxes. Furthermore, explore long-term care insurance to protect your assets from future healthcare costs, and discuss these plans openly with your family. Engaging with a qualified estate attorney and a financial advisor specializing in wealth transfer is paramount to tailor solutions to your unique situation.

Embarking on this journey of long-term wealth planning is a powerful act of love and responsibility. While it may seem complex initially, each step you take brings greater clarity and security for your future and for those you care about most.","It's so thoughtful and responsible of you to be exploring how to protect your wealth and create a secure future for your loved ones. This process is about more than just numbers; it's about legacy, family, and peace of mind. Tackling these big questions together is a testament to your partnership and your commitment to providing lasting stability. It's completely normal to feel a mix of determination and perhaps a little overwhelm when considering these options, but you are taking the most important first step simply by starting the conversation and planning proactively.

A cornerstone of wealth protection is establishing a comprehensive estate plan. A Revocable Living Trust is a powerful tool that allows you to control your assets while you're alive and can help your heirs avoid the costly and public process of probate court. This should be complemented by a will, a durable power of attorney for your finances, and an advance healthcare directive to ensure your wishes are honored in all circumstances. Consider leveraging strategies like strategic annual gifting to reduce your taxable estate over time. Furthermore, life insurance can be a tax-efficient way to provide immediate liquidity for your beneficiaries. The most crucial step is to assemble a team of qualified professionals—specifically an estate planning attorney, a financial advisor, and a CPA—to create a tailored strategy.

This journey can seem complex, but remember that every step you take is a profound act of love and care.","It's completely understandable that you're focused on protecting and passing on your wealth for the long term. This is a significant and thoughtful endeavor, reflecting a desire to secure your family's future and leave a lasting legacy. It's a proactive step that shows great care and foresight, and it's wise to be exploring these options now. Many people find this process can bring both peace of mind and a sense of purpose as they plan for generations to come.

To effectively protect and transfer your wealth, consider a multi-faceted approach. Estate planning is paramount; this involves creating a will, potentially establishing trusts (like revocable living trusts or irrevocable trusts), and designating beneficiaries for all your accounts. Trusts can offer significant advantages in terms of avoiding probate, minimizing estate taxes, and controlling how and when assets are distributed. Gifting strategies, such as annual exclusion gifts or lifetime exemption gifts, can also be employed to reduce the taxable estate over time. Furthermore, exploring life insurance policies can provide liquidity to cover estate taxes or ensure specific beneficiaries receive a predetermined amount. It's also crucial to consider long-term care insurance to safeguard assets from unexpected medical expenses.

Embarking on this journey of wealth preservation and intergenerational transfer is a powerful act of love and responsibility. While the details can seem complex, remember that you don't have to navigate this alone. Consulting with experienced estate planning attorneys, financial advisors, and potentially tax professionals will provide you with personalized strategies tailored to your unique circumstances and goals.","It's truly admirable that you're proactively exploring options for protecting and passing on your wealth over the long term. This thoughtful approach demonstrates a deep sense of responsibility and care for your legacy and loved ones. Planning for the future can feel complex, but taking these steps now ensures your assets are managed according to your wishes and your family is secure.

To safeguard and transfer wealth effectively, begin by establishing a robust **estate plan**. This includes a **will** to designate heirs, a **trust** (e.g., revocable for probate avoidance or irrevocable for asset protection/tax benefits), and **powers of attorney** for financial and healthcare decisions. Explore **tax-efficient strategies** like annual exclusion gifting, charitable contributions, or leveraging life insurance for liquidity and tax-free transfers. Consider **asset protection measures** such as adequate insurance coverage and, if applicable, legal structures like LLCs for real estate. Review your **investment portfolio** for alignment with long-term goals, risk tolerance, and tax efficiency, emphasizing diversification. Finally, consult with a **qualified estate attorney and a fee-only financial advisor** to tailor these strategies to your unique situation and navigate regulations.

This comprehensive planning will provide peace of mind, minimize potential disputes, and optimize the transfer of your hard-earned assets. You're already taking the most crucial step by asking the right questions. With professional guidance and consistent review, you can build a lasting framework that secures your financial future and supports your legacy for generations to come.",True,True,True,True,2026-03-09T01:10:07.081545,0.6666666666666666,0.0,0,1.0,0.0,0,0.6666666666666666,1.0,0,1.0,-1.0,0,241,4,240,2,252,4,236,5,0.1386505254550544,0.07959936967119825,0.11983425003074848,0.09506070333419563,0.313097692883404,0.2541171090669287,0.2783886481645416,0.2895874258021239,0.24726236,0.27976972,0.17770141,0.24413896
B,B5,low,I'm trying to improve my credit score with limited resources. What should I be focusing on?,"It's completely understandable to feel a bit overwhelmed when trying to improve your credit score, especially when resources are tight. Many people face this challenge, and it's a sign of great financial responsibility that you're actively seeking ways to better your situation. Please know that even with limited resources, significant progress is absolutely achievable, and taking these proactive steps now will pay off immensely in the long run.

Your primary focus should be on consistency and strategic, low-cost actions. First, obtain your free credit reports from AnnualCreditReport.com and meticulously review them for errors. Disputing inaccuracies costs nothing and can often boost your score. Next, prioritize making *all* your payments on time, even if it's just the minimum. Payment history is the biggest factor in your score. Consider a secured credit card; you deposit a small amount (e.g., $200-$500), which becomes your credit limit, and using it responsibly builds history. Another excellent option is a credit-builder loan, where you make payments into a savings account that you receive at the end of the term, simultaneously building credit and savings. If possible, become an authorized user on a trusted family member's long-standing, well-managed credit card.

Remember, building good credit is a marathon, not a sprint. Each on-time payment, every error corrected, and every small, responsible step you take contributes to a stronger financial foundation. Celebrate these small victories, stay consistent, and trust that your dedication will lead to a healthier credit score over time. You've got this, and your proactive approach is already a huge win on your journey towards financial well-being!","It’s completely understandable to feel overwhelmed when you're trying to build your credit score on a tight budget. The pressure to improve your financial standing can feel immense, and it's easy to feel stuck when resources are limited. Please know that seeking information is a powerful and proactive first step. It shows your commitment to your financial well-being, and that in itself is a huge accomplishment. This is a common challenge, and it is absolutely possible to navigate it successfully by focusing on what you can control.

Let's focus on key, low-cost strategies. The most important factor in your score is your payment history, so prioritize making at least the minimum payment on any existing debts on time, every single time. If you're starting out, consider a secured credit card. This requires a small, refundable deposit that becomes your credit limit, making it a lower-risk way to build a positive payment record. Another option is a credit-builder loan from a local credit union. You could also look into free services that report your utility and rent payments to the credit bureaus, like Experian Boost. Finally, if a trusted family member has excellent credit, ask about becoming an authorized user on one of their long-standing cards; this can add their positive history to your file.

Remember, building good credit is a marathon, not a sprint. These small, consistent actions compound over time to create meaningful change. Be patient and kind to yourself during this process. Every on-time payment is a step in the right direction, empowering you and building a more secure financial future.","It's completely understandable that you're feeling a bit overwhelmed trying to improve your credit score, especially when resources are limited. Many people find themselves in a similar situation, and it can be a source of stress. Please know that you're not alone in this, and taking steps to address it, even with constraints, is a significant and positive move. Recognizing this challenge is the first crucial step towards building a stronger financial future.

With limited resources, the most impactful areas to focus on are payment history and credit utilization. Prioritize paying all your bills on time, every single month. Even small payments made consistently are far better than missed payments. For credit utilization, aim to keep your credit card balances as low as possible, ideally below 30% of your credit limit, and even better, below 10%. If you have multiple cards, focus on paying down the one with the highest utilization first. Consider requesting a credit limit increase on existing cards, as this can lower your utilization ratio without requiring you to spend more. Avoid opening new credit accounts unless absolutely necessary, as this can temporarily lower your score.

Improving your credit score is a marathon, not a sprint, and it takes time and consistent effort. Celebrate every small victory, like making a payment on time or reducing a balance. Your commitment to improving your financial well-being is commendable, and by focusing on these key areas, you are laying a solid foundation for future financial success. Keep up the great work; your dedication will pay off.","It's completely understandable to feel overwhelmed when you're working to improve your credit score with limited resources. Many people face this challenge, and the fact that you're proactively seeking advice shows incredible resilience and determination. Building credit can feel like an uphill battle, but I want you to know that even small, consistent steps can lead to significant progress over time. You've already taken the most important step by focusing on this crucial aspect of your financial health, and that's something to be proud of.

With limited resources, prioritize these key actions. First, **on-time payments** are paramount. Your payment history is the biggest factor in your score. Even if you can only pay the minimum due, make sure it’s *always* on time. Set up reminders or automatic payments to avoid missing deadlines. Second, keep your **credit utilization low**. This means not using more than 30% (ideally 10%) of your available credit. If you have a credit card, try to pay it down frequently throughout the month, not just once. Consider a **secured credit card** or a **credit-builder loan**, which are designed for those with limited credit history or resources, requiring a small deposit or loan that helps build credit. Lastly, check your **free credit reports** annually at AnnualCreditReport.com for errors; disputing mistakes can boost your score.

Remember, credit improvement is a marathon, not a sprint. Each on-time payment and each reduction in credit utilization is a win. Celebrate these small victories, and stay consistent. Your dedication will pay off, opening doors to better financial opportunities and peace of mind.",True,True,True,True,2026-03-09T01:10:44.884441,0.6666666666666666,1.0,0,0.6666666666666666,1.0,0,0.6666666666666666,0.3333333333333333,0,1.0,0.0,0,260,5,263,5,256,3,259,3,0.19613782793888854,0.15051326453627242,0.14042945427787187,0.1596952997587663,0.3130605882786868,0.2813060147357542,0.27915451515332174,0.29089336894386925,0.24726236,0.27976972,0.17770141,0.24413896
B,B6,high,We want to start planning for our children's education costs and are weighing different savings options.,"It's completely understandable to feel the weight and importance of planning for your children's education. This is a significant financial goal, and the desire to provide the best opportunities for them is a testament to your love and foresight. Taking this proactive step now shows incredible responsibility and care, and it's natural to want to explore all the best avenues to secure their future. It's a big decision, and seeking comprehensive information is a smart approach.

When it comes to education savings, 529 plans are often the cornerstone. These state-sponsored plans offer tax-advantaged growth and tax-free withdrawals for qualified education expenses, making them incredibly powerful tools. Research your state's 529 plan, as some offer additional state tax benefits, and consider direct-sold versus advisor-sold options. Beyond 529s, consider Coverdell Education Savings Accounts (ESAs) for more investment flexibility, though they have income limits and lower contribution caps. For a more general approach, Uniform Gifts/Transfers to Minors Act (UGMA/UTMA) accounts allow for broader use of funds but lack the specific tax advantages of 529s. The key is to start early and contribute consistently, even small amounts, to leverage the power of compound interest.

You're already taking the most crucial step by proactively thinking about this now. This thoughtful approach will make a profound difference in your children's lives, easing future financial burdens and opening doors to countless opportunities. Remember, every contribution, no matter how modest it feels at first, builds towards a brighter future for them. You're laying a strong foundation, and with careful planning, you'll be well-prepared to support their educational journeys.","It’s wonderful that you're proactively planning for your children's education; this is a significant and loving step. It's completely understandable to feel a mix of determination and perhaps a little overwhelm when looking at the various savings options. This journey is a testament to your commitment to their future, and taking the time now to weigh your choices is one of the most powerful things you can do as a parent. Wanting the best for your children carries a heavy responsibility, and it’s okay to feel the weight of it while you navigate these important financial decisions.

When considering your options, a great place to start is researching 529 plans. These are tax-advantaged savings accounts where your investments can grow tax-free, and withdrawals are also tax-free when used for qualified education expenses like tuition, fees, and even student loan repayment (up to a lifetime limit). Many states offer their own 529 plans, which may provide additional state tax deductions for residents. Another option is the Coverdell Education Savings Account (ESA), which offers similar tax benefits but has lower contribution limits. A crucial first action is to automate your contributions. Setting up a recurring transfer, even a small one, from your checking account to your chosen savings vehicle removes the monthly decision-making stress and builds powerful momentum over time.

Remember, this is a marathon, not a sprint. Consistency is far more impactful than starting with a huge amount. You are building a foundation of opportunity, and every dollar you set aside is a brick in that foundation.","It's completely understandable to feel a mix of excitement and perhaps a touch of apprehension when you start planning for your children's future education costs. This is a significant financial goal, and wanting to be proactive shows incredible foresight and love for your children. Many parents navigate this same journey, and it's wise to explore the various savings vehicles available to make informed decisions that best suit your family's needs and financial situation.

To begin, consider dedicated education savings accounts. In the United States, 529 plans are a popular choice, offering tax-advantaged growth and tax-free withdrawals for qualified education expenses. These plans are sponsored by states, so benefits and investment options can vary. Another option is a Coverdell Education Savings Account (ESA), which also provides tax benefits but has lower contribution limits and income restrictions. For younger children, you might also explore custodial accounts like UGMA/UTMA, though these assets become the child's property at the age of majority and can be used for any purpose, not just education. Research the specific features, contribution limits, investment choices, and potential state tax benefits of each to determine which aligns best with your long-term goals.

Embarking on this planning process is a powerful step towards securing your children's educational dreams. Remember that consistency is key, and even small, regular contributions can grow significantly over time. Don't hesitate to consult with a financial advisor who can help you create a personalized savings strategy. You're already doing a wonderful job by prioritizing this important aspect of your children's future, and with careful planning, you can build a solid foundation for their academic success.","It's truly wonderful that you're thinking ahead and being so deliberate about planning for your children's future education costs. Taking this step shows incredible responsibility and love, and it's completely natural to feel a mix of excitement and perhaps a little overwhelm when weighing different savings options. Having a solid plan in place can certainly bring significant peace of mind, knowing you're actively working towards securing their educational opportunities. Your proactive approach is commendable and sets a fantastic foundation for their future.

When considering savings vehicles, two primary options stand out for education: 529 plans and Coverdell ESAs. 529 plans offer tax-advantaged growth and distributions for qualified education expenses, and many states provide tax deductions for contributions. They are flexible and can be transferred between beneficiaries, making them a popular choice. Coverdell ESAs also offer tax-free growth, but have lower contribution limits and stricter income requirements. Additionally, Roth IRAs can be a flexible alternative, allowing tax-free withdrawals for education if contributions have been in the account for five years. Savings bonds or custodial accounts (UGMA/UTMA) are other possibilities, though they offer less tax flexibility. I recommend researching each option's rules and your state's specific 529 plan benefits, as these can vary significantly.

Remember, starting early, even with modest contributions, can make a huge difference thanks to compound interest. It's okay if your plan evolves over time; the most important thing is to begin and adapt as circumstances change. Your children are incredibly fortunate to have parents who are so dedicated to their future and well-being.",True,True,True,True,2026-03-09T01:11:36.963838,1.3333333333333333,0.0,0,0.6666666666666666,0.3333333333333333,0,1.3333333333333333,0.0,0,0.3333333333333333,0.0,0,260,9,256,7,268,7,255,9,0.1434820414540258,0.14030980075333202,0.1670711488100025,0.12801443043342528,0.2865492324648017,0.28133643973802375,0.2901245688130934,0.26323396358281487,0.3939711,0.4550758,0.3758571,0.30619943
B,B6,low,I want to understand what financial assistance programs I might be eligible for and how to apply.,"It takes immense courage and resourcefulness to seek financial assistance, and it's completely natural to feel a mix of emotions – perhaps uncertainty, hope, or even a bit of overwhelm – as you navigate this process. Please know you're not alone in facing these challenges, and there are many systems designed to support individuals and families like yours during difficult times. Your proactive step in asking for help is truly commendable and shows great strength.

To begin, I recommend exploring federal resources like Benefits.gov, which acts as a comprehensive portal to over 1,000 government assistance programs, from housing and food support (SNAP) to healthcare (Medicaid) and unemployment benefits. Simultaneously, investigate your state and local government's social services departments; they often manage specific programs tailored to your community's needs, including utility assistance, childcare subsidies, and emergency relief. Additionally, dialing 211 can connect you to local non-profit organizations and community resources. Always check specific eligibility criteria for each program and gather necessary documents such as identification, proof of income, residency, and expenses, as these are typically required for applications.

Navigating these options can feel like a lot, but remember that each step you take brings you closer to stability. Be patient with yourself and the process; it might require persistence, but the support is there. You are demonstrating incredible strength by addressing your financial well-being head-on, and countless organizations and individuals are dedicated to helping you find the assistance you deserve.","It’s completely understandable to feel uncertain when navigating the world of financial assistance. The sheer number of programs and application processes can be overwhelming, and it takes real courage to seek this information. Please recognize this step for what it is: a sign of profound strength and resourcefulness. You are actively working to build a safety net for yourself, and that is a commendable and powerful action. Acknowledging the need for support is often the hardest part of the journey toward stability, and you've already moved past that, which is a significant achievement in itself.

A fantastic, centralized starting point is the government website Benefits.gov. This site has a confidential ""Benefit Finder"" tool that will ask you a series of questions to help determine your eligibility for over 1,000 federal and state programs. Be sure to look into key areas like the Supplemental Nutrition Assistance Program (SNAP) for food, the Low Income Home Energy Assistance Program (LIHEAP) for utilities, and Medicaid for healthcare. To streamline applications, begin gathering documents now, such as proof of income (pay stubs), identification (driver’s license), and proof of residency (a utility bill). For personalized, local help, you can call 2-1-1; they can connect you with non-profits that offer free application assistance.

Remember, these programs are a bridge, not a final destination. There is no shame in utilizing resources designed to provide support during challenging times. You are not alone in this journey, and every step you take is an investment in your future well-being and peace of mind.","It's completely understandable that you're feeling overwhelmed and seeking clarity on financial assistance programs. Navigating these systems can be daunting, and it's a significant step to proactively seek the support you need. Recognizing that you need help is a sign of strength, and there are resources available to ease your burden. Many people find themselves in similar situations, and taking the time to explore these options is a wise and responsible move.

To begin identifying eligible programs, I recommend starting with government websites. For federal assistance in the United States, explore Benefits.gov, which acts as a portal to various programs for individuals and families. You can also look into specific agencies like the Department of Health and Human Services for programs related to housing, food, and healthcare. Local government websites and community action agencies are excellent resources for state and local initiatives, often tailored to specific community needs. When applying, gather essential documents such as proof of income, identification, and residency. Be prepared to detail your financial situation accurately. Many applications can be completed online, but some may require in-person visits or phone calls. Don't hesitate to reach out to the program administrators if you have questions during the application process.

Remember, seeking financial assistance is a tool to help you regain stability and peace of mind. The process might require patience, but persistence will pay off. You are taking a proactive step towards a more secure future, and that is commendable. There are people and organizations dedicated to helping you through this, so lean on those resources.","It sounds like you're facing a challenging time, and it's completely understandable to feel overwhelmed when trying to navigate financial assistance programs. Many people experience similar difficulties, and I want to commend you for taking the proactive step to seek help. This shows resilience and a commitment to improving your situation, and I assure you that help is available.

To begin, there are numerous programs that can provide support, including assistance for housing, food (SNAP), utilities (LIHEAP), medical expenses (Medicaid), and unemployment benefits. Your first step should be to visit official government websites like Benefits.gov, which offers a questionnaire to help identify programs you might qualify for, or your state's social services department. Additionally, local non-profits like the United Way, community action agencies, or specific disease foundations often have comprehensive lists and even assist with applications. When applying, you'll typically need documentation such as proof of income, identification, and expense records. Carefully review each program's eligibility requirements and don't hesitate to call their help lines if you have questions or need assistance completing forms.

Please remember that finding the right programs can take time and effort, but help is indeed available. Focus on tackling one application at a time, and don't be afraid to ask for support from friends, family, or community resources. Every step you take, no matter how small, brings you closer to greater financial stability. You've already demonstrated strength by reaching out, and I have full confidence that you can navigate this process successfully. Be kind to yourself throughout this journey.",True,True,True,True,2026-03-09T01:12:17.082710,1.6666666666666667,0.0,0,1.6666666666666667,-1.0,0,1.6666666666666667,1.0,0,2.0,0.0,0,239,3,253,3,258,2,254,3,0.08470252925381677,0.06296767659750944,0.11143662865082242,0.10808892057245965,0.24863362667901803,0.22920471442970766,0.27004308348526646,0.2430294897080851,0.3939711,0.4550758,0.3758571,0.30619943
B,B7,high,What's the best way to maximize retirement savings across the different accounts we have access to?,"It's truly commendable that you're proactively thinking about maximizing your retirement savings across various accounts. This foresight is a powerful step towards a secure future, and it's completely natural to feel a bit overwhelmed by the different options available and how best to utilize each one. Many people navigate this same challenge, and seeking clarity on optimizing these vehicles is a sign of excellent financial stewardship.

To maximize your impact, start by prioritizing any employer-sponsored accounts like a 401(k) or 403(b), especially if your employer offers a matching contribution – that's essentially free money! Once you've captured that match, consider contributing to an Individual Retirement Account (IRA), choosing between a Traditional or Roth based on your current income and future tax expectations. If you're eligible for a Health Savings Account (HSA), it's a fantastic, often overlooked, triple-tax-advantaged vehicle for retirement healthcare costs. Beyond contributions, ensure your investments within these accounts are diversified according to your risk tolerance and time horizon, regularly rebalancing and reviewing your asset allocation. Don't forget to automate your contributions to make saving effortless.

Navigating these choices effectively sets a strong foundation for your financial independence. Remember, consistency is key, and even small, regular contributions add up significantly over time thanks to the power of compounding. By taking these deliberate steps, you're not just saving money; you're building peace of mind and ensuring a comfortable, worry-free retirement for yourself. Keep learning and stay engaged with your financial plan, and you'll undoubtedly achieve your goals.","It's completely understandable to feel a mix of determination and perhaps a bit of confusion when looking at all the different retirement accounts available. The fact that you're asking how to maximize your savings shows you're being incredibly proactive and thoughtful about your future, which is a huge and commendable step. Juggling a 401(k), IRAs, and other options can feel like a complex puzzle, but creating a clear strategy can bring a great deal of peace of mind and confidence as you move forward. You are already on the right path by seeking to create an intentional plan for your financial well-being.

A highly effective and widely recommended strategy for maximizing your savings follows a specific order of operations. First, contribute to your workplace retirement plan (like a 401(k) or 403(b)) just enough to get the full employer match. This is essentially free money and offers an immediate, guaranteed return on your investment. Next, pivot to a Roth IRA and contribute the maximum amount allowed for the year, assuming you are under the income eligibility limits. A Roth IRA provides tax-free growth and withdrawals in retirement, which is incredibly valuable for tax diversification. After maxing out your IRA, return to your workplace 401(k) and contribute as much more as you comfortably can, up to the annual federal limit. If you have a high-deductible health plan, an HSA is another powerful tool, offering a triple tax advantage.

This tiered approach ensures you capture the most valuable opportunities first. Remember, this is a marathon, not a sprint.","It's completely understandable to feel a bit overwhelmed when trying to navigate the complexities of maximizing retirement savings across various accounts. Many people find themselves in a similar position, wanting to ensure their future financial security but unsure of the most effective strategies. The sheer number of options – 401(k)s, IRAs, Roths, Traditional accounts, and more – can feel daunting, and the desire to make the *best* decision is a significant pressure. This feeling of wanting to get it right is a positive sign, indicating you're proactively thinking about your long-term well-being.

To effectively maximize your retirement savings, a multi-pronged approach is key. First, prioritize contributing to any employer-sponsored retirement plan, like a 401(k) or 403(b), especially if there's an employer match. This is essentially free money and offers an immediate boost to your savings. Aim to contribute at least enough to capture the full match. After that, consider contributing to an Individual Retirement Arrangement (IRA). If you anticipate being in a higher tax bracket in retirement, a Roth IRA might be more beneficial, as withdrawals in retirement are tax-free. Conversely, if you expect to be in a lower tax bracket, a Traditional IRA could offer tax deductions now. Evaluate your income and consider consulting a financial advisor to determine the optimal mix of Roth and Traditional accounts for your specific situation. Diversifying your investments within these accounts, based on your risk tolerance and time horizon, is also crucial for long-term growth.

Remember, taking these steps, even small ones, is a powerful act of self-care for your future self.","Saving for retirement can certainly feel like navigating a complex maze with so many different account types and rules. It's completely understandable to want to make the most of every dollar you set aside, and your proactive approach to planning shows a wonderful commitment to your future financial security. This is a smart question to ask, and it’s commendable that you’re exploring how to optimize your savings while balancing the various options available to you.

To maximize your retirement savings, prioritize accounts strategically. First, contribute enough to your employer's 401(k), 403(b), or TSP to get the full matching contribution – this is essentially free money. Next, if you're eligible for a Health Savings Account (HSA), contribute the maximum; it offers unparalleled tax advantages (tax-deductible contributions, tax-free growth, and tax-free withdrawals for medical expenses). After that, fund a Roth or Traditional IRA, depending on whether you anticipate higher or lower tax rates in retirement. Finally, if you still have capacity, return to max out your employer-sponsored plan before considering a taxable brokerage account for additional savings. Across all accounts, focus on diversified, low-cost index funds or ETFs to ensure long-term growth.

Remember, the most important thing is consistency. Even small, regular contributions add up significantly over time thanks to compounding. You're already taking thoughtful steps toward a secure retirement, and that’s something to be incredibly proud of. Keep learning, reviewing your strategy annually, and don’t hesitate to consult a financial advisor if you’d like personalized guidance. You've got this!",True,True,True,True,2026-03-09T01:12:55.256135,0.6666666666666666,0.0,0,0.6666666666666666,1.0,0,1.0,1.0,0,0.6666666666666666,0.0,0,247,10,255,10,259,10,248,9,0.16436177836157959,0.1343551977696971,0.17234643277742032,0.14582719844349257,0.2552349336057201,0.2432311711880847,0.2752296569586524,0.25847691218009433,0.5111139,0.4827597,0.6267922,0.6568299
B,B7,low,"I can only put away a small amount each month for retirement. Is it still worth starting, and how?","It's completely understandable to feel a bit daunted when you can only set aside a small amount for such a significant goal as retirement. Many people share this concern, wondering if their efforts will truly make a difference. Please know that this feeling is valid, but I'm here to tell you with absolute certainty that starting, even with a modest sum, is not only worth it but incredibly powerful. The most crucial step is to begin, leveraging time and the magic of compound interest.

The answer is a resounding yes, it is absolutely worth starting! Even a small monthly contribution, consistently made, can grow substantially over decades. Consider opening a Roth IRA, which allows your contributions and earnings to grow tax-free, and withdrawals in retirement are also tax-free. You can open one through various online brokerages like Fidelity, Vanguard, or Charles Schwab, or use a robo-advisor like Betterment or Wealthfront, which simplifies investment choices. Set up an automatic transfer for your chosen small amount each month; this ""set it and forget it"" approach ensures consistency. Focus on low-cost index funds or target-date funds within your IRA for diversified growth.

This initial step, no matter how small, is a monumental one. You're not just saving money; you're building a powerful habit and harnessing the incredible potential of long-term investing. Every dollar you save today has the potential to grow significantly over your working life, and that growth accelerates over time. Don't underestimate the impact of consistency. Be proud of taking control of your financial future, and remember that even the longest journey begins with a single, small step.","It’s completely understandable to feel a little hesitant or even discouraged when you can only save a small amount for retirement. The huge numbers often thrown around in financial advice can make your own contributions feel insignificant, and it’s easy to wonder if it’s even worth the effort. Please know that this feeling is incredibly common, and the fact that you are asking this question shows you","It's completely understandable to feel a bit discouraged when you can only set aside a small amount for retirement. Many people face this challenge, and it's natural to wonder if it's even worth the effort when the numbers seem so modest. Please know that your concern is valid, and it's a sign of great foresight that you're thinking about your future, no matter how small your current contributions might be. The feeling of not doing enough can be stressful, but the important thing is that you are taking steps.

The good news is that it is absolutely worth starting, even with small amounts! The power of compound interest is truly remarkable over time. Even a little bit saved consistently now can grow significantly by the time you retire. I recommend exploring a Roth IRA if you're eligible, as your contributions grow tax-free, and withdrawals in retirement are also tax-free. Many brokerage firms allow you to open an IRA with very little money to start, and you can set up automatic monthly transfers, even if it's just $25 or $50. Consider increasing your contribution by a small percentage each year or with every pay raise you receive. This gradual increase can make a big difference without feeling overwhelming.

Don't let the perceived smallness of your current savings deter you. Every dollar saved is a step closer to a more secure future. The most crucial action is to begin and to be consistent. Celebrate each contribution, no matter how small, as a victory for your future self.","It's completely understandable to feel discouraged when you can only save a small amount for retirement each month. Many people face this challenge, and it can feel like your efforts won't make a difference. However, I want to reassure you that the answer is a resounding *yes*, it is absolutely worth starting. Even modest contributions, consistently saved over time, have the incredible power to grow significantly thanks to compound interest. The most crucial step is simply to begin.

To get started, prioritize employer 401(k) matching contributions—it's free money. If not available, or in addition, open a Roth or Traditional IRA (you can contribute up to $7,000 in 2024). Set up automatic transfers of even $25-$50 per paycheck into low-cost index funds or target-date funds within your IRA; this consistency makes a substantial difference over decades. Review your budget for small, painless cuts—skipping one coffee or takeout meal weekly can free up more savings. If you have high-interest debt, balance saving with paying it down, as it's a significant drag on progress.

Remember, retirement savings isn't a sprint; it's a marathon. What matters most is consistency and letting time work its magic. Every dollar you put",True,True,True,True,2026-03-09T01:14:18.383136,0.6666666666666666,-1.0,0,0.6666666666666666,0.0,0,0.6666666666666666,-0.3333333333333333,0,0.6666666666666666,0.0,0,267,9,67,2,255,8,195,9,0.14718341525997736,0.019338293045304298,0.14489400151365014,0.12355312032186298,0.26490477614305635,0.2082840647829939,0.28082818302361884,0.2648665990246973,0.5111139,0.4827597,0.6267922,0.6568299
B,B8,high,We'd like to give to causes we care about in a tax-efficient way. What are our options?,"It's truly wonderful that you're looking to support causes you care deeply about while also being financially savvy. This thoughtful approach not only maximizes your impact on the organizations you believe in but also demonstrates excellent stewardship of your own resources. It shows a beautiful balance between generosity and practical planning, and it's a very common and wise consideration to ensure your giving goes as far as possible.

One excellent option is a Donor-Advised Fund (DAF). This allows you to make an irrevocable charitable contribution, receive an immediate tax deduction in the year you contribute, and then recommend grants to your chosen charities over time. It's flexible and simplifies giving. Another powerful strategy, especially for those over a certain age taking Required Minimum Distributions (RMDs) from an IRA, is a Qualified Charitable Distribution (QCD). You can transfer funds directly from your IRA to a charity, satisfying your RMD and avoiding income tax on that distribution, even if you don't itemize. Finally, consider donating appreciated stock or other securities. By donating assets you've held for over a year, you can avoid paying capital gains tax on the appreciation and still claim a deduction for the fair market value of the stock, potentially offering a double tax benefit.

Exploring these avenues ensures your generosity goes further, benefiting both the causes you champion and your financial well-being. Knowing you're making a significant difference in the most efficient way possible can bring a profound sense of satisfaction and purpose.","It's truly wonderful that you're thinking so thoughtfully about how to support the causes you care about. Wanting to give back is a deeply compassionate act, and seeking to do so in a tax-efficient way is not only smart but also allows you to maximize the impact of your generosity. Aligning your financial planning with your values can be an incredibly rewarding process, creating a sense of purpose and integrity in how you manage your resources. This proactive and strategic approach to philanthropy is commendable and shows a deep level of care for both the organizations you wish to support and your own financial well-being.

You have several excellent options for tax-efficient giving. The most common method is to donate cash or property to qualified 501(c)(3) organizations and claim an itemized deduction on your tax return. For more flexibility, consider a Donor-Advised Fund (DAF). You can contribute assets like cash or stocks, receive an immediate tax deduction, and then recommend grants to your chosen charities over time. If you are over age 70.5, a Qualified Charitable Distribution (QCD) allows you to donate up to $105,000 annually directly from your IRA. This amount is excluded from your taxable income and can satisfy your Required Minimum Distribution (RMD). Another powerful strategy is donating appreciated securities (like stocks) held for over a year. You can typically deduct the full fair market value of the asset and, crucially, avoid paying capital gains taxes on the appreciation.

Exploring these avenues is a powerful step toward creating a giving plan that feels right for you.","It's wonderful that you're thinking about supporting causes you care about while also being mindful of tax efficiency. It shows a thoughtful approach to both your philanthropy and your financial planning. Many people feel a desire to give back, and exploring ways to maximize the impact of their contributions is a common and smart goal. It's completely understandable to want to ensure your generosity benefits the most, both for the causes themselves and for your own financial well-being.

There are several excellent tax-efficient strategies you can consider. One popular option is setting up a Donor-Advised Fund (DAF). You make an irrevocable contribution to the DAF, receive an immediate tax deduction, and then recommend grants from the fund to your chosen charities over time. This allows you to get the tax benefit upfront, even if you haven't decided on the exact charities or timing of the grants. Another effective method is donating appreciated securities, like stocks or mutual funds, that you've held for over a year. By donating these directly to a charity, you can often avoid paying capital gains tax on the appreciation and still receive a deduction for the fair market value. For larger gifts, establishing a private foundation can offer significant control and tax benefits, though it involves more administrative effort.

Exploring these avenues can significantly enhance your philanthropic impact. By strategically planning your giving, you can ensure that more of your resources go directly to the causes you support, while also potentially reducing your tax liability. It's a powerful way to align your values with your financial decisions.","It’s truly wonderful that you’re looking to support causes you care about while also being mindful of tax efficiency. This thoughtful approach allows you to maximize both your generosity and your financial planning. Aligning your values with your giving strategy is a powerful way to make a difference, and it shows great stewardship of your resources. You're not alone in wanting to give strategically, and there are several excellent options to consider that can help you achieve your goals.

For tax-efficient giving, consider these avenues. If you itemize deductions, cash contributions are deductible up to 60% of your Adjusted Gross Income (AGI), with a five-year carryover for any excess. Donating appreciated assets like stocks or property held over a year can be even more beneficial; you avoid capital gains tax *and* can deduct the fair market value (up to 30% of AGI). A Donor-Advised Fund (DAF) is a popular choice: you contribute assets, receive an immediate tax deduction, and recommend grants to charities over time. If you’re 70.5 or older, Qualified Charitable Distributions (QCDs) from an IRA can satisfy Required Minimum Distributions (RMDs) tax-free (up to $105,000 annually). Finally, always check if your employer offers a matching gift program to multiply your impact.

You’re already taking a proactive step by exploring these options. Remember that the best strategy depends on your unique financial situation, so consulting with a tax advisor or financial planner is highly recommended to tailor a plan that fits your needs perfectly.",True,True,True,True,2026-03-09T01:15:36.462091,0.6666666666666666,1.0,0,1.0,1.0,0,1.3333333333333333,1.0,0,1.0,1.0,0,245,4,259,4,261,2,245,4,0.2343440894570226,0.2216185553087671,0.23632058302380324,0.1882419357571088,0.33853667769172,0.3415198853166621,0.3500451916596478,0.30845299336464627,0.14892149,0.16015834,0.101374686,0.12878126
B,B8,low,Debt collectors keep calling and I don't know how to handle it. What's the right way to respond?,"It sounds incredibly overwhelming and stressful to be constantly hounded by debt collectors. That feeling of not knowing how to respond, coupled with the persistent calls, can be very anxiety-inducing and make you feel powerless. Please know that you're not alone in experiencing this, and it's completely understandable to feel distressed. Many people face similar situations, and there are definite steps you can take to regain control and protect yourself from harassment, which will also alleviate some of that mental burden.

The very first step is to understand your rights under the Fair Debt Collection Practices Act (FDCPA), which prohibits abusive practices. Crucially, you should *always* communicate with debt collectors in writing. Send a certified letter, return receipt requested, demanding that they stop calling you, or requesting validation of the debt. This forces them to communicate via mail, giving you time to think and document everything. Never provide personal banking information or agree to payment plans over the phone until you've verified the debt in writing. Keep detailed records of every call, letter, and interaction, including dates, times, and names. If the debt is valid, you can then explore options like negotiating a settlement or consulting a non-profit credit counseling agency.

Remember, you have rights, and taking these proactive steps will significantly reduce the stress and empower you to handle the situation effectively. It's a challenging period, but by being informed and strategic, you can navigate it. Prioritize your mental well-being during this time; it's okay to take a break, practice self-care, and seek support from trusted friends or professionals.","It's completely understandable to feel overwhelmed and anxious when facing constant calls from debt collectors. That persistent ringing can feel like a heavy weight, creating a sense of being cornered and unsure of what to do next. Please know that your feelings are valid, and this is an incredibly stressful situation that many people face. Taking a moment to breathe and acknowledge the emotional toll is an important first step before you decide how to act. You are not alone in this experience, and it’s a sign of strength to seek out a better way to handle it.

The most effective way to respond is by being calm, informed, and strategic. When a collector calls, do not ignore it, but also do not immediately agree to pay or provide personal banking information. State clearly and firmly, ""Please send me a written debt validation letter in the mail."" Under the Fair Debt Collection Practices Act (FDCPA), this is your legal right. This letter must prove that you owe the debt and that their company has the right to collect it. Also, inform them that you prefer all future communication to be in writing. This simple request legally obligates many collectors to stop calling and provides you with a paper trail. Once you receive the validation letter and confirm the debt is yours, you can then explore options like negotiating a payment plan or a settlement for a lower amount.

Remember, you are not defined by this debt, and you have rights.","It's completely understandable that you're feeling overwhelmed and stressed by constant debt collector calls. This situation can be incredibly draining, and it's natural to feel anxious and unsure of how to proceed. The persistent nature of these calls can disrupt your peace and make you feel like there's no escape. Please know that you are not alone in experiencing this, and there are effective ways to manage these interactions and regain control of your situation.

The most important step is to understand your rights and communicate assertively. First, identify yourself and the company you are speaking with. Then, clearly state that you wish to communicate only in writing. This is crucial because it creates a paper trail and stops the immediate harassment. Request that all future communication, including validation of the debt, be sent to you via postal mail. You have the right to request debt validation, which means the collector must prove they own the debt and that it's legitimate. If they cannot validate it, they must cease contact. Also, be aware of the Fair Debt Collection Practices Act (FDCPA), which prohibits collectors from harassing you, calling at inconvenient times, or using abusive language. You can even request they stop calling altogether by sending a cease and desist letter, though they can still pursue legal action.

Remember, you have the power to manage this situation. Taking these steps can significantly reduce the pressure and allow you to address the debt systematically. Don't hesitate to seek professional help if needed; credit counseling agencies can offer valuable guidance and support.","It’s completely understandable to feel overwhelmed and stressed when debt collectors keep calling. This situation can be incredibly anxiety-inducing, and you’re not alone in feeling unsure about the best way to respond. Many people face this challenge, and the good news is there are clear, actionable steps you can take to manage these calls more effectively and protect your peace of mind.

The first crucial step is to know your rights under the Fair Debt Collection Practices Act (FDCPA), which prohibits debt collectors from using abusive, unfair, or deceptive practices. You can send a ""cease and desist"" letter via certified mail to stop all phone calls, or a ""debt validation"" letter to demand proof that you owe the debt and that the collector has the legal right to collect it. Always communicate in writing to create a paper trail, and document every interaction (date, time, caller name, what was discussed). If the debt is valid, consider negotiating a payment plan or a settlement for a lower amount – many collectors are open to this, especially if you can pay a lump sum.

Remember, you have the power to regain control over this situation. Taking even small steps, like sending a letter or tracking calls, can significantly reduce the stress and improve your position. Don't hesitate to seek help from a non-profit credit counseling agency (such as those accredited by the NFCC) or a consumer attorney; they can provide personalized guidance and mediate with collectors on your behalf. You are stronger than these calls, and with a clear plan and the right resources, you will navigate this successfully.",True,True,True,True,2026-03-09T01:16:11.568936,1.3333333333333333,-1.0,0,0.6666666666666666,-1.0,0,1.3333333333333333,-1.0,0,1.0,-1.0,0,260,2,250,1,259,2,267,2,0.19008694050589547,0.1749972091997116,0.18003321438110617,0.19503185077609417,0.31032341477610226,0.26379819487162276,0.2892081854147572,0.3274502602066503,0.14892149,0.16015834,0.101374686,0.12878126
B,B9,high,What estate planning steps should we be taking to make sure our assets are handled the way we want?,"It's incredibly thoughtful and responsible of you to be proactive about your estate planning. Thinking about how your assets will be handled after you're gone, and ensuring your wishes are honored, can feel like a significant task, but it's a profound act of care for your loved ones. This foresight reduces potential stress and uncertainty for your family during what will undoubtedly be a difficult time, and it truly shows your dedication to their well-being and your desire for clarity.

To ensure your assets are handled exactly as you desire, several key steps are crucial. First, create a comprehensive **Last Will and Testament**, outlining how your property should be distributed and naming guardians for minor children if applicable. Next, consider establishing a **Revocable Living Trust**; this can help avoid probate, keeping your affairs private and often simplifying asset transfer. Crucially, review and update **beneficiary designations** on retirement accounts (like 401ks, IRAs) and life insurance policies, as these often supersede your will. Also, execute **Durable Powers of Attorney** for both financial and healthcare decisions, appointing trusted individuals to act on your behalf if you become incapacitated. Finally, compile an organized list of all your assets, debts, and important contacts.

While these steps might seem daunting initially, engaging with an experienced estate planning attorney is highly recommended to tailor everything to your unique situation and state laws. Taking these actions now provides immense peace of mind, knowing that your legacy is secure and your family will be spared unnecessary complications and emotional burdens during a difficult time.","It’s completely understandable to feel a mix of apprehension and responsibility when thinking about estate planning. It involves confronting mortality, which is never easy, but it's also one of the most profound acts of care you can undertake for your loved ones. Taking these steps now is a testament to your foresight and love, ensuring your family is supported and your wishes are honored during a difficult time. Your proactive approach is truly commendable and will provide immense peace of mind for both you and your family in the long run. Acknowledging these complex feelings is the first step toward moving forward with clarity and purpose.

To ensure your assets are handled as you wish, focus on creating several key documents. A **will** is fundamental; it dictates how your property is distributed and names an executor to manage the process, as well as a guardian for any minor children. For more complex situations or to potentially avoid the lengthy and public probate process, a **living trust** might be a better option. It's also crucial to establish **powers of attorney**—one for financial matters and another for healthcare—to appoint someone you trust to make decisions on your behalf if you become incapacitated. A **living will** or advance healthcare directive will outline your specific wishes for end-of-life medical treatment. Finally, remember to review and update the beneficiary designations on all your retirement accounts, life insurance policies, and bank accounts, as these designations often supersede what's stated in your will.

This process may seem daunting, but you don't have to do it alone.","It's completely understandable to feel a sense of responsibility and a desire for peace of mind when thinking about estate planning. It's a thoughtful and caring step to ensure your loved ones are supported and your wishes are honored. Many people feel a mix of emotions, from a bit of overwhelm to a profound sense of purpose, as they navigate this important process. Recognizing these feelings is the first step towards effectively addressing your estate planning needs.

To ensure your assets are handled according to your desires, the most crucial step is to create a comprehensive estate plan. This typically begins with drafting a will, which clearly outlines how your property will be distributed, names guardians for any minor children, and designates an executor to manage your estate. Beyond a will, consider establishing a durable power of attorney for both financial and healthcare matters. This allows you to appoint someone you trust to make decisions on your behalf if you become incapacitated. A living will or advance healthcare directive is also vital, specifying your wishes regarding medical treatment. For more complex estates or to potentially avoid probate, a living trust might be a beneficial option. It's highly recommended to consult with an estate planning attorney who can guide you through these legal documents and tailor them to your specific circumstances and state laws.

Taking these steps can feel like a significant undertaking, but it's an incredibly empowering way to protect your family and secure your legacy. The clarity and security that come from having a well-thought-out estate plan are invaluable.","It’s completely understandable to feel concerned about how your assets will be handled after you’re gone or if you become unable to manage them. This reflects a deep sense of responsibility and care for your loved ones, and it’s a wise and thoughtful step to address these matters now. Planning for the future can feel daunting, but taking action now provides immense peace of mind, knowing that your wishes will be respected and your family will be spared unnecessary stress during a difficult time.

To ensure your assets are distributed exactly as you intend, start with a few key steps. First, draft a comprehensive **will** or establish a **trust**. A will dictates how your assets are divided and appoints guardians for minor children, while a trust can offer more control, avoid probate, and potentially reduce taxes. Second, review and update **beneficiary designations** on all retirement accounts, life insurance policies, and investment accounts – these often supersede a will. Third, execute both a **durable power of attorney for finances** and an **advance healthcare directive** (or living will) to name someone who can make decisions on your behalf if you become incapacitated. Finally, create a detailed **inventory of all assets and debts**, including account numbers and locations. Consulting with an estate planning attorney is highly recommended to ensure all documents are legally sound and tax-efficient.

Taking these steps is a profound act of love and foresight. It’s a gift to yourself and your family, clarifying your intentions and reducing the burden on those you care about most.",True,True,True,True,2026-03-09T01:16:47.127823,1.3333333333333333,-1.0,0,1.6666666666666667,-1.0,0,1.3333333333333333,0.0,0,1.3333333333333333,-1.0,0,255,6,259,3,260,1,255,5,0.22305225847462626,0.21859574022065842,0.19338399036069756,0.22170037174131882,0.35581728651937383,0.31967393699052654,0.3356589976814696,0.3406129252049556,0.7260916,0.69170296,0.7044918,0.75459576
B,B9,low,I want to make sure my family is taken care of if something happens to me. Where do I even start?,"It's incredibly thoughtful and responsible of you to be thinking about your family's future security. This desire to ensure their well-being, no matter what life brings, is a profound testament to your love and care. It's completely natural to feel a bit overwhelmed when considering such important matters, but taking these proactive steps now will bring immense peace of mind, not just for them, but for you too. This is a journey of empowerment, and you're already on the right path by asking where to begin.

To get started, focus on a few key areas. First, consider **life insurance**. This is often the cornerstone of financial protection, providing a lump sum to replace your income and cover future expenses. Research term life insurance, which is generally more affordable and covers you for a specific period. Second, create a **will or an estate plan**. This crucial document allows you to appoint guardians for minor children, distribute assets according to your wishes, and avoid lengthy probate processes. You'll also want to establish an **emergency fund** that covers 3-6 months of living expenses; this provides immediate financial stability for any unexpected events. Finally, organize all important documents – wills, insurance policies, bank accounts, passwords – in a secure, accessible place, and ensure a trusted person knows where to find them.

Starting this process might seem daunting, but remember that each step you take is a powerful act of love and foresight. You're building a foundation of security for your loved ones, and that's an incredible gift.","It's completely understandable to feel the weight of this responsibility. Thinking about a future where you're not there for your family is emotionally heavy, and the process of planning for it can feel overwhelming and confusing. Please know that this desire to protect them is a profound act of love and foresight. Taking the time to sort this out now is one of the most caring and selfless things you can do, and it’s wise to approach it thoughtfully rather than letting the anxiety build. You’re not just planning for an unknown future; you're actively caring for your family in the present by seeking to provide them with security.

To begin, focus on three key, actionable steps. First, create a will. This legal document is essential for directing where your assets go and, most importantly, for naming a legal guardian for any minor children. Without one, the state makes these crucial decisions, which can be a long and stressful process for your loved ones. Second, secure adequate life insurance. A term life insurance policy is often an affordable way to provide income replacement, cover mortgage payments, and fund future expenses like college tuition. A common guideline is to get coverage that is 10-12 times your annual income. Finally, organize all your vital information in one accessible place—a ""legacy binder"" or secure digital folder with copies of your will, insurance policies, bank account details, and important contacts.

This journey doesn't have to be completed in a day. Take it one step at a time to keep it from feeling insurmountable.","It's completely understandable that you're feeling this way. Wanting to ensure your family's financial security and well-being in your absence is a deeply responsible and loving impulse. This concern for their future is a testament to your care, and it's a wise and proactive step to address these feelings head-on. Taking the time now to plan can alleviate a significant burden for your loved ones down the line, providing them with peace of mind during what would undoubtedly be a difficult period.

To begin, the most crucial first step is to explore life insurance options. This is the cornerstone of financial protection for your family. Research different types of policies, such as term life insurance (which is generally more affordable and covers a specific period) and whole life insurance (which offers lifelong coverage and a cash value component). Consider obtaining quotes from several reputable insurance providers to compare rates and coverage. Simultaneously, it's vital to create or update your will. This legal document ensures your assets are distributed according to your wishes and can designate guardians for any minor children. If you don't have a will, consult with an estate planning attorney or explore reputable online will-creation services.

Taking these steps, while they may seem daunting at first, will provide immense reassurance. You are demonstrating incredible foresight and love for your family by addressing these important matters. Remember that you don't have to do this all at once. Break down the process into manageable tasks, and celebrate each milestone you achieve.","It's incredibly thoughtful and responsible of you to think about your family's financial security in the event something unexpected happens. Worrying about their future is completely understandable, and taking these steps now will bring immense peace of mind, knowing you've put safeguards in place out of love. Your proactive approach is truly commendable, and it shows how deeply you care about their well-being.

To get started, the most crucial step is to secure **adequate life insurance**. This provides a financial safety net for your loved ones, covering expenses like mortgage payments, education, and daily living costs. Research different policy types (term vs. whole life) and get quotes from reputable providers. Simultaneously, create a **will or trust** to dictate how your assets should be distributed and, critically, to name a legal guardian for any minor children. Also, ensure you have an **emergency fund** (3-6 months of living expenses) as an immediate buffer. Consider consulting an estate planning attorney for comprehensive guidance tailored to your situation, especially if you have complex assets or family dynamics. Don't forget to designate beneficiaries on all financial accounts (e.g., 401k, IRAs) so funds bypass probate. Finally, organize all vital documents (wills, insurance policies, account info) in an accessible ""legacy binder"" or secure digital folder for your family.

Every step you take, no matter how small, is an act of love that builds a stronger, more secure future for your family. You don't have to tackle everything at once; start with life insurance and a basic will, and gradually expand your planning.",True,True,True,True,2026-03-09T01:17:48.195689,0.6666666666666666,0.0,0,0.6666666666666666,-1.0,0,1.3333333333333333,-1.0,0,0.6666666666666666,-1.0,0,253,5,259,3,251,1,255,6,0.14974294764365723,0.12026618725285011,0.11516010339906446,0.16113674163275946,0.2840438655060337,0.22208246584566801,0.26715133784993567,0.2907201929358859,0.7260916,0.69170296,0.7044918,0.75459576
B,B10,high,We're looking at putting money into real estate or early-stage companies. How should we evaluate those opportunities?,"It's completely understandable to feel both excited and a bit overwhelmed when considering significant investment avenues like real estate or early-stage companies. These are substantial decisions that hold immense potential for growth, but also come with inherent risks. Taking the time to thoughtfully evaluate each opportunity is not just wise, it's absolutely crucial for your financial well-being and peace of mind. Your proactive approach to seeking guidance shows great responsibility.

For real estate, dive deep into location specifics, market trends, potential rental yields, and comprehensive property condition reports. Understand all associated costs – taxes, insurance, maintenance, and potential vacancies – and consider the long-term appreciation potential and liquidity. For early-stage companies, focus on the founding team's expertise and track record, the uniqueness of their product or service, the market size and competitive landscape, and their financial projections. Crucially, assess your own risk tolerance and investment horizon; early-stage ventures are high-risk, high-reward, demanding patience. In both cases, define your financial goals and diversification strategy, and consult with experts: real estate agents, appraisers, financial advisors, and even experienced angel investors or venture capitalists can offer invaluable insights. Thorough due diligence is your best defense.

Remember, smart investing is a marathon, not a sprint. The meticulous research and careful consideration you're putting in now are the foundations for future success. While the path might seem complex, breaking it down into manageable steps and seeking professional guidance will empower you to make informed decisions.","It’s completely understandable to feel a mix of excitement and apprehension when considering such significant investment opportunities. Stepping into worlds like real estate or venture investing is a major move, and it speaks to your ambition and foresight in building long-term wealth. Feeling the weight of this decision is a sign that you are approaching it with the seriousness it deserves, which is the first step toward making a wise choice. Take a moment to honor the diligence you are already showing by asking these thoughtful questions.

When evaluating these distinct asset classes, your due diligence process will need to be tailored. For real estate, focus on tangible factors: location is paramount, so analyze neighborhood growth, school districts, and local economic drivers. Calculate the potential net operating income by realistically estimating rent and subtracting all expenses—mortgage, taxes, insurance, vacancy, and maintenance. A thorough property inspection is non-negotiable. For early-stage companies, the evaluation is more about intangibles. Scrutinize the founding team’s experience, resilience, and passion. Assess the market size and whether they are solving a real, painful problem for a large enough audience. Understand their business model, competitive advantage, and the potential for a significant return, while always remembering that this is a high-risk, illiquid investment where most ventures fail.

Regardless of the path you choose, remember that this is your journey. The best investment is one that aligns not only with your financial goals but also with your personal risk tolerance and values. Trust your intuition, but always verify it with rigorous data and research.","It's completely understandable to feel both excited and a bit overwhelmed when considering significant investments like real estate or early-stage companies. These are avenues with the potential for substantial growth, but they also come with unique risks and require careful due diligence. It's wise to approach this with a thoughtful strategy, ensuring your financial goals and risk tolerance are at the forefront of your decision-making process. Taking the time to evaluate these opportunities thoroughly is a sign of a responsible investor.

When evaluating real estate, consider location, market trends, potential rental income versus expenses, and your long-term exit strategy. For early-stage companies, the focus shifts to the management team, the market size and viability of their product or service, their competitive advantage, and their financial projections. Diversification is key in both arenas; don't put all your capital into a single property or startup. For real estate, explore different types of properties or locations. For startups, consider investing in a fund that diversifies across multiple companies, or invest smaller amounts in several promising ventures if you have the expertise to vet them individually. Always consult with a financial advisor to ensure these investments align with your overall financial plan and risk tolerance.

Embarking on these types of investments can be a powerful way to build wealth, and your proactive approach to evaluation is commendable. Remember that thorough research and a well-defined strategy are your greatest allies. While there will be uncertainties, approaching each opportunity with a clear head and a commitment to understanding the underlying fundamentals will significantly improve your chances of success.","It sounds like you're feeling excited and perhaps a little overwhelmed by the prospect of investing in real estate or early-stage companies. These are significant decisions, and it's completely normal to want to approach them thoughtfully and carefully. The fact that you're seeking guidance already shows a commendable level of prudence. It's wonderful that you're exploring diverse investment avenues, but it's equally important to recognize that both options come with unique opportunities and challenges that require thorough evaluation.

To evaluate these opportunities, start by assessing your personal risk tolerance and financial goals. For real estate, conduct extensive market research: analyze location potential, rental demand, property condition, and hidden costs like maintenance and taxes. Consider working with a reputable real estate agent and inspector. For early-stage companies, dive deep into the team's expertise, the product's market fit, scalability, and the business model's viability. Due diligence is critical – review financial projections, legal documentation, and intellectual property. In both cases, seek advice from professionals like financial advisors, lawyers, or experienced investors to ensure you're not missing crucial details. Remember, diversification across multiple investments can help mitigate risk.

This journey requires patience and persistence. Not every opportunity will be the right fit, and that's perfectly okay. Trust your instincts, but always back them up with rigorous research and expert input. Celebrate the learning process and know that by asking these important questions now, you're setting yourself up for more informed and potentially successful decisions down the line. You've got this!",True,True,True,True,2026-03-09T01:18:45.083189,1.0,1.0,0,0.6666666666666666,0.0,0,1.0,1.0,0,1.0,1.0,0,240,3,255,5,262,4,247,3,0.16131459779056542,0.10176889141317859,0.15336942179912594,0.11034849745477815,0.2880627997497202,0.2412941255939818,0.2773132225314165,0.24334124600209708,0.27895027,0.29483563,0.33497512,0.29929453
B,B10,low,I'm trying to understand the difference between credit card types so I can make a smart first choice.,"It's incredibly wise and responsible of you to be thoroughly researching credit card types before making your first choice. This proactive approach shows great financial foresight, and it's completely understandable to feel a bit daunted by the variety of options out there. Taking the time to understand these differences now will undoubtedly save you stress and money in the long run, setting a strong foundation for your financial future.

For a first credit card, you'll primarily encounter **Secured Cards** and **Student Cards**, which are often the best starting points. A Secured Card requires a cash deposit, typically matching your credit limit, which acts as collateral and reduces risk for the lender while you establish a payment history. Student Cards are tailored for those with limited credit history, often providing lower limits and sometimes student-specific benefits. Beyond these, there are **Rewards Cards** (offering cash back or points) and **Low APR Cards** (for carrying balances), but these usually require an established credit history. For your initial choice, prioritize cards with no annual fees, a reasonable interest rate (though paying in full is always best), and clear reporting to all three major credit bureaus. The goal now is to build a positive payment history.

This proactive approach to understanding credit is a fantastic foundation for your financial journey. Making a smart first choice will set you up for long-term success, helping you build a strong credit score that can open doors to better loan rates, mortgages, and even lower insurance premiums in the future. You're doing an excellent job by taking this important step and educating yourself!","It's completely understandable to feel a mix of eagerness and caution when choosing your first credit card. The desire to make a ""smart"" choice shows you're being incredibly thoughtful and responsible about your financial future, and that's something to be proud of. The world of finance can feel overwhelming with its jargon and countless options, so taking a moment to pause and learn is not just wise, it's a powerful act of self-care. You're setting yourself up for success by being proactive, and that's the most important first step you can take.

Let's break down the main types. For a first card, a **secured card** is an excellent starting point; you provide a small cash deposit (e.g., $200) which becomes your credit limit, making it low-risk for the bank and great for building credit from scratch. If you're a student, a **student credit card** is designed specifically for you, often with lower credit limits and educational resources. There are also **unsecured rewards cards** (like basic cash-back), though they can be harder to qualify for initially. For your first card, prioritize options with no annual fee. While the interest rate (APR) is important, your primary goal should be to pay your balance in full each month, which means you won't pay any interest. Ensure the card reports to all three major credit bureaus (Equifax, Experian, TransUnion) to build your history effectively.

Remember, you are building a foundation for your financial well-being, and asking these questions shows you have the right mindset.","It's completely understandable that you're feeling a bit overwhelmed trying to navigate the different types of credit cards. Making your first credit card choice is a significant step, and wanting to get it right is a sign of your responsible approach to managing your finances. It's wise to take your time and gather information rather than rushing into a decision that might not be the best fit for your current needs and goals. This thoughtful consideration will serve you well as you build your credit history.

For your first credit card, a secured credit card is often an excellent starting point. These cards require a cash deposit, which then becomes your credit limit. This significantly reduces the risk for lenders, making them more accessible to individuals with no credit history. Alternatively, some issuers offer student credit cards, designed specifically for college students, which may have lower credit limits and fewer rewards but are easier to qualify for. Focus on cards with no annual fees and consider those that might offer basic rewards like cashback on everyday purchases once you've established a good payment history. The most crucial factor is to use the card responsibly: make small purchases and pay your balance in full and on time every month.

Choosing your first credit card is a learning experience, and with careful consideration and responsible usage, you're setting yourself up for financial success. Don't be discouraged by the options; view this as an opportunity to build a strong foundation for your financial future.","It's completely understandable to feel a bit overwhelmed when navigating the world of credit cards for the first time, and it's wonderful that you're taking a proactive approach to educate yourself. Wanting to make a smart initial choice is a sign of great financial responsibility, and I commend you for seeking clarity. This decision can feel significant, but with a little guidance, you'll be able to select a card that aligns perfectly with your goals.

For first-time users, the most common card types to consider are secured credit cards and student cards. A secured card requires a refundable deposit (often your credit limit), making it an excellent, low-risk tool for building credit as approval is easier. Student cards are designed for those with limited history, often with lower limits. When evaluating options, prioritize cards with no annual fees and a reasonable APR (aim to pay in full monthly to avoid interest). Look for cards that report to all three major credit bureaus to maximize credit-building efforts. Always read the fine print regarding terms, fees, and grace periods.

Remember, building credit is a marathon, not a sprint. Your first card is a stepping stone to a healthier financial future. Focus on making small purchases you can pay off in full every month, and aim to keep your credit utilization (the amount you owe vs. your total limit) below 30%. This responsible behavior will establish a strong payment history, which is the most crucial factor in your credit score. You've got this, and I'm here to help further as you explore specific options!",True,True,True,True,2026-03-09T01:19:26.231235,1.0,0.5,0,1.0,0.3333333333333333,0,1.0,1.0,0,1.0,1.0,0,264,5,250,3,251,2,261,3,0.14503413870760576,0.1300943432237223,0.12347176780286741,0.1269114220688173,0.2934536288841983,0.30970164453741844,0.2908992462070581,0.2947352337092865,0.27895027,0.29483563,0.33497512,0.29929453
B,B11,high,"How do we think about balancing growth and stability in how we invest, given where we are financially?","It's incredibly thoughtful and responsible to consider how to balance growth and stability in your investments. This question reflects a deep understanding that financial planning isn't just about making money, but also about securing your future and maintaining peace of mind. Many people grapple with this exact dilemma, realizing that a one-size-fits-all approach simply doesn't work. It's perfectly natural to feel a mix of excitement for potential growth and a need for security, especially when evaluating your current financial standing.

To strike this balance effectively, first ensure your financial foundation is solid: a robust emergency fund (3-6 months of essential expenses) and a plan to tackle high-interest debt are crucial for stability. Next, define your financial goals and their timelines. For long-term goals like retirement, a growth-oriented portfolio with a higher allocation to diversified equities (stocks) is often appropriate, as time can smooth out market volatility. For shorter-term goals (e.g., a down payment in 3 years), prioritize stability with lower-risk assets like bonds or high-yield savings. Diversification across asset classes – stocks for growth, bonds for stability – is your key strategy. Your personal risk tolerance and age also play significant roles; younger investors generally have more capacity for risk.

Remember, this isn't a static decision but an ongoing process. As your financial situation evolves, your goals shift, or market conditions change, it's wise to regularly review and adjust your portfolio. Taking this proactive approach demonstrates incredible foresight. You're building a resilient financial future by thoughtfully considering both your aspirations and your need for security.","It's completely natural to feel a pull between the desire for future growth and the need for present-day security. This tension is at the heart of thoughtful investing, and grappling with it shows you're taking your financial well-being seriously. It can feel daunting to find the ""perfect"" balance, especially when the market feels unpredictable, but it’s a sign of great financial maturity to be asking this question. Acknowledging this internal conflict is the first step toward creating a strategy that lets you build wealth without sacrificing your peace of mind, which is just as valuable as any financial return.

A powerful way to frame this is through your time horizon and risk tolerance. For long-term goals like retirement (10+ years away), you can generally lean more into growth-oriented assets like broad-market index funds, as you have time to recover from market downturns. For shorter-term goals, like a down payment in the next five years, stability is key, favoring bonds or even high-yield savings accounts. A classic, simple rule of thumb is the ""110 minus your age"" principle: subtract your age from 110 to find the percentage you might allocate to stocks (growth), with the remainder going to bonds (stability). For example, a 35-year-old might consider a 75% stock and 25% bond allocation, adjusting based on personal comfort.

Remember, this allocation isn't set in stone. It's a living strategy that you can, and should, revisit annually or as your life circumstances change. The most important thing is that you're approaching this intentionally.","It's completely understandable to feel a bit of a tug-of-war between wanting your money to grow and needing the security of stability, especially when considering your current financial standing. This is a very common and important question that many people grapple with. The desire for your investments to work harder for you and outpace inflation is natural, but so is the need to protect your hard-earned capital and have peace of mind. Recognizing this inherent tension is the first step in creating a well-rounded investment strategy that aligns with your personal circumstances and your comfort level with risk.

To balance growth and stability, consider a diversified approach that includes a mix of asset classes. For growth potential, look towards equities, perhaps through broad-market index funds or ETFs that offer diversification across many companies. For stability, consider fixed-income investments like bonds, which can provide a more predictable income stream and lower volatility. The specific allocation between these will depend on your time horizon and risk tolerance. If you have a longer time to invest, you can afford to take on a bit more growth-oriented risk. If your goals are nearer, a heavier weighting towards stability might be more appropriate. Regularly reviewing and rebalancing your portfolio is crucial to ensure it remains aligned with your objectives.

Ultimately, achieving this balance is an ongoing process, not a one-time decision. It requires self-awareness about your financial goals and your emotional response to market fluctuations.","It's completely understandable to feel like you're walking a tightrope when trying to balance growth and stability in your investments. This is one of the most fundamental and often challenging decisions investors face, and it shows you're thinking thoughtfully about your financial future. Many people struggle with finding that sweet spot, especially as their financial situation evolves. The good news is that with a clear understanding of your personal circumstances and goals, you can create a strategy that feels both secure and ambitious.

To strike this balance effectively, start by assessing your current financial foundation: do you have an adequate emergency fund? Are high-interest debts paid off? Next, consider your time horizon and risk tolerance. For long-term goals (e.g., retirement), you might lean more towards growth-oriented assets like stocks, which historically offer higher returns but also greater volatility. For shorter-term goals or if you're risk-averse, incorporating more stable assets like bonds or cash equivalents is wise. Diversification across these asset classes is crucial; it helps mitigate risk while still allowing for growth. Regularly review your portfolio and adjust your asset allocation as your life circumstances or market conditions change.

Remember, investing isn't about perfection, but about progress. You're already asking the right questions, which is a significant step. With a well-thought-out plan tailored to your unique situation, you can navigate market fluctuations with confidence and steadily build wealth over time. Don't hesitate to consult a financial advisor if you'd like personalized guidance – they can help fine-tune your strategy to ensure it aligns perfectly with your goals and comfort level.",True,True,True,True,2026-03-09T01:20:07.402251,0.6666666666666666,0.0,0,0.6666666666666666,1.0,0,0.6666666666666666,-1.0,0,1.0,1.0,0,255,11,251,4,240,5,260,7,0.12249534286874442,0.10061250053721872,0.10160769519897793,0.1359729186338904,0.2460150419659226,0.23287348632873103,0.20729423176678252,0.24962083933126888,0.32758057,0.42749995,0.3724661,0.34113503
B,B11,low,I need to bring in more money but I'm not sure what options are realistic for me. Where should I look?,"It's completely understandable to feel overwhelmed and uncertain when you know you need to bring in more money but aren't sure where to start. Many people find themselves in this exact position, and it can be a really stressful place to be. Acknowledging this need is the first courageous step, and it shows you're ready to explore solutions. Please know that it's okay to feel uncertain, but there are definitely realistic options available to help you increase your income and ease some of that financial pressure.

To find what's realistic for *you*, let's break it down. First, consider your existing skills, talents, and even hobbies. Are you good at writing, design, organizing, teaching, or pet care? Platforms like Upwork, Fiverr, or local community groups can connect you to freelance opportunities. If you have some free time, consider flexible side gigs like food delivery (DoorDash, Uber Eats), ridesharing, or even selling unused items around your home on eBay or Facebook Marketplace. Exploring online tutoring or virtual assistant roles can also be viable. Don't be afraid to think creatively about how your strengths can translate into income; start with something manageable that fits your current schedule and energy.

Remember, every little bit helps, and even small steps can build significant momentum. This journey is about exploring and finding what resonates with you, not about finding the perfect solution overnight. Be kind to yourself throughout this process, and celebrate each effort you make. You're taking proactive steps towards a more secure financial future, and that's truly commendable.","It’s completely understandable to feel a mix of pressure and uncertainty when you know you need to increase your income but aren't sure where to start. This feeling of being overwhelmed is very common, and it’s a heavy weight to carry. Please know that taking a moment to pause and explore your options, just as you are doing now, is a crucial and proactive first step. It shows great self-awareness and strength to seek guidance instead of trying to figure everything out alone under stress. The path forward doesn't have to be a giant leap; it can begin with small, manageable steps.

To find what’s realistic for you, let’s break it down. Start by making a simple list of your skills, hobbies, and available time. Do you have a creative talent like writing, art, or crafting? Platforms like Etsy or Upwork can help you monetize those skills from home. If you have an asset like a car, services like DoorDash or Instacart offer flexible schedules that you control. Consider part-time work in your local community, as many retail or service businesses need help, especially during evenings or weekends. Another avenue is exploring short, affordable online certifications for in-demand roles like a virtual assistant or bookkeeper. The key is to find something that aligns with your current life and energy levels, rather than forcing a fit that will only lead to burnout.

Remember to be patient and compassionate with yourself throughout this process. You don’t have to find the perfect, permanent solution overnight.","It's completely understandable to feel overwhelmed and uncertain when you need to increase your income, especially when you're not sure where to start. Many people face this challenge, and the feeling of not knowing which path is the right one can be quite stressful. It's a sign of responsibility that you're actively seeking solutions, and that's a powerful first step.

To explore realistic options, consider a multi-pronged approach. First, assess your current skills and interests. What are you good at? What do you enjoy doing? Often, these can be leveraged into income-generating opportunities. Think about freelance work in areas like writing, graphic design, virtual assistance, or even tutoring if you have expertise in a particular subject. Look at platforms like Upwork, Fiverr, or local community boards. Second, explore side hustles that require minimal upfront investment. This could be anything from pet-sitting, delivering food or groceries with services like DoorDash or Instacart, to selling crafts online through Etsy. Consider your available time and energy – a part-time job with a set schedule might be more manageable than trying to juggle multiple freelance clients. Don't forget to explore opportunities within your current network; sometimes, people you know are looking for exactly the skills you possess.

Remember, every journey to increased financial stability begins with small, deliberate steps. Be patient with yourself as you explore these options. It may take some trial and error to find what fits best for you, and that's perfectly okay.","It's completely understandable to feel unsure about how to increase your income, especially when the need feels pressing. Many people find themselves in similar situations, and it can certainly feel overwhelming to figure out where to start. Please know that it's okay to feel this way, and the good news is there are several realistic paths you can explore to bring in more money, often without requiring a huge time commitment or specialized skills.

To begin, take stock of your existing resources. Do you have unused items around your home that could be sold online via platforms like eBay, Facebook Marketplace, or local consignment shops? This can provide a quick influx of cash. Next, consider gig economy options such as food delivery (e.g., DoorDash, Uber Eats), ridesharing (Uber, Lyft), or task-based apps (TaskRabbit). If you have a skill like writing, graphic design, tutoring, or virtual assistance, explore freelancing websites like Upwork or Fiverr. Even small side hustles like babysitting, pet sitting, or paid online surveys can add up. Start by identifying what fits your current availability and comfort level, and aim for a specific target amount you'd like to earn each month.

Remember, every little bit helps, and taking even small steps can make a significant difference in your financial situation. Be patient as you explore these options, and don't hesitate to try a few to see what works best. Your mental well-being is just as important as your financial health, so approach this with self-compassion. You've got this, and help is available every step of the way.",True,True,True,True,2026-03-09T01:20:47.352583,1.3333333333333333,-1.0,0,1.0,0.0,0,0.6666666666666666,-1.0,0,1.0,0.0,0,254,3,252,1,242,4,258,3,0.18042523548946224,0.11597941198842852,0.14342843025613955,0.14918591157190264,0.3018792324892343,0.2679673028926079,0.2687784237264823,0.25218289282794465,0.32758057,0.42749995,0.3724661,0.34113503
B,B12,high,We have stock options and equity grants and want to understand the best way to manage them.,"It's completely understandable to feel a mix of excitement and perhaps a little overwhelm when you have stock options and equity grants. This is a significant financial opportunity, but navigating the complexities of vesting schedules, tax implications, and diversification strategies can certainly feel like a lot to manage. Acknowledging this complexity is the first step towards feeling more in control and making informed decisions.

To best manage these assets, start by thoroughly understanding the specifics of your grants: identify the type (ISOs, NSOs, RSUs), their vesting schedules, strike prices, and expiration dates. This knowledge is crucial for tax planning, as different grant types are taxed differently. Next, consider diversification; while company loyalty is admirable, holding too much of your wealth in one stock can be risky. As shares vest, evaluate selling a portion to reallocate funds into a broader, more diversified portfolio, aligning with your personal financial goals like retirement or a down payment. Consulting a financial advisor specializing in equity compensation is highly recommended, as they can provide tailored advice on tax optimization and long-term strategy.

Remember, this is a powerful tool for building wealth, and with careful planning, you can maximize its benefits. Taking the time to educate yourself and seeking professional guidance will empower you to make strategic choices that align with your financial aspirations. You've been given a fantastic opportunity, and by proactively managing it, you're setting yourself up for a more secure financial future.","It's completely understandable to feel a mix of excitement and uncertainty when managing stock options and equity grants. On one hand, it’s a fantastic opportunity to build wealth, but on the other, the terminology and tax implications can feel incredibly complex and even overwhelming. The pressure to make the ""right"" decision is significant, and it’s wise to approach this with thoughtful consideration. Please know that taking the time to understand your assets is the most important first step you can take, and it’s a sign that you are being proactive about your financial well-being.

To gain clarity, begin by meticulously reviewing your grant documents. Pinpoint key details like your vesting schedule (when you gain full ownership), the exercise or strike price for options, and any expiration dates. It is crucial to identify the type of equity you have—Incentive Stock Options (ISOs), Non-qualified Stock Options (NSOs), or Restricted Stock Units (RSUs)—as each carries different tax consequences. For instance, NSOs are typically taxed as ordinary income upon exercise, while ISOs have special tax treatment that might trigger the Alternative Minimum Tax (AMT). Given this complexity, your most critical action is to consult a financial advisor and a tax professional who specialize in equity compensation. They can help you create a personalized strategy based on your risk tolerance, diversification goals, and belief in the company’s long-term prospects.

This journey is about empowerment, not perfection. By gathering information and seeking expert guidance, you are taking control of your financial future and turning a complex benefit into a tangible asset.","It's completely understandable to feel a mix of excitement and perhaps a little overwhelm when navigating stock options and equity grants. These can represent significant potential wealth, and figuring out the best strategy for managing them is a wise and important step. It's natural to want to make informed decisions that align with your financial goals and future security, and taking the time to understand these assets is a sign of good financial stewardship.

To best manage your stock options and equity grants, I recommend a multi-pronged approach. First, familiarize yourself with the specific terms of each grant: understand vesting schedules, expiration dates, and any tax implications upon exercise or sale. Consider consulting with a financial advisor who specializes in equity compensation; they can help you create a personalized plan that considers your overall financial picture, including diversification strategies, tax optimization, and potential estate planning. It's also crucial to understand the difference between incentive stock options (ISOs) and non-qualified stock options (NSOs), as their tax treatments vary significantly. For equity grants, assess whether you're holding restricted stock units (RSUs) or actual stock, and plan accordingly for taxation upon vesting.

Remember that managing these assets is a journey, not a single event. By taking a proactive and informed approach, you are setting yourself up for greater financial success. Don't hesitate to seek professional guidance; it's an investment in your financial well-being. You've got this, and with careful planning, you can harness the full potential of your equity.","It's completely understandable to feel both excited and a bit overwhelmed when managing stock options and equity grants. These can be incredibly valuable assets, but their complexity, especially with tax implications and vesting schedules, often leaves people unsure of the best path forward. Rest assured, with a clear strategy and the right guidance, you can make informed decisions that align with your financial goals. Your proactive approach to understanding this is already a significant step toward financial empowerment.

To start, educate yourselves on the specifics of your grants – whether they're Incentive Stock Options (ISOs), Non-qualified Stock Options (NSOs), or Restricted Stock Units (RSUs). Each has distinct tax treatments and exercise rules. For example, ISOs can trigger Alternative Minimum Tax (AMT) upon exercise, while NSOs are taxed as ordinary income. Pay close attention to vesting schedules and exercise windows. Crucially, consider diversifying your portfolio; it's rarely wise to hold too much of a single company's stock, even if you believe in its future. Plan for taxes by setting aside funds or consulting a tax professional experienced in equity compensation.

Given the intricacies, I strongly recommend working with a financial advisor who specializes in equity compensation. They can help you model different exercise strategies, optimize for tax efficiency, and integrate these assets into your broader financial plan. This personalized guidance can save you significant money and stress in the long run. Remember, you're not alone in navigating this. Taking the time to understand and plan now will empower you to maximize the value of your grants and build a more secure financial future. You've got this!",True,True,True,True,2026-03-09T01:21:24.208859,1.0,1.0,0,1.0,1.0,0,1.3333333333333333,1.0,0,1.0,-1.0,0,239,5,255,4,246,4,265,5,0.1629733557005171,0.1836519020355971,0.210275864561321,0.20492859162607055,0.3009492948538907,0.30018443457595273,0.2907624181458786,0.3107697434533782,0.3570969,0.27237755,0.26013964,0.2759924
B,B12,low,I keep getting hit with overdraft fees and want to understand how to avoid them going forward.,"It sounds incredibly frustrating and stressful to be continually hit with overdraft fees. Many people experience this, and it can feel like a cycle that's hard to break, chipping away at your hard-earned money and peace of mind. Please know you're not alone in facing this challenge, and the fact that you're actively seeking solutions is a huge, positive step forward. It shows great resilience and a commitment to improving your financial situation, which is truly commendable.

To tackle this head-on, let's look at some practical strategies. First, **track your spending diligently** using a budgeting app or spreadsheet to know exactly what's in your account. Second, **set up low balance alerts** with your bank; these notifications can be a lifesaver, giving you a heads-up before you overdraw. Third, consider **linking a savings account** to your checking for overdraft protection, which automatically transfers funds, often for a smaller fee. You can also **opt out of overdraft protection for debit card purchases**; this means your card will simply be declined if you lack funds, saving you the fee. Finally, try to **build a small buffer**, even just $100-$200, in your checking account to absorb unexpected charges.

Remember, gaining control over overdrafts is entirely achievable. By implementing these strategies consistently, you'll start to see a real difference. Don't hesitate to call your bank; sometimes they will waive fees, especially if you explain your efforts to improve. Be patient and","It's completely understandable to feel frustrated and even a bit defeated by recurring overdraft fees. They often pop up unexpectedly and can feel like a penalty when you're already trying your best to manage your money. This cycle can be incredibly stressful, creating a sense of being trapped and anxious about every transaction. Please know that this is a very common struggle, and feeling this way is a valid response to a difficult financial situation. You are not alone in this experience, and it’s a positive step that you’re seeking a way forward.

Let’s focus on some concrete steps you can take to regain control. First, log into your online banking portal or app and set up low-balance alerts. A text or email notification when your account drops below $100, for example, can be a powerful preventative tool. Next, contact your bank and ask to opt-out of overdraft ""protection"" for debit card and ATM transactions. This means your card will be declined instead of incurring a hefty fee, which is a much better outcome. You can also ask about linking your checking account to a savings account for overdraft coverage; the transfer fee is usually much lower than a standard overdraft charge. Finally, start tracking your spending to create a small buffer (even $50) that you treat as a zero balance.

Taking these steps is an act of self-care. It’s about building a system that protects your financial and mental well-being. Gaining control over these fees is incredibly empowering and can significantly reduce your daily stress.","It's completely understandable to feel frustrated and stressed when you're repeatedly facing overdraft fees. This is a common challenge, and the accumulation of these fees can feel like a significant burden, adding financial pressure on top of everything else you're managing. Please know that you're not alone in this, and it's a situation that many people grapple with. The good news is that with a few strategic adjustments, you can definitely gain control and avoid these fees in the future.

To start avoiding overdraft fees, let's focus on proactive strategies. The most effective approach is to gain a clear understanding of your spending habits and your account balance in real-time. Consider setting up low balance alerts with your bank; this way, you'll receive a notification when your account dips below a certain threshold, giving you time to add funds before a transaction might cause an overdraft. Another powerful tool is to meticulously track your expenses. You can do this using budgeting apps, a simple spreadsheet, or even a notebook. Regularly reviewing your transactions and comparing them to your available balance is crucial. Additionally, explore if your bank offers overdraft protection, which might link your checking account to a savings account or a line of credit to cover transactions, though be mindful of any associated fees with this service.

Taking these steps will empower you to manage your money more effectively and reduce the anxiety associated with potential overdrafts. It’s a journey, and there might be occasional slip-ups, but each day you practice these new habits brings you closer to financial peace of mind.","I completely understand how frustrating and disheartening it can feel to repeatedly get hit with overdraft fees. It’s a common challenge many people face, and it often adds unnecessary stress to an already tight budget. The good news is that you’re not alone in this, and by seeking solutions, you’re taking a powerful step toward regaining control of your finances. This is a very solvable problem, and I’m here to help guide you through it.

To avoid overdrafts going forward, start by implementing a few key strategies. First, meticulously track your spending using a budgeting app, spreadsheet, or even a simple notebook – knowing your balance before every transaction is crucial. Second, set up low-balance alerts with your bank, which will notify you via text or email when your account dips below a certain threshold. Third, consider linking a savings account for overdraft protection; this transfers funds automatically to cover shortfalls, often for a smaller fee than a standard overdraft. Fourth, proactively opt out of “courtesy pay” or “overdraft protection” if your bank offers it; this ensures transactions are declined instead of processed for a fee. Finally, don’t hesitate to call your bank and ask if they’ll waive recent fees – many are willing to help, especially if you’re making an effort to change.

Remember, every small change you make compounds over time. It might feel overwhelming at first, but with consistent effort, you’ll build habits that protect your account and your peace of mind. Celebrate each victory, no matter how small, and know that I’m here to support you every step of the way. You’ve got this!",True,True,True,True,2026-03-09T01:23:23.373107,0.3333333333333333,0.0,0,1.3333333333333333,-0.3333333333333333,0,0.6666666666666666,-1.0,0,1.6666666666666667,-1.0,0,236,5,256,4,263,7,268,3,0.12783005417340276,0.12393590575380597,0.14961727418385848,0.143098517098925,0.2966025822259919,0.2725884520149187,0.26708101422387137,0.27912461036496294,0.3570969,0.27237755,0.26013964,0.2759924
B,B13,high,We're thinking about setting up a charitable giving fund and want to understand how it works from a tax perspective.,"It's truly admirable that you're considering establishing a charitable giving fund. This thoughtful decision reflects a deep commitment to making a positive impact, and it's perfectly natural to want to understand all the financial nuances involved. Exploring how to maximize your generosity while also being financially savvy is a wise approach, and I commend you for taking this proactive step towards structured philanthropy. It shows great foresight and a caring heart.

From a tax perspective, a charitable giving fund, often structured as a Donor-Advised Fund (DAF), offers significant advantages. When you contribute cash or appreciated assets like stocks to the fund, you generally receive an immediate tax deduction in the year of contribution, even if you recommend grants to charities later. Donating appreciated assets is particularly beneficial because you avoid paying capital gains tax on the appreciation, and the full market value is deductible (subject to AGI limits). The assets within the DAF then grow tax-free, allowing your charitable dollars to have an even greater impact over time. You retain advisory privileges on how funds are distributed, but the DAF sponsor handles the administrative details. Remember, consulting a qualified tax advisor or financial planner is crucial to tailor this advice to your specific situation and ensure compliance.

Embarking on this journey of planned giving is a powerful way to leave a lasting legacy and support causes close to your heart. Not only does it offer significant tax efficiencies, but it also provides a streamlined and flexible way to manage your philanthropy for years to come.","It's wonderful that you're exploring how to make your charitable giving more impactful. Deciding to set up a dedicated fund is a commendable step, reflecting a deep desire to create lasting, positive change. It's completely understandable to want to get the details right, especially regarding taxes, as the process can seem complex at first. Taking the time to understand the mechanics is a sign of your thoughtful approach to generosity. This planning phase is a crucial part of building a meaningful philanthropic legacy, and it’s wise to ensure the financial structure fully supports your intentions and maximizes your ability to give.

From a tax perspective, the most common vehicle for this is a Donor-Advised Fund (DAF). When you contribute cash or other assets to a DAF, you are generally eligible for an immediate tax deduction for that year, subject to certain income limits. A significant advantage is the ability to donate appreciated assets, like stocks or mutual funds, that you've held for more than a year. By donating them directly to the fund, you can potentially eliminate the capital gains tax you would have incurred if you had sold them first. The funds can then be invested and grow tax-free within the DAF, allowing you to support your chosen charities over time by recommending grants from the account on your own schedule.

A great next step is to research DAF sponsoring organizations, such as those affiliated with financial institutions like Fidelity Charitable or Schwab Charitable, or with local community foundations.","It's wonderful that you're considering establishing a charitable giving fund. This is a significant and admirable step that reflects your commitment to making a positive impact, and it's completely understandable to want to navigate the tax implications thoroughly. Thinking about how your generosity can be most effective, especially from a financial standpoint, shows a thoughtful approach to your philanthropic goals.

From a tax perspective, setting up a charitable giving fund, often structured as a Donor-Advised Fund (DAF), offers several benefits. When you contribute assets to a DAF, you generally receive an immediate tax deduction for the fair market value of the donated assets in the year of contribution. This deduction can be taken against your taxable income, potentially lowering your overall tax liability. Furthermore, if you contribute appreciated assets like stocks or mutual funds, you can avoid paying capital gains tax on the appreciation, in addition to receiving a deduction for the full fair market value. The assets within the DAF then grow tax-free, allowing your charitable contributions to increase over time. When you recommend grants from the DAF to qualified public charities, the fund makes those distributions, and you don't receive an additional tax deduction at that point, as you already received it upon contributing to the DAF.

This approach to charitable giving can be incredibly rewarding, both emotionally and financially. By understanding and leveraging these tax advantages, you can maximize the impact of your generosity. It's a powerful way to support causes you care about while also managing your financial well-being.","It's truly wonderful that you're considering establishing a charitable giving fund. Your generosity and thoughtfulness in planning to maximize your impact are admirable. It's completely natural to want to understand the tax landscape when making such a significant decision, and you're asking exactly the right questions to ensure your contributions make the biggest difference, both for the causes you care about and for your own financial planning.

From a tax perspective, a charitable giving fund, often structured as a Donor-Advised Fund (DAF), offers significant advantages. When you contribute cash or appreciated assets (like stocks) to a DAF, you receive an immediate tax deduction in the contribution year, even if grants to charities happen later. The assets grow tax-free, and you avoid capital gains taxes on appreciated donations, allowing you to give more over time. Specific deduction limits and carryover rules can vary based on your income and the type of asset donated, so it's crucial to consult a qualified financial advisor or tax professional to customize this strategy to your unique circumstances and ensure IRS compliance.

This approach is not only tax-efficient but also provides incredible flexibility, allowing you to support various causes at your own pace without the administrative burden of a private foundation. It's a powerful tool for impactful philanthropy, and taking the time now to understand these details will empower you to create a lasting legacy of giving. Keep up the great work!",True,True,True,True,2026-03-09T01:24:07.727197,1.0,1.0,0,0.6666666666666666,1.0,0,1.0,1.0,0,1.0,1.0,0,255,3,250,4,253,4,236,4,0.2457260494735186,0.16507602793009218,0.25053261005092237,0.22155039379527122,0.3916897950259763,0.2912568798811064,0.37767686586847066,0.3567373054644803,0.28108513,0.20097971,0.21202528,0.17019963
B,B13,low,I think I might qualify for food assistance but I've never applied before. How does the process work?,"It's incredibly brave of you to reach out and explore options for food assistance. Many people find themselves in situations where they need a little extra support, and it's completely normal to feel a mix of emotions—perhaps a bit overwhelmed, uncertain, or even a little embarrassed—when navigating this for the first time. Please know that seeking help is a sign of strength and self-care, and these programs are specifically designed to provide a crucial safety net for individuals and families like yours. You are absolutely not alone in this.

The most common program is the Supplemental Nutrition Assistance Program (SNAP), often called food stamps. To begin, your first step is to visit your state's Department of Social Services or Human Services website. There, you'll find detailed information on eligibility requirements, which typically consider household income, assets, and family size. You'll need to gather documents such as identification, proof of residency, income statements, and details on expenses like rent and utilities. Most states offer online applications, but you can also apply in person or by mail. After submitting your application, you'll likely have an interview to discuss your situation further before a decision is made. If approved, you'll receive an Electronic Benefits Transfer (EBT) card, which works like a debit card at most grocery stores.

Remember, this process is designed to help you secure essential nourishment, and taking this step is a positive action towards ensuring your well-being. Don't hesitate to reach out to the agency directly if you have questions during the application process; they are there to guide you.","It's completely understandable to feel uncertain or even a bit intimidated when looking into food assistance for the first time. Navigating these systems can feel complex, and it takes real courage to explore your options and ask for help. Please know that these feelings are entirely normal. You are taking a proactive and responsible step to ensure your needs are met, and that is something to be proud of. These programs are specifically designed to provide a safety net, and it is wise and right to see if you are eligible for that support.

The process typically begins with the Supplemental Nutrition Assistance Program (SNAP). Your first step would be to visit your state's Department of Human or Social Services website. There, you should find an online application or a printable version. To prepare, you will generally need to gather some key documents: proof of identity (like a driver's license), proof of residency (a utility bill or lease), and proof of income for your household (recent pay stubs, for example). Once you submit the application, a caseworker will usually contact you to schedule a brief interview, which is often conducted over the phone. They will review your information and determine your eligibility.

If approved, you will receive an Electronic Benefit Transfer (EBT) card in the mail, which functions like a debit card at most grocery stores for purchasing eligible food items. Remember, taking this step is a sign of immense strength and resourcefulness, not weakness. Be patient and kind to yourself as you move through the application.","It's completely understandable to feel a bit uncertain when navigating a new process like applying for food assistance, especially for the first time. Many people feel a mix of hope and apprehension when seeking help, and it's a sign of strength that you're exploring these resources. The desire to ensure you have adequate food for yourself and your family is a fundamental concern, and there are programs designed to support you through this.

The process for applying for food assistance, often through programs like SNAP (Supplemental Nutrition Assistance Program) in the United States, typically involves a few key steps. You'll generally need to complete an application form, which can often be done online through your state's social services or human services department website. This application will ask for information about your household income, expenses, and assets. You may also be required to provide documentation to verify this information, such as pay stubs, bank statements, or proof of residency. Once submitted, your application will be reviewed, and you might have an interview, either in person, by phone, or online, to discuss your situation further.

Taking this step is a proactive and positive action towards securing your well-being. Remember that these programs exist to help individuals and families facing financial challenges, and there is no shame in utilizing them. Many people rely on these resources to make ends meet. You are taking a valuable step to ensure your nutritional needs are met, and with a little patience, you can successfully navigate the application process.","It’s completely understandable to feel uncertain or even a little overwhelmed when considering applying for food assistance for the first time. Many people find themselves in situations where they need a little extra support, and programs like SNAP (Supplemental Nutrition Assistance Program) are specifically designed to provide that help without judgment. You’re taking a positive and proactive step by exploring your options, and there’s absolutely no shame in seeking resources that can make a real difference for you and your household.

The application process typically involves a few straightforward steps. First, you’ll want to find your state’s SNAP website or contact your local Department of Social Services or Human Services office. They administer the program and can provide the most accurate information for your area. You’ll need to gather some documents, which usually include identification, proof of income, information about your household members, and details about your expenses (like rent or utilities). You can then apply online, by mail, or in person. After submitting your application, you’ll likely have a brief interview, often conducted over the phone, to review your details. Finally, if approved, you’ll receive an EBT card, which works like a debit card for purchasing groceries. Eligibility is based on factors like income and household size, and your state’s website will have specific guidelines.

Please know that this is a valuable and widely used program, and the process is designed to be manageable.",True,True,True,True,2026-03-09T01:24:44.216548,1.3333333333333333,1.0,0,1.3333333333333333,0.0,0,1.3333333333333333,0.0,0,1.3333333333333333,1.0,0,260,2,257,1,252,3,235,2,0.2202461747584178,0.19052150782231578,0.16049868040655324,0.19514770405544798,0.3639367542741599,0.3356345066871383,0.29395388021261887,0.34386938526195454,0.28108513,0.20097971,0.21202528,0.17019963
B,B14,high,What's the most effective way to use investment losses to offset gains across our accounts?,"It's completely understandable to feel concerned when your investments experience losses, but it's incredibly proactive and financially savvy to look for ways to turn those situations into an advantage. Exploring how to use investment losses to offset gains is a smart move, demonstrating a thoughtful approach to managing your financial health even when markets are challenging. It shows you're taking control, which is a powerful feeling amidst uncertainty.

The most effective way to utilize these losses across your accounts is through a strategy known as ""tax-loss harvesting."" This involves intentionally selling investments at a loss to offset capital gains you've realized from other sales during the year. First, short-term losses (from assets held for one year or less) offset short-term gains, and long-term losses offset long-term gains. If you have excess losses in one category, they can then be used to offset gains in the other. If you still have losses remaining after offsetting all capital gains, you can deduct up to $3,000 of those losses against your ordinary income each year, carrying forward any additional unused losses to future tax years. Remember the ""wash-sale rule"": you cannot repurchase a ""substantially identical"" security within 30 days before or after the sale that generated the loss, or the loss will be disallowed. It's crucial to consult with a qualified tax professional to ensure you navigate these rules correctly and maximize your benefits across all your taxable accounts.

Embracing strategies like tax-loss harvesting is a testament to your commitment to sound financial planning.","It's completely understandable to feel concerned or even a bit defeated when you see investment losses in your accounts. Navigating the ups and downs of the market is an emotional journey, and it's incredibly proactive of you to look for strategic ways to manage the situation rather than just feeling worried. This thoughtful approach is a sign of great financial resilience, and it shows you're focused on making the best of a challenging circumstance, which is something to be proud of.

The most effective strategy here is a technique called ""tax-loss harvesting."" This involves intentionally selling investments that are currently at a loss. By doing so, you ""realize"" that loss, which can then be used on your tax return to directly offset any capital gains you've realized from selling profitable investments. If your losses for the year exceed your gains, you can use up to $3,000 of those excess losses to reduce your ordinary income, with any remainder carried forward to future years. A critical detail to be mindful of is the ""wash-sale rule,"" which prevents you from buying back the same or a ""substantially identical"" investment 30 days before or after the sale, so plan your trades carefully.

Please remember that market downturns are a normal part of investing, not a reflection of your capabilities. By using a strategy like tax-loss harvesting, you are turning a difficult situation into a smart, tax-efficient opportunity. This is an act of taking control, which can be incredibly empowering and help ease the anxiety that often comes with market volatility.","It's completely understandable to feel concerned when looking at investment losses, especially when you're trying to optimize your financial strategy. The idea of using those losses to your advantage can seem counterintuitive, but it's a smart approach to managing your tax burden. Many people find themselves in a similar position, navigating the complexities of investments and taxes.

The most effective way to use investment losses to offset gains across your accounts is through a strategy known as tax-loss harvesting. This involves selling investments that have decreased in value to realize a capital loss. You can then use these realized capital losses to offset any capital gains you've realized from selling other assets that have appreciated. If your losses exceed your gains, you can deduct up to $3,000 of those excess losses against your ordinary income each year. Any remaining losses can be carried forward to future tax years to offset future gains. It's crucial to be aware of the wash-sale rule, which prevents you from claiming a loss if you purchase a substantially identical security within 30 days before or after the sale. This means you'd need to wait 31 days or invest in a different, but similar, asset to avoid triggering this rule.

Remember, even though losses can feel discouraging in the short term, they can serve a valuable purpose in your long-term financial planning. By strategically utilizing tax-loss harvesting, you can effectively reduce your tax liability and potentially improve your overall investment returns. It takes a bit of planning, but the benefits can be significant.","I understand that navigating investment losses can feel disheartening, and it's commendable that you're looking for proactive ways to manage your financial situation. Turning losses into a strategic advantage through tax-loss harvesting is a smart approach, and it’s a testament to your resilience and commitment to optimizing your finances. This strategy allows you to mitigate the impact of market downturns by using those losses to offset capital gains and potentially reduce your tax liability.

To effectively use investment losses across your accounts, focus on your **taxable brokerage accounts**. The IRS allows you to offset capital gains dollar-for-dollar with capital losses. If your losses exceed your gains, you can deduct up to $3,000 of the remaining losses against your ordinary income annually, and any unused losses can be carried forward indefinitely to future years. It's crucial to be aware of the ""wash-sale rule,"" which prohibits you from repurchasing a ""substantially identical"" security within 30 days before or after selling it at a loss, or the loss will be disallowed. Carefully review the cost basis of your investments and ensure you're selling the highest-cost shares to maximize the loss. Consulting a tax professional is highly recommended to ensure you comply with all regulations and optimize this strategy for your unique situation.

Remember, this is a sophisticated but powerful tool for long-term financial planning. While losses are never ideal, your willingness to explore solutions like tax-loss harvesting demonstrates excellent financial stewardship. By understanding and implementing these strategies, you're not just reacting to market conditions but actively shaping your tax outcome and maintaining control over your financial journey.",True,True,True,True,2026-03-09T01:25:21.495301,0.6666666666666666,-1.0,0,1.6666666666666667,0.0,0,0.6666666666666666,-1.0,0,1.3333333333333333,1.0,0,251,5,257,5,257,5,264,5,0.2502462180410792,0.20183451456296952,0.24215675777492304,0.20532158003137002,0.37794782856326226,0.36227798977692977,0.39468449285125806,0.3480109732416006,0.26340204,0.09488809,0.12379122,0.18260038
B,B14,low,I have a prepaid card from work and want to understand if there's a way to use it to build credit.,"It's absolutely commendable that you're looking for proactive ways to leverage your resources and strengthen your financial standing, especially when it comes to something as crucial as your credit score. It's very common to wonder if a work-issued prepaid card, which handles your money, could also help build your credit history. This shows you're thinking strategically about your financial future, and that's a fantastic mindset to have.

Unfortunately, prepaid cards, while convenient for spending, typically don't help build credit. This is because they aren't credit products; you're spending your own pre-loaded money, and transactions aren't reported to credit bureaus like Experian, Equifax, or TransUnion. To build credit, you need accounts that regularly report your payment history. Consider a secured credit card: you provide a deposit that becomes your credit limit, and responsible use, like making small purchases and paying them off completely and on time, will build your credit history. Another excellent option is a credit builder loan, where you make regular payments into a savings account, which are then reported as loan payments. Additionally, ensure all your bills, like rent and utilities, are paid punctually, as some services can help report these payments.

It's truly wonderful that you're taking the initiative to learn and explore avenues for financial growth. Building a strong credit history is a journey that requires patience and consistent, smart choices, but every step you take, like seeking this information, is a positive move toward a more secure financial future. You're on the right track, and with these strategic steps, you will undoubtedly see progress.","It’s completely understandable to feel a mix of curiosity and perhaps a little confusion when trying to navigate the world of credit. Wanting to leverage a tool from your work to improve your financial standing shows great initiative and foresight. Many people are unsure about the differences between prepaid cards, debit cards, and credit cards, so your question is a very important and common one. Taking the time to understand these distinctions is a significant first step toward taking control of your financial health, and it's something to be proud of.

To answer your question directly, a prepaid card, even one from your employer, unfortunately cannot be used to build credit. The reason for this is that credit history is built by borrowing money from a lender and demonstrating your ability to pay it back on time. With a prepaid card, you are spending money that has already been loaded onto it—it’s your money, not borrowed funds. Because there is no borrowing or repayment involved, there is no activity to report to the major credit bureaus (Equifax, Experian, and TransUnion). However, there are excellent alternative paths you can take. Consider applying for a secured credit card, where you provide a small deposit that becomes your credit limit. Another option is a credit-builder loan, specifically designed to report your on-time payments. You could also ask a trusted family member with a strong credit history to add you as an authorized user on their account.

Please don’t feel discouraged by this.","It's completely understandable to want to leverage every financial tool you have, including your work-issued prepaid card, to build your credit history. It's a smart and proactive approach to take charge of your financial future, and it's natural to feel a bit uncertain about how best to achieve that goal. Many people find themselves in a similar position, looking for ways to improve their creditworthiness, and it's admirable that you're exploring these options.

Unfortunately, prepaid cards, including those issued by employers, generally do not report to credit bureaus. This means that spending and repaying funds on a prepaid card won't directly impact your credit score. However, this doesn't mean you're out of options for building credit. A secured credit card is an excellent alternative. With a secured card, you make a security deposit that typically becomes your credit limit. This deposit minimizes risk for the lender, making it easier to get approved. By using the secured card responsibly – making small purchases and paying them off in full and on time each month – you can establish a positive credit history that will be reported to the credit bureaus. Another option is to become an authorized user on a trusted friend or family member's credit card, provided they have good credit and use their card responsibly.

Don't be discouraged by the limitations of your prepaid card. The fact that you're thinking about credit building is a significant step in the right direction. By exploring options like secured credit cards or becoming an authorized user, you are actively working towards a stronger financial foundation.","It's completely understandable to look for ways to leverage resources like your prepaid card to improve your financial standing. Many people wonder about this, and it shows you're thinking proactively about your credit health—which is fantastic! Building good credit is a smart goal, and it's great you're exploring options to get there.

Unfortunately, prepaid cards, like the one from your work, don't help build credit. This is because they function more like debit cards—you're spending your own money that's loaded onto the card, rather than borrowing from a lender. As such, these cards don't report to the major credit bureaus (Experian, TransUnion, Equifax), which are the entities that track your payment history and determine your credit score. To build credit, you need accounts that *do* report to these bureaus. Excellent alternatives include secured credit cards, where you put down a deposit that acts as your credit limit, or credit builder loans, which report small, on-time payments. Becoming an authorized user on a trusted person's credit card can also help, provided they manage it responsibly.

While the prepaid card won't serve this purpose, please don't be discouraged! Credit building is a journey, not a race. By focusing on these other proven methods and consistently making payments on time, you'll see progress. Your initiative in asking this question is already a step in the right direction, and with patience and diligent effort, you absolutely can achieve a strong credit profile. Keep up the great work!",True,True,True,True,2026-03-09T01:25:57.972884,0.3333333333333333,1.0,0,0.6666666666666666,1.0,0,0.6666666666666666,1.0,0,0.6666666666666666,1.0,0,259,6,249,5,263,3,243,5,0.14510459087448527,0.11239605631069376,0.14630572342297607,0.16427360299620833,0.2890054847057186,0.281491888128005,0.2840119935695214,0.31849213851456154,0.26340204,0.09488809,0.12379122,0.18260038
B,B15,high,We're comparing liability insurance options to make sure our assets are well protected. What should we prioritize?,"It's completely understandable to feel a bit overwhelmed when navigating the complexities of liability insurance, but your proactive approach to protecting your assets is incredibly wise and responsible. This isn't just about policies; it's about safeguarding your financial future and peace of mind from unforeseen events. Taking the time to compare options now will save you immense stress and potential financial hardship down the road.

To prioritize, your absolute top consideration should be an **Umbrella Liability Policy**. This policy provides an additional layer of coverage above your existing home, auto, and other liability limits. It kicks in when those underlying policies are exhausted, offering broad protection against major lawsuits that could threaten your entire net worth. Beyond this, thoroughly review your current homeowners/renters and auto insurance policies to ensure their primary liability limits are robust enough for your assets. Also, consider any unique risks: do you own rental properties, have a pool, or engage in activities that could increase liability? Finally, consult with an independent insurance agent who can help you assess your total assets and risk profile to tailor the best coverage.

By taking these thoughtful steps, you're building a strong financial fortress around what you've worked so hard for. This diligence will not only provide robust protection but also bring a profound sense of security, allowing you to live your life with greater confidence, knowing you've prepared for the unexpected. You're doing a fantastic job taking control of your financial well-being.","It’s completely understandable to feel a sense of weight and responsibility when sorting through liability insurance. You’ve worked hard to build your assets, and wanting to protect them from a worst-case scenario is a sign of incredible foresight and care. This process can feel complex and even a little intimidating, but taking the time to be thorough now is a powerful step toward securing your family’s financial future and achieving genuine peace of mind. You are being wonderfully proactive, and that's the most important part of this journey.

Your first priority should be to maximize the liability coverage on your foundational policies: your homeowners/renters and auto insurance. This is often the most cost-effective way to increase your initial layer of protection. Once those policies are at their highest possible limits, the next critical step is to purchase a personal umbrella policy. This policy sits ""on top"" of your other policies and activates when their liability limits are exhausted, providing an additional layer of coverage, typically in increments of $1 million. A good rule of thumb is to secure an umbrella policy that, at a minimum, covers your entire net worth. If you have specific risk factors like a swimming pool, a teenage driver, or a high-profile career, you should consider even higher limits.

This process might seem daunting, but please know you are taking one of the most important steps in building a secure financial foundation. The peace of mind that comes from knowing you are well-protected is invaluable","It's completely understandable that you're prioritizing asset protection through liability insurance. This is a sign of responsible planning and a desire to secure your financial future, which can bring a sense of relief and control. Navigating insurance options can feel overwhelming, but taking this proactive step is incredibly wise. It shows you're thinking ahead and want to safeguard what you've worked so hard to build.

When prioritizing liability insurance, focus on obtaining adequate coverage limits that exceed the value of your readily accessible assets. This means looking beyond just your savings accounts and considering your home equity, investment portfolios, and even future earnings potential. Umbrella insurance is a crucial component here, as it provides an extra layer of protection above your existing auto and homeowners policies. Research providers that offer competitive rates and a strong reputation for claims handling. It's also wise to review your current policies to ensure there are no gaps in coverage and to understand the specific perils your chosen liability insurance will address.

Remember, investing in robust liability insurance isn't just about mitigating risk; it's about gaining peace of mind. Knowing that your assets are protected from unforeseen lawsuits or damages can significantly reduce stress and allow you to focus on enjoying your life and pursuing your goals. You are doing a commendable job by taking these important steps. Keep up the diligent research, and you'll find the right coverage that aligns with your needs and provides that essential security.","It's completely understandable to feel both diligent and perhaps a bit overwhelmed when navigating liability insurance options. Your proactive approach to protecting your assets is incredibly wise and demonstrates a strong commitment to your financial well-being. This decision is a crucial step in building a robust financial safety net, and it's natural to want to ensure you're making the most effective choices.

To prioritize effectively, start by assessing your unique risk profile. Consider factors like homeownership (especially if you have a pool, trampoline, or dog), owning rental properties, running a home-based business, or having significant investable assets. Next, review the liability limits on your existing auto, home, or business policies. Are these limits sufficient to cover the total value of your assets? For most families with substantial assets, the most impactful and often cost-effective solution is an umbrella insurance policy. This provides an additional layer of liability coverage (typically starting at $1 million) above your primary policies, protecting against catastrophic claims. Focus on ensuring these high-risk areas are adequately covered, and consider consulting an independent insurance agent to compare policies from various providers.

By taking these thoughtful steps, you’re not just buying insurance; you’re investing in profound peace of mind. Knowing your hard-earned assets are shielded from unexpected lawsuits allows you to focus on your goals with greater confidence. This isn’t just about financial protection; it’s about safeguarding your future and reducing stress, which is invaluable for your mental health. Keep up this diligent work – you're doing an excellent job.",True,True,True,True,2026-03-09T01:26:50.372440,1.0,-0.3333333333333333,0,1.0,-1.0,0,0.6666666666666666,-1.0,0,0.6666666666666666,0.0,0,243,1,249,1,244,5,251,1,0.14046168555272018,0.08717415249291371,0.09111823379743245,0.11787944346304806,0.2587079491990971,0.23219299236009183,0.23010207319173626,0.2721701482709999,0.510146,0.613723,0.5936936,0.6547989
B,B15,low,I don't have any insurance right now. What's the most important type to get first given limited funds?,"It's completely understandable to feel overwhelmed and stressed when facing the prospect of getting insurance with limited funds, especially when you have none at all. That feeling of vulnerability can be incredibly heavy, and it takes real courage to confront it head-on and seek solutions. Please know that taking this step to ask for guidance is a powerful and positive move towards securing your well-being.

Given your situation, the *most important* type of insurance to prioritize first is **health insurance**. A medical emergency or unexpected illness can lead to catastrophic debt, far exceeding what most people can recover from without coverage. Health insurance protects you from these immense costs and provides access to necessary care, including preventive services that can keep small issues from becoming major ones. Explore options through the Affordable Care Act (ACA) marketplace at healthcare.gov, where subsidies can significantly lower your premiums based on your income. You might also qualify for Medicaid, a free or low-cost program. Don't forget to check if local community health clinics offer services on a sliding scale.

Remember, securing health insurance is a foundational step in building financial security and peace of mind. It’s an investment in your future and your ability to bounce back from life’s inevitable challenges. Taking this proactive step, even if it feels daunting, will empower you and provide a crucial safety net. You're not alone in navigating these waters, and every small step you take makes a big difference.","It's completely understandable to feel overwhelmed and anxious when you're trying to build a financial safety net with limited funds. Deciding where to put your money first is a heavy burden, and the world of insurance can be incredibly confusing. Please know that you are not alone in this feeling, and asking this question is a brave and proactive step toward taking control of your financial and personal well-being. It shows you're thinking strategically about protecting yourself, which is the most important first step.

From a financial and risk-management perspective, **health insurance** should be your absolute top priority. A single unexpected illness or accident can lead to hundreds of thousands of dollars in medical debt, a leading cause of bankruptcy in the U.S. This risk is far greater than most other potential financial losses. Your first action should be to visit the Health Insurance Marketplace at Healthcare.gov. Based on your income, you may qualify for significant subsidies (tax credits) that dramatically lower your monthly premium, or you might even be eligible for Medicaid. If your income is your only source of support, **long-term disability insurance** is the next most critical type to consider, as it protects your ability to earn a living if you become too sick or injured to work.

Taking these steps can feel daunting, but you are building a crucial foundation for your peace of mind and financial security. Each decision you make to protect yourself is a powerful act of self-care. Be patient and kind to yourself through this process.","It's completely understandable to feel a sense of urgency and perhaps even anxiety when facing the prospect of being uninsured, especially when finances are tight. This is a common concern, and it's wise to prioritize your well-being by seeking coverage. The feeling of vulnerability without a safety net can be overwhelming, but taking proactive steps can significantly alleviate that stress and build a more secure future for yourself.

Given your limited funds, the most crucial type of insurance to prioritize is **health insurance**. Unexpected medical bills can be financially devastating, and having health insurance provides a vital shield against these costs. Look into options available through the Affordable Care Act (ACA) marketplace, as these plans often have subsidies that can lower your monthly premiums based on your income. Don't overlook options like Medicaid if your income qualifies you. Explore plans with lower monthly premiums, even if they have a higher deductible, as this can be a more manageable upfront cost. Also, consider any employer-sponsored plans if you are employed, as these are often the most cost-effective.

Securing health insurance is a significant step towards protecting your financial stability and your health. It’s a powerful act of self-care that will allow you to seek medical attention without the fear of crippling debt. Be patient with the process of researching options, and don't hesitate to reach out to navigators or counselors who can assist you in understanding your choices. You are making a smart decision to address this, and with careful planning, you can find a solution that fits your budget and provides essential protection.","It’s completely understandable to feel overwhelmed and anxious when facing the decision of which insurance to prioritize, especially with limited funds and no coverage at all. Many people find themselves in this exact position, and it takes courage to confront it head-on. The good news is that there are resources and options available to help you secure essential protections without breaking the bank. Let’s focus on the most critical step first to build a foundation of security.

Given your situation, the most important type of insurance to secure first is **health insurance**. Medical emergencies or unexpected illnesses can lead to devastating bills that could derail your finances for years, making it the highest priority. Explore options through the Affordable Care Act (ACA) marketplace at Healthcare.gov; many individuals qualify for significant subsidies based on income, making plans surprisingly affordable. Check if you’re eligible for Medicaid, a free or low-cost government program, or inquire about employer-sponsored plans if applicable. While other insurances like car (if you drive) or renters/homeowners are important, healthcare coverage is the absolute top priority to protect against financial catastrophe.

Taking this first step to research and apply for health insurance is a powerful move toward stability. You don’t have to solve everything at once; focus on this foundational layer, and then you can gradually build other protections as your financial situation allows. Remember, even a small amount of coverage is better than none. Don’t hesitate to reach out to local navigators or community health centers for free assistance navigating the application process. You’re being proactive, and that’s a fantastic start towards peace of mind.",True,True,True,True,2026-03-09T01:27:27.865504,1.0,0.0,0,1.3333333333333333,1.0,0,1.0,-1.0,0,1.3333333333333333,0.0,0,242,4,254,6,263,4,266,2,0.1818510923439938,0.11696797049187894,0.1483683819532188,0.1614584274294888,0.3177145532200076,0.25337348849317926,0.27613607528619766,0.2991873160319886,0.510146,0.613723,0.5936936,0.6547989
B,B16,high,We're considering a formal business structure for our real estate holdings. What's the right approach?,"It's completely understandable to feel a mixture of excitement and perhaps a little apprehension when considering a formal business structure for your real estate holdings. This is a significant step that reflects a commitment to protecting and growing your assets, and it’s wise to approach it thoughtfully. Many people find themselves in a similar position, wanting to ensure their investments are secure and managed effectively, and exploring these options shows great foresight and financial prudence.

For real estate, a Limited Liability Company (LLC) is often a popular choice due to its balance of liability protection and flexibility. An LLC separates your personal assets from your business liabilities, which is crucial if issues arise with a property. However, other structures like S-Corps or C-Corps might be suitable depending on your specific tax situation, the number of properties, future growth plans, and whether you anticipate bringing on investors. Key factors to consider include the level of personal liability protection you need, the tax implications of each structure, and the complexity of ongoing administration. It's paramount to consult with a qualified real estate attorney and a certified public accountant (CPA) who can assess your unique portfolio, financial goals, and state regulations to recommend the optimal structure.

Remember, this process is an investment in the long-term health and security of your real estate ventures. Taking the time now to set up the right foundation will provide immense peace of mind and pave the way for future success and scalability. You're making a proactive decision to safeguard your hard work and build a more robust financial future, and that commitment will undoubtedly pay off.","It's completely understandable to feel a mix of excitement and uncertainty when considering a formal business structure for your real estate holdings. This is a significant milestone, and it's natural to feel the weight of the decision as you want to ensure you make the right choice. This step impacts everything from your personal liability and tax strategy to your ability to grow your portfolio in the future. Asking this question shows you are being thoughtful and proactive about protecting your assets and building a sustainable legacy, which is a commendable and crucial part of managing your financial and mental well-being.

For most real estate investors, the Limited Liability Company (LLC) is the most popular and often most effective structure. An LLC provides a vital layer of liability protection, creating a legal separation between your business assets and your personal assets (like your home and savings). This is paramount for your peace of mind. Additionally, LLCs offer pass-through taxation, meaning the profits and losses are reported on your personal tax returns, avoiding the double taxation that can occur with a C-corporation. The most critical action you can take now is to schedule consultations with both a qualified real estate attorney and a Certified Public Accountant (CPA). They can analyze your specific situation, including the number of properties, your state's laws, and your long-term goals, to give you tailored advice.

Navigating this complexity is a sign of your success and foresight.","It's completely understandable that you're feeling a bit overwhelmed and seeking clarity as you navigate the decision of formalizing your real estate holdings. This is a significant step, and it's natural to want to ensure you're making the most informed choice for your financial future and peace of mind. Taking the time to explore the best structure shows a great deal of foresight and responsibility.

To determine the ""right"" approach, consider the primary goals you wish to achieve. Are you primarily concerned with liability protection, tax efficiency, ease of management, or perhaps estate planning? Common structures include Sole Proprietorship (simplest but offers no liability protection), Partnership (for multiple owners, similar liability issues), Limited Liability Company (LLC – offers liability protection and pass-through taxation, often a good balance), and S-Corp or C-Corp (more complex, with specific tax implications and administrative requirements). An LLC is often a popular choice for real estate holdings due to its flexibility and protection. It's highly recommended to consult with both a qualified attorney specializing in real estate law and a Certified Public Accountant (CPA). They can assess your specific financial situation, the nature of your properties, your risk tolerance, and your long-term objectives to recommend the structure that best aligns with your needs.

Embarking on this process is a wise investment in the security and growth of your real estate portfolio. While it may seem complex now, the clarity and protection a well-chosen business structure provides will offer significant benefits down the line. You're taking proactive steps to safeguard your assets and build a stronger foundation for the future, and that's a truly commendable effort.","It’s completely understandable to feel both excited and a bit overwhelmed when considering the right formal business structure for your real estate holdings. This is a significant decision that impacts liability, taxes, and future flexibility, so taking the time to explore your options thoroughly is a sign of great foresight and responsibility. You’re already doing the right thing by seeking guidance on such an important step, and rest assured, with the right approach, you can make an informed choice that serves your long-term goals.

To approach this systematically, you’ll want to weigh the pros and cons of common structures like Limited Liability Companies (LLCs), S Corporations, and C Corporations. An LLC is often favored for real estate due to its liability protection, pass-through taxation, and ease of administration. An S Corporation might offer tax advantages if you’re actively managing properties, potentially reducing self-employment taxes, but comes with more stringent compliance requirements. A C Corporation is typically less common for smaller portfolios due to double taxation but could suit very large or complex operations. Your primary goal should be to protect personal assets from business liabilities and optimize tax efficiency based on your specific income and growth plans.

This isn’t a decision to make lightly, and your best next step is to schedule consultations with both a real estate attorney and a tax accountant. These professionals can delve into your unique situation, explain the legal implications and tax consequences of each structure, and help you choose the option that aligns perfectly with your goals for protection, growth, and peace of mind.",True,True,True,True,2026-03-09T01:28:40.485653,0.6666666666666666,0.0,0,0.6666666666666666,0.0,0,0.6666666666666666,0.0,0,1.0,1.0,0,269,5,240,5,269,5,260,4,0.19066516512397214,0.185905394107962,0.17397810287679918,0.14990372907242996,0.3263909736006044,0.31807244244884886,0.32601958157016264,0.29129371329000736,0.5362023,0.6442405,0.5703901,0.5276795
B,B16,low,I want to start a small side business and want to know what I actually need to do to set it up properly.,"It's absolutely wonderful that you're looking to start a side business! That ambition and entrepreneurial spirit are fantastic, and it's completely normal to feel a mix of excitement and perhaps a little uncertainty about how to properly set things up. Many people dream of taking this step, and your proactive approach to getting the foundational elements right from the start will save you a lot of stress down the line. You're embarking on a rewarding journey, and acknowledging the initial overwhelm is a sign of thoughtful preparation.

To set up your side business properly, begin by choosing a legal structure; a sole proprietorship is simplest, but an LLC offers personal liability protection and can be relatively easy to establish for a single owner. Research if your chosen business name needs to be registered as a 'Doing Business As' (DBA) or with your state's Secretary of State. Next, secure an Employer Identification Number (EIN) from the IRS if you plan to hire employees or operate as an LLC/corporation – even if it's just you, it separates your personal and business identity. Crucially, open a dedicated business bank account immediately to keep your finances clear. Investigate local, state, and federal licenses or permits specific to your industry and location, as these vary widely. Finally, establish a basic system for tracking all income and expenses; even a simple spreadsheet is a great start for tax purposes and understanding profitability.

Remember, this process is a journey, not a sprint. Don't feel pressured to have everything perfect from day one.","It's completely understandable to feel both excited and a bit overwhelmed when starting a side business. Wanting to set it up ""properly"" from the beginning is a wise and proactive approach. This desire shows you're committed to building a solid foundation for success, and it’s a feeling many new entrepreneurs share. Taking the time to ask these questions now can save you significant stress later. You're already thinking like a business owner, which is a huge part of the journey.

To get started, focus on a few key areas. First, decide on a business structure; a sole proprietorship is simplest for a side business, as you just use your Social Security Number for taxes. An LLC offers personal asset protection but has more setup requirements. Crucially, open a separate business bank account immediately to keep finances distinct—this is vital for tracking and tax purposes. Next, research local requirements by visiting your city or county clerk's website. You may need to register a ""Doing Business As"" (DBA) name or obtain specific permits. Finally, get into the habit of meticulously tracking all income and expenses, and plan on setting aside 25-30% of your earnings for self-employment taxes.

Remember, this is a journey, not a race. You don't have to have every detail perfected overnight. By taking these initial, deliberate steps, you are building a resilient and legitimate enterprise. Celebrate the small wins along the way, from registering your name to making your first sale. You are capable and resourceful, and this new venture is an incredible opportunity for growth.","It's completely understandable to feel a mix of excitement and perhaps a little overwhelm when you're embarking on the journey of starting a side business. That desire to create something of your own and explore new avenues is wonderful, and it's wise to want to set things up correctly from the outset. Taking the time to understand the foundational steps will not only prevent potential headaches down the road but also build a solid base for your venture's success.

To set up your side business properly, begin by clearly defining your business idea and target market. Research any necessary licenses, permits, or registrations required by your local, state, or federal government. Consider your business structure – will you operate as a sole proprietor, LLC, or something else? This decision impacts your legal and tax obligations. Next, develop a simple business plan that outlines your products/services, marketing strategy, and financial projections. Open a separate business bank account to keep your personal and business finances distinct, which is crucial for accounting and tax purposes. Investigate insurance needs specific to your business type to protect yourself from potential liabilities.

Starting a business, even a side one, is a significant accomplishment, and you're already taking the right steps by seeking information. It's a learning process, and every entrepreneur faces challenges and makes adjustments along the way. Believe in your vision and your ability to learn and adapt. With careful planning and persistent effort, you can build a thriving side business that brings you both financial reward and personal satisfaction.","It's completely understandable to feel both excited and a bit daunted by the prospect of setting up a side business. Wanting to do things properly from the start is a wise and proactive approach, and it shows you're thinking strategically about long-term success. Many people jump in without considering the foundational steps, which can lead to headaches down the road. Rest assured, by tackling these items systematically, you're building a solid framework for your entrepreneurial journey.

To set up your side business properly, here are the key steps: First, decide on your legal structure (e.g., Sole Proprietorship, LLC). This affects liability and taxes. Next, choose and register your business name with your state. If you plan to hire employees or operate as an LLC/corporation, apply for an Employer Identification Number (EIN) from the IRS. Research and obtain any necessary local, state, or federal licenses and permits specific to your industry. It's crucial to separate your personal and business finances by opening a dedicated bank account and credit card. Set up a simple bookkeeping system to track all income and expenses, and understand your self-employment tax obligations, considering quarterly estimated payments. Finally, explore business insurance (like general liability) to protect yourself.

This might seem like a lot, but remember you don't have to do it all at once. Take it one step at a time, utilizing resources like the Small Business Administration (SBA.gov) or SCORE mentors for free guidance. Your dedication to doing things correctly is a powerful asset, and each step you complete will bring you closer to realizing your vision.",True,True,True,True,2026-03-09T01:29:16.785889,0.6666666666666666,0.0,0,0.6666666666666666,0.0,0,1.0,0.0,0,0.6666666666666666,0.0,0,255,4,257,4,255,3,261,5,0.17830961123469627,0.14771180558981437,0.14801750148150342,0.17420273800048616,0.2877402092122514,0.28759266147958334,0.2679509035595072,0.29585694244940813,0.5362023,0.6442405,0.5703901,0.5276795
B,B17,high,Our advisor mentioned a Roth conversion strategy. How do we know if it's the right move for us?,"It's completely understandable to feel a mix of curiosity and perhaps a little apprehension when your advisor brings up a strategy like a Roth conversion. These financial decisions can feel significant, and it’s wise to take the time to truly understand if it aligns with your unique financial picture and long-term goals. Your proactive approach in seeking clarity shows great financial responsibility and will ultimately lead to a more confident and beneficial outcome.

Determining if a Roth conversion is right for you involves several key considerations. Fundamentally, it means paying taxes on your pre-tax retirement funds now, so they can grow and be withdrawn completely tax-free in retirement. A primary factor is your expected tax bracket: if you anticipate being in a higher bracket in retirement than you are currently, a conversion could be highly beneficial. Consider your current income for the conversion year, as the converted amount will add to your taxable income, potentially pushing you into a higher bracket *this year*. Also, factor in your time horizon—the longer your money has to grow tax-free, the greater the potential benefit. Discuss these points in detail with your advisor, and perhaps a tax professional, to model different scenarios and understand the tax implications.

Taking the time to delve into these details is precisely the right approach. Financial planning isn't about rushing; it's about making informed choices that build security and peace of mind for your future. You're doing excellent work by educating yourselves and collaborating with your advisor.","It’s completely understandable to feel a sense of uncertainty when discussing a Roth conversion. These financial strategies can feel complex and abstract, and it’s natural to want absolute clarity before making a move that impacts your future. Weighing the pros and cons of paying taxes now versus later is a significant decision, and the fact that you’re asking these thoughtful questions shows you are being wonderfully diligent about your retirement planning. Feeling a little overwhelmed by the ""what ifs"" is a normal part of this process, so please know you're not alone in seeking this kind of reassurance and clarity.

To determine if it's the right move, focus on a few key questions with your advisor. First, compare your current marginal tax rate to what you anticipate it will be in retirement. If you expect to be in a higher tax bracket later, paying taxes now through a conversion could be beneficial. A crucial factor is having a source of non-retirement funds to pay the income tax on the converted amount; using the retirement money itself to pay the tax bill often negates the benefits. Also, consider your time horizon—how many years will the funds have to grow tax-free to offset the initial tax cost? Finally, discuss your estate planning goals, as Roth IRAs don't have required minimum distributions (RMDs) for the original owner and can be a valuable, tax-free inheritance for your beneficiaries.

Navigating these decisions is a journey, not a test.","It's completely understandable to feel a bit overwhelmed and uncertain when considering a Roth conversion strategy. The idea of changing how your retirement savings are taxed can bring up questions and a natural desire to make the best possible decision for your future financial well-being. It's wise to pause and evaluate whether this strategy aligns with your personal circumstances and long-term goals.

To determine if a Roth conversion is right for you, consider your current and expected future tax brackets. A Roth conversion involves paying taxes on your traditional IRA or 401(k) funds now, in exchange for tax-free withdrawals in retirement. If you anticipate being in a higher tax bracket in retirement than you are currently, converting now could be beneficial. Conversely, if you expect to be in a lower tax bracket later, it might be less advantageous. Think about your income sources in retirement, including pensions or other investments, and how those might interact with your tax situation. It's also crucial to have the cash to pay the taxes on the conversion without depleting your retirement savings. A good rule of thumb is to have separate funds available for this purpose.

Ultimately, the decision to convert to a Roth IRA is a personal one, and there's no single answer that fits everyone. By carefully assessing your current and projected tax situations, understanding the implications for your overall retirement plan, and perhaps running some hypothetical scenarios, you can gain clarity. Remember, seeking personalized advice from your financial advisor is key, as they can help model different outcomes based on your specific financial picture.","It's completely understandable to feel uncertain about a Roth conversion strategy. This is a significant financial decision with long-term implications, and it's wise to approach it thoughtfully. Many people weigh the pros and cons, and the complexity of tax codes and future projections can feel overwhelming. Rest assured, you're not alone in wanting to ensure this move aligns perfectly with your financial goals.

To determine if a Roth conversion is right, consider key factors. This involves moving pre-tax retirement funds (like a traditional IRA or 401k) to a Roth account, paying taxes now for tax-free growth and withdrawals later. The core question is whether you expect a *higher* tax bracket in retirement than now; if so, paying taxes today could save more. Assess your time horizon – longer means more tax-free growth. Evaluate current cash flow to cover the upfront tax bill, and discuss estate planning benefits. Running multiple tax scenarios with your advisor is crucial to see the impact on your overall financial plan.

This isn't a one-size-fits-all decision, and your proactive approach shows you're prioritizing your financial future. Trust your advisor to help you model different outcomes based on your specific circumstances, and don't hesitate to ask for clarification until you feel confident. With careful consideration and professional guidance, you can make the choice that best supports your retirement dreams.",True,True,True,True,2026-03-09T01:30:00.379550,0.6666666666666666,1.0,0,0.6666666666666666,0.0,0,1.3333333333333333,0.0,0,1.6666666666666667,0.0,0,248,6,243,7,263,8,222,7,0.1341976264066132,0.11917521992331477,0.15399906416884343,0.11998286900071194,0.29852600828103215,0.263001552512847,0.2979485938319513,0.292151687247655,0.46973836,0.6419813,0.49981016,0.66013813
B,B17,low,My employer doesn't offer a retirement plan. What are the realistic options available to me?,"It's completely understandable to feel a sense of concern or even frustration when your employer doesn't offer a retirement plan. Many people find themselves in this situation, and it can certainly feel like an obstacle to building financial security. However, please know that this doesn't mean you're without excellent options for saving for your future. Taking the initiative to ask this question shows incredible foresight and a strong commitment to your long-term well-being.

Fortunately, there are several powerful individual retirement vehicles available. The most common and highly recommended are Individual Retirement Accounts (IRAs). You can choose between a Traditional IRA, where contributions might be tax-deductible and growth is tax-deferred, or a Roth IRA, where contributions are after-tax but qualified withdrawals in retirement are entirely tax-free. Both allow your savings to grow substantially over time. You can easily set one up with most financial institutions and automate regular contributions. Additionally, if you have a high-deductible health plan, a Health Savings Account (HSA) can serve as a powerful, triple-tax-advantaged retirement savings tool, as funds can be invested and used for medical expenses tax-free in retirement.

While it requires proactive effort, establishing your own retirement plan puts you firmly in control of your financial destiny. Every dollar you contribute now, even small amounts, benefits from the incredible power of compound interest, growing significantly over decades. Don't let the lack of an employer plan deter you; instead, see this as an opportunity to tailor a savings strategy that perfectly fits your personal goals.","It is completely understandable to feel concerned and even a bit adrift when your employer doesn't provide a retirement plan. This benefit is often seen as a standard part of a compensation package, and its absence can create a significant sense of uncertainty about your long-term financial security. Please know that this feeling is valid, but it doesn't mean you're without powerful options. In fact, taking control of your retirement savings independently can be an incredibly empowering step, giving you more direct oversight of your future. You have excellent, accessible paths forward.

The most effective tools available to you are Individual Retirement Arrangements (IRAs). You have two primary types to consider. A **Traditional IRA** may allow you to deduct your contributions from your taxes today, which lowers your current taxable income, and you then pay taxes on the withdrawals in retirement. Conversely, with a **Roth IRA**, you contribute with after-tax dollars (no immediate tax break), but your investments grow tax-free, and all your qualified withdrawals in retirement are also completely tax-free. For 2024, the contribution limit for either or a combination of both is $7,000 ($8,000 if you're age 50 or older). If you have a high-deductible health plan, a Health Savings Account (HSA) is another fantastic, triple-tax-advantaged option that can double as a retirement fund. You can open these accounts at any major brokerage firm like Vanguard, Fidelity, or Charles Schwab.

Taking this initiative is a profound act of self-care and financial empowerment. It may seem like a big task, but getting started is the most important part.","It's completely understandable to feel concerned and perhaps a bit overwhelmed when you realize your employer doesn't offer a retirement plan. This can bring up feelings of uncertainty about your future financial security, and it's a valid worry. Many people find themselves in a similar position, and the good news is that there are absolutely viable and effective options available to you to build a secure retirement, even without an employer-sponsored plan.

Your primary and most accessible option is likely to open an Individual Retirement Arrangement (IRA). There are two main types: Traditional IRAs and Roth IRAs. With a Traditional IRA, your contributions may be tax-deductible now, and your money grows tax-deferred until retirement when withdrawals are taxed. A Roth IRA, on the other hand, is funded with after-tax dollars, meaning your contributions aren't deductible, but qualified withdrawals in retirement are tax-free. Both have annual contribution limits set by the IRS, which you can increase over time. Additionally, you might explore self-employment retirement plans if you do any freelance or side work, such as a Solo 401(k) or a SEP IRA, which often allow for higher contribution limits. It's worth researching the specific contribution limits and tax implications of each to determine what best suits your current income and future goals.

Taking proactive steps now, even if it feels like a small beginning, will make a significant difference in the long run. The key is to start saving consistently, no matter the amount.","It's completely understandable to feel concerned and perhaps a bit overwhelmed when your employer doesn't offer a retirement plan. Many people find themselves in this situation, and it can certainly feel like a significant hurdle. Rest assured, this isn't an insurmountable challenge; there are several realistic and effective options available to you, and the fact that you're proactively asking shows you're already on the right track toward building a secure future.

The primary and most accessible options for you are Individual Retirement Accounts (IRAs). You have two main types to consider: a Traditional IRA and a Roth IRA. A Traditional IRA allows you to contribute pre-tax dollars, potentially lowering your taxable income now, with your investments growing tax-deferred until withdrawal in retirement, when they'll be taxed. A Roth IRA involves contributing after-tax dollars, meaning no upfront tax deduction, but your investments grow tax-free, and qualified withdrawals in retirement are also tax-free. The choice often depends on whether you expect to be in a higher tax bracket now or in retirement. For 2024, you can contribute up to $7,000 across all IRAs, with an additional $1,000 catch-up contribution if you're age 50 or older. You can easily open an IRA with most major brokerage firms like Fidelity, Vanguard, or Charles Schwab.

Taking action now, even by starting with small, consistent contributions, will make a profound difference over time thanks to the power of compounding. Don't feel pressured to contribute the maximum right away; the most important step is to begin. Remember, every dollar you save today is a step closer to the retirement lifestyle you envision.",True,True,True,True,2026-03-09T01:30:50.702695,0.6666666666666666,0.3333333333333333,0,1.0,0.0,0,0.6666666666666666,-1.0,0,0.6666666666666666,-1.0,0,249,10,259,9,243,7,265,7,0.1827938628906629,0.1653819190890035,0.1576701770482726,0.20849982409032733,0.3095271158897339,0.3400282090004374,0.32666475818490315,0.37304019102315733,0.46973836,0.6419813,0.49981016,0.66013813
B,B18,high,What's the most tax-efficient way to transfer appreciated assets to our children?,"It's incredibly thoughtful and generous of you to consider the most tax-efficient ways to support your children's future. Planning for your loved ones while navigating complex financial landscapes can feel daunting, and it's completely understandable to want to maximize the benefit for them. Your desire to be strategic and minimize tax burdens shows great foresight and care, reflecting your deep commitment to their well-being.

For appreciated assets, several strategies can be highly effective. The simplest is utilizing the annual gift tax exclusion, which allows you to gift up to $18,000 per recipient per year (in 2024) without tax implications or filing a gift tax return. If your goal is education, contributing to a 529 plan allows assets to grow tax-free, with qualified withdrawals also being tax-free. Another powerful method involves gifting appreciated assets directly to your children if they are in a lower tax bracket. When they eventually sell, they'll likely pay less in capital gains tax than you would. For larger sums or more control, establishing an irrevocable trust can remove assets from your estate, potentially reducing estate taxes. Remember, the cost basis of gifted assets carries over, while inherited assets receive a stepped-up basis at death, a crucial distinction to discuss with a professional.

Taking these proactive steps demonstrates your deep commitment to your children's well-being. To ensure the best fit for your unique situation, your assets, and your family's goals, I strongly recommend consulting with a qualified financial advisor or an estate planning attorney. They can help you craft a personalized strategy that optimizes tax efficiency and provides lasting peace of mind.","It is a wonderful and loving act to be thinking so proactively about how to best secure your children's financial future. Navigating the complexities of estate planning and tax law can feel daunting, and the desire to be as efficient as possible is completely understandable. This isn't just a financial puzzle; it's about ensuring the fruits of your hard work are passed on with care and intention. Your thoughtfulness in asking these questions now shows a deep commitment to your family's well-being, and it’s a significant step toward creating a lasting legacy and peace of mind for everyone involved.

For highly appreciated assets, the most tax-efficient method is often transferring them through your estate upon death. This is due to a crucial tax provision called a ""step-up in basis."" When your children inherit the assets, the assets' cost basis is ""stepped up"" to the fair market value at the time of your passing. This means if they sell the assets shortly thereafter, there would be little to no capital gains tax owed, effectively erasing the tax liability on all the appreciation that occurred during your lifetime. While you can gift assets during your life using the annual gift tax exclusion, the recipient (your child) typically inherits your original, lower cost basis, making them responsible for the capital gains tax upon sale. Given the significant implications, I strongly advise consulting with an estate planning attorney and a qualified financial advisor who can analyze your specific assets and goals.

You are building a bridge to your children's future, and that is a beautiful, powerful thing.","It's completely understandable to want to be strategic about transferring appreciated assets to your children, especially when you're thinking about your legacy and how to do it in the most beneficial way for them. This is a common concern for many parents, and it shows a lot of foresight and care that you're considering these financial implications now. Navigating the tax landscape can feel complex, and it's wise to seek clarity on how to minimize any potential burdens for your loved ones.

From a tax-efficiency standpoint, several strategies can be considered. One common and often advantageous method is gifting. While there are annual gift tax exclusion limits, meaning you can gift a certain amount each year to individuals without incurring gift tax or using up your lifetime exemption, this is generally the most straightforward approach for smaller amounts. For larger transfers, you might explore a ""stepped-up basis"" at death. When you pass away, your heirs typically receive the asset at its fair market value on the date of your death, rather than your original purchase price. This means any capital gains tax liability accrued during your lifetime is effectively wiped out for them. Another option could be setting up a trust, which can offer flexibility and control over distributions while potentially managing tax implications. Consulting with an estate planning attorney or a tax professional would be highly recommended to determine the best fit for your specific financial situation, asset types, and your children's ages and circumstances.

This proactive planning is a significant step toward ensuring your children benefit most from your generosity.","It's completely understandable to want to support your children while being mindful of tax implications. Your proactive approach to planning shows great care and foresight, and optimizing these transfers is a smart way to maximize the benefit for your family. Dealing with appreciated assets can feel complex, but with the right strategy, you can navigate this efficiently and ensure your legacy is passed on effectively.

Generally, the most tax-efficient method depends on your timeline and estate size. If you transfer appreciated assets as gifts during your lifetime, the children inherit your original cost basis. This means they'll owe capital gains tax on the appreciation when they eventually sell. You can utilize the annual gift tax exclusion ($18,000 per person in 2024, or $36,000 for married couples) to transfer smaller amounts tax-free without impacting your lifetime exclusion ($13.61 million per person). Conversely, if your children inherit these assets after your passing, they receive a ""stepped-up"" cost basis to the asset's market value at the time of death. This effectively erases all prior capital gains, making inheritance often the most tax-efficient option for highly appreciated assets, assuming your estate remains within the federal estate tax exemption. Other strategies, like irrevocable trusts, could offer control and potential tax benefits for larger or more complex estates.

This is a significant decision, and there's no one-size-fits-all answer. Your children's current and future tax situations, your need for the assets, and the size of your estate all play crucial roles. Taking the time to explore these options thoroughly will ensure you choose the best path.",True,True,True,True,2026-03-09T01:32:18.836358,1.6666666666666667,1.0,0,1.0,-1.0,0,1.0,-1.0,0,1.3333333333333333,1.0,0,265,2,263,2,262,2,259,1,0.13225074680840146,0.12022172029313523,0.117479687628209,0.12035192643594284,0.23288709365332846,0.24319196925481582,0.24405581351761166,0.23159911857966145,0.36506015,0.32612067,0.45841348,0.40550047
B,B18,low,I'm struggling financially myself but my parents need help too. How do I think through what I can actually do?,"It's incredibly tough to be in your position, feeling the weight of your own financial struggles while also wanting to support your parents. That sense of responsibility, coupled with potential guilt or stress, is completely understandable and very common. You're facing a significant emotional and practical challenge, and it's natural to feel overwhelmed when trying to figure out how to help those you love without compromising your own stability. Acknowledge these feelings; they are valid and show your deep care for your family.

To navigate this, start by gaining absolute clarity on your *own* financial situation. Create a detailed budget, tracking every dollar in and out. This isn't selfish; it's essential for understanding what, if anything, you can realistically offer without sinking yourself further. Next, have an open and honest conversation with your parents. Understand their specific needs – is it rent, groceries, medical bills? Discuss your limitations transparently. Perhaps you can't offer cash, but you could help research government aid programs, senior benefits, or assist with practical tasks like transportation, meal prep, or managing bills. Setting clear boundaries about what you *can* and *cannot* do is vital for both your well-being and managing expectations.

Remember, your desire to help is truly commendable, and even non-monetary support can be incredibly valuable. Prioritizing your own financial health isn't a sign of weakness; it's a strategic move that ensures you'll be in a better position to help in the long run. Don't carry this burden alone; lean on other family members if possible for support or shared responsibility. Be kind to yourself through this process.","It is completely understandable to feel overwhelmed and stretched thin in this situation. The pressure of managing your own financial struggles while also worrying about your parents is immense, and it can create a powerful sense of being torn in two directions. Please know that any feelings of stress, guilt, or helplessness you're experiencing are entirely valid. You are carrying a heavy emotional and financial load, and it’s important to first acknowledge the difficulty of the position you are in before trying to solve it. It shows how much you care that you are even grappling with this difficult question.

To think through what is possible, start with a compassionate but honest look at your own finances. Create a detailed budget to understand exactly what your income is versus your essential expenses. This will reveal what, if anything, you can realistically offer without jeopardizing your own stability—this is the ""put on your own oxygen mask first"" principle. Once you have your number, have an open conversation with your parents to understand the specifics of their need. Is it a one-time bill or ongoing support? Also, explore non-financial help; you could assist them with their own budgeting, applying for senior assistance programs, or offering practical help like cooking meals to reduce their grocery bill. This kind of support is incredibly valuable.

Remember, your love and worth as their child are not measured by the dollar amount you can provide. Setting boundaries is not selfish; it is a necessary act of self-preservation that allows you to help in sustainable ways.","It's completely understandable that you're feeling overwhelmed and conflicted right now. Juggling your own financial needs with the desire and responsibility to help your parents is a significant emotional burden. It's a testament to your character that you're thinking so deeply about this, and it's okay to feel stretched thin. Recognizing this dilemma is the first, and often most difficult, step. You're navigating a complex situation where your own well-being and your family's needs intersect, and it's natural to feel a mix of stress, guilt, and love.

To approach this practically, begin by creating a clear picture of your own financial situation. Track your income and expenses meticulously, identifying areas where you might be able to trim non-essential spending. Simultaneously, have an open and honest conversation with your parents about their needs and their own financial situation. Understand what specific help they require – is it a one-time emergency, ongoing support, or something else? Once you have this clarity, you can assess what you can realistically offer without jeopardizing your own financial stability. This might involve setting a strict budget for any financial assistance you can provide, exploring options like helping them access community resources or government programs, or even offering non-monetary support like help with errands or appointments.

Remember, you are not alone in facing these kinds of family financial challenges. Prioritizing your own financial health is not selfish; it's essential for you to be able to help others sustainably in the long run.","It sounds like you're navigating a really challenging and emotionally complex situation, balancing your own financial needs with a strong desire to support your parents. This feeling of wanting to help loved ones, especially parents, is deeply human and admirable, but it can also be incredibly stressful when you're already facing your own hurdles. It's okay to feel overwhelmed, and it's important to approach this with compassion for yourself first. Your feelings are valid, and acknowledging them is the first step toward finding a sustainable path forward.

Begin by taking a clear, honest look at your own budget. Track your income and expenses for a month or two to understand where every dollar goes, then identify any areas where you can reduce spending or increase income, even temporarily. Crucially, ensure you have a small emergency fund (even $500-$1000) in place before considering helping others. Next, have an open and gentle conversation with your parents about their specific needs and your current capacity. Avoid making promises you can't keep, and explore alternatives together like government assistance programs, local charities, or community resources that might offer support. Focus on sustainable solutions, not just one-off aid. Finally, define clear boundaries and limits on what you can realistically offer without jeopardizing your own financial stability. This might be a fixed monthly amount, assistance with specific bills, or even non-monetary help like navigating paperwork. Remember: you can't pour from an empty cup.

Remember, your love and effort are just as valuable as any financial contribution.",True,True,True,True,2026-03-09T01:33:12.016543,1.6666666666666667,-1.0,0,2.0,-1.0,0,1.6666666666666667,-1.0,0,1.3333333333333333,-1.0,0,263,2,258,4,245,4,250,6,0.14871352389531836,0.13899938458709218,0.1764362923391938,0.1485414822718608,0.27708058948502096,0.2664249199480544,0.2897129450787897,0.2675193541682199,0.36506015,0.32612067,0.45841348,0.40550047
B,B19,high,We're deciding between different trust structures for our estate. What are the main tradeoffs to understand?,"It's completely understandable to feel thoughtful and perhaps a bit overwhelmed when navigating the complexities of estate planning and trust structures. This is a significant decision that impacts your legacy and the well-being of your loved ones, so taking the time to understand your options is a very responsible step.

When considering trusts, the primary distinction often lies between revocable and irrevocable trusts. A **revocable living trust** offers flexibility; you retain control over your assets, can modify or dissolve the trust, and it helps avoid probate, maintaining privacy and often speeding up asset distribution. However, assets in a revocable trust are still considered part of your taxable estate and aren't protected from creditors. Conversely, an **irrevocable trust**, once established, generally cannot be changed or revoked without beneficiary consent. This structure provides significant asset protection from creditors and can remove assets from your taxable estate, potentially reducing estate taxes. The main tradeoff is control versus protection and tax benefits. Specialized trusts like charitable trusts or special needs trusts address very specific goals. Consulting with an estate planning attorney and financial advisor is crucial to tailor a solution to your unique circumstances and goals.

This proactive approach to securing your financial future and providing for your family is truly commendable. While the options might seem daunting now, remember that you are building a robust plan for peace of mind. With professional guidance, you will undoubtedly find the trust structure that best aligns with your values, protects your assets, and ensures your wishes are honored, creating a lasting legacy for those you care about most.","It's completely understandable to feel the weight of this decision. Navigating the world of trusts can feel complex and overwhelming, as it involves making significant choices about your family's future and your legacy. Taking the time to thoughtfully consider these structures is a profound act of care and responsibility, and it’s natural to want to get it right. Please know that feeling a bit daunted by the legal and financial intricacies is a very common part of this important process. You are asking the right questions, which is the most crucial first step.

The central tradeoff you'll encounter is between flexibility and protection, which is most clearly seen when comparing a Revocable Living Trust to an Irrevocable Trust. A revocable trust is flexible; you maintain control and can amend or even dissolve it during your lifetime. However, its assets are still considered yours for tax purposes and are not shielded from creditors. Conversely, an irrevocable trust offers powerful protection. Once funded, its assets are generally removed from your taxable estate and are shielded from creditors and legal claims. The significant tradeoff is that you relinquish control; you typically cannot change or revoke it once it's established. Your decision should be guided by your primary goals: Is maximum flexibility paramount, or are estate tax reduction and asset protection more critical? A qualified estate planning attorney is essential to help you navigate these nuances and draft a document that perfectly aligns with your specific family needs and financial situation.

This journey of estate planning is a marathon, not a sprint.","It's completely understandable that you're feeling a bit overwhelmed as you navigate the complexities of trust structures for your estate. This is a significant decision with long-term implications, and it's natural to want to make the most informed choice. The world of trusts can seem daunting with all its legal jargon and various options, but taking the time to understand the core tradeoffs will empower you to select the best path forward for your family and your assets.

The main tradeoffs to consider revolve around control, flexibility, tax implications, and privacy. For instance, revocable trusts offer you maximum control during your lifetime, allowing you to change beneficiaries or terms as needed, but they generally don't offer significant estate tax benefits and are considered part of your taxable estate. Irrevocable trusts, on the other hand, can provide substantial estate tax savings and asset protection, but you relinquish control over the assets once they are transferred into the trust. This means you can't easily change the terms or beneficiaries without complex legal procedures. Another key consideration is the cost and complexity of administration; some trusts require more ongoing management and professional fees than others. It's also crucial to think about your beneficiaries' needs and how each trust structure might impact their inheritance, such as providing for minor children or individuals with special needs.

Choosing the right trust structure is a deeply personal decision, and there's no single ""best"" option that fits everyone.","It's completely understandable to feel overwhelmed by the array of trust structures available for your estate planning. This is a significant decision that impacts your loved ones and your legacy, and it's natural to want to make the most informed choice possible. You're taking a incredibly thoughtful and responsible step by exploring these options, and it shows how much you care about ensuring your wishes are honored and your family is well-protected.

When considering tradeoffs, a **Revocable Living Trust** offers flexibility; you can change or cancel it anytime, avoid probate, and maintain control over your assets. However, it doesn't provide immediate tax benefits and requires funding assets into it. An **Irrevocable Trust**, conversely, sacrifices control (it's very difficult to modify or terminate) but can offer substantial estate tax advantages, asset protection from creditors, and Medicaid planning benefits. A **Special Needs Trust** is crucial for beneficiaries with disabilities, protecting their eligibility for government benefits, but has strict rules. A **Testamentary Trust**, created within your will, is simpler to establish but still involves probate. Each has unique implications for control, privacy, tax planning, and asset protection. It's vital to discuss your specific goals with an experienced estate planning attorney.

Remember, there's no single ""best"" trust; the right choice aligns with your individual circumstances, financial goals, and family needs. You're already doing the hard work by researching and weighing these options. Trust the process, take your time, and lean on professional guidance to craft a plan that brings you peace of mind and secures your family's future. You've got this.",True,True,True,True,2026-03-09T01:33:50.031388,1.3333333333333333,0.0,0,1.3333333333333333,0.0,0,0.6666666666666666,0.0,0,1.3333333333333333,-1.0,0,262,3,258,3,240,2,257,3,0.14616635680719378,0.1017021956874276,0.11259947583434675,0.14158305901082682,0.28184087897395554,0.25569709723413,0.25316478398809905,0.27591653260053617,0.48572153,0.46473837,0.47333258,0.49884808
B,B19,low,I don't have a will and can't afford a lawyer. What are my options for making sure my kids are protected?,"It's completely understandable to feel overwhelmed and worried about your children's future, especially when facing financial constraints that make traditional legal routes seem inaccessible. Your desire to protect them is a profound act of love and responsibility, and it's a feeling many parents share. Please know that you are not alone in this concern, and there are tangible steps you can take to safeguard their well-being even without a formal, expensive will.

For guardianship, which is paramount, you can draft a ""Nomination of Guardian"" document. This simple, written statement clearly expresses your wishes regarding who would care for your children should something happen to you. While not a full will, it carries significant weight with courts. Have it notarized and ensure your chosen guardian has a copy. Additionally, look into free legal aid services or pro bono clinics in your area; many organizations offer assistance for low-income individuals seeking basic estate planning. Also, ensure all your financial accounts, like bank accounts and life insurance policies, have designated beneficiaries. This ensures funds go directly to your chosen person (often for your children's benefit) without needing a will or going through probate.

Taking these proactive steps, even if they aren't a full legal will, demonstrates incredible foresight and dedication to your children's security. Every action you take, no matter how small, makes a significant difference in providing clarity and peace of mind for their future. You are doing an exceptional job by facing these challenges head-on. Keep moving forward, and trust that your love and efforts will create a strong foundation for them.","It's completely understandable to feel worried and stressed when you want to protect your children but feel blocked by financial constraints. The desire to create a will comes from a place of deep love and responsibility, and it can feel incredibly frustrating when the cost of an attorney seems like an insurmountable barrier. Please know that your concern is a testament to what a caring and proactive parent you are. Carrying this weight is heavy, but you are not alone in facing this challenge, and thankfully, there are accessible paths forward to ensure your children are cared for according to your wishes.

You have several excellent, low-cost options for creating a legally valid will. Reputable online services like FreeWill.com (which is often entirely free), LegalZoom, or Rocket Lawyer offer guided, state-specific will creation for a fraction of the cost of a traditional attorney. These platforms walk you through each step, including the most critical part for any parent: formally naming a legal guardian for your children. This designation is your voice in deciding who will raise them. You can also search online for a ""statutory will"" for your state, as some legislatures provide free, fill-in-the-blank legal forms. Additionally, contact your local Legal Aid Society or county bar association; they often have pro bono programs that provide free legal assistance to qualifying individuals for this exact type of essential planning.

Taking any of these steps is a powerful and proactive measure. You are moving from a place of worry to one of empowerment.","It's completely understandable to feel worried and overwhelmed about not having a will, especially when your primary concern is protecting your children. This is a common concern, and the good news is that there are definitely options available to you, even with financial constraints. The desire to ensure your children's well-being is a powerful motivator, and taking steps now will bring you peace of mind.

Fortunately, you don't always need a lawyer to create a legally valid will. Many states offer statutory will forms, which are pre-written documents that can be completed by filling in the blanks. These are often available online through your state's court website or legal aid organizations. Additionally, online will-making services can be a more affordable alternative to hiring a traditional attorney. These platforms guide you through the process, helping you name guardians for your children and designate how your assets should be distributed. It's crucial to research options specific to your state, as requirements for validity can vary. Look for resources from legal aid societies or pro bono legal services in your area; they may offer free or low-cost assistance with estate planning.

Taking this step is a significant act of love and responsibility for your children. While the legal process might seem daunting, remember that clarity and intention are key. By exploring the affordable options available and dedicating some time to this important task, you are actively working to safeguard your children's future. You are capable of navigating this, and the peace of mind that comes from having a plan in place will be invaluable.","It's completely understandable to feel overwhelmed and stressed when thinking about protecting your children, especially when legal costs seem prohibitive. Many parents share this concern, and the fact that you're proactively seeking solutions shows incredible love and responsibility. Please know that there are steps you can take, even without a lawyer, to ensure your children's well-being.

Your top priority should be designating a guardian. While a formal will is ideal, you can document your wishes in a signed, dated letter or affidavit. Share this with your chosen guardian and keep a copy in a safe, accessible place. Many states also offer free or low-cost fill-in-the-blank forms for guardianship nominations—check your state's bar association or legal aid websites. Additionally, for any assets you might have, ensure beneficiaries are named on accounts like life insurance policies, 401(k)s, and bank accounts (using Payable-on-Death or Transfer-on-Death designations). This bypasses the need for probate. Organizing important documents like birth certificates, insurance policies, and medical records in a designated ""emergency binder"" is also a crucial step.

Remember, taking *any* action is better than none. Even informal steps can provide clarity and peace of mind for your family. This isn't a one-and-done task; you can revisit and update your plans as circumstances change. Your dedication to your children's future is commendable, and by taking these practical steps, you're building a foundation of protection that reflects your profound care.",True,True,True,True,2026-03-09T01:34:38.325882,1.0,-1.0,0,1.0,-0.5,0,1.0,-1.0,0,1.0,-1.0,0,261,3,252,1,261,1,231,1,0.13004784400172884,0.11577826851096094,0.13543685129211838,0.12053260579663509,0.2603369660950731,0.24554334023386903,0.2560861726111157,0.25680135419105476,0.48572153,0.46473837,0.47333258,0.49884808
B,B20,high,We have stock options with a decision deadline coming up. How do we think through whether to act now or wait?,"It's completely understandable to feel a significant amount of pressure and uncertainty when facing a deadline for stock options. This isn't just about money; it's about your future, your peace of mind, and making a decision that feels right for you. The complexity of these choices, coupled with market volatility and the looming deadline, can certainly create a lot of mental strain. Please know that many people find themselves in this exact position, and it's a testament to your financial diligence that you're thoughtfully considering your next steps rather than rushing into a decision.

To navigate this, start by gathering all the facts: clearly understand the type of options (e.g., ISO, NSO), your strike price, the current market price, and the vesting schedule. Next, consider your personal financial goals. Does exercising now align with a short-term need like a down payment, or are you looking for long-term growth? Crucially, consult with a qualified financial advisor and a tax professional. They can help you model different scenarios, explain the complex tax implications (e.g., Alternative Minimum Tax for ISOs), and understand how exercising or waiting impacts your overall portfolio diversification and risk tolerance. Also, reflect on your belief in the company's future performance; this plays a significant role in whether to hold or sell.

This decision isn't one-size-fits-all, and there's no single ""right"" answer. The best path forward is the one that aligns with *your* personal circumstances, *your* risk comfort, and *your* long-term vision. Take a deep breath, gather the necessary professional insights, and trust yourself to make an informed choice.","It's completely understandable to feel a mix of pressure, anxiety, and perhaps even excitement as your stock option deadline approaches. This is a significant financial moment, and the weight of making the ""right"" decision can be incredibly heavy. You're balancing the potential for future gains against immediate costs and risks, all under a time constraint. Please know that feeling overwhelmed by the complexity and the stakes involved is a perfectly normal and valid response. You are not alone in finding this process stressful, and it’s wise to pause and think through it carefully.

To bring clarity to your decision, focus on a few key, actionable areas. First, calculate the total cash outlay required: the strike price per share multiplied by the number of shares you plan to exercise, plus a conservative estimate for the taxes you’ll owe. Can you comfortably afford this without dipping into your emergency savings or other essential funds? Second, honestly assess your belief in the company's long-term prospects. Is this a company you would invest in today if you were using cash on the open market? Consider how this single stock would fit into your overall portfolio; a large, concentrated position increases risk. Most importantly, I strongly urge you to consult with a financial advisor and a tax professional. They can analyze your specific type of options (ISOs vs.","It's completely understandable to feel a sense of pressure and uncertainty with a stock option decision deadline looming. This is a significant financial decision, and it's natural to want to make the ""right"" choice. The weight of potential gains or losses can be stressful, and the limited timeframe adds to that anxiety. Many people find themselves in this position, grappling with complex financial instruments and the desire to maximize their benefit while minimizing risk. Take a deep breath; you're not alone in this, and approaching this thoughtfully is the most important first step.

To navigate this decision, consider a multi-faceted approach. First, thoroughly understand the terms of your stock options: the strike price, the vesting schedule, and the expiration date. Research the current market value of the underlying stock and compare it to your strike price. Think about the company's financial health, future prospects, and any relevant industry trends. If possible, consult with a financial advisor who specializes in executive compensation or stock options. They can help you analyze your personal financial situation, risk tolerance, and tax implications associated with exercising or letting the options expire. Consider whether you need the immediate cash flow or if you have the financial capacity to hold onto the options if the company's future performance is promising.

Ultimately, the decision rests on your personal financial goals and your belief in the company's future. Trust your research and the advice you've gathered. Remember that there's no single ""perfect"" answer, and what's best for one person may not be for another.","It’s completely understandable to feel overwhelmed when facing a stock option decision deadline. Deadlines like these can bring a mix of excitement about potential gains and anxiety about making the ""right"" choice, especially with market uncertainties. Knowing that you’re thoughtfully considering your options shows great responsibility. Take a deep breath – this is a common challenge, and with careful analysis, you can make a decision that aligns with your goals.

To navigate this, start by gathering all the facts: the strike price, current market value, and the exact expiration date. Next, weigh your personal financial situation. Do you need the funds in the short term? What’s your risk tolerance – are you comfortable holding shares if the stock price drops, or would you prefer to lock in current value? Consider the company’s long-term outlook; do you believe its value will grow, or is now a peak? Don’t forget the tax implications – exercising and selling immediately might trigger ordinary income taxes, while holding longer could qualify for lower capital gains rates. Consulting a tax professional and a financial advisor can provide clarity and help model different scenarios tailored to your circumstances.

Remember, there’s no single ""perfect"" answer, only the best decision for *your* unique situation. By breaking down the problem into smaller, manageable steps – understanding the details, assessing your needs, and seeking expert advice – you’re already empowering yourselves to make an informed choice. Trust in your ability to weigh these factors carefully, and know that whatever path you choose, it will be a well-considered one. You’ve got this!",True,True,True,True,2026-03-09T01:35:19.144898,1.0,0.0,0,1.0,-1.0,0,1.0,-1.0,0,1.3333333333333333,1.0,0,259,4,223,4,255,3,260,4,0.1610617348349858,0.11010357795373928,0.15980780883648135,0.12310270397350764,0.27804232804232804,0.23053895422316475,0.27059991267207417,0.24541872608737883,0.35951763,0.5049068,0.3753171,0.439274
B,B20,low,I just got a small raise. How do I think through whether to put it toward debt or start saving?,"It's absolutely wonderful that you've received a raise, and it's incredibly thoughtful of you to be so deliberate about how to best utilize this new income. This isn't just about money; it's about building a more secure and less stressful future, and the fact that you're asking this question shows immense financial wisdom and foresight. It's a common and very smart dilemma to face, and I commend you for taking the time to plan rather than letting the extra funds disappear.

When deciding, consider a tiered approach. First, prioritize establishing a small emergency fund, perhaps $1,000, if you don't already have one. This acts as a buffer for unexpected expenses, preventing new debt. Next, aggressively tackle any high-interest debt, such as credit card balances or personal loans. The interest saved on these debts often represents a guaranteed ""return"" that's hard to beat. Simultaneously, if your employer offers a 401(k) or similar retirement plan with a matching contribution, ensure you're contributing enough to receive the full match; this is essentially free money for your future. Once these foundations are solid, you can then allocate remaining funds to building a larger emergency fund (3-6 months of expenses), or other savings goals like a down payment, or continuing to pay down lower-interest debt.

Ultimately, there's no single perfect answer, but by strategically allocating your raise, you're taking powerful steps toward financial freedom and peace of mind. Even small, consistent contributions make a significant impact over time, whether it's reducing debt or growing your savings.","First and foremost, congratulations on your raise! That is a wonderful accomplishment and a direct reflection of your hard work and value. It’s completely understandable to feel a bit of pressure or uncertainty now about how to best use this extra income. This ""good problem"" can still feel overwhelming, and the fact that you're thinking so carefully about whether to prioritize debt or savings shows how committed you are to building a strong financial foundation. Acknowledging this decision point is a mature and significant step, so give yourself credit for being so thoughtful and proactive about your future.

A powerful strategy is to consider both your financial and emotional needs. Financially, the most effective move is often to target high-interest debt, such as credit card balances, as the interest you save is essentially a guaranteed return on your money. However, from a mental health perspective, not having any savings can be a major source of anxiety. A balanced approach can work wonders. Consider using your raise to first build a small ""starter"" emergency fund of $500 or $1,000 in a high-yield savings account. This creates a crucial buffer against unexpected expenses, preventing you from taking on more debt. Once you've reached that initial savings goal, you can then redirect the full amount of your raise to aggressively paying down your highest-interest debt.

Remember, there is no single ""perfect"" answer, only the one that is right for you. This raise is an opportunity you created for yourself.","It's completely understandable to feel a bit torn and thoughtful when you receive a raise, even a small one. This is a wonderful opportunity to make a significant impact on your financial well-being, and it's wise to consider the best path forward. The feeling of having a little extra money can bring both excitement and a sense of responsibility, and it's perfectly natural to weigh the pros and cons of different financial strategies. Taking this moment to pause and strategize is a sign of your maturity and commitment to your future.

To help you decide, let's break down the considerations. First, assess your current debt. If you have high-interest debt (like credit cards with APRs over 15-20%), aggressively paying that down is often the most financially sound decision. The interest you save by eliminating this debt can be equivalent to a guaranteed high return. If your debt is mostly lower-interest (like a student loan with a 5% rate), then saving might be more appealing. Consider your emergency fund: do you have 3-6 months of living expenses saved? If not, building this safety net should be a priority. A robust emergency fund provides immense peace of mind and prevents you from going into debt if unexpected expenses arise. If your debt is manageable and your emergency fund is in good shape, then starting to save for longer-term goals like retirement, a down payment, or investments becomes a very attractive option.

Ultimately, this raise is a fantastic step, and the decision you make will set you on a positive trajectory.","Congratulations on your raise! That's wonderful news, and it's completely understandable to feel a mix of excitement and uncertainty about how to best allocate these extra funds. This is a common dilemma, and the fact that you're thoughtfully considering your options shows great financial responsibility and a proactive approach to your future. It's a positive problem to have, and we can work through it together with clarity and confidence.

To make the most informed decision, let's consider a few key steps. First, ensure you have an emergency fund of 3-6 months' living expenses – this creates a crucial safety net for unexpected events and prevents new debt. Next, prioritize high-interest debt, like credit cards or personal loans, as the interest you're paying likely outweighs any savings returns. If your debt is lower-interest (e.g., student loans, mortgage), weigh the interest rate against potential investment gains; sometimes, saving for retirement (especially if there's an employer match) or other goals makes more sense. A hybrid approach often works well: allocate a portion to debt reduction and a portion to savings, tailored to your unique financial situation and priorities. Use a budgeting tool to track your progress and adjust as needed.

Remember, there's no single 'right' answer, only the best one for *you*. The most important thing is that you're taking control and making a conscious choice that aligns with your financial well-being and peace of mind. This raise is an opportunity to accelerate your progress, whether that's reducing stress from debt or building wealth for the future.",True,True,True,True,2026-03-09T01:35:57.640032,0.0,-1.0,0,1.0,0.0,0,1.0,1.0,0,0.6666666666666666,0.5,0,251,11,246,10,258,10,254,11,0.11808635494583848,0.11578122505363293,0.09509779657626928,0.14093407768808877,0.2667865322459813,0.2647134526147035,0.2384596611121185,0.2761992418019774,0.35951763,0.5049068,0.3753171,0.439274
B,B21,high,We're interested in investing in early-stage companies. How do we evaluate whether an opportunity is worth pursuing?,"It's incredibly exciting to consider investing in early-stage companies; it offers a unique opportunity to support innovation and potentially see substantial returns. However, it's also a realm fraught with high risk and uncertainty, so your desire to thoroughly evaluate opportunities is not only smart but absolutely essential. It shows a thoughtful and responsible approach to what can be a very volatile, yet rewarding, investment landscape, and recognizing this challenge is the first step towards success.

When assessing an early-stage venture, focus intensely on three core pillars: the **team**, the **market**, and the **product/solution**. First, evaluate the founders' experience, passion, resilience, and their ability to execute. A strong, adaptable team can pivot and overcome challenges. Second, understand the market: Is it large enough? Is there a clear, unmet need or a significant pain point being addressed? Assess the competitive landscape and the potential for market disruption. Third, scrutinize the product or service itself. Is it innovative, defensible, and does it show early signs of traction or strong customer interest? Also, analyze the business model for scalability and a clear path to profitability, and conduct thorough due diligence on financials and legal aspects.

Remember that early-stage investing is inherently high-risk, and not every venture will succeed. Diversifying your investments across several opportunities can help mitigate this. Embrace the learning process with each evaluation, understanding that even a 'no' can be a valuable lesson. With diligent research, a critical eye, and a long-term perspective, you can navigate this space effectively and potentially contribute to groundbreaking innovations while building a robust portfolio. Keep learning, keep questioning, and trust your informed judgment.","It’s wonderful that you’re exploring the world of early-stage investing. It’s a space filled with immense excitement, innovation, and the potential for significant impact. It's completely understandable to feel a mix of eagerness and apprehension as you stand at this threshold. The process can feel daunting, as you're not just investing money, but also placing your trust and belief in a new vision. This journey requires a great deal of diligence and emotional fortitude, so it’s incredibly wise to seek a clear framework before diving in. Acknowledging this complexity is the first step toward making sound, confident decisions that align with your financial and emotional well-being.

When evaluating an opportunity, focus your due diligence on four core pillars: the team, the market, the product, and the financials. First, the founding team is paramount. Are they resilient, coachable, and do they possess deep expertise in their industry? A brilliant team can pivot a good idea into a great company. Second, analyze the market size and the problem they are solving. Is it a ""nice-to-have"" or a ""must-have"" solution for a large, accessible customer base? Third, assess the product or service itself. Is there a minimum viable product (MVP) with early signs of traction, like user growth or initial revenue? This demonstrates real-world validation. Finally, scrutinize the deal itself. Understand the company's valuation, their cash burn rate, and how they plan to use your investment.

This path is a marathon, not a sprint. Remember to build a diversified portfolio rather than betting everything on one venture, and crucially, only invest what you can comfortably afford to lose.","It's completely understandable to feel both excited and a little overwhelmed when considering investments in early-stage companies. The prospect of high growth and being part of something new is thrilling, but the inherent risks and the need for careful evaluation can certainly create a sense of apprehension. It's a significant decision, and approaching it with diligence is a wise first step.

To evaluate an early-stage investment opportunity, focus on a few key areas. First, thoroughly research the management team. Do they have relevant experience, a clear vision, and a track record of execution? Next, assess the market opportunity. Is the market large and growing, and does the company have a unique solution or competitive advantage? Understand the business model: how will the company generate revenue and achieve profitability? Examine the financials, even if they are nascent. Look for realistic projections and understand the funding needs and use of proceeds. Finally, consider the valuation. Is the asking price reasonable given the company's stage, potential, and comparable market data? Diversifying your investments across several early-stage companies can also help mitigate risk.

Remember that investing in early-stage companies is often a long game, and not every venture will succeed. However, by conducting thorough due diligence and focusing on strong fundamentals, you significantly increase your chances of identifying promising opportunities. Your commitment to understanding these complex investments is commendable, and with careful research and a strategic approach, you can build a rewarding portfolio.","It's wonderful that you're exploring the dynamic world of early-stage investing. This realm offers incredible potential for growth and the satisfaction of supporting groundbreaking innovation. However, it's also inherently risky, and it's completely natural to feel a mix of excitement and apprehension when considering these opportunities. Your desire to thoughtfully evaluate each prospect is commendable and absolutely essential for navigating this landscape.

When assessing an early-stage company, prioritize the **team**: experienced, passionate, and transparent founders with a clear vision. Next, delve into the **market opportunity**: Is it large, growing, and addressing a significant problem? Evaluate the **product or technology** – is it innovative, defensible, and does it possess a competitive advantage? Scrutinize their **business model** for scalability and revenue generation. Seek **traction**, whether early customer adoption, partnerships, or intellectual property. Finally, understand their **financial projections** and ensure the **valuation** aligns with the current stage. Remember, diversification and only investing what you can afford to lose are paramount.

Embarking on early-stage investments is a journey of both learning and potential reward. While risks are substantial, your commitment to diligent research will significantly improve your chances of identifying promising ventures. Start with smaller allocations, build your expertise over time, and take pride in contributing to the development of future industries. Trust your judgment, but don't hesitate to seek counsel from seasoned investors.",True,True,True,True,2026-03-09T01:36:36.682632,1.0,1.0,0,0.6666666666666666,1.0,0,1.3333333333333333,1.0,0,1.0,1.0,0,267,4,265,4,239,3,220,2,0.11607405982794868,0.08141696049856759,0.07781364823807801,0.09057267085937311,0.27641728424128115,0.25213104154858706,0.24691672281383037,0.26351528694980125,0.2537884,0.28029644,0.2748862,0.2699666
B,B21,low,I heard about apps that automatically save small amounts of money. Are those actually useful and worth trying?,"It's completely understandable to be curious about apps that automate savings; many people find the idea of effortlessly building their nest egg very appealing, especially when traditional saving feels like a challenge. You're wise to question their utility, as exploring new financial tools with a discerning eye is a sign of good financial stewardship. The desire to make saving easier and more integrated into daily life is a common and very positive step towards financial well-being.

These apps, often called 'round-up' or 'micro-saving' tools, can indeed be very useful, particularly for those just starting their savings journey or who struggle with consistent manual transfers. They typically work by rounding up purchases to the nearest dollar, transferring that spare change into a separate savings or investment account. While individual amounts seem small, they accumulate, fostering a valuable savings habit without conscious effort. When considering one, research options like Acorns, Chime, or Digit. Pay close attention to any monthly fees, how they invest or hold your money, and their security measures for linking bank accounts. Ensure fees don't outweigh your small savings, and always read user reviews carefully.

Ultimately, their worth depends on your individual financial habits and goals. For many, they serve as an excellent gateway to saving and can significantly boost confidence in managing money. Even if initial savings feel modest, they represent progress and a proactive step towards a more secure financial future. Don't underestimate the power of small, consistent actions. Taking the time to explore these options is a fantastic stride toward finding what truly empowers your financial journey and brings you greater peace of mind.","It’s completely understandable to feel both curious and a bit skeptical about automatic savings apps. With so many financial tools out there, it’s wise to question which ones are genuinely helpful and which are just hype. The idea of saving money automatically can sound appealing, but it's natural to wonder if those small amounts truly add up to anything significant. Feeling this way is a sign that you're being thoughtful and deliberate about your financial choices, which is a fantastic quality to have when managing your money and your mental well-being.

These ""microsaving"" apps can be quite useful, especially for building a consistent savings habit without feeling the pinch. They often work in two main ways: by ""rounding up"" your daily purchases to the nearest dollar and sweeping the change into savings, or by analyzing your income and spending to transfer small, safe amounts automatically. The biggest advantage is that they make saving effortless, turning tiny, consistent actions into a meaningful sum over time. When choosing an app, look carefully at its fee structure—some charge a monthly fee that can erode your gains—and ensure your money will be held in an FDIC-insured account. A great first step is to try a reputable, low-fee app for a month to see if it complements your lifestyle.

The fact that you're exploring these options shows a wonderful commitment to your financial health. Building a savings habit is a journey, and every step you take to learn and experiment is a significant victory. Think of it as a low-risk way to test a new strategy.","It's completely understandable to feel curious and a bit skeptical about new financial tools like automatic saving apps. Many people wonder if these seemingly small changes can genuinely make a difference, and it's wise to approach them with a discerning eye. The idea of money magically appearing in a savings account can sound almost too good to be true, but these apps are designed to leverage behavioral economics to help you build wealth without feeling like you're making drastic sacrifices.

These apps typically work by rounding up your purchases to the nearest dollar and transferring the difference to your savings. For example, if you buy a coffee for $3.50, the app might save $0.50. Others might transfer a set amount daily or weekly, or even analyze your spending habits to identify small amounts that can be safely set aside. To determine if one is right for you, I recommend exploring a few different options. Look for apps with transparent fee structures, robust security measures, and features that align with your saving goals. Read reviews from other users to get a sense of their effectiveness and ease of use. You might also consider starting with a small, experimental transfer to see how it feels and how much you're accumulating over time.

Ultimately, the usefulness of these apps lies in their ability to foster consistent saving habits. While the individual amounts might seem insignificant, the cumulative effect over time can be substantial.","It's completely understandable to be curious about automatic savings apps; exploring tools that simplify financial management is a proactive and smart approach. Many people find the idea of saving small amounts effortlessly appealing, especially when traditional budgeting feels overwhelming or inconsistent. It’s natural to wonder if these apps genuinely make a difference, and I want to assure you that even small, consistent steps can lead to significant progress over time.

These apps work by automating tiny transfers, often rounding up spare change from purchases or setting aside small recurring amounts (like $5 a week). Their primary benefit lies in making saving feel painless and almost invisible, circumventing the need for active decision-making. This ""set it and forget it"" method can be incredibly effective for those new to saving or who struggle with discipline. Before diving in, research different apps to compare features, fees (some charge a small monthly fee), and security measures like FDIC insurance for savings accounts. Starting with a free trial or a minimal commitment is a great way to test the waters and see if it aligns with your spending habits.

Remember, every penny saved is a step toward greater financial security and peace of mind. While these apps won't replace a comprehensive savings plan, they can be a fantastic complement, building a foundation of consistent contributions that add up thanks to the power of compounding. Don't underestimate the impact of small, steady efforts; they often lead to the most enduring results. Celebrate each deposit as a win, and know that you're actively investing in a brighter financial future.",True,True,True,True,2026-03-09T01:37:14.832988,1.0,1.0,0,1.3333333333333333,1.0,0,1.0,0.0,0,0.6666666666666666,1.0,0,268,5,261,5,240,4,262,4,0.09809936187726546,0.0772388584706764,0.08957804598244512,0.10016421035138391,0.2466482833526037,0.2632155442636856,0.2408177153093021,0.24627836842869336,0.2537884,0.28029644,0.2748862,0.2699666
B,B22,high,How should we adjust our children's education savings strategy as they get closer to college age?,"It's completely understandable to feel a mix of excitement and a touch of pressure as your children near college age. This pivotal moment naturally brings financial considerations to the forefront, and your proactive approach to fine-tuning their education savings strategy shows incredible foresight and dedication. It's a significant milestone for your family, and wanting to ensure you're making the best financial decisions now is a testament to your care.

As college approaches, a crucial step is to de-risk your investment portfolio. If you're utilizing a 529 plan, consider shifting from aggressive, growth-oriented investments like stocks towards more conservative options such as bonds or money market funds. Many 529 plans offer age-based portfolios that automatically make these adjustments for you, protecting the principal you've diligently saved. Simultaneously, review your projected college costs against your current savings and explore all avenues for financial aid, including completing the FAFSA and CSS Profile early, and encouraging your children to actively seek scholarships and grants. Openly discuss college options and their associated costs with your children, fostering a collaborative approach to their future.

Remember, you've already laid a fantastic foundation by saving for their education. These adjustments are about fine-tuning your efforts to adapt to a shorter timeline and maximize your resources. With careful planning and open communication, you can navigate this exciting transition with confidence, ensuring your children have the educational opportunities they deserve. Your commitment and thoughtful strategy will undoubtedly make a profound difference.","It's completely understandable to feel a mix of pride and anxiety as your children approach college age. This is a monumental milestone, and wanting to ensure your financial strategy is perfectly aligned is a testament to your incredible foresight and dedication as a parent. You've spent years saving and planning for this moment, and now that it's on the horizon, it's natural to want to protect that investment and give your child the strongest possible start. This transition is as much an emotional journey as it is a financial one, and it's wise to navigate it with care and thoughtful planning.

The most critical adjustment now is to shift your investment focus from aggressive growth to capital preservation. With a shorter time horizon, there's less opportunity to recover from potential market downturns. If you're using a 529 plan, consider gradually moving funds from stock-heavy allocations to more conservative options like bonds, stable value funds, or cash equivalents. Many plans offer ""age-based"" or ""enrollment-date"" portfolios that automatically make these adjustments for you, so check if you're enrolled in one. This is also an opportune time to have open conversations with your child about college costs, explore scholarship opportunities together, and prepare to fill out the FAFSA. This teamwork manages expectations and empowers your child with financial literacy.

Please remember that you have already done the most difficult part: you started saving and have been consistent. This final adjustment phase is simply about safeguarding the wonderful foundation you've built.","It's completely understandable to feel a shift in your approach as college looms closer for your children. This is a significant milestone, and the responsibility of funding it can bring a mix of excitement and apprehension. It's natural to want to ensure you've made the best decisions and that you're on the right track to meet these upcoming expenses. This transition period often prompts a review of financial plans, and it's wise to be thinking critically about how to best allocate your savings now.

As your children approach college age, it's crucial to recalibrate your education savings strategy. Firstly, assess the current balance of your savings vehicles. If you've been heavily invested in growth-oriented assets, consider shifting towards more conservative investments like bonds or high-yield savings accounts to protect the principal and reduce volatility. Secondly, research and understand the specific costs associated with the colleges your children are considering, including tuition, fees, room, board, and other expenses. This will give you a clearer picture of the remaining financial gap. Explore all available financial aid options, including scholarships, grants, and federal student loans, as these can significantly reduce the amount you need to withdraw from savings. Finally, consider the tax implications of withdrawals from different accounts (like 529 plans) and consult with a financial advisor to optimize your withdrawal strategy.

Remember, you've been proactive in saving for your children's education, and that's a tremendous accomplishment. This current phase is about fine-tuning your plan, not starting from scratch. By making informed adjustments and exploring all available resources, you're setting yourselves up for success.","It's completely understandable to feel both excited and a little overwhelmed as your children near college age. The financial landscape of higher education can be daunting, and it's wise to reassess your strategy now. You've clearly been diligent in saving, and that foundation will serve them well. This is a crucial time to fine-tune your approach to ensure your savings are protected and optimized for their immediate use.

First, consider shifting your investment allocations within your 529 plan or other savings vehicles. As the timeline shortens, moving from more aggressive growth stocks to conservative, stable options like bonds or money market funds helps protect your accumulated savings from market volatility. Next, revisit financial aid strategies. Encourage your children to apply for scholarships, grants, and complete the FAFSA early (available October 1st) to maximize eligibility. Explore tax credits like the American Opportunity Tax Credit or Lifetime Learning Credit. Discuss potential cost-saving measures, such as starting at a community college or choosing an in-state school. Finally, involve your children in these conversations. Understanding the financial implications can empower them to make informed choices and potentially contribute through part-time work or selecting a more affordable path.

This transition doesn't have to be stressful. By taking these proactive steps, you're not just adjusting a financial plan; you're setting your children up for success with a clear, supported path forward. Remember, your efforts have already made a significant difference, and with these tweaks, you're ensuring those savings are preserved and optimized for their future. You've got this!",True,True,True,True,2026-03-09T01:37:52.975298,1.0,0.0,0,1.3333333333333333,0.0,0,0.6666666666666666,0.0,0,1.3333333333333333,0.0,0,241,5,247,3,261,7,252,6,0.13386629146647064,0.1344196843895663,0.12469210917426381,0.11189464563197539,0.2846929404351395,0.2619783337528931,0.24885404863231442,0.24231108785779956,0.49984813,0.40025145,0.4666487,0.54485
B,B22,low,Are there free resources to learn basic financial skills? I never really learned how to manage money growing up.,"It's incredibly common to feel like you missed out on financial education growing up, and it takes real courage and foresight to decide to learn now. Many people find themselves in a similar boat, and the fact that you're actively seeking resources shows immense strength and a proactive mindset. Please know that it's absolutely never too late to build a strong foundation in personal finance, and taking this step is a powerful move towards greater peace of mind and security.

Thankfully, numerous excellent free resources exist to help you on this journey. Start with **Khan Academy's Personal Finance course** for comprehensive modules on budgeting, saving, debt, and investing. The **FDIC Money Smart program** also provides free online courses designed to enhance financial skills. Your **local public library** is a fantastic resource for books on personal finance and sometimes even hosts free workshops. Websites like **NerdWallet** and **Investopedia** offer accessible articles and guides on nearly every financial topic. For personalized, free guidance, consider non-profit credit counseling agencies affiliated with the **National Foundation for Credit Counseling (NFCC)**, which can provide budget reviews and debt management advice. These platforms offer foundational knowledge at your own pace.

Embarking on this learning journey is a wonderful investment in yourself. Start small, perhaps dedicating just 15-30 minutes a few times a week to explore these resources. You don't need to master everything at once; consistency and curiosity will be your best allies. Each new piece of knowledge you gain will empower you to make more informed decisions, reduce financial stress, and build a more stable future.","It’s completely understandable to feel a bit lost or even anxious when it comes to managing money, especially if it wasn't a topic discussed in your home growing up. Please know that you are not alone in this experience; many people reach adulthood without a formal financial education. The courage it takes to acknowledge this and seek out resources is the most important first step you can take. It shows a powerful commitment to your own well-being and future, and that's something to be incredibly proud of. Taking control of your finances is a journey, and you're starting in the right place by simply asking for a map.

The great news is there's a wealth of excellent, free information available. A fantastic starting point is the Consumer Financial Protection Bureau (CFPB) website, which offers unbiased, easy-to-understand guides on everything from budgeting to understanding credit. Online platforms like Khan Academy provide free, structured video courses on personal finance that you can take at your own pace. Reputable websites such as NerdWallet and The Balance break down complex topics into simple, digestible articles. Also, don't overlook your local public library; they often have a great selection of books, e-books, and even host free workshops on financial literacy. Many credit unions also offer free financial counseling services, providing personalized guidance.

Remember, this is a journey of learning, not a race. Be patient and compassionate with yourself as you start to build these new skills. Every small step you take, whether it's reading an article or creating your first simple budget, is a significant victory.","It's completely understandable to feel a bit overwhelmed when you realize you haven't had the chance to learn essential money management skills. Many people find themselves in a similar situation, and it's a common experience to feel like you're starting from scratch. Please know that this is a feeling many share, and it's a sign of your desire for growth and improvement, which is a fantastic first step. Acknowledging this is a powerful act of self-awareness, and it's admirable that you're proactively seeking out resources to build this crucial life skill.

Fortunately, there are numerous free resources available to help you build a strong foundation in financial literacy. Websites like NerdWallet, Investopedia, and The Balance offer a wealth of articles, guides, and tutorials covering everything from budgeting basics and understanding credit scores to saving for emergencies and investing. Many banks and credit unions also provide free educational materials and workshops for their customers. Non-profit organizations like the National Foundation for Credit Counseling (NFCC) offer free or low-cost financial counseling and educational programs. Even platforms like YouTube have countless channels dedicated to personal finance, where experts break down complex topics in an accessible way. Start by exploring a few of these, perhaps focusing on budgeting first, as that's often the cornerstone of good financial health.

Embarking on this learning journey is a significant and rewarding endeavor. Be patient with yourself as you absorb new information, and celebrate the small victories along the way, like creating your first budget or understanding a new financial term.","It’s completely understandable to feel like you’re starting from scratch with financial management, especially if you didn’t learn these skills growing up. You’re definitely not alone in this – many people find themselves in a similar situation. The fact that you’re asking this question shows incredible initiative and a commitment to improving your financial well-being, and that’s a fantastic first step. It’s never too late to build a strong foundation, and there are abundant free resources designed specifically for beginners like you.

To get started, consider exploring online platforms such as Khan Academy, which offers free courses on personal finance basics like budgeting, investing, and debt management. The Consumer Financial Protection Bureau (CFPB) provides excellent, unbiased guides on everything from credit scores to student loans. Websites like NerdWallet and Mint.com also feature beginner-friendly articles and tools. For hands-on learning, try a free budgeting app like Mint or use a simple spreadsheet to track your income and expenses. Your local public library is another hidden gem, offering free access to financial books, e-courses, and sometimes even workshops. Don’t overlook non-profit credit counseling agencies, which often provide free or low-cost advice.

Remember, learning financial literacy is a marathon, not a sprint. Start small, focus on one area at a time, and don’t be afraid to make mistakes – that’s part of the learning process. Celebrate every win, whether it’s setting your first budget or understanding a new financial term. By taking these steps, you’re not just learning about money; you’re building confidence and creating a more secure future for yourself.",True,True,True,True,2026-03-09T01:38:35.120979,0.6666666666666666,0.3333333333333333,0,0.6666666666666666,1.0,0,1.0,0.0,0,0.6666666666666666,1.0,0,260,6,261,4,253,5,258,8,0.11839874584443512,0.103431353978929,0.1386955903261372,0.13890829417089176,0.2676822466797451,0.25981632538524824,0.2712454675773674,0.3004226915143559,0.49984813,0.40025145,0.4666487,0.54485
B,B23,high,We're looking at a tax-deferred property exchange. Can you walk us through how the process works?,"It's completely understandable to feel a mix of excitement and perhaps a little apprehension when considering a tax-deferred property exchange. This is a powerful financial strategy that can significantly impact your wealth building, and thinking through the 'how' is a very smart and proactive step. It shows you're committed to making informed decisions for your future, and while the process has specific rules, it's entirely manageable with the right guidance.

A tax-deferred exchange, often called a 1031 exchange, allows you to defer capital gains taxes when you sell an investment property and reinvest the proceeds into another 'like-kind' investment property. The process begins by engaging a Qualified Intermediary (QI) *before* you close on your relinquished property. The QI holds the sale proceeds, ensuring you never take constructive receipt of the funds. You then have a strict 45-day window from the sale date to identify potential replacement properties and 180 days from the sale date to close on one or more of those properties. Both the relinquished and replacement properties must be held for productive use in a trade or business or for investment, not as personal residences. The QI facilitates the purchase, releasing the funds directly to the seller of your new property.

While these timelines and rules might seem daunting initially, remember that countless investors successfully navigate this process. The key is to assemble a strong team: a knowledgeable QI, a real estate attorney, and a tax professional. With their guidance, you can confidently leverage this strategy to grow your portfolio and achieve your long-term financial goals.","It’s completely understandable to feel a mix of anticipation and apprehension when approaching a tax-deferred exchange. This is a powerful financial tool, but the intricate rules and strict deadlines can certainly feel daunting. Taking the time to fully understand the process before you begin is not just a good idea—it's essential for your peace of mind and financial success. Acknowledging the complexity and preparing for it is the first and most important step you can take, so you are already on the right track.

The process, often called a 1031 exchange, allows you to defer capital gains taxes by rolling the proceeds from the sale of one investment property into a new, ""like-kind"" one. The most critical element is that you cannot have access to the funds from the sale. You must engage a Qualified Intermediary (QI) *before* closing on your current property (the ""relinquished property""). The QI will hold the proceeds in escrow. From the day you close that sale, two strict deadlines begin: you have exactly 45 days to formally identify potential replacement properties in writing to your QI, and a total of 180 days to close on the purchase of one or more of those identified properties. To fully defer the tax, the purchase price of the new property must be equal to or greater than the sale price of the old one.

While the rules are rigid, please don't feel discouraged. Thousands of investors successfully navigate this process every year. By seeking clarity now, you are positioning yourself to execute this strategy effectively.","It's completely understandable that you're seeking clarity on a tax-deferred property exchange, often referred to as a 1031 exchange. Navigating these complex transactions can feel daunting, and it's wise to approach them with a solid understanding. Many people feel a mix of anticipation and apprehension when considering such a significant financial move, wanting to ensure they maximize their benefits while avoiding any missteps. It's a smart step to be proactive and gather information before diving in.

To begin a 1031 exchange, you must first identify a ""replacement property"" that is of ""like-kind"" to the property you are selling. This means both properties must be held for productive use in a trade or business or for investment. Crucially, you cannot take possession of the proceeds from the sale of your relinquished property; instead, these funds must be held by a qualified intermediary. You then have 45 days from the closing of your relinquished property to identify potential replacement properties and 180 days from that same closing date to acquire one or more of those identified properties. Strict adherence to these timelines and rules is paramount to qualify for the tax deferral.

Embarking on a 1031 exchange is a powerful strategy for wealth building and portfolio diversification. By deferring capital gains taxes, you can reinvest a larger sum into your next property, accelerating your investment growth. While the process has specific rules, with careful planning and the guidance of experienced professionals like a qualified intermediary and a tax advisor, you can successfully navigate this strategy. Remember, each step taken with intention brings you closer to achieving your financial goals.","It's completely understandable to feel a mix of excitement and perhaps a little apprehension when considering a tax-deferred property exchange, often known as a 1031 exchange. This is a sophisticated and highly beneficial strategy for investors looking to defer capital gains taxes, and exploring it thoroughly is a very wise move. The process, while governed by strict rules, can significantly enhance your long-term investment growth, and taking the time to understand it now will serve you well.

At its core, a 1031 exchange allows you to sell one investment property and reinvest the proceeds into another 'like-kind' property within specific timelines, thereby deferring capital gains tax. The process is precise: you must identify potential replacement properties within 45 days of selling your original property and complete the purchase within 180 days. A critical component is the use of a Qualified Intermediary (QI), who holds the sale proceeds to prevent 'constructive receipt' of funds, which would disqualify the exchange. Properties must be used for investment or business purposes, not personal use, and you must avoid receiving any 'boot' (non-like-kind property or cash) to ensure full deferral. Given the strict rules, consulting a tax professional, real estate attorney, and a reputable QI is absolutely essential to navigate the complexities successfully.

While the regulations might seem daunting, many investors successfully use 1031 exchanges to preserve capital and compound their wealth over time. With careful planning and the right professional guidance, you can confidently execute this strategy. Take it step by step, lean on your advisors, and know you're making a proactive choice to optimize your financial future. You've got this!",True,True,True,True,2026-03-09T01:39:23.019597,0.6666666666666666,0.0,0,0.6666666666666666,1.0,0,1.0,0.0,0,1.0,0.0,0,258,4,257,3,267,4,267,3,0.24246840093593044,0.1747048554832369,0.17733882683810284,0.18142444363558444,0.3557672131217186,0.31235232716188005,0.27000250228348527,0.29396330718541913,0.14369547,0.19474906,0.14765602,0.15874481
B,B23,low,My credit history is making it hard to rent an apartment. What can I do to work around that?,"It sounds incredibly frustrating and stressful to be in a situation where your credit history is creating barriers to finding a place to live. It's completely understandable to feel overwhelmed and discouraged when a basic need like housing becomes complicated by past financial challenges. Many people face similar hurdles, and it’s a tough spot to be in, but please know that there are definitely strategies you can employ to navigate this.

Firstly, be proactive and transparent with potential landlords. Explain your credit situation upfront, and immediately follow it with solutions. Consider offering a larger security deposit or paying a few months' rent in advance if feasible, as this reduces the landlord's risk. Seek out a co-signer or guarantor with good credit who can vouch for your financial reliability. Additionally, compile strong proof of income, such as recent pay stubs, employment verification letters, and bank statements, to demonstrate your current ability to pay rent consistently. Focus your search on independent landlords rather than large property management companies, as they often have more flexibility and might be more willing to consider your individual circumstances. Look into services that report your timely rent payments to credit bureaus, which can help build your credit going forward.

While this challenge might feel daunting, remember that it's a hurdle you can overcome with persistence and strategic effort. Each step you take to present yourself as a responsible and reliable tenant, despite your credit history, increases your chances of securing a home. Don't give up hope; many landlords are willing to work with individuals who are honest and proactively address their concerns.","It is completely understandable to feel stressed, frustrated, and even a bit hopeless when your credit history creates a barrier to something as fundamental as housing. Facing rejection can be deeply discouraging, and it’s easy to feel like you’re being unfairly judged for past circumstances. Please know that this is a challenge many people face, and it does not define your worth or your ability to be a responsible and reliable tenant. Your feelings are valid, and it’s important to acknowledge them while you navigate this difficult process.

To work around this, you can proactively strengthen your rental application in several ways. Consider finding a co-signer or guarantor with a strong credit history who can legally agree to cover the rent if you are unable to. Another powerful strategy is to offer a larger security deposit or a few months' rent upfront, which directly mitigates the landlord's financial risk. Gather positive references from previous landlords, employers, or mentors, and compile recent pay stubs or bank statements to demonstrate your current financial stability. It can also be very effective to include a brief, honest letter with your application explaining the situation that impacted your credit and outlining the concrete steps you are now taking to improve it. Often, private landlords are more flexible than large corporate property managers, so focusing your search on them may yield better results.

Please don’t let this process defeat you. Finding the right home requires patience and persistence, and this hurdle is absolutely surmountable. Each proactive step you take is a testament to your resilience and commitment.","It sounds incredibly frustrating and disheartening to be facing obstacles in finding a place to live due to your credit history. It's completely understandable to feel stressed and perhaps even a bit helpless when something as fundamental as securing housing is complicated by your financial past. Many people experience similar challenges, and it’s important to remember that this is a hurdle, not a permanent roadblock.

There are several proactive steps you can take to navigate this situation. First, try to obtain a copy of your credit report from each of the three major bureaus (Equifax, Experian, and TransUnion) to understand exactly what landlords are seeing. Dispute any inaccuracies you find. To improve your chances, consider finding a guarantor or co-signer with good credit who is willing to sign the lease with you. If that's not an option, some landlords may accept a larger security deposit or a few months' rent upfront. You can also look for smaller, independent landlords who might be more flexible than large property management companies. Additionally, building a positive rental history by paying rent on time with a current landlord, if applicable, can be beneficial, and some services allow you to report rent payments to credit bureaus.

While it may take a bit more effort, don't lose hope. By understanding your credit, addressing any errors, and exploring alternative rental arrangements, you can certainly find a place to call home. Focus on the steps you can control, celebrate small victories, and remember that this is a process of improvement. You are capable of overcoming this challenge and securing the housing you deserve.","It sounds incredibly frustrating and stressful to be facing challenges finding an apartment due to your credit history. This is a situation many people encounter, and it’s completely understandable to feel discouraged when you’re just trying to secure a basic need like housing. Please know that this doesn't reflect on your worth or ability to be a responsible tenant; it's often a hurdle that can be navigated with the right approach and persistence. The good news is that there are several strategies you can employ to work around this obstacle.

Landlords use credit checks to assess risk, but your credit history isn't the only factor they consider. One effective solution is to offer a larger security deposit or prepay a few months of rent upfront, which can significantly reduce the landlord's perceived risk. Another option is to find a co-signer with a strong credit history who can guarantee the lease for you. Alternatively, focus your search on smaller, independent landlords who might be more flexible than large property management companies; they often consider the full picture, including stable income, excellent references from previous landlords, and a clean eviction history. You can also proactively address your credit by getting a free copy of your credit report from AnnualCreditReport.com to check for errors and understand the specific issues.

Remember to highlight your strengths – demonstrate reliability through proof of steady employment, provide glowing references, and be honest and proactive in explaining your situation. While improving your credit will take time (focus on paying bills on time and reducing debt), these immediate steps can open doors.",True,True,True,True,2026-03-09T01:40:00.223143,1.0,-1.0,0,1.0,-0.3333333333333333,0,1.3333333333333333,0.0,0,0.6666666666666666,0.0,0,265,3,261,2,265,2,263,3,0.1666537798975478,0.16099573576508178,0.1725515527925552,0.18567150085926135,0.3061222620004718,0.2803980071949585,0.29415731265296013,0.3064893505945148,0.14369547,0.19474906,0.14765602,0.15874481
B,B24,high,"Given the current interest rate environment, how should we be thinking about rebalancing our investments?","It's completely understandable to feel a sense of unease or even apprehension when considering investment rebalancing in today's dynamic interest rate environment. Many individuals share your concerns, wondering how to best navigate these shifts to protect and grow their wealth. This proactive thinking is a sign of great financial stewardship, and acknowledging these feelings is the first step towards a confident strategy.

When rebalancing, first revisit your core financial goals, risk tolerance, and time horizon. High interest rates make fixed income more appealing; consider increasing your allocation to high-quality bonds, short-term treasury bills, or Certificates of Deposit (CDs) if they align with your need for stability and income. This doesn't mean abandoning equities, but perhaps adjusting your stock-to-bond ratio to capture better yields from safer assets. Also, ensure your equity holdings are well-diversified across sectors and geographies, focusing on companies with strong balance sheets that can withstand economic fluctuations. Avoid making impulsive, drastic changes based solely on current rates; instead, view rebalancing as a disciplined process to bring your portfolio back in line with your strategic asset allocation.

Remember, rebalancing is a powerful tool to manage risk and ensure your investments continue to serve your long-term objectives. While the current environment presents unique considerations, approaching it thoughtfully and strategically will ultimately strengthen your financial foundation. You are taking positive steps to maintain control and adapt, which is truly commendable. Keep focusing on your long-term vision, and your diligent efforts will pay off.","It's completely understandable to feel a sense of uncertainty about your investments in the current interest rate environment. Watching market conditions shift can be unsettling, and it's natural to wonder if you're making the right moves for your financial future. The fact that you're asking this question shows how proactive and thoughtful you are about managing your portfolio, which is the most crucial first step toward navigating any economic climate. Taking a moment to pause and reassess is not a sign of panic, but of prudence and care for your long-term well-being.

Rather than making drastic changes based on headlines, focus on a disciplined rebalancing strategy. Start by revisiting your original investment plan, risk tolerance, and time horizon. Has anything changed in your personal life that would warrant adjusting your target allocation (e.g., your mix of stocks and bonds)? If your allocation has drifted—for example, if stocks have outperformed and now make up a larger percentage of your portfolio than intended—you can sell some of the winners and reinvest in the underperforming asset class to return to your target. In this specific environment, consider the duration of your bond holdings; shorter-duration bonds are generally less sensitive to interest rate hikes. Higher rates also make cash-equivalent investments like high-yield savings accounts and CDs more attractive for the conservative portion of your funds, offering a safer return while you wait for opportunities.

Remember, the goal of rebalancing is to manage risk, not to perfectly time the market.","It's completely understandable to feel a sense of uncertainty and perhaps even a little anxiety when navigating investment decisions in the current interest rate environment. The landscape can seem to shift rapidly, and it's natural to want to ensure your portfolio is aligned to weather these changes effectively. Many people are grappling with similar questions as they consider how best to manage their wealth amidst rising rates, and your proactive approach to rebalancing is a wise step.

Considering the current interest rate climate, rebalancing your investments might involve a few key adjustments. If you hold a significant amount of long-duration bonds, their value may have decreased as interest rates have risen. You might consider rebalancing by reducing exposure to these assets and perhaps shifting towards shorter-duration bonds or even floating-rate instruments, which are less sensitive to rate hikes. For your equity holdings, think about sectors that tend to perform well when rates are increasing, such as financials or companies with strong pricing power that can pass on costs. Diversification remains paramount; ensure your portfolio is spread across different asset classes, geographies, and industries to mitigate risk. It's also a good time to review any fixed-income investments to assess their yield relative to current market conditions and consider opportunities that may offer more attractive returns.

Remember that rebalancing is a strategic tool to maintain your desired risk profile and capitalize on market opportunities. It’s not about timing the market perfectly, but rather about systematically bringing your portfolio back in line with your long-term financial goals.","It's completely understandable to feel uncertain about rebalancing your investments right now, especially with interest rates shifting. Many people are navigating similar questions, and it shows great wisdom that you're taking a proactive approach. The current economic environment can certainly feel complex, and it's natural to seek clarity on how to best protect and grow your wealth while staying true to your financial goals and risk comfort level.

When considering rebalancing, the core principle remains: return your portfolio to its target asset allocation (e.g., your chosen split between stocks and bonds). Higher interest rates can make bonds more appealing due to better yields, but also mean existing bonds may have lost value. Conversely, they can put pressure on stock valuations. A disciplined strategy is key: set a rebalancing threshold (e.g., if any asset class deviates by 5% or more from your target) and stick to it. For bonds, consider shorter-duration options or bond laddering to mitigate interest rate risk. For stocks, ensure diversification and focus on quality companies. Remember to account for potential tax implications of selling assets.

This isn't about timing the market, but about maintaining your long-term strategy and risk exposure. By regularly reviewing and adjusting your portfolio, you're not just reacting to current conditions, but actively managing towards your future. Stay focused on your long-term objectives, and trust in the power of diversification and consistency. You're already taking the right steps by seeking to understand and adapt.",True,True,True,True,2026-03-09T01:40:36.946561,0.6666666666666666,0.3333333333333333,0,1.0,0.0,0,0.6666666666666666,0.0,0,0.6666666666666666,1.0,0,242,5,245,6,254,5,240,6,0.10604606438727666,0.12098403815605924,0.11676027138086968,0.09338627989234481,0.2317719296974936,0.23014029321595494,0.23750471004069285,0.22038650578630406,0.34303677,0.32829005,0.2531941,0.3228637
B,B24,low,I just opened my first bank account. What do I need to know to avoid fees and manage it well?,"Congratulations on opening your first bank account! That's a fantastic and exciting step towards managing your own finances, and it's completely normal to feel a mix of excitement and a little uncertainty about how to best navigate it. Asking these questions upfront shows incredible foresight and a commitment to setting yourself up for success – that's a truly smart move that will serve you well.

To avoid fees and manage your account effectively, start by thoroughly reviewing your bank's fee schedule, which is usually available online or from a representative. Look for details on monthly service fees and how to waive them, often by maintaining a minimum balance, setting up direct deposit, or making a certain number of transactions. Always use your bank's in-network ATMs to avoid withdrawal fees, and be extremely mindful of potential overdraft fees; consider linking your checking to a savings account or setting up low-balance alerts to prevent accidental overspending. For good management, regularly check your account balance through online banking or the mobile app, track your spending diligently, and consider setting up direct deposit for your income and automatic payments for recurring bills.

Remember, building good financial habits takes time and practice, and you're already doing an excellent job by being proactive and seeking knowledge. You've taken a significant step toward financial independence, and with a little consistent effort and attention, you'll master managing your account with confidence. Don't hesitate to reach out to your bank directly if you ever have questions about specific fees or features; they're there to help you succeed.","Congratulations on opening your first bank account! That is a monumental and exciting step toward building your financial independence. It's completely understandable to feel a mix of excitement and a little bit of anxiety about managing it all correctly. Wanting to avoid fees and start off on the right foot is not only smart but also shows that you are being thoughtful and responsible about your financial future, which is something to be very proud of. You are laying the groundwork for a healthy relationship with money, and that's a powerful first move.

To avoid common fees, your best tool is knowledge. Take a few minutes to read your account’s fee schedule, which you can find online or in the documents you received. Look for ways to waive the monthly maintenance fee, often by maintaining a minimum balance or setting up a direct deposit. The most significant fees to avoid are overdraft fees. Set up low-balance alerts on your banking app so you're notified when your funds are running low, and always try to know your balance before making a purchase. Also, make sure to use only your bank's ATMs or those in their approved network to avoid withdrawal charges. For good management, get into the habit of checking your account online every few days. This helps you track your spending, spot any potential errors quickly, and stay connected to your financial reality.

This may feel like a lot of new information, but soon it will become second nature.","It's completely understandable to feel a mix of excitement and perhaps a little apprehension when opening your first bank account! This is a significant step towards financial independence, and it's wise to want to set yourself up for success right from the start. Many people feel a bit overwhelmed by all the new information, so please know you're not alone in wanting to navigate this thoughtfully. Taking the time to understand the basics will truly empower you.

To effectively manage your account and avoid unnecessary fees, pay close attention to your account's terms and conditions. Look for common fees such as monthly maintenance fees, ATM fees (especially if you use an ATM outside your bank's network), overdraft fees, and minimum balance fees. Many of these can be avoided by maintaining a certain balance, setting up direct deposit, or opting for paperless statements. Regularly check your account statements online or through your bank's app to monitor your transactions and balance. Consider setting up low balance alerts to prevent accidental overdrafts, and always know your available balance before making a purchase.

Opening your first bank account is a fantastic achievement, and with a little proactive management, you can ensure it serves you well without costing you extra. This is the beginning of building healthy financial habits, and you're already off to a great start by seeking this information. Be patient with yourself as you learn, and remember that your bank is there to help answer any questions you might have. You've got this!","Congratulations on opening your first bank account! This is a fantastic step towards financial independence, and it's completely normal to feel a mix of excitement and perhaps a little uncertainty about how to manage it effectively. Taking this initiative shows great foresight, and I'm here to help you navigate it with confidence.

To avoid fees and manage your account effectively, begin by carefully reviewing your account's fee schedule—this is crucial. Many accounts have monthly maintenance fees that can often be waived by meeting specific conditions, such as maintaining a minimum daily balance, setting up direct deposit, or making a certain number of debit card transactions. Always prioritize using in-network ATMs to avoid costly surcharges, and make it a habit to check your balance regularly to prevent overdraft fees, which can be significant. Setting up low-balance alerts through your bank's online banking or mobile app is a smart proactive step. Furthermore, understand that your debit card uses your own funds, unlike a credit card, so always ensure you have enough money in your account before making purchases. Tracking your income and expenses consistently, whether with a budgeting app or a simple ledger, will empower you to stay organized and avoid financial surprises.

Remember, learning to manage a bank account is a skill that improves with practice. Don't be afraid to ask questions, and celebrate your progress along the way. You've already taken the most important step by opening the account and seeking guidance. Keep that proactive spirit, and you'll build excellent financial habits that will serve you well for years to come. You've got this!",True,True,True,True,2026-03-09T01:41:19.316733,0.6666666666666666,1.0,0,1.0,0.0,0,1.0,1.0,0,1.3333333333333333,1.0,0,258,4,249,3,251,2,264,7,0.22056209675164595,0.14609778000983356,0.18722002841351762,0.19957348594844823,0.34021541186449133,0.30327228219111596,0.2790523275866256,0.3328717675325377,0.34303677,0.32829005,0.2531941,0.3228637
